review_id,created_utc,stars,location,reviewer,text,reply
"AbFvOqlSBKQf2Lbn9ph1NRadY6vQ5jgBoYJe_ns2KijmN6VV9XlJOy-8TlENsg_b-X4RyxcZNvSH","2019-01-13T02:28:52.142731Z","5","Port Jefferson Station","Maha A","Me and my husband chose rapid restore to replace our entire roof this past October. Best decision we made as new homeowners! We were nervous about choosing a contractor but the owner, Joe, made us feel so comfortable and didn’t push us to use him. He was really knowledgeable and educated us about every part of the roof, helped us choose a color and was very patient with us. HIGHLY HIGHLY recommended!!!",""
"AbFvOqk2JguAE73NFn06f2_Eyf6oqpbygV3et75wry-4Vg-nrgp5VCEzk_f2qLnPjXEGSDz9qafbsw","2019-01-15T00:44:55.575340Z","5","Port Jefferson Station","kevin reynolds","I was very happy with the quality of work I received on my home. Hard to find good contractors these days!",""
"AbFvOqkV_DV-9wJW_Mceta9_u-VCvObuZ7Q4VHkj1OdOkcUKd8qbOOxD683CIGWJOQtAKCBPrCCY4w","2019-01-15T02:52:35.455297Z","5","Port Jefferson Station","Mai a","Me and my husband were nervous about getting our roof done because it seems like such a daunting task. Joe and his crew made it look easy! I went to work, came home and I had a new roof! My husband stayed home and watched and he said he was very impressed with the workmanship. Happy we chose them",""
"AbFvOqlTNUe0wG3OBITsk4qonBSlKFE5WvMOMjR-aCLjrr3nWR-ZfELX5p2ml6wXWNzLxSjsUMklFA","2019-01-15T14:48:49.792230Z","5","Port Jefferson Station","1337Mike","Replaced my whole roof in a day and I had two layers. There was a few sheets of rotted wood and joe replaced them and didn’t charge us for them. Great crew, honest company and fair pricing. They have my recommendation!",""
"AbFvOqmRy5uJ20FeGm5pv9fsYKV9ADeMTGqOJS7Ub-DSBzJufUhOZZaKwv6ppYQc4yjdOGulDq2XzQ","2019-01-17T23:07:39.565950Z","5","Port Jefferson Station","Kyle Hall","The owner Joe came to my house to give me an estimate on my roof and I was very happy with his communication and knowledge, he seemed very experienced which was comforting! We wound up choosing rapid Restore and I’m thankful that I did. Great crew, great service, great cleanup. Definitely going to hire them for my siding next spring!",""
"AbFvOqkK77HGgh23VhSrhCorzA_Vqs4VKCPZcxE3ph87f75SYVvzDegRWQKL_KKTM5t8z65xVBsc","2019-02-01T21:40:04.078430Z","5","Port Jefferson Station","Chris C","Highly recommend rapid restore roofing and restoration. I am beyond happy with my roof and the owner Ronny was GREAT. Knowledgeable, and very price friendly; 10 stars if I could.",""
"AbFvOqkbLhH2goH4CsSSnE0yxrwfSEz0TIb7tdWTggJ8ODtYOHub98X9d3SSPEIxWB6MPg-J9FQ_","2019-03-31T17:22:21.166649Z","5","Port Jefferson Station","Kathy Blake","I was extremely happy with the efficiency and professionalism of the entire staff. They completed the job within their promised time frame and everything was done beautifully. I was so impressed with them that I hired them to replace my roof. I would highly recommend them and I’ve put their number on speed dial because they are my go to company for any repairs on my house.",""
"AbFvOqleLbUBnbWnWvrvV-v0F3kb2MPEuQX-Snk_vdf6ovs5XelS4J98G9YiXSua2OFNCS_fBMkj1g","2019-05-18T01:08:07.500505Z","5","Port Jefferson Station","Linzi Sophia Hickey","Let me start off by saying If I could give 10 stars I would. I called the company and Ronny was there in under 30 minutes him and his crew started getting to work right away. I had a flood in my basement and my house was back to normal in under 2 weeks! Unheard of performance! Highly recommend, if you ever come across such unfortunate situation I suggest you call rapid restore. They are the best! Me and my husband are so happy!",""
"AbFvOqk61tjDLusEzYieoilIkiyV1c969Rv5XrDlSj2VxMlU9DpRsYbaRWzWl8_lZBB2_ZKkcaMqIg","2019-06-26T01:25:10.894386Z","5","Port Jefferson Station","Albert Palazzo","Joe promised he would stop our roof leaks...and he did. Very punctual and reliable service. Very good attitude and rapport with client. I recommend highly!",""
"AbFvOqkI7dwj-DskT_VLotqrg34337tlYKIv0yBR2zKc8mPRbSoG4O05wk9gAbCw6nmMsd3BRfqP","2019-06-27T01:57:12.122979Z","5","Port Jefferson Station","Daniel Haynes","",""
"AbFvOqnfCxqaTxOtzoFuqYDDx_OCWDl2RLdleyT4INS56gnSTRKoPobpnKwVwuUw6NgiQ6Oy2Kl5Eg","2019-07-21T22:17:02.437437Z","5","Port Jefferson Station","Andrew Somma","Had these guys do my roof, they did an amazing job. Company is top notch. They came in and replaced my roof in a reasonable amount of time, and were cheaper than the competition.",""
"AbFvOql24ZBaIN-RtlnN7cRUGc8S9kFw1XHPcshAQnCTpNCY9mDODZ9anU0DDBV1bi8CmyA73W63rQ","2019-08-07T18:53:38.522455Z","5","Port Jefferson Station","Edward Reilly","​Overall the experience was great. It was time for a new roof and I called for a couple of estimates. I chose Rapid Restore because I liked the folder I received with all the information on the materials and processes they use. They weren’t the cheapest, but they were by far the most valuable.",""
"AbFvOqlxbCQEb6TYGXD7kNii0qX8XlUt1TJrSKfzOQz8kOYlF4obDixznMkZPjlDmpptm6etezfjnQ","2019-08-07T19:00:17.440295Z","5","Port Jefferson Station","cody Bruquell","​I had my roof replaced last week. The biggest thing I want to comment on was the cleanup. I met the crew in the morning and left for work. When I came home from work they had already left. The roof looked great and there wasn’t a single piece scrap or nail on my property. They did a great job!",""
"AbFvOqnVv46E97QElop-3xvQ-1bYKPEAwOQN4dnLeMaekIXbtRNg9knTRdO70S2BixU19A0dlmPdEg","2019-08-07T20:08:08.811634Z","5","Port Jefferson Station","Jon Q","Rapid restore replaced my roof. I chose them because of the lifetime warranty they offered. Ronny brought a color template and helped me choose the best color shingle. It was a very pleasant experience overall",""
"AbFvOqkPXV6DvzdKECGkDPYTcy0APyT6gBUV12l1slTjdH2RtkHGd71G5lOpY_hiU3an8oLzE6b_QA","2019-08-07T21:47:00.851709Z","5","Port Jefferson Station","Andrew F","I called Rapid Restore when I found a leak in my roof. I called and talked to Joe who came over to give me an estimate on a new roof. I was really surprised when he told me that me leak could be fixed with a small repair! His honesty was really appreciated and the reason I chose this company. The fixed the leak the next day!",""
"AbFvOqkwDgVB_AEkEKhK2FfDxiaWMBIiBAHosUfzz-pWDHiqAAtljy8yrVdkApMwdnYGCODPsy6g","2019-08-08T14:16:52.255402Z","5","Port Jefferson Station","Ashley Allen","I had a leak in my roof and called a couple companies to address the issue. After the second repair it was still leaking and I didnt know what to do. Rapid Restore seemed knowledgeable in roof leaks and was confident they could fix my leak. I was apprehensive to spend more money getting this fixed but I took a leap of faith. Two weeks later Its rained twice and I’m happy to say Rapid Restore put an end to my issue!",""
"AbFvOqmkprH8uwA_oWyQ3cvAGS8KeAd6lDJcA2fLsItm73lFxgFI7QlTkIEiaQWZiuVxo79fxe3XsA","2019-08-08T14:23:27.752886Z","5","Port Jefferson Station","Heather Troiano","Price was good, crew was really nice, highly recommend!",""
"AbFvOqkLyWyFyGhi64XJqH5h0VvORoscqEfTYRhNDfBXBWqI7Ai-E6egyrBhC5GQ3TBlt-Bkt2wB","2019-08-08T14:28:07.048045Z","5","Port Jefferson Station","Jordan Renert","I hired Rapid Restore to replace my roof. I have a pretty large roof and was surprised to hear them claim to be able to get the job done in one day. They showed up around 7:30 and by 3:30 they were cleaning up! It was such an easy streamlined process.",""
"AbFvOqlIHM19IzlQEym0srgxLYDc76nYwYzDoS8442ZAq0giYbkvnX9hXpGGBgnYkv_TtFneWL1zwA","2019-08-08T15:00:38.376632Z","5","Port Jefferson Station","Kirk Spooner","Rapid Restore replaced my roof and I was happy with their quality of work.",""
"AbFvOqkVQGHrh7leelmeGhfVQEM58Uf6AKwHR3qhTs9F1SxwW-pwQxz9jND6P6s05qvHCwcrcLSzzA","2019-08-08T16:07:04.384121Z","5","Port Jefferson Station","Ronnie Webber","Rapid Restore helped me find the most cost effective measures to repair my roof and prevent it from leaking. They came to my house, inspected the roof, located the problem areas, and came up with a targeted solution to remedy my issues. Just a few days later they came back, and like surgeons were able to address the problem areas making my roof like new again",""
"AbFvOqloD7d7bXZ8th6K0N9KEdTvId50r2L3kxTissBQBFQJp7bFC9l12rtlWsVb8yFVkZxNArKr","2019-08-08T21:59:18.224820Z","5","Port Jefferson Station","Terry Barna","My 20 year old house looks brand new. The Rapid Restore crew was neat, efficient and professional. I had a new roof and shutters installed, they also replaced damaged siding. I love the color, my home looks incredible and beautiful. When they left my property was neat and clean. I highly recommend Rapid Restore for all your roofing and home needs. Mike and his crew are amazing. Thank you for my “new” home.","Thank you for your review Terry! We're so glad that we were able to enhance the curb appeal of your home, and that you are pleased with your new roof, shutters and siding! We remain committed to you should you need anything else, now or in the future!"
"AbFvOqln-uyX7QFsncVaHwUtl4hlCy1Oyz_cqHU6HG6MXYRKensQeF5_7JzGAII74xd6xeGbCxZiww","2019-08-08T22:00:38.616430Z","5","Port Jefferson Station","Lisa Meinardus","This company fixed a leak I had coming from my chimney. It had been leaking for years and they were able to put a stop to it. Highly recommend them. Great guys",""
"AbFvOqmBf78UrlSzVPlTBXte7noe-sADegYLtjgZHX2YFYZmW6KFTbV21-ibiAO22fd4WBtrqf-QFg","2019-08-08T22:59:22.740574Z","5","Port Jefferson Station","Walter Heaton","Reasonable prices and excellent work",""
"AbFvOqnKII81D7jOrOuJK3nAWyFK-zWnNi6KzXOfwricsegxCJewfBopbDNpgALXqyWdu5T4ycN-Tg","2019-08-09T01:05:30.827474Z","5","Port Jefferson Station","Joann Squires","The quality of their work is unprecedented. They got the job done in one day, and by the time they left you couldn't even tell they were there. The only trace they left of being on my property was my beautiful new roof! No nails, no debris, and no garbage. Very professional company.",""
"AbFvOqn3yDPtArEj0zdyD_DKu5XrLFTz2VKiFqBaOFn82ht5WCni7eVZJxLUmluaeANnjx1kdASdEg","2019-08-09T02:35:21.630581Z","5","Port Jefferson Station","JB T","Lifetime warranty, one day service, and an immaculate cleanup. Very good company. Highly recommend!",""
"AbFvOqnBqOYqYlQF5XPYdiqCnH0udKZaC7eqDsxIsHaIDq-GdULeVcsz2hYj2ZBTUS_LpeKAVB2GHw","2019-08-09T13:43:56.856380Z","5","Port Jefferson Station","Michael Dietrich","",""
"AbFvOqn-qzeh2EOaW3zrShbf0tg3sN_amEGS8t4DMhFg-6O_CnCTMlN-rr4xthCeRTQOlV2_-iJNRQ","2019-08-13T16:12:48.547681Z","5","Port Jefferson Station","Angel mondragon","I will definitely recommend to my friends and family.

Mike from Rapid Restore came by my house with another worker to replace a flat roof on my dormer. He informed me of a few problem areas on other parts of the roof and gave me advice on how I could fix it myself without having to spend more money. The fact he didn't try to upsell me spoke volumes on their character and integrity as a company.

Thank you guys so much.",""
"AbFvOqmoVttZaCcsYHV8z8slvzAusJwzvzwb--TKYyKN41pSe6vFm2yfiFOtxj3u3y7yk6QEMGtxww","2019-08-13T17:43:42.273956Z","5","Port Jefferson Station","LorD0PinkYring","A family business with family principles. They were fair, trustworthy, and worked hard to complete my project. I strongly recommend them for anyone looking to replace their roof.",""
"AbFvOqmmlXma1h6VyMAmUwNWgZ4u4qa0bc67Wv4Dc2QuDXcARPuFuhVLCS1VJCOixTdHuLGyqwg9Hg","2019-08-13T18:01:07.681842Z","5","Port Jefferson Station","Andre Proctor","Very friendly staff, and the outcome of their work is amazing! Very fast and efficient! Will be using their services from here on out. Thanks a lot guys!",""
"AbFvOqlPaMVPKFsNcI3v-xjS0JgHVvKHa6e4ZItAJ2HG4flTapN7BWY5BU_TlQDVn0s8oLmshHSXQQ","2019-08-13T18:14:35.963520Z","5","Port Jefferson Station","Mario Ingargiola","Great customer service, informative staff and swift high quality work. Would highly recommend.",""
"AbFvOqmsl9-NwkkaskNegyD12ybzPyztCuEdAiaaSPYNAhOVtM25TYQ9QDbETaLar9kVXIncITus","2019-08-13T20:51:00.098204Z","5","Port Jefferson Station","Frank Stark","The whole process was seamless and stress free. The owner Joe came and gave me a detailed estimate. He explained exactly what he planned on doing, thus justifying the price he gave me. He kept in touch with me and layed out a plan moving forward.  His team arrived and started working right away. They worked swiftly and diligently, and did a great clean up. I watched the whole process, and had no idea how much of a mess replacing a roof could be. Thankfully Joe’s team had great attention to detail and removed every piece of scrap off my yard. By the end of the day I had a beautiful new roof with a lifetime warranty. Couldn't be happier with the service I received. Would highly recommend.",""
"AbFvOqlcbgCFgoxvr-T46o-r92LJi8OZve-ny52siCCFaCmDyQEGJIsJrNDJqvAA9ZxWdHjbMkGMwg","2019-08-13T21:06:36.315549Z","5","Port Jefferson Station","Deonna Garcia","Great staff and quality of work!",""
"AbFvOqk4K2p6BWJ07SQu4Z0jCIxxmqu2v1rjlngxGUZZpbRKF-26z9bEMjFeg6OE2GO1zqvA6PL8hw","2019-08-14T00:18:13.359914Z","5","Port Jefferson Station","Ashley Stark","",""
"AbFvOqn2FOm2YDPe5E0imy8FbLI2X7y7jNyx_-LUuWyo_XBasprlZvR3smqIXyQMvqywAVjeBVMYaw","2019-08-14T01:17:53.453446Z","5","Port Jefferson Station","J Clark","Couldn’t be happier with the efficiency, quality and customer service from start to finish. Definitely recommend!",""
"AbFvOqnbO0-Yp1p3Iu7nWoTgNBo_a_3ihEw1Z8jO35bt-jUuEgbTZJiOP-OLRSxXMr-6LsarPQ19cw","2019-08-14T02:01:31.522285Z","5","Port Jefferson Station","Zenaida Ramos","Great service and communication throughout the entire process. I will definitely recommend rapid restore to anyone looking for quality work!",""
"AbFvOqkARX0OEK-pNaPRoSmsxdLuaO5mABx-6vm-zReQkGdipLa0RAWJ9FO0-jMNakZhvV_AuDvBMA","2019-08-14T03:00:47.410017Z","5","Port Jefferson Station","D Borda","",""
"AbFvOqlOm5sxPs_YbhWAmhLG8B7w_DHWpxImv_razeVjuuvzHxxZJW_q-r6Enyq2TS2JPgJaeUZe8g","2019-09-11T23:53:15.545499Z","5","Port Jefferson Station","David Tornetta","Amazing service. Didn’t believe that they could finish my roof in one day but they did and it was like they were never there. Left my home immaculate with a beautiful roof. Highly recommend!",""
"AbFvOqk0lcoTtAibLX5m7tWQ69QQ-jsA5MZXgQocf9CJCDaLNmY-7dGlZ8Znaqq4as4zV90I0xmy","2019-09-11T23:58:27.206258Z","5","Port Jefferson Station","George Schwartz","If you’re looking for a company that goes above and beyond for you, I recommend Rapid Restore.",""
"AbFvOqkVHbaJ8YiFG-gzfFWgDt-bAvnByZV1HN1vimrGpHPMaqrB81AUWkeCn2XLtHwogLRIrgjFbg","2019-09-12T00:05:47.545177Z","5","Port Jefferson Station","Joan Tobin","Recently used Rapid Restore and I couldn’t be happier! They were accommodating and I honestly thought it would take more than a day to have a new roof! I was sooo wrong! I scheduled with their Project  Manager Kyle and he was fantastic! I will definitely recommend all my family and friends!",""
"AbFvOql3_ktPAn6no9rSQ-Ku06QQGOdjMruAwwaMab1CanalS16L9_r6sxLpp8vLlo4FczkdT9Bv7w","2019-09-12T00:21:00.609789Z","5","Port Jefferson Station","D D","",""
"AbFvOqlhRbVxgGs35JuCjMfh12GA687iaJ8zmgQHey6xF3ox6zmClXTFJhXdr6sm7hK_aJDdokB-WQ","2019-09-12T00:31:37.542713Z","5","Port Jefferson Station","colleenlouise","",""
"AbFvOqlPER6FTeweahmujJU2GCKeB651Q8CRD2YQeTgVb_Ol1llHDKD4OQFNhmkw7DSzCQ9Zm01G7g","2019-09-15T20:48:20.499975Z","5","Port Jefferson Station","Robby Roto","Knowledgeable team ... project was finished on time and on budget",""
"AbFvOqnZ1mrzwzMVGwK4QR-z9TjxWqzrr5RuMzVKqb6ueDlNlma_wTbUuolg9Ich7p6rW2VR034tKQ","2019-09-15T20:49:56.470823Z","5","Port Jefferson Station","Scott Renert","I highly recommend using them. Michael was extremely professional to work with.",""
"AbFvOqkwrrQNNumCSACX7RApl_38d3yUEKX4Sb1y1BQOdWUv5XXv4U6WeH-9TIqCw__bWQ5uva6H","2019-09-15T20:50:08.010727Z","5","Port Jefferson Station","Austin A","",""
"AbFvOqn4ZOkRkiicFJERekHkRmu8SCoU6xb6oSQFw_xVDgRSgm1fSJiWVjbiaJ1INCs6hSeKUB2u","2019-09-15T20:54:12.040977Z","5","Port Jefferson Station","Brianna Renert","I hired this company to come do a repair on my house in East Islip. The flat portion of my roof was leaking. Joe came over and diagnosed the issue. He gave me a price and the very next day three workers came and fixed the issue. It feels so nice not having to look at my ceiling every time it rains. Thank you!",""
"AbFvOqk631tNBeu6CDss28rivhN8NT_9QmZ_dravlfdX449WnDb-8Hj-fMEtFqsK3LqO5DjD2TvZAg","2019-09-19T17:33:14.602749Z","5","Port Jefferson Station","Michael Lauria","Came on time as scheduled, did a great job and left my property spotless",""
"AbFvOqkZ1EKRWFy51C0aRjckVbSyX7EWKTRS45DEtN7Syj9znPg2NYXl-f9UfeGZytt9eNHqwcQSAg","2019-09-19T21:29:19.349915Z","5","Port Jefferson Station","jake Meinardus","For those wondering, they are licensed, insured, and do really good work",""
"AbFvOql57wzJAnQd9JmBPsarmrMSmRPul0cC2QF2F-HMtXbXX_ZEA648xl9GQxFbe9WDZnrWHy89Kw","2019-09-19T23:29:11.280Z","5","Port Jefferson Station","Ralph Torrell","What happens when you mix great customer service, experience and knowledge, and a great attitude? Well, you get Rapid Restore Roofing! They were by far the best contractors I’ve ever had the pleasure of hiring.",""
"AbFvOqk4lcK-fn2xT-pe31jwc_Hd_hWaI5vAl6W1N9tcI_GEYod6A_70cboAK32llq-Xty3N26U1Yg","2019-09-27T23:59:33.399344Z","5","Port Jefferson Station","David Hannan","Couldn’t be more happy about my new roof! Highly recommend!",""
"AbFvOqkeB9o4a2wNkoxvZj5EctRiEx3aaUp_a1Kq52-dwUeWhbIdeNC-jRK3m9Q2uitaeU6lSud7","2019-09-28T01:20:00.219859Z","5","Port Jefferson Station","sean tripp","Fast response, great price, quality service. Highly recommend.",""
"AbFvOqn1dU3-jcLTBxLzgeqefnyAixqWSSQaHT07yiL4hHnNmoUAl-ONF8klLuih9tTdc3tHk9efTA","2019-09-28T01:28:09.515022Z","5","Port Jefferson Station","John LeClair","Was in a bind and needed a new roof after extensive damage from a fallen tree. They were out that week and finished my roof in one day. I couldn’t believe it! Tore off my old, damaged roof and completely replaced it. Excellent customer service and the service can’t be beat. Would highly recommend this company to anybody.",""
"AbFvOqnl4yfOg_fe7KIqjKQSgNsVRPGXg7V42akREY2fd2yHEHdX5xLxLLMnxNvQ7T3BpmUrRYmo","2019-09-28T06:50:10.144534Z","5","Port Jefferson Station","Matthew Jones","I was dealing with leaks from my roof. I decided to call Rapid Restore, they were able to give an estimate same day. The customer service was impecable, everyone I spoke to was polite and respectable. The work was comleted in a hastely matter with complete professionalism was second to none.",""
"AbFvOqlRGdEzXrWpJQtUxBfaRU_HaEx-ZJ2WMFG15e-1wAOSnxObFW5ahyxthBHqap9JPgBPJxH1ow","2019-09-28T17:02:32.695867Z","5","Port Jefferson Station","mike harrington","",""
"AbFvOqlAkjMVptFATMSgVtf2uLtTjMBq67bmuCGUeF8droFnbJCDv10lP706x3Wy7vhrm1GbTVBG","2019-09-28T22:56:59.254230Z","5","Port Jefferson Station","Jason Rathbun","In love with my new roof. Most convenient company I have ever dealt with.",""
"AbFvOqnVlJDk74EPHFJsOSy5SdcOKSGtfQr3MVhC1bwAHgkZqBwttVcYeQu3vixHziW71QRn31X_Gw","2019-09-30T02:25:26.561463Z","5","Port Jefferson Station","Angela Sarro","I had a leak in my roof. Called the day I noticed and they were there for an estimate that day. Had my whole roof replaced and I couldn’t be happier.",""
"AbFvOqnZbMcFvbRv7gg0vnuwy0h3qD-ROED14CK76w8Lg9dr2if1X0WN__h_cOS70QCC_H-NsKGwRQ","2019-10-06T20:46:32.996898Z","5","Port Jefferson Station","Jan S","Very professional! Left my property immaculate! Couldn’t be happier with the job they did! Will refer to family and friends!",""
"AbFvOqmHMgxdPWsE2lgCnXGDkSOhabVnP4fVihdPs0NZowu958ZUyRqKGEaa68S4Nf07FPU55EKj","2019-11-18T22:15:23.189858Z","5","Port Jefferson Station","Jim Walker","I had a flood in my basement and my good friend whos a plumber recommended Rapid Restore.  Ronny and his crew were prompt, punctual and got the job done fast.  Amazing rebuild on my basement couldnt be happier with the work done and the attitude of his crew.  Highly recommend their services!",""
"AbFvOqmDsO0HjPd2WQg7D9xzhJewENFWGFQnd42PGjgKotU1B7kHkyQkhGUGmrqH7SzIyWoWcHwEKQ","2019-12-01T14:53:09.432487Z","2","Port Jefferson Station","Vinny Mitchell","Did not use, I highly recommend you get another quote before you hire them. They're the most expensive quote I have received by 6,000 dollars, yes you read that right.","Hi Vincent. Sorry to disappoint you. Let us know if there's anything we can do help you in the future."
"AbFvOqkBZh6MagevoWemjXm_nIRw-STLAvD5QYJJn-xpyd580WwSbvHLv_NP3hR5KNWH53pUwMiHyw","2020-01-08T21:45:58.458473Z","5","Port Jefferson Station","Dan Perkins","I recently had two separate roofs replaced by Mike and crew. The quality of work and true personal feeling of caring and knowledge they showed me were above and beyond. Pictures were taken before and after and sent my phone. Having a hole in my roof and anxiety I had were soon relieved as did all they promised.
Would not hesitate to recommend rapid restore to anyone- thank-you over and over.",""
"AbFvOqnl4ltKBMRMfwklHI3_iRfYhopG2N9gVmt_DT8VvS9BYy_D5SrRLUK4pUSMpF8IGbxoKwBoww","2020-01-27T18:24:28.434354Z","5","Port Jefferson Station","Michael Keogh JR","I would highly recommend Rapid Restore and would call them back immediately if I had another emergency in my home. They arrived in less than an hour from the time I called them and were able to dry out s flood I had in my finished basement. They were efficient , courteous, and very respectful of my home. I couldn't have asked for a better outcome from what would've been a major headache. Thank you Rapid Restore!",""
"AbFvOqlsjBo0xLh-H-gZYKJ9R9MapAn3Ra2TAhBtklCdPNXv2MYkhflbUywhWYfujvhsVSzpGtalZQ","2020-01-31T18:36:20.753602Z","5","Port Jefferson Station","Derrick Bonime","Had a small kitchen fire and one of my friends referred me to rapid restore they came in neat and efficient. Couldn’t be happier with the service they have provided me, Highly recommend to anybody in need of these services.",""
"AbFvOqmdwWuU-1TaWcpIml2lL0Fz_Sqfkw6fsIv9VoqGyXsLI21m_RPZqadGRMMy_NZYZ3cZqjrElQ","2020-02-26T19:04:05.802458Z","5","Port Jefferson Station","Peter Saree","Excellent, highly professional work.  My roof repair blends in well with the existing roof.  Mike presented complete information in our discussions, he provided fair prices and a warranty in writing, and he discussed the eventual full roof replacement with current repair costs sunk into the full roof replacement. Cleanup was perfect and my dogs are safe from debris harm.  All work completed in less than 1 day without complications.  His assessments and relevant pricing were clear, thorough and in writing on company stationary.  In other words, no BS and no hidden, add on costs.","Thanks so much for the great review Peter! And thank you for trusting us with your project."
"AbFvOqlAEaKkozvIJ5WaunVmNkkXQo3h27tqfppti5QNx7R9jLx0kU05lr2z8Bn3vME46bskesb3","2020-03-05T16:54:41.040261Z","5","Port Jefferson Station","Katherine Hanson","Mike did an excellent job replacing my roof. His presentation was very clear and professional, his price was fair, he answered all of our questions honestly and completely and he also gave us a lifetime warranty on the work. The entire job was completed in 1 day and his guys went out their way to clean every inch of our property at the end of the day. Overall it was a great experience and everything went smooth so we would highly recommend this company to anyone who needs roof work done. 5 STARS!!!","Thank you for the awesome review Katherine! It was a pleasure working with you!"
"AbFvOqmJuxB4qWzrGOg9gsCIeY7WemqrgWkf1VORmoEKBOMEvJD2b96gKjIU_-v0Db_z81yr2a78Fw","2020-03-05T21:05:44.859187Z","5","Port Jefferson Station","Tyneshia Giles","Quick, honest, reliable, punctual and excellent  service just to name a few. Definitely  recommend this company. My roof was patched up in no time. And no mess was left behind.!!!","Thank you so much!"
"AbFvOqnjLj1w5nCnZhUnm8xSUeN3vZEiQsUOzRHEZHSsIzaE2NSXU9aDnYG375oVJR9E_eCHemAe","2020-05-07T12:22:30.197444Z","5","Port Jefferson Station","Jennifer Martucci","I just had my Roof and gutters replaced on Monday 5/4/20.  I have to say the entire team at Rapid Restore Roofing was amazing.  The job was done in 1 day.  They got here promptly at 7:00am like they said and were working by 7:15am.  There was a crew of about 12-15 guys and Mike was the project manager who was here all day making sure everything got done to his expectations and mine.  The crew worked efficiently and were very organized.  They cleaned up everything and left no mess at all.  Joe and Mike were such nice guys and very professional to work with.  My roof looks gorgeous and we are so happy with the outcome.  Thanks to all of you at Rapid Restore Roofing!  I HIGHLY recommend this company if you are looking to replace your roof.","Thanks so much for the awesome review Jen! It was a pleasure working with you guys :)"
"AbFvOqmqZLk7Z8ZF4qbEjll5U3tCOQKS9ECrCuG9xDlUmhl4CB-xEdAimRAHYTbPqC37EjRbaWiq4A","2020-06-24T20:01:36.583267Z","5","Port Jefferson Station","Ryan Louis Castro","Very professional & responsive.

These guys are fantastic. We had them install an attic fan in our first house. They're great communicators, they do fast quality work, they are prompt and when they're done it's like they were never there. Very much looking forward to using them for whatever restoration needs I have down the road.
Thank you Jospeh for scheduling me inside a 24 hour call. Mike was both professional  & helpful with any questions I had. Amazing service all around 10 out of 10!

call Rapid Restore this is a company you can trust and rely on.","Thanks for the great review Ryan"
"AbFvOqnif9ivkHFAjRrEeaa6Xr-NSNGFfgrBBXORtwbn17jYy3ywsgTLO52OQ61iSZNRMXs1NoUY","2020-06-29T17:47:57.222102Z","5","Port Jefferson Station","SERINA TRENT","These men are so efficient, professional and considerate of your property and all your concerns.
For years I had a fear of what ripping off a roof would do my landscape. These guys were gentle. There wasn’t any damage to my property. The clean up was so thorough, there wasn’t even a nail left on the ground.
They come highly recommended. Did I say my roof looks superb. 💯","Thanks for the awesome review Serina!"
"AbFvOqlgPH5C3cBu7EKo0XC_4j7mp8UQ6nEgymWuNYKBS3-tZnRTN8bSFsYt06TO96n4jajUZlwn","2020-07-13T23:29:45.219804Z","5","Port Jefferson Station","Raymond Festa","",""
"AbFvOqnXAjIafZcXuSJlU3k0teQjoMmk0BAqSGJe3zoWMF4QaO_XzE4MVHwtIxLPtb0LHNZSootJ","2020-07-14T01:13:01.082696Z","5","Port Jefferson Station","will weidemann","",""
"AbFvOql57GIj4UlEpxLkJ5RuQ2yM5vpoX99F3j41hp0VGV-GJL9k9jdI3rTAyxfsWbu3KRDVB2Fe","2020-08-17T16:41:48.258298Z","5","Port Jefferson Station","Anthony Ferrara","Joe and his crew were great ! Very professional,  great work and clean up. Would highly recommend.","Thanks Anthony"
"AbFvOqkItz4qz3V_zPiKoGvEzZZeh9yZNjG2gmopUI_q-pYn5EBHpgeEx32y2YhsP3V9S7yeOxGKeg","2020-10-02T18:55:46.505342Z","5","Port Jefferson Station","Sarah E.","Thanks to Rapid Restore, I have a brand new roof with a LIFETIME warranty... LIFETIME!! I am so at ease to know that we are taken care of with any future problems that could possibly happen. Mike was very helpful and responsive through the whole process.","Thanks Sarah -Mike."
"AbFvOqmvQwpXqMBmAUYeIYTb1-xA22ZkdZLf8GeL5xJINjkaziUQa27FywwjtZ4MH2XaofSOj1xFEw","2020-10-02T19:18:11.292584Z","5","Port Jefferson Station","Laila E","Exceeded expectations completely. Did not know companies like this even existed anymore!!! The care, effort and love for what they do shines through their work.","Awesome working for you Laila! Thanks again"
"AbFvOqk2jgyAbjQ2mvItkYjmFtWk_fovP77xAeDYifZhpnOuSd55V6B9UttIqg3-UgMhUmcYDgTH","2020-10-03T01:07:53.121744Z","5","Port Jefferson Station","sherien cheuk","I could not be happier with the outcome of my roof and customer service I received. The company did an outstanding job. I held off on getting my roof done thinking it would be a big process. However, they came early in the morning and were done before I got home from work. I would 100% recommend.","Thanks for trusting us with your project Sherien, it was a pleasure working for you :)"
"AbFvOqmH-tt4LFBw-4gmmUWX7X0ockS6pmQeoRMmgnV_nZEBvrtXWCgmWxMgNT2S_iz4n9qQYXGPuw","2020-10-03T02:43:48.771831Z","5","Port Jefferson Station","Chelsea Sankaran","Can't say enough good things about this company. From customer service, to the work that was completed is outstanding. Would recommend to anybody in need of a new roof or home improvements","Thanks Chelsea! Awesome working for ya."
"AbFvOqmeJmKCl6InC9GeF5Lo3wTw_z5aS8uMoHX3hHSy9Q-kEEFkgHnkm1ubQ17sJ3JtbfnWka4H","2020-10-06T14:32:50.197504Z","5","Port Jefferson Station","Alexandra R","All around a great company, did the job 123 with no issues. Quality work. Highly recommend","Thanks for the review!"
"AbFvOqm1Fcj0LrP3S-_bhPPB9BDcbDz0m657paTpME8EmhZZDlRD5vsLNV-_WXd6U0o7O9mUoiE-","2020-10-08T00:07:40.098370Z","5","Port Jefferson Station","Emily Latif","My fiance and I recently bought a house that was in need of a new roof. We shopped around and met with different contractors. We called Rapid Restore and have not looked back. Joe helped us find the perfect color for our home and was very patient with us. Extremely knowledgeable and has a very positive attitude. He made the process stress free. We love our new roof and even got compliments from my neighbor about the color choice!","Thanks for the great review Emily! Glad your happy :)"
"AbFvOqkjeLWqunSMlyivpcBroe2-1vBhHaZ4BooFK5GcFkAMBpgU1GpkE3O_roFwVM-RvR0W8GoLNw","2020-10-09T00:40:03.615488Z","5","Port Jefferson Station","Tom Joos","Very knowledgeable and professional. Was relieving to have someone come in and know exactly what they were talking about. No stress or headache. Glad I chose Rapid Restore.","Thanks for trusting us with your home Tom!"
"AbFvOqmonQq8S32FrZHM4Bgdn4wGYIM3oswau5FoBE30JztnichaciJNnQWYR2xlM6dcwxyE7MuMmQ","2020-10-10T10:19:29.987160Z","5","Port Jefferson Station","brittany fiore","I would recommend rapid Restore to anyone. We had an insurance claim with our roof and despite the long process of the claim and receiving funds Joe had our roof done anyway and was patient with the insurance process. They are definitely about the best interest of their customer And  providing a good quality product. Overall great experience!","Thanks Brittany, happy to help!"
"AbFvOqnacqkpkZ0LH2pvRSs2z7Vzp6XR8LdYgxCWmf96_QODNvfF1yac6fsu9gmTjCgtq-01el7cHg","2020-10-14T18:38:50.890791Z","5","Port Jefferson Station","Jason Olszewski","Due to a bad storm a tree came down on my house leaving a giant hole in the roof. I was so stressed out thinking it was going to be a ton of work and lots of money. Thank god I called this company!! They made this process so easy to the point it was like it never happened! Joe is awesome. Very patient and kind, he really took a load off of my shoulders. Thanks guys for the amazing work, I will definitely recommend any friends or family","Hey Jason! Sorry about the storm but thanks so much for trusting us with your project!"
"AbFvOqkp-eapvV1T23gChFVFxbiGpEDis9cjgMS4vNl0TkmAmX7W7BSBU0NLvfv0eAss02daHx9L-Q","2020-10-15T06:07:34.758491Z","5","Port Jefferson Station","Josephine Anderson","Called 3 other companies, dealing with unresponsive and non-charismatic people. This company is a blessing. Real hard working men who actually LOVE what they do. It shows. They care about their work and take pride in it and exceeding your expectations. Their day isnt over at 5pm, they are always on call to answer your call. I Love that. Thanks so much for the awesome work and delightful experience. Will be calling again for any future work!!","Thank you Josephine!"
"AbFvOqnubH3yFxxCALj-Q_KBs-CjQTwDPWjPn7jUWmb9X6cXnG_MFfsk9E8iGB-1tg3YAvBoXFbb7g","2020-10-15T23:18:20.443144Z","5","Port Jefferson Station","Andrew Cohen","Joe and the guys were amazing!! Joe made the whole experience a breeze. The Quality of work was top notch. The cleanup was a huge job and they reassured us we would not find one nail. Angel the site supervisor was another great guy he  was there to answer every question we had. He made sure everything was done as per proposal. I would highly recommend Rapid Restore roofing. We are very satisfied!!!","Andrew thanks so much for the kind words! We loved working on your house. Talk soon!"
"AbFvOqkqK1p11ysDwAs-iG3c5fRi6KnrctXEoTpOvLHKmdbbIT2gszwKbclr-5FXLYiFml2_W-nw","2020-10-29T21:32:16.173394Z","5","Port Jefferson Station","jeff rueb","We had Rapid Restore do a complete Roof rip and replacement as well as siding ,trim and gutters and I will say they are the best Honest and quality minded , everything they said they did ! I cant recement Joe and the crew at rapid restore enough. Every time it rains or there is a storm I am thankfull we chose them !!!","Jeff, it was a pleasure working for you! Thanks so much :)"
"AbFvOqli8lCb3x3rw0IZHO7oWrd47baUZ1Gp8zjUc8x77PLxWMHzs29PVD3hZbcPuoszRVi8xA-A","2020-12-19T19:15:13.155044Z","5","Port Jefferson Station","Manny Harokopakis","",""
"AbFvOqla413u52L4T02pxS1o6liDyGX1kQ7pk9oh_P8308_zpxRMNcc7SEpjHQPqPxg-t-5uJ0gK_Q","2021-01-27T18:18:19.761744Z","5","Port Jefferson Station","Nicholas DiVisconte","Joseph Elshazly and his team are absolutely amazing at what they do. They were very transparent and honest from the beginning and throughout the whole process. I had my old roof removed and a brand new one installed and it looks beautiful! It’s very rare that you find a company that has the best customer service, highest quality materials, and also the best pricing. Rapid Restore is hands down the best company you will find for roofing, siding, gutters, and much, much more!!!",""
"AbFvOqklpnPRCJnFwM7gcgFZqc8kVcD_e5p9vDC3feEcDHO28tTZNHZbK1Hq13SOrORrZ4gVJQrD9g","2021-01-30T13:53:33.358169Z","5","Port Jefferson Station","Todd Campbell","We had a great experience with Joe Elshazly and his team. His communication skills are excellent and made the process so much better. He was willing to take on a new product, Brava roofing tiles (highly recommended), and his team did a beautiful job. His group of workers could not have been a more pleasant group of people which made more of a difference then I would have thought. Joe came by several times after the job was finished to make sure we were happy with the results. We highly recommend Rapid Restore Roofing and if have doubts come by and see our roof, it is beautiful.  Thank you Joe, Nelson and the whole team.",""
"AbFvOqmnSVFCgyAAsvCzcDqEsjKYfvLduU6wHSedu2LehixOy9ZXGWh3ISNPK1qKONfc_jfB_QLIBw","2021-02-02T03:32:39.602016Z","5","Port Jefferson Station","Thembisa Morris","This Company goes above and beyond for your satisfaction. After getting a quote, I decided to go with Rapid Restore,  and let me tell you, they didn't disappoint. Angel (the project manager & crew) were on time,quick and cleaned up was amazing, I  didn't even think a major roof project happened. They were helpful and any questions I had they answered from start to finish with a pleasant and calming demeanor. Their price was reasonable and their work was superb and comes with a lifetime guarantee which gives you a peace of mind. I will definitely be using and recommending Rapid Restore to friends and  for future projects.

P.S is there 10 stars 🌟...... their that awwsome.",""
"AbFvOqlRbZvvTZmJqEw3nGjaztbyq9pvQjUb_8JvF7SPyshgsu6y_XkUlHBxoxsHa4MM7odcubv6_g","2021-02-09T16:03:50.592045Z","5","Port Jefferson Station","Carissa Woerner","Angel and his crew were professional and they did an outstanding job with the dynamics of our roof, they were able to get our roof done in one day and the clean up was perfect as if they were never there. Super happy with our decision in choosing Rapid Restore.",""
"AbFvOql4bPivYtesIMExevqhclDQ6bBISGIUC50usuuAgOnt1-QRVeqkZFFub17-1HgbqCKvH3JN","2021-02-09T17:47:42.244046Z","5","Port Jefferson Station","Erica Bush","We chose Rapid Restore for their quality, readiness and professionalism. Their crew came by and did such an awesome job with our roof and garage. They were even able to change out my gutters same day after showing me how bad they were. Keep up the awesome work guys!",""
"AbFvOqkW-TS1v4GidlwQt3sSuOcz9zuHUZPbwE-RL7pM34p2m3CnPoPigZ2amZbXprJqwEKw5M93Ug","2021-02-09T19:49:56.852645Z","5","Port Jefferson Station","Courtney Biggers","My roof was leaking in multiple areas. Mike and Angel were able to come by for an estimate and they gave me so much information on the materials they use and how the process works. They did everything exactly as what was said. They even protected my plants with tarps!",""
"AbFvOqlIi5uGAhvUG9VlwOGA6TPKlqNgNZ2gnIw3sBA-_yvOIS5LdD3giwe2jMxvmeeRdF3XJAyR","2021-02-09T23:44:28.209435Z","5","Port Jefferson Station","martin espinosa","Great work on my roof guys! Clean up was awesome. Mike and Angel kept constant communication with me since the estimate. Highly recommended!",""
"AbFvOqk40RkWm8UHgL1LYtmHqfuSigdoofn9zKIP1baHpcKnwNgBwZB5vFR9yVkvgOymwZSuhsvNXA","2021-02-10T13:58:01.450951Z","5","Port Jefferson Station","Kate Conte","",""
"AbFvOqmyUU9CZ3WlWFNCXPxdjRWYG1Bvr9B5seNAIawBlsp-xv61ggdW0XVbPoLcyoiGNi5T2mCK","2021-02-10T20:46:28.250785Z","5","Port Jefferson Station","Jose Palma","We had several leaks after a nasty rainstorm. Our skylights needed some work. Rapid Restore responded quickly and were able to fix our skylight along with closing one of them. It's been a few months and we still haven't had any leaks.",""
"AbFvOqki0MKu72gNv8GPy-ksZwNPA-bZptz3znDBxvXhl9dpQORQ7qolloUo9UZt5bJCL3Ow7JUU6Q","2021-02-10T21:03:49.617622Z","5","Port Jefferson Station","Jess","My house needed so much unexpected work and Angel and his crew were able to get all the work done in 1 day. They even showed me all the damaged wood and siding that needed to be repaired prior to making the necessary repairs.
Thank you so much!",""
"AbFvOqlCdrvlU65k3a8NmlLLh6zm6Wws3AYbp_9KGrz-IQc0bD6ljKjI2WOYu6-uqLrUZWrcOfi3TQ","2021-02-10T22:11:05.830466Z","5","Port Jefferson Station","Just a servant Of Christ","Had my roof and garage roof fully replaced, Rapid Restore made the process so easy and informative even on the day of the project. Amazing work",""
"AbFvOqkFjlTHRaEMFsaiEEELSJcGnPAro_NQ6J4cdVe6l-_3AV7DVS3kSP2xeJ9BmzUdgHhgAiVH","2021-02-10T22:25:54.123590Z","5","Port Jefferson Station","Raemyra Jones","Fixed my roof and even made me feel comfortable in the work done again thank you I highly recommend rapid restore roofing.",""
"AbFvOqnKaxBzeuKVJ99TOIuVoiiOsXr614UrXyqMo83nH41Q61Q6viuXRheW1TmViXcDmpW5W_5lnw","2021-02-11T10:52:27.318035Z","5","Port Jefferson Station","William White","one day and done,27 square.40 sheets of plywood replaced,my wife could not believe the cleanup,you would not even think they were here,great price,great communication,thanks Angel and crew",""
"AbFvOqnb7UstS5Wc_tLfhtPynpD10pacGibl3sUps8lefu8PUSRGr4twgg8iHEIPRi1iuYxwsdWRvQ","2021-02-22T21:01:40.482292Z","5","Port Jefferson Station","Liz Van Vliet","We got our roof done in 1 day! Angel and his crew worked fast and with amazing quality. I’m really impressed with their prep work and craftsmanship.",""
"AbFvOqkf_WMw2ZB3AQBQXJTDsARFq4I9fsFjgJWN8bc1Pmi3SC7HHH_H8anRNXDx7Uicgl1kobt6","2021-02-22T21:10:03.150821Z","5","Port Jefferson Station","Steven Nazario","Rapid Restore was able to replace my roof along with 6 skylights all in one day! We also got quotes from 4 other companies and they were the best all around. Great work guys! Highly recommended.",""
"AbFvOqls8fH6A87xJ2KOr48Q6iXgkYqqqpwWlSMpktJkI3ky9qmaZrBdJzC65lMPq7T4_3nUu1ACxg","2021-02-22T21:47:53.583029Z","5","Port Jefferson Station","Chris P (Tree)","After a storm I noticed my roof and gutters where damaged.
Ive gone through insurance and was happy with how Rapid Restore made it make it a fast and easy process.
Great quality and amazing price.
Clean up was impeccable!",""
"AbFvOqksfY4Gp6WJSm5AjGVgWyBgV9eAq1PdMWxWyCYOnPaiD7dBWgp_b26_cGqOzHNzpxeWIWpeIw","2021-02-23T19:53:09.321504Z","5","Port Jefferson Station","Marquis Nolan","We had 3 skylights that were leaking which caused more damage to the inside of the house. The crew did an amazing job and showed me exactly what the issue was and what they did to fix it. Really appreciate the expedited services guys!",""
"AbFvOqn3vWDqiFwKvVm751tOyQ_BSq1hBlP8YN7YFhlgvRdTokaO89UZEvgLZNzukodITW7tJev_3g","2021-02-26T02:05:38.665970Z","5","Port Jefferson Station","Chasee Reilly","I have never reviewed any company on google before. But I am going out of my way to do it for these guys. I got 5 quotes for a new roof/gutter system and while rapid wasn’t the cheapest they were BY FAR the most responsive, courteous, and professional.

If I’m being honest I had made my decision to go with them after my first meeting with Mike. He was transparent, professional, and honest. Angel was also one of the most professional people I’ve ever worked with. He explained everything being done, kept me in the loop with every move, & took tons of pictures to show things they were doing.

From the proposal to the end of the job these guys did everything above and beyond I really cannot day enough good things about them. If you’re like me scanning though google reviews and looking for quotes my honest advice is just go with these guys. You will not be disappointed. THANK YOU!",""
"AbFvOqlsr9JBxzstyydvAWfIuPfMR_YiaE0HPtCAgXLQG_5Zn8zbATIep-MG6rZEexAhIikPVT1sww","2021-03-02T19:44:56.597931Z","5","Port Jefferson Station","Jose Nieves","Got our roof done a few months back due to severe leaks and 3 layers of shingles that desperately needed to be replaced. These guys are upfront from start to finish and really dedicated to their passion. Highly recommended!",""
"AbFvOqk5McCNtbIds0u39iTZGUdkwZfeBXDNl3ncRhIkGdbZBF3GBRXbbbiN0EamctZxEJRcLAbhMg","2021-03-09T22:14:22.788752Z","5","Port Jefferson Station","Connie Santa Maria","Service was AMAZING! Cleanup was thorough and everyone was kind and courteous. We had a small issue in that a small piece of our old roof came through a wall in our living room. Angel investigated, repaired the wall, and color matched the paint. The wall looks great and the roof looks amazing. Planning to use them again to redo the siding, too. Highly recommend.",""
"AbFvOqlXqajqfWlc3gYRD5RiRCld7EUyBn_5hpuhrZZ3dlzS8Grf3z_W-M4hbxzBox-KBUFq0sT6yg","2021-03-10T23:33:16.479738Z","5","Port Jefferson Station","Deirdre Hawkins","I was impressed with the entire process from the estimate to the installation. Very professional and responsible. Will definitely recommend to friends and family.",""
"AbFvOqnzus3a13yFOeVaIbT898ZGLvJLxrdhijoaMDkpgbWDv6pTc-RkoW1xe_xRoxzEtHGXwgUzbQ","2021-03-12T00:53:57.300006Z","5","Port Jefferson Station","Bernard Remy","From the owners, Joe, Mike & Ronny to the Project Manager Angel, to Dave & his entire crew, everything was top notch from beginning to end. All were very professional, thorough, and efficient! They were sure to clean up absolutely everything when they were done! All for a very fair price! I would highly recommend Rapid Restore for any kind of home improvement you need!","Thank you for your review and kind recommendation Bernard! We're really happy to hear that you're pleased with our service to you and your home. We remain on standby should you need anything else! Our dedication to you and your home's improvement lasts a lifetime. "
"AbFvOqm2PMhLjOYKZVcbN8M7EepnTyQrvoHg98XXFdAtFzR5g55D6C-sY76BjmNqTa3hpXtUYGaTDw","2021-04-15T21:17:35.823149Z","5","Port Jefferson Station","R C","WOW, I believe this is might be the ONLY Roofing company with 5 stars on Long Island! Everything from meeting Jake whom took the measurements and spoke about options. Michael coming over to discuss the special financial options (BIGGEST SELLING POINT NEXT TO TRANSFERRABLE WARRANTY), To Angel overseeing the project from start to finish. Good luck finding a company thats been blessed by Owen Corning to even have such transfer program to also include financing with little to no interest rate. This coupled with a 5 star rating, unheard of! Dont take my word for it, look at the 100+ 5 star ratings. Highly recommended and they are ALL VETERANS, NUFF SAID!!!! SUPPORT YOUR TROOPS 🇺🇸!!!!",""
"AbFvOqllqTCLcQgE1oVpX61FoSGic7drhMxAvVJgwIigHetpF57m7Y9vnBNspE-SQVyZlCRlrJFWEg","2021-04-23T21:11:40.379213Z","5","Port Jefferson Station","chana duncan","I could not have asked for more courtesy, professionalism and promptness. I'd give 10 stars if I could.
Looking forward to doing more business with them in the future.
Jeff and Angel are phenomenal.  Everyone involved with the repair were beyond professional
Hire this company and you will not be disappointed.
I contacted at least four other companies.. by far they were the best in all aspects..",""
"AbFvOqkEcZjLuGjEFPRq_EUSLci7e-3nbeKBA9DwZHxTjk_ar2VJxNv_2IrhmwyoBdv6LuBPWr6M","2021-05-03T15:08:18.108801Z","5","Port Jefferson Station","Peg B","",""
"AbFvOqmuMlWCDPwd6b0vLhWncAdgFJUwvxfQWEO39sCogS_TYDAPJA1cMqWOY6jtWmEvkA1WNeYsMQ","2021-05-12T05:28:07.403574Z","5","Port Jefferson Station","Anthony Ruocco","I can highly recommend Rapid Restore to anyone. I found out about them from people in my neighborhood who used them. They installed a new roof, gutters and fascia trim around my entire home. Jake, who came and took the measurements was a great guy and took the time out to explain what they offer and how the project would go. Mike was on site and always updated me throughout the project. All of the crew members were professional and neat. Roofing is a messy job, but these guys left my property clean without a worry. I have been getting compliments from my neighbors how great my house looks.

I had Rapid Restore also complete a repair on my home when I needed to have an old wooden electrical mast removed that was deteriorating. They had cut the old post out, and the roof back together like it was never opened. The job was completed in a neat and timely matter. A company you can trust.

Thank you!","Anthony, we are truly grateful for your 5-star review! Our team is committed to delivering top-notch service, and we're thrilled to have met your expectations. It was fantastic collaborating with you. If you ever require anything else, don't hesitate to reach out – we're always here to help!"
"AbFvOqldlVsVK2e33b-UQxWO09sPLb7x2iyFIjVwfZyF9DPxenTkGnky0M2Jgh6dRgfmSerBSAPduw","2021-07-20T19:38:35.289766Z","5","Port Jefferson Station","Axel Fischer","Rapid Restore is an excellent company to work with. They replaced the roof and gutters on our house and on our pool house.

Everyone I worked with at the company was courteous and professional. The work was of outstanding quality and provided at a very fair price. I can wholeheartedly recommend this company.","Thank you, Axel, for the kind words.  The team at Rapid Restore is committed to providing quality craftsmanship at an affordable price."
"AbFvOqna7fsoJ8YCTCdWvsiXTtNAeb18ahoSsOnVBHC6TEt9S5dTPGwjC8q0nF7p2KU42AWggUti","2021-07-28T11:58:57.051457Z","5","Port Jefferson Station","Main Office","The Best, they are on top of everything. They do everything they say that thay are going to do and always on time","Ryan, thank you for the glowing review.  Rapid Restore is determined to exceed the expectations of our customers, keep all projects on time and on budget."
"AbFvOqmieqSveLkQiYWkHgWd3KnifoyD0bDiLSTNuikp-ZsfNyzbovU129xe6UHjIib13M43Wz7JtA","2021-08-15T10:45:27.360253Z","5","Port Jefferson Station","GreaterPortJefferson NorthernBrookhavenArtsCouncil","We had a leak that was all but invisable for two years ruining our vaulted ceiling and front wall. We had several companies come in and try to repair. We also had other companies just wanting to change out the section of roof for a third to half more money. AND, when we did not get back to those other companies right away, for example we waited two weeks to see other offers, we called and said okay let's do it and never heard from them again. Serendipity was on our side when Rapid Restore Rooking came up as number one is a Google search of best leak repair companies near me. Joseph came over, took a look, said he would send someone over and did, we settled on a good price and the work was done. Professional, friendly, interested. WONDERFUL JOB!","Thank you for your review! We're glad we could help. Please let us know if there's anything else you need! Thanks again for choosing Rapid Restore."
"AbFvOqn8C7bGmjt11KA_Tb6Y7zj6KlQC86C0NjlhFbphsoHdP4TJJKs6qRQwSMHggvXPOF2ffRa4","2021-09-14T20:27:13.123171Z","5","Port Jefferson Station","A Pont","Exceptional company to work with. After years working in the industry I pride myself when I was associated with companies that treated their customers with respect and being a customer I am thankful when I'm treated the same way. I can fairly say dealing with a company that does right by their clients says a lot about the people who runs the company. The professionalism everyone display was the best we've ever dealt with regarding home improvement projects. Their work ethics shows from the top down. We met Jake in early April, he fit us in his busy schedule and it took him under 30 minutes to look over the scope of work for a new roof. We received a proposal from Joe within a week and Jake kept in touch with scheduling the date of the project. The new roof install was scheduled for May 13th, Angel (Project Manager) called the day before and went over details and answered any questions we had. Angel and crew showed up the next day on time and started the tear down of the old roof and installation of the new roof. Angel was available to address all and any concerns we had. Jake called when an issue was presented and it was quickly resolved. There were a ton of debris that end up in the attic and Angel took it upon himself after his crew left  to clear away all the debris in the attic. We met Michael at the end of the day after the project was completed. I would highly recommend Rapid Restore Roofing for your roof project. They did not just put a new roof and now we are a distant memory. They reached out via email with phone numbers before Hurricane Henri & Ida in case of any damage that maybe caused by the storms to offer their services. Again I can't reiterate enough how wonderful it was to work with Jake, Joe. Angel and Michael. I recommend you give them a call before you decide who to hire for your roof project!","Thank you for taking the time to share such a detailed, insightful review of our continued service to you! It's a pleasure serving you and your home. We remain committed as your home improvement partner!"
"AbFvOqnT5EOH-8nVl-nxknsCLp_1cqPUEHrNDCdgMo-tBSqiTIg281R-havl70AAiYV0vzhrPiw7Qw","2021-09-18T16:22:49.778116Z","5","Port Jefferson Station","Maram A","They are the best. Very pleased with the professionalism and theirwork.","Thank you Maram! Enjoy your beautiful new roof and please let us know whenever we can be of any further service! We remain committed to you and your home."
"AbFvOqkCvNZ_iIvSHoqmMC1TltLGlu57QcN8PxGM__cjY2wAgJRazL6TOlNpPe8HxLBp-vBiF4SrWg","2021-10-10T17:48:00.719177Z","5","Port Jefferson Station","sheryl o","A recent roofing job...
From the first meeting with Jake we were happy with explanation of what he could do for us and how the project would be done. The materials that would be used and how it solve our problem.  He helped us maneuver through the financial end and we were all set.

The day of the work everyone showed up at 7:30 a.m. The project manager, Angel, introduced himself and they immediately surveyed the situation and set up protection tarps. Very quickly off came the old roof, and wood planks were being pulled up. Through each process, Angel would be up on the roof inspecting for any occurring problems to be solved.  All of the workers seemed to know exactly what to do to keep the job flowing. Before we knew it new wood was put down and the roofing was started. Like a well oiled machine, each worker did their job, and before we knew it the job was completed and inspected by Angel. They cleaned up everything including looking for lost nails on the ground.
Very Happy and Impressed.

Next came the gutter installers... they worked very cleanly and exacting, and very happy with them also.

Angel gave his final inspection, picked up a few nails, and reminded me of the company's guarantee and should any problem occur to call them immediately, and they would have someone come back immediately.
Job done and said goodbye.

We were very happy with Jake, Angel and all of the workers and the care they took with completing the job, and we would recommend them highly.
Sheryl and Rick","Thank you both for taking the time to share such a detailed and insightful review of our service. It's a pleasure serving you and your home! We remain committed as your partner for your home improvement, always!"
"AbFvOqm8h6ZJAmXPq1xb3baFhv7NdbRv9H3t4dd8IKvxkull1oXfx2bZolsXta9ZCQ-U8LHXSszApg","2021-10-21T21:39:56.879253Z","5","Port Jefferson Station","Christine Indrigo","From start to finish Joe and his team were unbelievable! Prompt response time and so patient and helpful with all of our questions. Our roof was damaged in a storm and even before we signed a contract Joe was nice enough to get on my roof and tarp up the space that was leaking since more rain was expected. Not only did they give the best estimate (out of 5 that I received) they were on time for install, professional, Angel had communicated with me the entire day with updates and the team left my yard immaculate when they were done! The entire roof (down to the plywood) was replaced and complete in just one day! I HIGHLY recommend them!","Thanks so much Christine! It was a pleasure working for you :)

- Joe"
"AbFvOqnG-3cwj10Fst3w-a4L3xue6rBG9YTzBbM264Sz6kVPMut1XYHnQgSVtu-3zkxCNzAL0h52","2022-01-19T22:25:43.102221Z","5","Port Jefferson Station","Mary Denman","Excellent materials, outstanding crew and installation. This company is the best & has very competitive pricing. Special thanks to Angel for his management of everything and amazing clean up!","Thank you for your review Mary! We remain dedicated to our continued service to you and your home. Please let us know if there's anything else you need! Now let's get Angel promoted!"
"AbFvOqnsJkCCCmlDkjEi5nsvPWTBveVvtDzXeoTrmwiFX4dZDh5fH5btY_KY9v49oD7hMHLNd5eJ","2022-01-19T23:26:51.096830Z","5","Port Jefferson Station","fred smith","","Thank you for your review Fred!"
"AbFvOqnRacNVYCobVe0CJ9Q504Qm37Xzd0m7bK-GXQvE0zfRBFb77S8Qb6IAH6Nkyl2dyaqHNOhTRA","2022-01-20T00:00:30.757265Z","5","Port Jefferson Station","millard Jayne","Unbelievable service and professionalism.  I got 4 bids and it wasn’t close Rapid was  the cheapest and the most professional and comprehensive. I’ve recommended them to both a family member and a friend and we all feel lucky to have discovered  upon them Without reservation I recommend this company","Thank you for your review Millard! We remain committed to you and your home improvement. We're on call should you need anything else!"
"AbFvOqkQ-IQP0R-Pmr1SLTWXGpTqrM6fR9wL6wm_tkRBOMZ5HLyxa53eF3Js8kK89Q3FfHEeFDZTjg","2022-01-20T00:20:21.683547Z","5","Port Jefferson Station","Christy Ling","Is there an option for 10 stars necause these guys have earned it. We had a little leak around a sky light and asked for several proposals. When we met with Mike, we told him we are looking for someone with the best terms, not necessarily cheapest. We feel the positive vibe from the beginning and went with Rapid. Mike communicated exactly the schedule and allayed any concerns I had doing a roof replacement in winter. Angel showed up on time and was there l day to ensure everything went smoothly and to answer any question we had. David, Jesus and crew were fantastic. They worked so well together, it was a beautiful sight to see how efficient everyone was and it took one day as they promised.  They left our property as how it was before the work started. I have high expectations and they surpassed my expectations.  I would highly recommend Rapid Restore without reservation. Great job 👏 and hope everyone e joyed the pizza lunch.
Christy and Chee","Thank you for leaving such an insightful, detailed review Christy & Chee! We remain dedicated to our continued service to you and your home. Please let us know if there's anything else you need! & that pizza really hit the spot! Thanks again and talk soon."
"AbFvOqmqid4fqumHf9zxaCRHYrgI2iRt_ncTlwayUfd-c9Ou4t8t34AXeb1DZ-9kOmBiIX40MGt5","2022-01-20T14:46:14.083296Z","5","Port Jefferson Station","Y Marinez","amazing and great job done.","Thank you for your review! Please let us know if there's anything else you need."
"AbFvOqkO0C8lWKdeaX2_R5OSrSdOtqhouXty1nUDxECnDoclcs7gKkuM8kVpOuaI4cTGpmJ2FmPk","2022-01-22T13:33:42.084542Z","5","Port Jefferson Station","joann mancuso","These guys repaired two roofs at my church ,both to my satisfaction .They  communicate very well ,there estimate was over the top professional easy to understand . They showed up ontime with enough people to complete the job and charged exactly what they quoted ,not much to not like","Thank you for your insightful review Joann! Please let us know if there's anything else you need."
"AbFvOqmnS7tdIe9QzEEPj9IBbuoj9iJ_NaxTEK_m8YT3679Nx_0E7neiu9IgVyR5jd65W66Vm_nzFg","2022-01-22T16:31:12.810987Z","5","Port Jefferson Station","Gene Wehrenberg","Sales people were very knowledgeable and friendly.  I especially liked that they are a Platinum Preferred Owens Corning contractor.  Although they were not the least expensive of my bids, their professionalism won me over.  They were very neat and conscience of any yard or driveway damage.  I saw some houses they did and was satisfied.   I recommended my neighbor and he too went with Rapid.  A good honest company.","Thank you for your insightful and detailed review, as well as your kind referral Gene! We remain committed to you and your home improvement. We're on call if there's anything else you need!"
"AbFvOqmitJsJBuz-i2EkxwhFaHAorrSTGLwFsDLKrqMSsSdkVPDK3kfMMXqoYaKLvgtynwTDABwK","2022-01-26T16:21:07.066604Z","5","Port Jefferson Station","Mike H","The team showed up on time, early in the morning, and worked quickly, efficiently, and I ended up with a brand new roof that looks great. They also fixed up some trouble spots along the roof line fascia, matched the color to what was already there and couldn't be happier with their professionalism and service quality.","Thank you for your review Mike, it's an honor to serve you and your home. Glad those trouble spots won't be troubling you anymore! ;) Our dedication to you and your home's improvement spans a lifetime. Please let us know if there's anything else you need!"
"AbFvOql9qJmg9dhRJj13yd3_fVE73HN6yZptGyTSyis3bklEXRqmh7vEUsWDX53W3stZTZ0yNj-C8Q","2022-02-09T16:03:40.485931Z","5","Port Jefferson Station","Audrey Pastrich","Estimate and repair done efficiently all within several days of request,  professional yet friendly, exceeded expectations","Thank you Audrey! We strive to exceed our customers expectations every step of the way, so this review really hits home for us. We remain committed as your home improvement partner, for life!"
"AbFvOqkY-XrrBQx9CR4-Rf29crLCxBlo2wMNYmFkdqDNxmhNg5hN_32wr1eF952Pvg1pydLz-PmHxw","2022-03-01T17:08:38.330998Z","5","Port Jefferson Station","Louisa Kieffer","Rapid Restore Roofing replaced our Roof & Gutters. We were very Pleased & Impressed with this company. They protected the surrounding areas of our house & property. They were very fast & professional. Even our neighbors were impressed! We Highly Recommend Rapid Restore.","Thank you for your review Louisa! It's a pleasure serving you and your home. Please let us know if there's anything else you need."
"AbFvOqn9w1bB-CaaNOVKDZ9F53_qMLG0VZN9XF54ELqKonOFyqsRzdjp-XOichunUMnhjTY33kTD_A","2022-03-02T20:49:37.680722Z","5","Port Jefferson Station","x2ice25","I hired Rapid Restore Roofing for my new roof and complete sheathing installation. Affordable pricing, everyone involved with this project start to finish was professional, knowledgeable, friendly, responded quickly to all my questions and concerns even after completion.  Any unforseen problems was shown and explained in detail. I liked the fact that they where very clean through out the work. it would be a pleasure to recommend them to friends and families for their roofing projects. A++","Thank you for your kind review! It's an honor to be your home improvement partner for your roof, one of the most important aspects of your home. It's a pleasure to serve you. We remain on standby should you need anything else!"
"AbFvOqmScphewH913x6KU2MMYpbLexTTa63EyP8h0jFmy8zjKDZQJFndQqRAhVunJ310mTKgC2NLHQ","2022-03-05T02:47:23.963415Z","5","Port Jefferson Station","Patrick Shanahan","Great work, Professional and quality. They came in with a complete crew and had my roof completed in 1 day. I love the fact that they cleaned up so well I could not even find an old nail when they were sone.
Flashing was done with extra care and the entire install was top notch. I was extremely happy with the work and the videos they took while they were working.  Highly recommended!!!","Thank you for your insightful review Patrick! Great to hear that you're happy with your experience with us, your beautiful new roof and the cleanliness of your property post-project! It's our pleasure to serve you and your home. Please let us know if there's anything else you need! We remain committed to you and your home's improvement."
"AbFvOqlPhxprq2bmX11B7TPvi2b6g7DaEspL4wiozC4Y2zjVBMkIy-SaoLXFsYPPaOWtVIDPeedU","2022-03-05T15:54:59.203081Z","5","Port Jefferson Station","Mike Barbis","Worked specifically with Mike and Bret. Rapid Restore is exactly as it states. Great people great business. Had entire roof ripped and replaced with owens product. All done in one day. Roof came out wonderful. Entire crew kept area clean and neat. I would suggest using them in the future.","Thank you for your review Mike! Happy to hear that you were pleased with the cleanliness of your property post project and that you're enjoying your beautiful new roof. It's our pleasure to serve you and your home. Our commitment to your home's improvement lasts a lifetime! Please let us know if there's anything else you need."
"AbFvOqn69CPzL7Zc5ZWfyZB_Py7QQK3NLWo03wdqU49-2XVvaWV72i0Q_dWi3-Zi8Y_uRvaVomw45g","2022-03-07T21:01:31.353629Z","5","Port Jefferson Station","John Fazio","","Thank you for your review John! It's a pleasure to serve you and your home. Please let us know if there's anything else you need! We remain committed to your home improvement."
"AbFvOqlsVbJiHKBcIlxbTQvw7txC_VHRM7Aebvu_E9lbcbK7WUYIsxsf7sxaEYowho4LNNLinosX5A","2022-03-08T13:33:28.950324Z","5","Port Jefferson Station","Ken Werner","Working with Rapid Restore was a pleasant experience. Bret was extremely responsive and completely accurate in everything he told me about how the job would be executed. Rapid Restore was also extremely flexible in working to fit my timeline as I had solar panels that needed to be removed before they could begin.
My neighbors and I were impressed with how quickly they were able to complete the job while also ensuring nothing was damaged around my property. I highly recommend them.","Thank you for your kind review Ken! Great to hear that you're happy with your experience with us – it's an honor to serve you and your home. Remember, our commitment to you and your home's improvement lasts a lifetime! Enjoy your new roof and please let us know if there's anything else you need. P.S.. I think it's time Bret got a pay raise!"
"AbFvOqm727sZpmwzzJ1hSn_KI8q0cRGtwQe2AGwbzFJc9pxuO1g6B5pDNo-w-51R7VK6J60HPlMbKA","2022-03-08T21:32:03.613210Z","5","Port Jefferson Station","Sandra Hoenes","Honest/Professional/Reliable company. I'm really happy with my new roof and I highly recommend Rapid Restore Roofing. Thank you!!","Thank you Sandra! Happy to hear that you're enjoying your beautiful new roof! It's an honor to service you and your home. Please let us know if there's anything else you need!"
"AbFvOqmfsM7Ns_UrPyvdyUFd2yI18ycvB6V7RxP0deHDOZ9vr08_BwvWjdboEWaLAXqmi-BzbJ3HBg","2022-03-10T13:17:06.495844Z","5","Port Jefferson Station","chris mcginnis","Just wanted to say thank you to all involved at Rapid Restore for fixing my barn roof. The roof was damaged about a year ago and have had a number of contractors come in and never followed up with us. We saw an ad for Rapid in a flyer and they were the most responsive and professional contractors we have dealt with. While we originally wanted to just repair the damaged part, in speaking with one of the many Mikes, we decided to redo the entire roof and add gutters. We could not be happier with how everything came out. I understand why they have almost 150 five star reviews on Google and we are adding to that tally. Thanks again.",""
"AbFvOqnaPELE1dVWCMTDa8TpqOzYt9OFdtUFtk-YI3aTDtxEDamIVMdon3OfIffc1ZoF9X8uUD6J","2022-03-19T12:05:28.036320Z","5","Port Jefferson Station","Megan Maniscalco","","Thank you for your review Megan! We remain committed to you and your home improvement. We're on call should you need anything else!"
"AbFvOqmWXCTsMn-DI5nbJD6R36RZPS-kz-BfYyJhV5mEWGyoqFDYyAmn0O_jYjonuSf82g6BFKd4zQ","2022-03-20T22:43:19.939229Z","3","Port Jefferson Station","Stephen (The Hulk)","","Hi Stephen, we do not see your name or email in our system as a customer/contact. How can we help you?"
"AbFvOqnwWwFbC2G0mIeqq4ualClivTqULB0Uz-GeiPNdnyua763kG9EHHPMyge1YvTuOpImqD4afuA","2022-03-21T00:15:34.498132Z","5","Port Jefferson Station","lola Rome","Just got a new roof and it is beautiful!!!  After 6 quotes Rapid Restore Roofing was our pick!  We are so glad we chose them.  It was easy working with Joe to get started.  They made the experience  enjoyable actually!  The day before they gave us a thank you goody bag (nice touch).  The team of workers were there right on time 7am sharp.  Everything they said they would do they did.  We are very satisfied customers!","Thank you for your detailed and insightful review Lola! We are delighted that you chose us as your home improvement partner for one of the most important aspects of your home – your roof. It's our pleasure to serve you. Our commitment to you and your home's improvement lasts a lifetime! Enjoy your new roof and please let us know if there's anything else you need."
"AbFvOqkJNL2NB3brLGql6bT3DRBL4ZpAsFPKpGm3Cj5UmKdUJsKRQ4SBhzl-c5OdyhsLze5d38Tg","2022-03-29T14:22:11.172036Z","5","Port Jefferson Station","Michelle Teitelbaum","I am so so pleased with Rapid Restore. We needed an entirely new roof and skylights replaced. From start to finish, they were extremely friendly, knowledgeable and never pushy which I appreciated. Joe and Mike were always easily accessible to discuss any plans and Brett was great the day of the install, keeping us updated with photos throughout the day. The work was done in a day which was amazing! It came out beautiful and it is so nice not to have anymore leaks! I’ve already recommended them to a friend.","Thank you Michelle for choosing us as your home improvement partner for your roofing needs! It was a pleasure replacing your roof and skylights, and it's great to hear that you're enjoying your beautiful new roof! Glad we could take care of those trouble leaks for you. Thanks as well for your review and kind referral! Please let us know if there's anything else you need. We remain dedicated in our service to you and your home's improvement."
"AbFvOqmONluupz_X5hUDlC2e9qb-iA324F3x9_ZOAox6QBuchv7a5yWhxFHi4CaN-40jzSESmSuw","2022-04-05T19:26:50.152552Z","5","Port Jefferson Station","Jonathan Timlin","Rapid Restore was amazing! The whole process from start to finish was incredible and stress free! The roof came out amazing and I highly recommend anyone to use them!!","Thanks for your review Jonathan! Great to hear that you're happy with your continued experience with us. Our commitment to you and your home's improvement lasts a lifetime! It's a pleasure to serve you."
"AbFvOqm4bFhyCZ39g-4ANk_NODiRWzYR3_8Yo9VnfT3_PaNhfIbe2B1g_1zzVvlLeP00EQONKwJOVA","2022-04-06T13:11:52.517742Z","5","Port Jefferson Station","Mike M","From start to finish very professional .. crew was on time and very effective and efficient ! Overall thrilled Brett  was great!","Thanks Mike! We really appreciate your review and patronship. It's a pleasure to serve you. Please let us know if there's anything else you need!"
"AbFvOqlEtVoe6cTcf2aa3uk-TD8MtJQmjs0W0yst4M9MRl9EGLH7f_jQvFW8btefC9KdPTkn1s36qA","2022-04-09T00:42:55.567520Z","5","Port Jefferson Station","John Mandalios","Very knowledgeable from the beginning to the end. Installation of my roof was flawless. These guys know roofs period. Would not go anywhere else for my roofing needs. Thank you Jacob and Mike for the amazing work and service.","Thank you for your review John! It's our pleasure to serve you. Our commitment to you and your home's improvement lasts a lifetime. Please let us know if there's anything else you need!"
"AbFvOqnVxLIu7O1tuAzSvohDAhd3ou0LgvoNnWWc4zENLmadFQsZFXodyuP1Ox2NbHJLKinvGba_","2022-04-11T21:18:12.203442Z","5","Port Jefferson Station","Maria Dontas","These guys are amazing. They surpassed My expectations. My roof  looks beautiful. Changed the look of my home for the better. I have a really big roof they finished in one day. After the job was finished they left my property immaculate. Thank you Michael","Thank you for your review Maria! One of our core missions as a company is to surpass our customers expectations to every turn, so this review is really meaningful for us. Great to hear that you're enjoying your beautiful, new roof, and that you were pleased with the cleanliness of your property post-project! Please let us know if there's anything else you need. Our commitment to you and your home's improvement lasts a lifetime."
"AbFvOqmO7KE5sbh2eO6k_aM00XVw2IuivPdAg8i5cb38-Td_mDC9RldHu82K1fz8LKqJBIO1yuVPpQ","2022-04-12T03:37:40.819233Z","5","Port Jefferson Station","Christina Hanat","","Thank you for your review Christina! It's a pleasure to serve you and your home."
"AbFvOqmeSepKDhednSfSJpZoq6M-H9H0fLqLT-CyhKXklU5DsQ3MJSZBKD7YhEXoQ46BjfD8fQ6ubA","2022-04-13T18:14:46.545924Z","5","Port Jefferson Station","Mindy Cassano","Mike is a genuine and honest person. He was highly recommended to me as I was looking for a second opinion. I called him when another company told me I needed a very expensive roof and it was time sensitive. Mike came over right away to look at my roof (actually within the hour). To my surprise, he told me I didn’t actually need a roof (or at least not right away). And sent me pictures of what my roof looked like. When have you ever had a contractor tell you that you didn’t need work done. He did say I should look into it in a year or so and gave me a very reasonable quote, almost 1/3 of the price the first company gave. I sincerely appreciated his honesty and not just trying to make money when it was not imperative that I did the work right away. I will definitely use Mike and his company when it’s time for the new roof and also recommend to my friends and family. He was very responsive, informative and took the time to explain the details after he visited.I can’t say enough good things.","Thank you for your detailed and insightful review Mindy. One of our core values as a company is transparency, and we're glad that this was shown through your visit with Mike. Please let us know if there's anything else you need! Our dedication to you and your home's improvement lasts a lifetime."
"AbFvOqkcslTdK7zVMKHm4FZYYhBPr_3lXnWCjfoyBGjbYrmR7aYAEP2K2uFF_3zUiN1w1k_ryyjXWQ","2022-04-14T12:37:30.533834Z","5","Port Jefferson Station","Michael Kroll","Job well done on the roof of my house. Don’t have nothing bad to say. People in that company really care about their jobs.","Thank you for your review Michael! Our commitment to you and your home's improvement lasts a lifetime."
"AbFvOqnpqhxtOBLTGsn9QvhlTgcGv9nc5gSwItkFCa7NWoHe57yjOW3iwar9HnsC-rOsNgpMufCf","2022-04-15T15:40:52.008731Z","5","Port Jefferson Station","Edward Teran","We had a major leak in our roof during a period when rain was relentless. Mike came and worked to stop the water coming in until a proper repair could be done. This gave us time to dry out our offices and start major repairs. Mike came back on a clear day and his team of experts finished a complex job and secured our roof from further leaks. We strongly recommend them if you ever need professional repairs done.","Thank you for your review and kind recommendation Edward! Great to hear that your offices are dry and back to working conditions. It's a pleasure to serve you. Please let us know if there's anything else you need! Our commitment to you and your roof's structural integrity lasts a lifetime."
"AbFvOqlzb7oz-8a99PrdPLikEBjZo0IV8L2cwJa6c4bGM2DrtB6ItQuVse6jt9aSnWFm5KPAI8lnIg","2022-04-18T20:24:50.402211Z","5","Port Jefferson Station","ARTIE GRANIELA","Excellent experience! From the moment Joe Elshazly President Rapid Response came by to quote the roof replacement from the moment the crew left the property, everything was fantastic.
Everything element was like clock work, crew was punctual, material arrived on time, job was completed as scheduled.
Site supervisor Angel was terrific keeping me informed during the entire process. All the installers were curtious and professional.
Roof looks great, property is back to normal, cleaned of all debris.
I highly recommend Rapid Response, fantastic organization.","Hey Art, thank you for taking the time to leave such a detailed review! Great to hear that you're enjoying your gorgeous, new roof, and that you're pleased with our continued service to you and your home. Please let us know if there's anything else you need! Our dedication to you and your home's improvement lasts a lifetime."
"AbFvOqm8iVwY5a_Zks3cLSpexsyCFSNK4wAv-bhsJsQlC9MxZ-dJfAcHKD20cESwwsrl4mhnw60rsA","2022-04-18T22:44:55.840954Z","5","Port Jefferson Station","Dave Moroz","Rapid Restore had redone the roof on my neighbor's house down the street, so I gave them a call for an estimate. I spoke to Joe, and the price seemed very fair to me. Mike recommended Estate Gray (good choice). The crew showed up at 7:00 AM and completed the entire job in only a few hours. Quick, clean, and professional.  Very Happy.","Hey, thanks for your review! Great to hear that you're pleased with the speed, quality and cleanliness of your property post-project. Our commitment to you and your home's improvement lasts a lifetime. Please let us know if there's anything else you need!"
"AbFvOqn66MGWSFvvALFjYVQbWJHkRwazM2T7n6BKUDLS9NRLu3ci3nrX2YdQu0LfHPLTcyMSUI9rKw","2022-04-20T13:24:39.511708Z","5","Port Jefferson Station","E. Romero","","Thanks for your review! It's our pleasure to serve you and your home. We remain on standby should you need anything else!"
"AbFvOqmtdzEXY8XFNpfxB39cYrtSBwKsqiA_LL7vEaUcwbtmEhVaNbjkXbY9p9eK1hGP-KES2Ytj","2022-04-20T16:25:02.240884Z","5","Port Jefferson Station","Anthony Casiero","I am a retired carpenter who have installed many roofs in my career... I am older and cannot get up on the roof anymore ...and I was so impressed with Rapid Repair.. with their professionalism the cleanliness ..my roof is absolutely beautiful ...And my family and I are very happy  .. From the 1st time Jake stopped by ..angel making sure the roof was done correctly ..and Mike to stop by to see how the job was completed  And just too see if I was happy.. there  attention to detail Was amazing.. I would recommend Rapid Repair and the crew that worked on my house anytime. Professionals..","Hey Anthony, thank you for your kind review! It's our pleasure to serve you and your home. We're really glad to hear that you're enjoying your beautiful new roof and that you're pleased with the cleanliness of your property post-project. We remain on standby should you need anything else! Our commitment to you and your home's improvement lasts a lifetime."
"AbFvOqmTSOz7O6kNkoojrReuWGDpXniffbHQK7rYqeoA64-moOLnsEkbXT7LwpQq_tn2ZyrVOwK9","2022-04-24T18:26:00.012581Z","5","Port Jefferson Station","Lori Saperstein","Rapid Restore exceeded my expectations. Their work was done on time, on budget and with no surprises. Their communication was first rate and the quality oft different work was exceptional. I would use Rapid Restore again and would refer them to others.","Thank you for your review Lori! This review really hits home for us. Exceeding our customers expectations is our top priority – we're thankful that you gave us the opportunity to enrich your most trusted asset, your home. We remain on standby should you need anything else!"
"AbFvOqmS_y10I9iHezzVUcz63xwl8U1gFJxlTisjss-iKzP4xp9tqv5FIiA2CLsm29DomsGWIvRu4Q","2022-04-25T14:16:01.671289Z","5","Port Jefferson Station","Judith Walz","5 Star Company
Very satisfied and would definitely recommend.","Thank you Judith! We really appreciate the opportunity you gave us to enrich your home. Please let us know if there's anything else you need! Our continued service to you and your home lasts a lifetime."
"AbFvOqlfIDnx6bczV9HSH3o2SOTgLnSNnB1s2JUUT5nhN1MP_LGIuGDTX2OH6G2PKtqbvMBv2iNpdA","2022-04-29T10:43:38.620600Z","5","Port Jefferson Station","theresa carson","Very professional ,communication excellent,owner on site, meticulous job ,clean up excellent. Roofing job pristine,would highly recommend.","Hey Theresa! Thank you for your review and kind recommendation. We're glad that you're pleased with your continued experience with us and our service to you and your most cherished asset, your home. Please let us know if there's anything else you need! We remain on standby should you need anything else."
"AbFvOqmYKaYlrMOe-XDnHWk0xolMG8fiwoUv2FQLIRaMhcHmCsu5anYhsu34UGbcodbyaSPZBwQY5A","2022-04-29T12:43:16.313275Z","5","Port Jefferson Station","FONITA WIBOWO","Great company to work with.
Very punctual time n promises
You will not regret.","Thank you Fonita! We really appreciate the opportunity you gave us to enhance your precious home. We remain on standby should you need anything else!"
"AbFvOqlMLjIG2WEzWpTGLlf7XA01W0BHJUDs3vGK-TXUzXRb30b7A_OvKONpjTOS8YNYHoPcEpYh","2022-05-01T00:44:31.030448Z","5","Port Jefferson Station","Craig Brown","Mike and Joe were great through the entire process of getting my roof and gutter replacement done. They also fixed some other issues that were discovered during the process and still got the entire thing done in less than a full day! Would highly recommend them! Thanks!","Hey Craig! Thank you for your review and kind recommendation! It's our pleasure to serve you and your home, and we cherish the opportunity you have given us to enrich your must trusted asset. Please let us know if there's anything else you need!  Our commitment to you and your home's improvement lasts a lifetime."
"AbFvOqnOY4BifHnF1qQj3evWt-nqpaEGoVJ9aWr_4dj8Xhge0_R1lSPbRul_687-yCGjKOW5w52raw","2022-05-05T12:54:52.694261Z","5","Port Jefferson Station","James Flynn","","Thank you for your review James! Our service to you and your home lasts a lifetime. Please let us know if you need anything else – we're always one call away!"
"AbFvOqnhB2p6jCHt6U5XFlkoUYxg2fWZsTNSNejvH7ExZyb05TXEOZGXtUn-1qcTd9kwAkiGiFxr","2022-05-09T12:08:14.018821Z","5","Port Jefferson Station","David Nichols","","Thank you for your review David! It was a pleasure enhancing your beautiful home. We remain on standby should you need anything else! Thank you again for the opportunity to enrich your must trusted asset."
"AbFvOqlhcoulm0h2o9_tfJZ0q-tJsb8zkA6GnWO7PkxmfP8IrOIAqeDLq9k5PeWrRVLYkv7eebBHlA","2022-05-11T14:40:25.693081Z","5","Port Jefferson Station","Joseph Volpe","very satisfied wih the work  price and professional way this company handled my prjoject","Thanks for your review Joseph! It's our pleasure to serve you and your home, and enhance your quality of life through a world-class roof replacement. Please let us know if there's anything else you need! Our dedication to you and your home's improvement lasts a lifetime."
"AbFvOqnqCl47GCSjNK9PlNMYhZUoP07clIGBUFlWDXpeOMIPbU8KFoZRZ-08XZsr3_Q-udOgxdpDqw","2022-05-11T21:32:05.400611Z","5","Port Jefferson Station","Tony Pabon","After having seen the work performed a week prior on my neighbors full rip replacement job, I asked him if he was satisfied the job performed by the men of Rapid Restore Roofing and Restoration, of which he was. So, I called Joe Elshazly for a site visit and price quote.  Joe’s thorough knowledge of the roofing business and his Owens Corning product was impressive and transparent.  No bull or nonsense, just an honest conversation, no pressure job estimate for a full roof rip replacement on my Center Hall Colonial home.  From the initial acceptance of the estimate to the last man leaving the job, the whole process was organized and stress-free.  It could not have been any easier. I met early the morning of the project with Henry, the assigned Project Manager who went over the whole day’s activities and what I would expect from him, his employees, and the company.  His crew responded to his leadership and direction as he had total control of the project.  These men were polite, professional, extremely efficient, and very skilled at their craft.  All were respectful of my property and diligent in their assigned tasks.  Towards the end of the project, the last hour or so was spent strictly on a total cleanup of the jobsite.  My property was left in better condition than when they arrived earlier that morning.  Rapid Restore Roofing and Restoration promised what was presented to me and delivered.  A true family-owned business who care for their customers and their employees.  I am completely satisfied with the work performed on my full roof rip replacement.  Thank you, Joe, Mike, Liz, Henry and crew and the entire Rapid Restore Roofing and Restoration Team. I would do it all over again. Saludos y Bendiciones.","Thank you for your detailed and insightful review Tony! Our mission as a company is to exceed our customers expectations at every turn, and while doing so providing an affordable, stress-free, refreshingly simple world-class roof installment – so this review really means the world to us. We cherish the opportunity you have given us to enrich and enhance your most trusted asset, your home. Our commitment to you and your home's improvement lasts a lifetime! Please let us know if there's anything else you need. Thank you again – remember, we're just one call away!"
"AbFvOqmFl6Ps1D-u_tTXsF5-5Ffxv1GHcGD7JOI-PV8aGALl5z-AV5o6Xo03WqSjnl1yZ6888rd50w","2022-05-14T14:20:06.624114Z","5","Port Jefferson Station","Molly Byrne","My roof was over 35 years old and in absolute terrible disrepair. Joe came over for our estimate, and he was so kind, not judgemental at all, and spoke to us with the utmost respect and sincerity. They were our only estimate, as the price was within the range we expected, and their financing package was very manageable.
On installation day, Henry and his crew were early, and started work immediately. No wasting time at all. When they ran into a problem with our chimney and fascia boards, Henry came and explained the damage, and we received a call from Mike explaining our options. Mike laid out all the options, and helped us come to the best one both cosmetically and financially.
All the guys on the crew were so kind to my mother and I. When I had to leave to get to work, one of the guys helped me out of the house to make sure I didn't get hurt by any of the debris. They went the extra mile for sure.
Before the project, Liz swung by and dropped off a cute box filled with coffee mugs and other treats as a thank you for using them. It was a very nice touch, and the coffee in the box was delicious.
Overall, I have absolutely nothing bad to say about Rapid Restore and their team.  They took a very stressful situation for our family and made it so easy.","Thank you for your kind words and insightful review Molly! We're so glad that your mind was at ease during the roofing process, and that you are pleased with our continued service to you and your home. We remain committed to you should you need anything else, now or in the future! Remember, we're always just one call away :) Don't be a stranger, and thank you for the opportunity to enhance your most trusted asset."
"AbFvOqkV6MbsRV2RzeJ0nu6I8MNRONZ4cv6MAAemxLzhLVlw6VIiW6JvTnfMRMsCn6AC9wMBgBsb2g","2022-05-15T01:27:22.451187Z","5","Port Jefferson Station","joe catanzarite","Not a question to the most reliable and best roofing company out there. I’ve dealt with thousands of contractors over my life time and the hardest thing always is to find someone that is reliable, trustworthy, punctual, and with great customer service! They have it all! Wouldn’t ever even think to use anyone else but rapid restore","Hey Joe, thank you for the kind words and for choosing us to perform your roof replacement! We're glad that you're pleased with our continued service to you and your home. Please let us know if there's anything else you need – we remain dedicated to your home's improvement!"
"AbFvOqmU1Z1mfMGjJ8Ev9IGfxpDdlpbwY-HS47PJTPJWj5Hv6xPDMNj9lTtaqluc7L7cTsh6N4Jq4g","2022-05-17T22:12:05.865158Z","5","Port Jefferson Station","Jeffrey Odell","Phenomenal experience from the beginning and all the way through completion. Our meeting with Joe to obtain the estimate and learn more about what Rapid Restore had to offer made them the no brainer choice for our roof replacement.  Day of install the Forman Henry and his team did a phenomenal job.  Would recommend 10 out of 10 times!","Thank you for your kind review and recommendation Jeffrey! It was a privilege to be able to provide a roof replacement for your home. Our commitment to you and your home's improvement lasts a lifetime!"
"AbFvOqk_QWKkXvH_yLbtqxv-YnLy7xhb6r1WHBCAxPci4P0quwRfX7kUjz5WqIrSd25gsNjXApLevg","2022-05-17T23:28:00.469074Z","5","Port Jefferson Station","Fernando Maldonado","Jake and Mike were very helpful with everything we needed it to get our roof done since the beginning of our project. Their crew came on time and did everything stated in the contract. We could see every step being done in our roof with their live timeline website provided by them and they cleaned everything after they finished. Me and wife are very impressive with their professionalism and are very happy with our brand new roof and experience. Thank you very much.","Thank you Fernando for choosing us to enhance your most trusted asset, your beautiful home. We're glad that our transparent process gave you peace of mind during the roof replacement! We remain on standby should you need anything else! Our continued service to you and your home lasts a lifetime."
"AbFvOqkS5X8LyvscqqxSlNzTEIobz4kINhLd1YXSsbJ7k6nPXwLgVMGOEkfKLV82LnFzs_ot9Uh4","2022-05-18T23:56:45.254009Z","5","Port Jefferson Station","Leda","THE VERY BEST!!! Word can not express how happy we are with Rapid Restore Roofing.We called so many roofing companies and some were so overpriced and impersonal. It was very different with Rapid Restore Roofing. When I called the first time to get a quote the  young lady who answered the phone immediately caught my attention by how kind she was. After speaking to her I knew we were choosing a great company. She even followed up a few days later to see how the process had gone and if we were happy with the service. Joe came to the house and not only gave us a quote but explained the entire process, showed us videos and gave us a great price on the roof! When they came to repair the roof Heni kept us in the loop by uploading pictures and calling us throughout the day to update us on the status. He even did a walk through with us after the roof was completed. A gorgeous new roof in only one day!!!! We went to work and when we came back we had a gorgeous new roof, new gutters, a secure chimney, and they even repaired and extended the gutter drains to prevent damage to the house. This review is so long but words cannot express how happy we are to have called them. From start to finish extremely professional and the most wonderful people I have ever worked with!! So blessed we called them. 100% would recommend them!","Thank you Leda for your kind words and for taking the time to share such a detailed, insightful review of our continued service to you! It's a pleasure serving you, and we're glad you're enjoying your beautiful new roof sitting atop your lovely home. Thank you for choosing us to enhance your most cherished asset. We're grateful to serve a community of such delightful, welcoming and loving people such as your family. Please let us know if there's anything else you need, now or in the future – we remain committed as your home improvement partner!"
"AbFvOqlb8UnosHYi2S39ekMiTYvpgA3FDQmksHPtfMweybEbKU6pz7Asuf1cX49G9fhqht5aeGF1Wg","2022-05-20T13:23:55.626281Z","5","Port Jefferson Station","Monika O.","Joe, Mike, and their entire team were awesome to work with. They truly made the experience stress free. They did everything they said they would do and their work is of the highest quality. I was impressed with them from start to finish. They are the best company we’ve worked with, and I recommend them to everyone. I would not hesitate to use them again in the future.","Thank you Monika for expressing your experience with us and for your kind recommendation! It was a pleasure enhancing your most valuable asset, your home. Please contact us if there is anything you need – our commitment to you and your home's improvement lasts a lifetime!"
"AbFvOqleSOBqD3dUlDhOcWkdI1gSgX-hrIdsgRLA2R0eCl1VachfGzsLPAQjf16ekJagU6iXBxhEZA","2022-05-27T14:36:21.895960Z","5","Port Jefferson Station","Carla Barnett","Rapid Restore was very quick to helping me with a roof leak. They also helped me with gutter repair. I would recommend this company. The workers were professional and courteous.  The only thing I would suggest is to make sure they do a full assessment on roof. Once gutter were put up I found out that there was damage to roof that should have been seen and quoted for repair. I have two downspout and the gutter people replace one and used original for the other side.","Hey Carla, thank you for your review! It was a pleasure enhancing your roof and working on your lovely home. Would you like us to send someone down to diagnose any additional damage you may have noticed and quote for repair? We're always available at a moment's notice should you require anything else. Please call us at your earliest convenience!"
"AbFvOqmRaHGKG_RiofrTn-DNjOjY6kcee1Yqp12AwJPY6SOLUIMseJfbI_dtrEAZWexvKiDobDhE","2022-05-27T19:41:57.258151Z","5","Port Jefferson Station","Thomas Skinner","","Hey Thomas, thank you for your review! We appreciate the opportunity you gave us to enhance your most cherished and valued asset. Enjoy, and please let us know if there's anything else you need!"
"AbFvOqm7f-AmwlkcPkOUYrAyHKdQKQNx2qPlPH2HTN5fUW29YVLZJCUGKxWKZR_EZTShxCx9OiHk5g","2022-06-01T19:48:33.340408Z","5","Port Jefferson Station","mike avery","The team was very responsive and worked with us to get the job done quickly.  As promised the work area was cleaned up very well and left in the same condition (of course with a new roof and gutters) as before the work was done.  Everyone I had contact with was helpful, easy to communicate with and did what they said they'd do.","Thank you for your review Mike! It was a pleasure enhancing your lovely home. We remain on standby should you require anything else – remember, we're always just one call away! Our commitment to you and your home's improvement lasts a lifetime. Thank you for the opportunity and enjoy!"
"AbFvOqkNLgGqFcuYz1mIQwQC1rkFlUA0RczOS7VveLJ3-131SOuxKnafP4IYV1fwbYDBJtrgpsde8g","2022-06-01T21:05:33.731630Z","5","Port Jefferson Station","Tony Beard","Henry and the crew came around 7am sharp to do my roof. Unfortunately, my complex wouldn't let them through to 8am...that didn't stop them from doing an excellent job in a timely fashion...they were very neat and efficient. I even had them install gutter guards while they were at my house. Even though I was present throughout the installation, I was sent over 300 pictures in real time of the whole job.","Thank you for your review Tony! Glad to hear that you're enjoying your beautiful, new roof, and that you're pleased with our continued service to you and your home. Please let us know if you need anything else – our commitment to you and your home's improvement is unwavering!"
"AbFvOqkfdw5zhvq1OF7E9X5mYA0S-7DIiOAdIk26oi1omn7bdwYj-k8oHqiA04BSf_cYbhnV-S9Q","2022-06-10T13:11:13.145620Z","5","Port Jefferson Station","Nelson","","Thank you for your review Nelson! It was a pleasure enhancing your beautiful home with a world-class roofing installation. Please let us know if there's anything else you need! Our service to you and your home's improvement lasts a lifetime."
"AbFvOqkkX_vgfV8cKoNoKatX93ZaNZYbltStZJZnBYk4Y-014xzX3Z1S4p-ZCvIUFm8XzYW-9z2ImQ","2022-06-11T00:24:12.956329Z","5","Port Jefferson Station","vibha sarin","","Hey Vibha, we appreciate the review! We're ecstatic that your roofing experience was to your liking and satisfaction. Please don't hesitate to contact us if there is anything else you need."
"AbFvOqn6L622ChaVnEIeHAp7JlvhhL7lffJwo7vHuOJwfWboFL7HVtTGw6nOmwKV8u8Bdxsn7tkx","2022-06-13T20:44:50.009453Z","5","Port Jefferson Station","william meehan","","Thank you William for choosing to partner with us to enrich your most valued asset, your home. We are humbled you chose us, and we are committed to providing dedicated and continued service to your beautiful home. If there is anything else you need, we'd be overjoyed to make it a reality – so please don't hesitate to give us a ring."
"AbFvOqkm_1KilsyRrZTXPVrDBMiuTWntUyswhK3AmDQeWx-fbPBvotVGh1MSsOtm-j3FlXghAhjbpw","2022-06-22T17:44:10.768071Z","5","Port Jefferson Station","Donna C.","Before choosing Rapid Restore Roofing, I contacted two other roofing companies for estimates on reroofing my mother’s shed.  From my first contact with MICHAEL DIETRICH, I knew this was the company  I would choose.  Not only did Mike’s estimate come in lower than the other two, but what impressed me the most was his kind and helpful manner in dealing with customers.  This was really only a small job for him, but he treated my mom’s shed repair with the same care and importance as if it was a roof on a larger home where his profit would be greater.  Mike was also attentive to an extra small repair request involving the door of the shed and he said he would fix that too!  In fact, he actually wrote on his estimate of work to be done, “Make customer very happy”.   I have found in life that when an individual pays attention to the “little things”, that’s the same person that can be trusted to fulfill the bigger things.  Michael & his crew arrived early the scheduled day of the job and did a beautiful job.  On his way out, he even took the time to jump my car.  I am very satisfied with the job and will recommend Rapid Restore Roofing to friends and family.","Hi Donna! Thank you for your review and kind recommendation. We take the utmost pride in providing an exceptional roofing experience that emphasizes customer comfort and satisfaction, regardless of the scope of the project, so this review really hits home for us. We're glad to hear that Michael attended to your needs in a manner in which you were pleased, and he definitely deserves to be praised (and given a raise)! It was a pleasure to serve you and your home. We remain committed to providing any further assistance you may need – remember, we're just a phone call away!"
"AbFvOqmLuh8S8aZdu13UB8rXPp_D_9Si-IXE2osVL3CmLxsOAuG9BIsDBvBBBz6i2aB3Gg_AK5j2aA","2022-06-23T17:28:47.327746Z","5","Port Jefferson Station","Florence Brown","My husband and I were beyond impressed with Rapid Restore Roofing. It may sound weird, but we knew we’d go with the company from our first conversation with Jacob. We could tell he was an HONEST person who would have our best interests at heart. We had our entire roof replaced on our rental property. This was a scary venture as we have our own home with 3 young children. Jacob made us comfortable from start to finish. His men were super professional and the job was well done. Icing on the cake was the MANY pictures and videos at the end of the project as well. We will FOR SURE recommend this company to any of our friends and family looking for repairs! Thank you SO much for making a stressful situation, a calm and enjoyable experience. We appreciate you!","Hey Florence, thank you for your review and kind words! We remain steadfast in our dedication to not only provide world-class craftsmanship at an affordable price, but to do so in a way that makes our customers feel comfortable, valued and heard. Our commitment to you and your properties lasts a lifetime, so we're always on standby should you need anything else! Thanks again for choosing Rapid Restore and please let us know if there's anything else you need."
"AbFvOqn1uzqFlZik3-JAYamdLZYNqwcaW3GqMRYVrLLYNN_coqADUa_BybWl7z7wLR6En9qBMkX8bw","2022-07-03T14:05:44.756517Z","5","Port Jefferson Station","Deborah Wilson","Rapid Restore Roofing repaired damages to my roof quickly and efficiently.  They quoted me a fair price and was done quickly.  I would definitely hire them again.","Hey Deborah, thank you for your review! We're ecstatic that we delivered a service that accommodated your timeframe and we remain steadfast in our ongoing commitment to you and your home. Don't be a stranger, and thank you for the opportunity to enhance your most trusted asset."
"AbFvOqk0IPgb_vvz_Gu5LyH8Jug2mUmo-hfVrCiueWlcDZ3Ilkii3-FvxVWXhBrCzKNhbtGnXEyxHw","2022-07-12T18:14:44.332054Z","5","Port Jefferson Station","Aldo Amaya","Quick and easy","Hey Aldo, thank you for your review! Great to hear that you're pleased with the speed and quality of our craftsmanship. Our commitment to you and your home's improvement lasts a lifetime. Please let us know if there's anything else you need!"
"AbFvOqmUEXUGsdfQ6Msrt2v13Diwf9YVj0bT1xg003IpVmwcbmYuhCsOteRqM0Hy1RHYmh_2lxyKvQ","2022-07-14T13:01:45.617886Z","5","Port Jefferson Station","Mark S","From the moment Joe arrived for his initial estimate  I knew that I would be in good hands. The man is passionate about Roofing! when he explained the tradition and history of his company, his eyes lit up so I could see that he wasn’t just some sales guy trying to sell me something and make a quick buck… he truly cared… he took the time to explain the process and what would happen on the day of the project… when he showed me the video of one of the recent jobs that they had done in my head I was sold the way they covered the house and the property the attention to detail the timeline that you’re able to see if you’re not home when the job is being done you can’t put a price on that… Joe was also patient while I was going through a difficult process with the death of a family member and I told him I needed some time to make a decision as I had other companies coming in to give quotes just so I can do my due diligence… all I did was confirm my decision in going with Joe and his company rapid restore I knew I made a good choice I couldn’t be happier with the job that they did and I couldn’t be happier with the foreman Henry who was awesome that day and kept me in touch with what was going on with the install… when the project was over he took the time to explain to my wife what work was done and  he showed her areas that they cleaned up and to be honest the house looked cleaner than before they started the job! I would highly recommend to anyone.. friends, family,  relatives…use rapid restore for any roofing project you might have in mind… thank you Joe for taking care of my house and giving me peace of mind…m","Thank you Mark for your kind recommendation and for your detailed and insightful review! It was a pleasure enhancing your most valued asset – your home. We're overjoyed that we could provide you with peace of mind through the duration of your project – this is why we do what we do. Please let us know if there's anything else you need! Our dedication to you and your home's improvement lasts a lifetime."
"AbFvOqnjyAMEzByg5xLVxF5d05UcPkgNGMaVla4x9Sf8o8X5f5aAFRnUFbE7WqFSBk6YwUbEvwSVWA","2022-07-16T15:12:55.503060Z","5","Port Jefferson Station","Zoire Morillo","I love our new roof,  and gutters can’t be happier about it. I can’t ask for more, mike and henny and the whole crew are extremely professional. They make sure everything is on point and that it runs nice and smooth also which is very relevant to me,  they clean up very well our property and our neighbors after they finish their job. Keep up the good work Rapid Restore Roofing!!!!!!!","Thank you for your review Zoire! We are humbled you chose us to protect and enhance your most cherished asset. Our commitment to you and your home lasts a lifetime! If there's anything else you need, please don't hesitate to reach out."
"AbFvOqn0Nrp4FlpQHnzAFwr5IPMeumlEg3vgho75RBt0EgSjEMAC5GuZeECLN6UAc20r6In07AATPQ","2022-07-20T12:58:10.314326Z","5","Port Jefferson Station","Michele Gramse","I was very pleased they addressed my issue immediately and fit me into their schedule as an emergency . I had a problem occur with the last wind storm we had . They were very understanding and addressed the issue . They were on time and very professional . They also Warrenty there work for 1 year . I couldn’t have made a better decision hiring them to get the job done .","Hey Michele, thank you for your review! We understand that time is of the essence when there's a roofing emergency that needs addressing. We're glad that you chose us to diagnose and resolve your issue and that you're pleased with the timeliness of service! Please let us know if there's any further assistance you need – remember we're just a phone call away!"
"AbFvOqnFXV1TIM8wEyUet9zdaXl7gyOQvEe-OjJwNZ8cofm3S7wW_3uStAmVzs-LPDsKL9QvinzL","2022-07-24T12:09:51.129255Z","5","Port Jefferson Station","Jen","Rapid Restore was a fantastic company to work with. They are quick, responsive and thorough so I know the job was done right. Definitely would highly recommend.","Thank you for your review Jen! We are delighted that you chose us as your home improvement partner for one of the most important aspects of your home – your roof. It's a pleasure to serve you. Our commitment to you and your home's improvement lasts a lifetime!"
"AbFvOqlnU1WDHU20VgPyMY7mTwx8D93BBIK1O3q48RL13qYDCTW4YnPuY7o4xCOakGn-HcMxcQbl4w","2022-07-25T13:18:22.654952Z","5","Port Jefferson Station","nicholas sierra","The entirety of this business was phenomenal. They provided me with such great customer service. The job was done professionally and quickly. Everyone broke everything down from the beginning to the end. They even handled my homeowner insurance, with providing documents to ensure my policy wasn't going to get canceled. If you ever have any problems They send people out right away and ensure that all your concerns are addressed.","Hi Nicholas! Thank you for your review and for allowing us to partner with you to improve your most valued asset – your home. We're overjoyed we could make the roofing process as stress-free and simple as possible for you. Remember, we're simply a ring away!"
"AbFvOqlBMdkdFBuH7W6ctUhUToydD8M1IQ1ggxhcRZADETjT0g8A2Krc-evlD3rnjSAduuXiwVtm5g","2022-07-25T13:58:27.846795Z","5","Port Jefferson Station","roy gurdin","Jake, Tyler and his crew were super-professional! They came through in flying colors with their 3 core values: Communication,  quality control and followup! I'd recommend them every time.","Thank you for your review Roy! We're always available for any follow-ups and don't forget that our dedication to your home lasts a lifetime. Thanks for your kind recommendation and don't be a stranger!"
"AbFvOqnUuCrNqxm2IKumaS8AENYSnD1oFKKEWHj32WDmIMgSWw4vwxDOHpAd_1gH1jhJDRzdhUmR9Q","2022-07-29T12:09:00.652765Z","5","Port Jefferson Station","Christina Sbarro","Joseph & his team did an outstanding job at Rothmann's. From start to finish everything was carried out seamlessly. His employees are professional and did an excellent job. We look forward to working with Rapid Restore Roofing again for many future projects. Recommend 100%!","Thank you for your review Christina! We're really happy to hear that you're pleased with our service to you. We're looking forward to partnering with you on future projects and we remain on standby should you need anything else! Our dedication to you and your building's improvement lasts a lifetime."
"AbFvOqkgHWYazeIC2CdjJd6rgLjjeLljdysDk30gXGjBumw7m_v0ixEYRTjGCDoO-Ao_DRWapUC36w","2022-07-29T18:17:26.947033Z","5","Port Jefferson Station","Stewart Fleisig","I just used Rapid Restore Roofing to replace aluminum capping that was blown off the side of our house during last week's very strong thunderstorm in our area. Rapid Restore came on time with the appropriate equipment, the on site manager MIke was very friendly and knowledgeable, they did an expert repair job, and they actually had submitted the lowest cost proposal among three offers. I will be using them again shortly for another roof repair.","Hey Stewart, thank you for your review and for choosing us as your home improvement partner for one of the most critical aspects of your home! It was a pleasure replacing your aluminum capping, and it's great to hear that you're enjoying the results! Glad we could take care of that for you, considering the unexpected damage that occurred due to the thunderstorm. Please let us know if there's anything else you need! We remain dedicated in our service to you and your home's improvement."
"AbFvOqm4lRI8MbbeXIG06t7WZQEgOPPQj1oqZVFWmF_T6OPm6Mp0sWAj7VeEyBz_4cySQJzpqfhH","2022-08-03T21:04:08.181019Z","5","Port Jefferson Station","Veronica Br","Michael was amazing went out he's way to assist my roof issue. See a roof shingle came off the roof. He was able to attached it. Now it looks great. I definitely recommend this business reliable, friendly and efficient.
David","Thank you for your review David! We are humbled you chose us for your roofing project, and we are dedicated to providing continued service to you and your beautiful home. If there's anything else you need, please don't hesitate to reach out."
"AbFvOqniSTmELhovXAoNQAP1_1ehs82d5it7R75WSWvJQOS_vF6Oxf0YaAVa_2NOw7FVCK13aazzJQ","2022-08-04T14:23:38.692361Z","5","Port Jefferson Station","Lynn Grossman","Rapid Restore replaced my back roof that had been poorly installed by a contractor. From beginning to end, it was a pleasure to work with Michael Dietrich and his crew. Their kindness, professionalism and quality of work could not be more appreciated.","Thank you for your review Lynn! It was a pleasure enhancing your most valued asset, your home. Please contact us if there is anything you need – our commitment to you and your home's improvement lasts a lifetime!"
"AbFvOqnl_ih98yysUVD9CL99YyKb69pmQ4A6pC8qiR9MMrHeQR4p-TiaF74nZrulm_hY2s2tRJuZYw","2022-08-05T18:05:45.749838Z","5","Port Jefferson Station","Troy Taylor","The crew at Rapid Restore Roofing are absolutely amazing. They are great with responding to customers, they're prompt and reasonable when it comes to pricing. Overall I had a great experience. Thank you guy's so much. 😁 Mike and Cassie are awesome 👌.... both Mike's","Thank you for your review and kind words Troy! Our dedication to you and your home lasts a lifetime, so we're always on standby should you need anything! Don't be a stranger!"
"AbFvOqk7A3ViXdkwrTGxvmAQCUOUlmpzqUnlCwNUnVhc2mpix2qwemDcCup34W53ufr5nUSOh5oESA","2022-08-05T22:20:19.539326Z","5","Port Jefferson Station","Aldo Bravo","All done on time with great quality of work!!!","Thank you for your review Aldo! It was a pleasure enhancing your most valued asset, your home. Please don't hesitate to contact us if there's anything else you need!"
"AbFvOqnS1l1N-90noAxIAFM3Y4wgYDH9iU_KQ3aLqQh1c-soD19wBGn5u0tmgoRZHCMK114WHKoOPQ","2022-08-15T17:56:54.451937Z","5","Port Jefferson Station","Jennifer Albanese","Rapid Restore made a major roof replacement stress free! The team is incredibly friendly and easy to connect with. They offer clear and consistent communication about pricing and scheduling before the job and a project manager on-site throughout the repair who provided updates and photos to track the progress. Workers were extremely professional and considerate of the property during the repair. Strongly recommend.","Thank you for your detailed review and kind recommendation Jennifer! We remain on standby should you need anything else – our dedication to you and your property's improvement lasts a lifetime."
"AbFvOqlMOpbxsTTPYpTR0v2Wu357yqj69PdT-_8sEfKlTirHJr-BXju2uFe_mhd3nLI3Hqtu-q9F7A","2022-08-15T19:01:23.715157Z","5","Port Jefferson Station","Joseph Todero","Rapid restore roofing was very professional and answered any and all questions I had. They were on time and got the job done in a time efficient matter. Would definitely use again.","Hey Joseph, thank you for your review! We're glad that you chose us as your roofing solutions provider and that you're pleased with the timeliness of service! Please let us know if there's any further assistance you need – remember we're just a phone call away!"
"AbFvOqlqoa70p4O8X_T544D9V-r8137GYpPd-ZxJMTAikPK_nvhZKzOjEGjzQDTMlnlIUDlaYZD_","2022-08-17T00:21:32.088433Z","5","Port Jefferson Station","Lisa Solomon","The professionalism and courteousness was above and beyond. These are roofers that know what they are doing. We called for the estimate on Saturday and they showed up same day. Work started and ended today! The clean up was impeccable! I higher recommend this company for all your roofing needs.","Thank you for your review and kind recommendation Lisa! We're glad we could make your roofing experience as stress-free and easy going as possible. Please let us know if there's anything else you need! Our dedication to you and your home's improvement lasts a lifetime."
"AbFvOqm3WfseArR58a9PSKzqoS_YcknWkZ5_P14syd6a-7n1HtO06llCQEEoA25yOIypCJwWhmmpyA","2022-08-18T01:34:02.774660Z","5","Port Jefferson Station","Ray Czizik","Selected from a competitive slate of contractors.  They were not the cheapest, but their bid distinguished them as thorough and insightful as to the complexity of our job.","Thank you for your review Ray! Our commitment to you and your property lasts a lifetime, so we're always on standby should you need anything else. Thanks again for choosing Rapid Restore and please let us know if there's anything else you need!"
"AbFvOqnSh3sG85BDgsNnLduHeL-uBDS59lRNIalUlUJUDWxkDK0i-uPNl0fEI_fjFNhhpn96geWq","2022-08-19T13:34:14.091811Z","5","Port Jefferson Station","Sean Farrell","The whole crew was great! Very thorough in their work and kept us updated throughout with damages we didn’t even know about and fixed them on the spot! The roof looks amazing and the cleanup was immaculate! 10/10 refer to anyone who needs work done on their roof!","Thank you for the review and kind recommendation Sean! Thanks for choosing Rapid Restore to partner with you for your home improvement needs. Please let us know if there is anything you need – our commitment to you and your home's improvement lasts a lifetime!"
"AbFvOqnBFjguawNnopKHbTbWi4EPc9lfpobCuBZuSr3JdfLtswpGndZBWr5O2BgjY5vTX8kFZZuJ-w","2022-08-19T18:15:56.412017Z","5","Port Jefferson Station","Lisa Chen","","Thanks for your review Lisa! It's a pleasure to serve you and your home. We remain on standby should you need anything else!"
"AbFvOqlwqMtu3GXaxjZmGa-i4VUBtRjTkotrIZkCXLI7SXnl15fwCZTH1FMyv3qQHAE4d7Re31dj","2022-08-21T16:48:26.127510Z","5","Port Jefferson Station","Diana L. Vale","Absolutely loved working with Mike at Rapid Restore Roofing! He arrived the same day I called for an estimate and gave us an unbeatable quote. Work was done all in one day and I've gotten several compliments from neighbors of how quick and easy it was done without causing disturbance to anyone. We got a brand new flat roof over the garage and repairs on other sections of our larger roof. It's a difference of day and night and we haven't had any water leaks. Highly recommend them!!!","Thank you Diana for taking the time to leave such a detailed review and for the kind recommendation! Great to hear that you're enjoying your beautiful new roof, and that you're pleased with the ease and efficiency of our craftsmanship. Please let us know if there's anything else you need! Our dedication to you and your home's improvement lasts a lifetime."
"AbFvOqmiANVHogVEVWjF54e1UB7rl05nBB3tCdG2P0yLl138mhc3Svg2x57cMNw41GidODJzJp1Gyw","2022-09-13T16:54:13.523378Z","5","Port Jefferson Station","Robert Braccia","Rapid Restore was very precessional and got me a free estimate in a very timely manner. The work was scheduled and completed within a week and the work was of high quality.","Hey Robert, thank you for your review and for choosing us to perform a quality roof replacement within your timeframe and budget! Please let us know if there's anything else you need. We remain dedicated to you and your home's improvement!"
"AbFvOqmoS551jk43bFR6HnXsrurYfuWjf2TRjooCUE5s_nUN0a2VyGUXLuBl6wCyjMYRhVYOV_Oy","2022-09-16T19:52:41.149564Z","5","Port Jefferson Station","June Hinksmon","We can’t say enough about this family run business. Top quality service, competitive prices, professional from start to finish. Highly recommend this company for many different services . We are very, very happy with a job well done!!!!!!!","Thank you for your review and kind recommendation June! We remain steadfast in our dedication to you and your home's improvement. Please let us know if there is anything else you need!"
"AbFvOqnzdAR6K8JHdg2mQIpobmAaZt3hcCHUmpK0mIoC-CveeXAysU4GR169QDOM9mVcR0NvBzwOPg","2022-09-20T14:23:21.499456Z","5","Port Jefferson Station","Nick Buffalino","I am going to get right to the point and NOT ramble on.  If you're looking for a roofing contractor, do yourself a favor and call/get Rapid Restore.  Don’t waste your time like I did with contractors that don’t show and cut corners.   You may pay a little more, but in the long run you’ll be glad that you got them.  From my initial estimate visit with Jake, thru the job completion with Mike, I couldn’t be more satisfied with the excellent work these guys did.  I am very meticulous when it comes to do anything, and I didn’t have anything to complain about.

I totally recommend 100% Rapid Restore.","Thank you for your insightful review and kind recommendation Nick! It was a pleasure enhancing your most valued asset, your home. We're overjoyed that we could provide you with peace of mind throughout the duration of your project – this is why we do what we do! Please let us know if there is anything else you need. Our commitment to you and your home's improvement lasts a lifetime!"
"AbFvOqmc2t0uilTtZ8qohbPkLzuN4eZ21XTH4rxbu4As8E5M008aokQ3k7kLV9SPBl9YkAvhCyA0lw","2022-09-22T13:39:35.571066Z","5","Port Jefferson Station","Eleanor Skeggs","They were quick in answering a request for a quote and completed the job timely and in a professional manner.  Quality work.  Mike was a pleasure to work with.","Thank you for your review Eleanor! It was a pleasure enhancing your most valued asset – your home. Please don't hesitate to contact us if there's anything else you need!"
"AbFvOqmqZkmvvJBPGy1-v9dOahVetbns2YhNgzqylakqzwYo9bK46USCL82zQuRzrqnXGnOwgPiS","2022-09-23T12:06:37.102806Z","5","Port Jefferson Station","judy sierra","They where very helpful. Communication was constant and explained everything to me as it was happening. Tyler and his crew where great, he was very informative and nice. I would recommend them to any of my friends and family.","Thank you for your kind words and review Judy! We're glad that you found our roofing process to be accommodating and transparent. Thank you again for choosing Rapid Restore and please let us know if there's anything else you need!"
"AbFvOqnRVm17mXmO-w3iUXFelIjdbQBgFCP-yp2wnnkofgLYLh88rDOKrUxJew5hEsuuMGD6Hbqn3g","2022-09-26T02:25:28.734053Z","5","Port Jefferson Station","Jordan Murciano","Rapid Restore did an incredible job at replacing my roof and I would happily recommend them to anyone looking to replace a roof. They are not only very professional but immediately respond to anything you need.","Hi Jordan, thank you for your review and kind recommendation! It was a pleasure replacing the roof on your lovely home. We remain on standby should you need anything else – our dedication to you and your home's improvement lasts a lifetime!"
"AbFvOqkwrMFqWnIzi9jnQ4t4PwGnD2c134DjT8K8tYLca5RHcfF04wSd0Tl3g7noT-hEN5IIdU_QUQ","2022-09-30T12:15:32.641200Z","5","Port Jefferson Station","Brian N.","I was in need of a roof replacement and I was referred to Rapid Restore Roofing by my home closing attorney. I am so glad I listened to him! The team showed up at 7am and was completely finished with the project by 4pm the same day. When they left, there was no trace of any debris which was awesome. We highly recommend this company if you are in need of anything when it comes to roofing. It was all a very seamless process. Thank you again RRR!","Thank you for your review and kind recommendation Brian! We are humbled you chose us to protect and enhance your most valued asset. Our commitment to you and your home's improvement lasts a lifetime! Thanks again for choosing us for your roofing needs and if there's anything else you need, please don't hesitate to reach out."
"AbFvOqlS8Kx8uArgjID6BQMT4gLBWC2utv1AOxqG-2XjKWAyMWAbRgPmq7wNoASLy_7wenw6qj1Obg","2022-10-02T16:38:50.852357Z","5","Port Jefferson Station","Charlotte Farinella","We are extremely satisfied with our experience with Rapid Restore Roofing. The whole process of replacing the roof was done in one day. The company was very efficient and cleaned up everything afterwards. The roof looks great and the leak that we had has been fixed so that we won’t have to worry about further damage to the inside of our home. We would highly recommend this company to family and friends!","Hey Charlotte! Thank you for your review and kind recommendation, and for choosing us to partner with you to improve your most valued asset, your home. We're overjoyed that we could make the roofing process as stress-free and simple as possible for you. Please let us know if there's anything else you need! Remember, we're always just a ring away."
"AbFvOqlQhS0mtJw8qkbaimU3sp0OYs0l5Wor-Nu6VIzqr8jw3RwXFwnKHKAXmdqXsB7bzZen9dLo2w","2022-10-06T13:54:35.358690Z","5","Port Jefferson Station","Anthony Burer","I just had a great experience with Rapid Roofing.  I had originally gotten some repair work done to my roof in March 2022, which was done quickly and stopped the leaks.  They perfectly matched the roofing shingles to the ones on my roof and you can't even tell where the repairs were made.

However, I write this review because I am impressed with the way they honor their warranty.  Long story short, some of the shingles on the very apex of the roof started to pop up after a few windstorms.  I made just one phone call but it was very late in the afternoon, so they did not pick up.  I figure I'd call back in the morning...well to my surprise...they actually called me back the next morning saying they had missed my call.  I spoke to a nice guy named Joe I believe and he said he would have someone come by.  No run around at all, no questions.  Their office called me and set up a date that worked for me.  2 days later, Mike Dietrich (super nice guy) comes by early in the morning and makes the repair.  I am in Oceanside, and they are in Port Jeff which is prob over an hour away, and they still came promptly, no hassle, no run around, and fixed the roof.  Nowadays, its hard to come by a company that stands by their warranty like this.  I felt really taken care of and I appreciate that immensely.  When it comes time to fully replace my roof, I will go with Rapid Restore 100%.","Thank you for your review Anthony and for sharing your experience with us! We are honored that you chose us as your roofing services provider and we are grateful to have been able to protect and enhance your most valued asset, your home. Our dedication to you and your home's improvement lasts a lifetime! Please let us know if there's anything else you need. We remain on standby should you need anything else!"
"AbFvOqlpTCNjvlZp_pibBoR5iDICnnebbKIxE-RbXC2HjL_gOGTvx6T__m6pblVpa9heOI7ZCvw0ZQ","2022-10-07T19:29:41.419762Z","5","Port Jefferson Station","Audrey Romano","From the moment I met Mike and spoke to Cassie I knew I was in the right hands. They were so caring and listen to all my concerns and made sure they were addressed. They made the process of repairing my roof a easy and speedy experience. They came on the day they were supposed to and they all worked together like a experienced team. Every question was explained and they did just what they said they would. My roof came out Great no more leaks plus it looks beautiful.
I would Most Definitely Recommend Rapid Repair Roofing…..don’t look any further you will be in good hands.",""
"AbFvOqkFFjftOBwMNY-Ghh70G87cCb7MQ8BKtbD6h_YbEh87Sx7ElbnV5G5gpVPlaBbP2M-DYyDNzQ","2022-10-08T00:38:39.633066Z","5","Port Jefferson Station","Peter Beard","Highly recommend. Very professional and extremely knowledgeable. Tyler and his team are easy to work with. This company puts the customer first. Quality workmanship and material.","Hey Peter, thank you for your review! It was a pleasure enhancing your gorgeous home and we hope you're enjoying your beautiful new roof! If you need anything else we're just a phone call away."
"AbFvOqlBrvW0x_5DO6-wr3z0Y_ikPy0O1VnMyKoJfEbKnv-tXIt6rPWr0FVT_pqpHCQpGswLix5smA","2022-10-12T11:22:48.534982Z","5","Port Jefferson Station","Jon Jony","Excellent company to deal with. Very responsive, very friendly and everyone is there to help from start to finish. Definitely would recommend them and look to use them in the future.","Thank you for your review and kind recommendation Jon! Our commitment to you and your home lasts a lifetime – we're on standby should you need anything else! Thanks again for choosing Rapid Restore and please let us know if there's anything else you need!"
"AbFvOqlUWlIFo7fYTlMWYE4HwmF6MYratsBhpsuaeadApckow-qgLr1Y-cpDp_sjGn8RbfKNTOQ9Ww","2022-10-13T12:39:36.855046Z","5","Port Jefferson Station","Vered Vered","They did an excellent job.","Thank you for your review Vered! We're delighted that you chose us as your home improvement partner for one of the most important aspects of your home, your roof. It's a pleasure to serve you. Our commitment to you and your home's improvement lasts a lifetime! "
"AbFvOqlY5nZ4IbZQGUjyjO5utY1p3PZSOEJ-wvjcEwHstFOMfmoNAZGNQtUgypzlEZJt2xqxZrgeHQ","2022-10-17T14:53:44.631670Z","5","Port Jefferson Station","Z F","These guys are the best!","Not better than you! Thank you for your review! It was a pleasure enhancing your home – remember, we're just a phone call away!"
"AbFvOqnG4eNsp7Z-TjgG05Rh9RK3lwd9m_jhY-toJVjIzWbfvKcH5DY_KEk6F5D9u9K9WEqcY_9V","2022-10-19T17:24:33.262474Z","5","Port Jefferson Station","Christopher Arnold","We used Rapid Restore to help with a leaking roof. We have had multiple other people come to look at it and all had trouble identifying any issues. As soon as Mike came he knew the potential issues and proposed a solution right away. They came to complete the work within a week of our original meeting and it only took a few hours. Overall a very positive and great experience, would recommend them to anyone!","Thank you for your kind recommendation and detailed review Christopher! It was a pleasure repairing your leaking roof! Please let us know if there's anything else you need, our dedication to you and your home's improvement lasts a lifetime!"
"AbFvOqkaoGjyBuU0L5quet0F1TEEC6d55BWTX1zaAUUDCYAV_uR4hlK4zn5-0fbhGVQ-zDbjHYrCZQ","2022-10-19T17:31:23.527463Z","5","Port Jefferson Station","Big Bob","One of the Most professional Company's on Long Island.
What a Team... 🙌🏼
Knocked it out of the Park.. 🏡","Thank you for your review Bob! We're always available for any follow-ups and don't forget that our dedication to your home lasts a lifetime. Thanks again for choosing Rapid Restore and don't be a stranger! "
"AbFvOqknDwl_-RWQag8oea4L3DmfLArpPO-v4Fr7HyLG_Ah5rw05ZTUBqLxcryfVML0B2-imzKEBdw","2022-10-20T20:31:20.894192Z","5","Port Jefferson Station","JunkYard Jake","These guys are great!  Very quick scheduling, fair price and highly efficient job completion.  Customer service is excellent, will definitely use again and recommend","Thank you for your review Jake and for your kind recommendation! It was a pleasure and a privilege to complete a roof replacement for your home. Our commitment to you and your home's improvement lasts a lifetime!"
"AbFvOqltMZqSbbCcPlRszuAQhnxVq4ZTdmghrK3r5iIiKhdhmtGTiPkC1nEVi9AU-mhm26ime-OO","2022-10-23T01:22:28.100589Z","5","Port Jefferson Station","Bill Russo","This is my second time using Rapid Restore. First time, they were the third roofers to address my problem. After a very fast rip out and repair, not another drop of water leak. This time, it was a no-brainer. As soon as I saw a leak, I called and within 5 days the new section of roof was done.","Thank you for choosing us to enhance, secure and protect your most trusted asset Bill! We're glad that our initial service left a great impression on you. We remain on standby should you need anything else! Our service to you and your home lasts a lifetime."
"AbFvOqmHVzceaAeRycd7e2B94Nr1V7ZrX3chg8fYtxN8GAJIa4s_KA06A4_ZSjLPr3Cvt8SREd_6UA","2022-10-24T02:56:54.589736Z","5","Port Jefferson Station","Christian Stefan","First I’d like to thank the staff and management. There professionalism, courtesy and responsibility is superior to any expectations I have had in the past. The staff worked quickly to complete the project. The individuals involved from, Tyler, Jacob, Micha and the lovely female assistant (sorry I didn’t get her name). They showed expertise from project inception, marketing and completion.

The continued follow up to ensure satisfaction was admirable, and highly appreciated. They offer manufacturers warranties for 30 and 50 years. Which makes purchasing a roof all the more important than the price. When all is said and done, you’ll look back on the experience with true understanding of what quality, service and repair is all about.","We are honored by your kind and insightful words Christian! It was a pleasure enhancing your lovely home. We're overjoyed that we could provide you with peace of mind throughout the duration of your project! Please let us know if there's anything else you need! Our dedication to you and your home's improvement lasts a lifetime."
"AbFvOqmEGA1eUZJ84MPhrJtsMIRXzENQg3ALFnu0v2ZIuc_V-oLeDZbOqaAWZgamBFOIG5eSBM7c","2022-10-28T10:57:59.039044Z","5","Port Jefferson Station","Hope Vitale","I called Rapid Restore for an estimate. They quoted a great price and promised in one day to have roof completed with gutters. They were true to their word and sent pictures and videos to me to keep updated on the progress. When all was done they forwarded everything needed to my insurance company. I would highly recommend this company to anyone.","Thanks for your review and kind recommendation Hope! Enjoy your beautiful new roof and please let us know whenever we can be of any further service! We remain committed to you and your home for a lifetime. "
"AbFvOqnIgJillpO-u0dsagFlKjOT01nmHIJNDa5RZjr0ULbOeYSMiN1O0-NUZ-ugsGjL3M_2S8WBTw","2022-10-31T03:02:25.875418Z","5","Port Jefferson Station","Carmen Gonzalez","Joe and his team always do a wonderful job! They are reliable and honest.  Excellent service, very professional and prompt service. I highly recommend Rapid Restore to everyone.","Hey Carmen, thank you for your review! We're honored that you chose us as your roofing solutions provider, it was a pleasure enhancing your lovely home! If you need anything else, remember we're always just a phone call away."
"AbFvOqmRewOFJtzu9_o7sKraJzt_JYQXPK6s-P7g5O1yFImoTyY6upSxHr2QlJIQJwxXwTV33sXbpg","2022-11-06T13:16:26.589872Z","5","Port Jefferson Station","Joanne Avery","This is the second time I used Rapid Restore for a roof repair. This repair was a relatively small job, but I was treated with the same urgency and professionalism. I wasn’t pushed aside for bigger jobs and it was completed as perfectly as ever.  I HIGHLY recommend their services!!","Hey Joanne, thank you for choosing us as your roofing solutions provider! It was a pleasure repairing your roof. We remain on standby should you need anything else! Our commitment to you and your home's improvement lasts a lifetime."
"AbFvOqmMwLXjerhUfnovFPiFnHLQLSLu3sq0oEcmhgptQXCI3KfHGT7VKbZuQTOvmHUziiSp4YNQvQ","2022-11-06T14:01:20.607946Z","5","Port Jefferson Station","Steph Lawlor","Rapid Restore Roofing and Restoration is an industry stand out – a Class Company – Professional, Knowledgeable, Courteous and Timely.  I had a complex unsourced roof leak.  A neighbor referred me to Mike Meinardus who instantly outshined the ten companies I had interviewed prior.  Our conversations were informative, sincere, and stress-free from job evaluation, contract execution and work performed.   Thankyou Mike for a job well done!","Thank you for your review Steph! We are grateful that you chose us as your roofing services provider and we are honored to have been able to protect and enhance your most valued asset, your home. Our dedication to you and your home's improvement lasts a lifetime! Please let us know if there's anything else you need."
"AbFvOqk8uu78J0S_0-C_vqu77zXJqfJRgSgJj103xW6MyeC1WdVRZObqDIYC8jBXUcemZRKi3FGmAw","2022-11-09T00:39:27.997243Z","5","Port Jefferson Station","Geneva Easy","Excellent work it only took one day to rip down the old roof put up the new one add new gutters with new gutter guards. I highly recommend this company great work great communication .video of all work perform I am very pleased with my results.
If you looking for a company to replace or repair your roof this is the one for you.","Thank you for review and kind recommendation Geneva! We're overjoyed that we could make the roofing and gutter installation process as stress-free and simple as possible for you. Please let us know if there's anything else you need! Remember, we're always just a ring away. "
"AbFvOql4IOau0P_d5RUJtNpNM_BwYVYZikHBUIXSInVV4nNrzde06ePjT9hnItJV1ud1UndrX2STIQ","2022-11-09T13:35:12.803942Z","5","Port Jefferson Station","Brian Tribble","Rapid Restore is a Great Professional Company. Mike explained everything we needed done. Thanks again.","Thank you for your review Brian! It was a pleasure enhancing and protecting your most valued asset, your home. Please don't hesitate to give us a ring if there's anything else you need!"
"AbFvOqk6X_98sO7wkWfKir4fo6PZNiyYbQpAV9NidB2dYfbdiKtb2EnbraNZtR8hrT3WOTY7sKBT","2022-11-09T14:50:07.224684Z","5","Port Jefferson Station","M Brea","I would recommend Rapid Restore Roofing after the amazing installation that I received. They are a professional company that communicate well with customers. Throughout my roofing project the team communicated from start to finish and provided photo timelines. To see our roof being installed in real time was amazing. Professional, quality and affordable.","Hey Maria, thank you for your review and kind recommendation! It makes us happy knowing that you felt heard and respected. It was a pleasure enhancing your lovely home and we hope you're enjoying your newly installed roof and skylight! If you need anything else, we're just a phone call away. "
"AbFvOqkIknZmMqptwCVTA7w-05Q6EDxKA2Z5YVZlAJsIb1HUoeBaIBiTH2CsRcD1w45hn01j7QDqvw","2022-11-12T22:04:50.454581Z","4","Port Jefferson Station","April Canard","Negative first encounter for estimate, but the boss followed up and was wonderful to deal with...very competitive pricing.","Thank you for your review April! We're glad we could work through any initial miscommunication on our part and put a smile on you and your home! Our commitment to you and your home's improvement lasts a lifetime. Please let us know if there's anything else you need!"
"AbFvOqmv2P3Ic_htTt5jVGSVBpp3pXKQZyoBN5DGa7ak0WEVNgfCWDc8RPvXtD42pUF6w_W8LsPYlg","2022-11-17T11:00:08.309866Z","5","Port Jefferson Station","Susan Paluch","Very professional experience, from the people in the office to the men who installed the roof. I would highly recommend them to anyone.","Thanks for your review and kind recommendation Susan! We're overjoyed we could assist in the installation and maintenance of your roof, gutters and skylight. Thanks for choosing Rapid Restore to partner with you for your home improvement needs, please let us know if there is anything you need! Our commitment to you and your home's improvement lasts a lifetime."
"AbFvOqmIn_ZId1Zk-pslUNIMG42scSHxBqNi41g1cxvHNwl4FGfnaCpd_1Wg7LUNZsxPVc_Lhly71w","2022-11-21T16:49:59.776036Z","5","Port Jefferson Station","ZOE ZHU","I would like to recommend this company for their professional installation. During one month's project, I have to say I make the right choice to hire this company,","Thank you for your review and kind recommendation Zoe! Our dedication to you and your home lasts a lifetime, so we're always on standby should you need anything else. Thanks again for choosing Rapid Restore as your local roofing solutions provider!"
"AbFvOqnzh6yEw1O1Q9uffXyPt_7dFecDLUfGlG8eyVIIkYw8LbJBvHSD4nESx1gjmSM1tbQcTGUpSg","2022-11-25T16:45:14.771947Z","5","Port Jefferson Station","Gregg Warner","Very pleasant experience  right from the initial meeting with the salesman, Jacob to the completion of the job.
Great job removing existing roof shingles, all the plywood & existing spray foam insulation. Installed new insulation, all new plywood and roof shingles. Next day they installed all new gutters.
Owner Mike was on the roof with his workers, supervising and working right along side them.
Great work and clean up was excellent.
Highly recommend!","Thank you Gregg for your review, kind recommendation and for choosing us to protect and enhance your lovely home! We're glad that you had peace of mind throughout your roof replacement and gutter installation. We remain on standby should you need anything else! Our continued service to you and your home lasts a lifetime."
"AbFvOqn9qYoiMlwDMwxmDVKCf9t6NEXxENdLjSWz0Fqh3W0oTSPAaCafrreYKKTRqmIGO4uAMx9J","2022-12-03T14:45:52.190451Z","5","Port Jefferson Station","Meliss A","good experience crew working on site very professional . they keep you up to date with project thru photos every step of the way.  new roof came out great
sincerely
bobby","Hey Bobby and Mellisa, thank you for the kind words and for choosing us to perform your roof replacement! We're glad that you're pleased with our continued service to you and your home. Please let us know if there's anything else you need, we remain dedicated to your home's improvement for a lifetime!"
"AbFvOql1veHovbRiXEX_3uDO-2ldQH1aeocWyOajKRsDcFfrG8wCR46fk_fHrYk6gK6FkcwH4W6f","2022-12-08T15:06:56.129482Z","5","Port Jefferson Station","Luis HERNANDEZ","My experience with this company was great! from having Jacob come to estimate to the crew coming in and perform the install, the experience was awesome they where professional,  and quick. Had no neighbors complain even though it was a big crew. Me as superintendent watch for detail, and saw this crew perform outstanding, housekeeping  was great, they where organized, and at the end of it all, My wife had asked if they could move our children's playground slide and at a blink of an eye it was moved from one end of the yard to the other, took  8 guys to move with no issue. That put the cherry on top. Not only would I recommend Rapid Roofing. But some of my neighbors were impressed with the operation and saw how quick with so much roof was completed in one day.  So I passed them the number for use.             GREAT TEAM!!!","Thank you for your review and kind recommendation Luis! It was a pleasure working on your home. We're honored that you selected us as your roofing solutions provider – our commitment to you and your home's improvement lasts a lifetime! Please let us know if there's anything else you need. "
"AbFvOqnz4KnpdJ_LQkNyIm3YIAZgBlolbSL_1KMJf6174s-vvHQgT7nMbXlknkb055fyNB0n_oG4_Q","2022-12-09T23:46:29.743437Z","5","Port Jefferson Station","Frank T","The job was done in just a few hours highly professionally. Will recommend to anyone without hesitation.","Thank you for your review and kind recommendation Frank! We are honored that you chose us as your home improvement partner for one of the most important aspects of your home. It's a pleasure to serve you! Thanks again for choosing Rapid Restore as your local roofing solutions provider – we remain on standby should you need anything else!"
"AbFvOqknqps1WU8VN-ShQJB8K14jJfaURYEM4WqceEcrycpXgorxCDMEkCEiH6drnw7BLSndvzu9vw","2022-12-14T17:25:02.535934Z","5","Port Jefferson Station","faith papatsos","Major home improvements can be  a daunting experience so we were not looking forward to getting our roof done. But this was one of the easiest, seamless operations I have ever encountered on a home improvement project! They answered our call the same day we left message, had written estimate within hours of inspection, arrived on time on the date agreed on and were completely done in 6 1/2 hours!  The clean up was impeccable, the workers friendly and accomodating . Financing is available and even applying for that was quick and easy.  Also, the gift package you left on our front doorstep was a nice touch!
I would highly recommend this company for your roofing needs","Thank you for your review and kind recommendation Faith! We're pleased that we were able to ease your concerns and deliver an easy roofing installation experience for you. We're available at a moments notice should you need anything else! Our commitment to you and your home's improvement lasts a lifetime so please do let us know if there's anything else you need!"
"AbFvOqnpc4ssrFGqriUkZaqGrNCv0sW9JNxP3r9dr80aTYguGnibia656Y2EnuY01xyf2PH27p4R","2022-12-20T14:51:05.183147Z","5","Port Jefferson Station","Kathleen Eberhardt","Their name says it all! They got back to me immediately and scheduled my roof repair. Two days later, it was pouring rain and not a drop from where I previously had the leak. Very pleasant and professional!","Thank you for your review Kathleen! We are humbled that you chose us to protect and enhance one of your most cherished assets. Our commitment to you and your home's improvement lasts a lifetime! If there's anything else you need, please don't hesitate to reach out."
"AbFvOql2nDJFffKVqKtnBZIYiEozeuAQ40-5X8ybi-3eWawDMsL84nQpaxyK6CAk4uN2f9o-BzENSQ","2022-12-21T01:28:17.738758Z","5","Port Jefferson Station","Andre Duchaussee","Joe, Ronnie and the Rapid Restoration crew , executed perfectly. From initial phone call for quote to fulfilling the job . Highly recommended and would use Rapid in the future for all my roofing and restoration needs. Thank you very much guys!","Thank you for your kind words Andre! It's a pleasure serving you. We remain steadfast in our dedication to you and your home's improvement – please let us know if there is anything else you need! We're always available for you."
"AbFvOqksjAIxc9wlDKcXFQFL_4xjV-7CTXJgcMAayj7k7XMAtw1wd0Lon3Ls0yfErT27bvXYWSx1Jw","2022-12-24T00:26:54.519776Z","5","Port Jefferson Station","Sharlene Hopkins","First and foremost I would highly recommend Rapid Restore Roofing.

After my phone conversation with Cassie, I felt very comfortable to do business with them. She was a sweetheart on the phone.

Michael came out to give me an estimate, which went great. Michael and his team did a great job on my roof. They was very quick and efficient. I've been having roof issues for yrs. Everytime it rained, it would leak into my bedroom but thanks to Rapid Restore Roofing, I don't have that problem anymore.","Thank you for sharing your experience with us Sharlene! We are honored that you chose us as your roofing solutions provider and we are grateful to have been able to protect and enhance your valued asset, your home. Our dedication to you and your home's improvement lasts a lifetime – we're on standby should you need anything else!"
"AbFvOqm80bdQPclFbRscVac5RhmhdhejXT17THlt2sVgsKsVAvIR4o1rvV-0RmGu5_U5JYBtcrAJ4Q","2022-12-27T13:59:51.511965Z","5","Port Jefferson Station","Ryan Contarino","I just had my leaking roof replaced by Rapid Restore and I couldn't be more satisfied with the results. On the day of the project, they showed up on time and did everything they promised they were going to do. It was a completely professional operation and took one day to complete. We now have a beautiful new roof and peace of mind thanks to RR. I would definitely do business with Rapid Restore in the future","Hey Ryan, we really appreciate your review! It was a pleasure enhancing your valued asset, your home. We're overjoyed that we could provide you with peace of mind while your roof was being replaced and beyond – this is why we do what we do! Please let us know if there is anything else you need. Our commitment to you and your home's improvement lasts a lifetime!"
"AbFvOqlTKNpWWdit-QEzNh4NdNxt7cgKsSXg0MwWaSzat1hCmDqy_9MqbPgQeiGyqv-fBErOi4OK-w","2022-12-27T17:18:30.467420Z","5","Port Jefferson Station","John Hopkins","Rapid Restore Roofing replaced my slate roof at mt home in Baldwin, New York.","Thank you for your review John! Our dedication to you and your home lasts a lifetime, so we're always on standby should you need anything else! Thanks again for choosing Rapid Restore for your roofing needs, it's a pleasure to serve you."
"AbFvOqnG912lfgl7sqy3XiSCVCaMfZzemCpvC_Uw_BzRMEtBvgHYmopW7Yz5i6xsW2QkM59rU9rxUg","2022-12-31T14:32:11.874647Z","5","Port Jefferson Station","Theresa Graziano","Michael was a pleasure to work with!!!","Thank you for your review Theresa! We're delighted that you chose us as your home improvement partner for one of the most important aspects of your home – your roof. It's a pleasure to serve you. Our commitment to you and your home's improvement lasts a lifetime, so please let us know if there's anything else you need! "
"AbFvOqkwq6JjEOHjffQ1U_xoFS3Z0p8DASgJcXVz0BWa9eJLbZfuFdKLHXPmwXXR8EKyJHV7LLQ4","2023-01-06T21:59:50.071148Z","5","Port Jefferson Station","T Rebello","Jake and his team has been very transparent with their work and professional.  We were able to see the whole on real time by project mgr was proving us videos and pictures throughout the installation.  We appreciate their professionalism and their guarantee satisfaction.  There were some minor damages inside the house with some lightbulbs and some part of our ceiling near skylights that got slightly cracked which they repaired properly within 2 weeks.  I would recommend them to families and friends.",""
"AbFvOqk6VVoGfxBWv6vGehEXLNLVrcmcb14ftqHzDyYIoPwrkWkvuwYi1hTBRFBdx9YTHYHgwypvlw","2023-01-11T23:35:54.554634Z","5","Port Jefferson Station","Benjamin Lewis","Work was professionally done. Men came out had all equipment needed to do the job l was well informed of work being done. When work was completed I they showed me pictures of the job completed I would recommend this company to friends and family.","Thank you for your review and kind recommendation Benjamin! Please let us know if there's anything else you need – we remain dedicated to you and your home's improvement, for a lifetime! Thanks again for choosing Rapid Restore as your roofing solutions provider and remember we're just one call away!"
"AbFvOqlp5Egtmak1albxeJgZU_y1zKweBgpPN_PWynpZHSTr7DWHjULaiQMfodD1frW7tr-kx0sK","2023-01-16T15:56:47.257660Z","5","Port Jefferson Station","Danielle Lesser","Rapid Restore is a company that is true to its name. When I had first called them due to concerns about a leak in my ceiling and the overall quality of my roof, I left a voicemail and was called back within 5 minutes. A representative was then scheduled to provide an estimate the next day. I had put off the project for a few months but once I was ready to proceed, the complete roof replacement was scheduled within less than a week. Everyone that I spoke to within the company was pleasant and informative. I was put at ease knowing what to expect and felt stress-free especially for such a large home improvement. The roof replacement was completed in one day which was impressive. The crew cleaned up and were respectful of my space and property. The photo timeline was such a cool feature that included pictures of the roof throughout the entire process so I got to see the project from start to finish when not even there. Replacing a roof is no small task but Rapid Restore made me feel comfortable about the work being done. I highly recommend them and view them as a reliable and trustworthy company.","Hey Danielle! Thank you for your detailed and insightful review! We are humbled that you chose us as your roofing service provider and that you're pleased with our continued service to you and your home. It was a pleasure enhancing your lovely home and we hope you're enjoying your beautiful new roof! If you need anything else we're always just a phone call away. "
"AbFvOqnH_XPINj-Qo-ODPTbOxjIpPu61q9DO8EfY2qF1A9a_73B_RtzSxNmJMckWud7TSz_DjB7liA","2023-01-16T18:43:10.508520Z","5","Port Jefferson Station","Kim Marcelle","The guys did a great job! On time, very professionals didn’t up charge. Was an overall painless installation- and they really cleaned up!","Thank you for your review Kim and for choosing us as your roofing services provider! Please give us a ring if there's anything else you need. We're committed to you and your home's improvement, for a lifetime!"
"AbFvOqmknCw_2weer2CP67b4rSvv5_GmJmbjj1ltCXF4mWzNlmr7knyrBhC3ezr35OZL-m-lwaLL9g","2023-01-26T15:38:42.929827Z","5","Port Jefferson Station","jason dodd","Great communication, arrived on time/ did a great job repairing the ridge that was damaged by high winds. Showed up a began working right away and cleaned up after job was complete.. military/law enforcement discount was greatly appreciated..","We really appreciate your review Jason! It was a pleasure repairing your damaged roof ridge and enhancing your valued asset, your home! We have a lifetime commitment to you and your home's improvement, so please don't hesitate to give us a ring should you need anything else."
"AbFvOqkl7PJxrjOD_dhc0OeNW_c5ELHvkF9ifb6bXVAN9vWpblf9K76FCbxkwQyU27bvTyAhacG9iQ","2023-01-28T23:44:17.391514Z","5","Port Jefferson Station","james watson","The guys from RR were courteous, professional, and proficient.  They did quality work and really looked out for us as customers.  I would use them again and recommend them to anyone who needs roof repair.","Thank you for your review and kind recommendation James! We're delighted that you selected us as your home improvement solutions provider for one of the most important aspects of your home, your roof. It's a pleasure to serve you. Our commitment to you and your home's improvement lasts a lifetime! "
"AbFvOqnUt6a-iErxvsD7H12HXgftiDlvrP_GKMXxsFKZnBeSFyaKumTnXUUINm7x7uCU2h-OJL3PCw","2023-01-31T09:11:23.667930Z","5","Port Jefferson Station","Ken Ferguson","Rapid Restore was fast and did a great job","Hey Ken, thanks for your review! It was a pleasure enhancing your lovely home and we hope you're enjoying your newly repaired roof! If you need anything else we're just a phone call away. "
"AbFvOqn0ca1q7EJ-dUrU9v5TXzUHlEy8nmYFZLpNmG-dAGbNpMOz3F1fo-8ZATN4qPJF6Zbw597z7Q","2023-02-10T21:50:55.850645Z","5","Port Jefferson Station","Margo Quinones","The best company that we work with!!!
This is the second roof installed in our house and what a difference with the crew and the company -  very polite crew and owner!
Everyone is very knowledgeable and skilled  I can see that cleanliness is their motto as well - the front, the sides, and back of the house is immaculate – thank you!
We are very much satisfied with the work and installation. We also appreciated the concern for our satisfaction, YOU and your CREW deserves a medal !","Hey Margo! We're touched by your kind words and are overjoyed that you had great experience partnering with us for your roof installation. We are honored to have been able to protect and enhance your valued asset, your home. Our dedication to you and your home's improvement lasts a lifetime! Please let us know if there's anything else you need."
"AbFvOqlS8B65cNtn_y_UBEvWmIS09WhXB04-S5zFgmC6-vX4ZAjhm6CJXPpPz-Jpv2MuSCroQvtw","2023-02-13T12:17:00.157948Z","1","Port Jefferson Station","steve lowe","Not on time at all and totally overpriced","Hey Steve! We can't find your name in our system. Would you please reach out to us and ask for the president (Joe) himself?"
"AbFvOqlcLxkkuYFKmOPurx1TgIQrWFK0kz6dvvTfv9aJqox5SDUyNGgipQ-5YzPcMpmzXovlULsX7Q","2023-03-07T23:55:31.769837Z","5","Port Jefferson Station","Christopher Puma","Rapid Restore helped me repair my fathers roof. It was challenging since I live on the west coast. The pricing for the repair was great and they accomplished the repair correctly and on time. They sent photos while the repair was made to assure me everything was done according to the estimate. The communication between us was outstanding . I highly recommend this company and the work they do .","Hey Christopher, thank you for your review and for choosing us to perform a quality roof repair for your father's home! Please let us know if there's anything else you need. We remain dedicated to you and your home's improvement!"
"AbFvOqm44c-fHG8pRlCyA4V0r3--uHYX42KBqm-6qsTxT_3WyrPkMLHBR4NhimNA3NjRTECpzUO_Xg","2023-03-12T22:36:16.913413Z","5","Port Jefferson Station","Terry Lanza","The workers were professional. The workers cleaned everything up there was no mess. the price was reasonable","Hey Terry, thank you for your review! We're glad that our gutter installation service was to your satisfaction and we remain committed as your home improvement partner for a lifetime. Please don't hesitate to contact us if there's anything else you need!"
"AbFvOqm1Tyawm9OldL3svbVEjN2ErF0qFv_gU4eYlNjX1Iw0VfOfSRHcTu5feB1RTiTDRByhuSbjeg","2023-03-15T18:08:11.635617Z","5","Port Jefferson Station","Gregg Weingartner","I contacted several roofing companies for quotes to redo my roof. I contracted with Rapid Restore after receiving their very timely and professional quote. They gave a complete view of what I was to expect and were able to schedule the job very quickly. They had an excellent crew, were on time and easy to communicate wants and needs for a very professional job. They left our property in excellent condition and exceeded all our expectations. I would highly recommend this company to anyone looking for any roofing needs.","Thank you for the kind recommendation and for taking the time to leave such a detailed review Gregg! Great to hear that you're enjoying your beautiful new roof, and that you're pleased with the ease and efficiency of our craftmanship. Please let us know if there's anything else you need! Our dedication to you and your home's improvement lasts a lifetime."
"AbFvOqlPvDABtRV9Ute3e4149i3tEmFtLxCJ9jm7OLm7oZ9SbgFEV_15CyCquyjIv1Lv180CWOnC","2023-03-23T00:16:46.025355Z","5","Port Jefferson Station","Nicole Tozzi","Rapid Restore made our experience very easy, they explained the process to us.  We are now leak free and have a beautiful new roof.","Thank you for your review Nicole! We are humbled you chose us for your new roof installation, and we are dedicated to providing continued service to you and your beautiful home. If there's anything else you need, please don't hesitate to reach out."
"AbFvOqlCOkOFuTe15GCM8ZWUP7VvbrOSs4K3pfwxjkj4QieuDxZmQCQZJ8aXrxT5k26XgtXdT_yTUg","2023-03-23T14:15:57.596151Z","5","Port Jefferson Station","Joe DiChiara","Perfect job, came on time as promised and the work was done very professionally, Highly recommend.","Hey Joe, thank you for choosing us as your roofing solutions provider! It was a pleasure installing a new roof for you. We remain on standby should you need anything else! Our commitment to you and your home's improvement lasts a lifetime."
"AbFvOqmQfnOIi4onzsdSjxV9P0SuVdXECxqhzT4D_8eo7njSmysShLCjZmde5ahY3v5F4HeJhRkpjA","2023-03-26T00:54:04.949066Z","1","Port Jefferson Station","Dariusz Zebrowski","Too bad this great of a company didn't find time for 2 weeks( after coming in to see the house)  to email me my roof estimate. All these great reviews lol ..... I guess too many projects on the schedule

RE: I do not know why You answer in such a way and after 3 days from adding the opinion, You know perfectly well that I did not receive this estimate. After all, I sent You a screenshot of my e-mail and You saw that nothing from You was even in spam. Please don't blame me for Your mistakes.  You could only write sorry","Hey Dariusz, I’m so sorry about this miscommunication. We checked our system and your estimate was sent out the same day, would you mind checking your spam folder? If you can’t find it, please call our office and we will resend it!"
"AbFvOqlvMUsBN8XGAHRolC8IhLZFI9XuAHVcDwKLVkSkuBXTDz0lIfsyd53x25oM0dRlO2fTppRy","2023-03-27T22:48:36.255930Z","5","Port Jefferson Station","Dawn Schob","I needed a new roof and met with a few contractors but wasn’t ready to sign on. I continued to research and came across Rapid Restore Roofing and Restoration, The reviews all sounded promising so I gave them a call. I was provided an appointment that same day. I met with Joe and during the estimate he explained the products the company uses, what the project entailed, and the warranty. The estimate was fair and competitive. I liked that this is a family-run busines, customer service is a priority and there were zero pressure tactics during the meeting so I hired them on the spot.

The day of the new roof, they came at 7 a.m. and worked non-stop until the roof was completed at 5 p.m. From start to finish, they were professional and courteous. I really feel they really care about their customers.  Once the roof was complete, they went over everything they did and the cleanup around the yard was perfect. My new roof and the new skylights they installed looks fantastic. I would highly recommend Rapid Restore Roofing and Restoration.","Thank you for your kind recommendation and sharing your experience Dawn! We are so happy to hear that you're enjoying your new roof. Please let us know if there's anything else you need! Our commitment to you and your home's improvement lasts a lifetime. We're always just one phone call away. "
"AbFvOqlLVFYrnuL_fpZMvIIiSkhjC2nXVX9nbVeQEPFKZ2K4Kz4znjXr68vfrkuk8pbG5cqvVZmZ","2023-04-03T17:20:12.199521Z","5","Port Jefferson Station","heather custodio","Everyone I spoke with from the company was amazing, they came very next day to give me an estimate. Mike and Cassie made a stressful situation more bearable and I would definitely use them again if needed and refer to friends and family.","Thank you for your review and kind recommendation Heather! We're honored that you selected us to protect and enhance one of your most valued assets, your home. Our commitment to you and your home's improvement lasts a lifetime! Please let us know if there's anything else you need. "
"AbFvOqnkWDknyZTDyPHPzWb3BMfRUxzj1iO0OK0HONnfarcoE7R3wdwBDj1W2JxRpiIi6iFwnTMY0g","2023-04-06T18:25:35.373213Z","5","Port Jefferson Station","Jeff Solomon","This company is No. 1, everyone else tied for no. 2. On time to the minute, on budget to the dollar, top tier work, incredibly responsive and looks for ways to ensure that their work is superb and customer is satisfied. Couldn't think of using anyone else.","Thank you for review and kind recommendation Jeff! We remain steadfast in our dedication to you and your home's improvement – please let us know if there is anything else you need! We're always available for you."
"AbFvOqmQpD2dJG_0a5dDS53CSx5GZk6kNsQwiwN5w9i3rbmKp1HzplyLCeXxI-1CdwDrdNSBXLxw","2023-04-08T18:55:41.167578Z","5","Port Jefferson Station","Kimberly Trupiano","My husband and I were far from pleased to find out that the house we have been living in for less than a year needed a brand new roof so soon. We had such a great experience with the entire team at Rapid Restore which lessened our burden quite a bit. I called inquiring about a quote on a Saturday and Joe came that following day to check out our roof. He was honest and gave us prices of a repair versus a full roof installation. For us, it was a no brainer to do the full demolition and re roofing. Their prices were the most reasonable that we were quoted and they were able to get us on the schedule in under 2 weeks! Leading up to the day, communication was seamless and everything was explained thoroughly. The day of, our project manager, Mike, and the entire team were on time and we loved being able to follow along with the live photo link that they provided us. The cleanup was done thoroughly and their payment plans were flexible and fair. I will be recommending Rapid Restore to any family and friend who needs their roof redone. We are so pleased with our new roof and so thankful that we had a quick and painless process. Thank you all so much!","Thank you for your review and for sharing your experience with us Kimberly! We are honored that you selected us as your roofing services provider and we are grateful to have been able to protect and enhance your valued asset, your home. Our dedication to you and your home's improvement lasts a lifetime! Please let us know if there's anything else you need. Remember, we're always just a phone call away. "
"AbFvOqmBzzD07A2yZhkhn21J8FGEuIqZl_x8o7N6vvAjhS7ghKCQqv7QXrHhEdGiXCYRuMPMjuCN","2023-04-21T21:22:25.184946Z","5","Port Jefferson Station","Eric Winter","Super responsive, came to my house within days of my call to view the work I needed done. Gave same day estimate followed by an emailed written estimate. Job was done efficiently and neatly. Would highly recommend.","Hey Eric! Thank you for your review and for choosing us as your roofing services provider! Please give us a ring if there's anything else you need. We're committed to you and your home's improvement, for a lifetime!"
"AbFvOqkpQY-M4f-9IQBISLpkaQ7uqODyw44Q44ASxOGrGHBZUgTK1oYNbFHN6uXe13Qo3e4dFytE","2023-04-24T15:30:18.149602Z","5","Port Jefferson Station","Michelle","We highly recommend Rapid Restore Roofing and Restoration. We hired them to replace our roof based on reviews we read. I hope my review will help other people to choose this company as well. They did an amazing job in one day.  What impressed me as much as their quality work was their customer service. It is truly second to none and I think it is just as important as the product they deliver. When I could not decide which type of shingle, one of the owners, Joe, drove me around so I could show him roofs that I liked. He wanted to make sure I would be happy with the finished product.  After they completed the job my husband had a few minor concerns, in the past once contractors have completed the job good luck in getting them back even if it is minor. Rapid Restore really cared that we would be 100% completely satisfied with their work and another owner, Mike, said there was nothing too trivial for me to tell them.  He immediately came back with a crew to resolve any concerns we had.  I absolutely love my roof.  It looks so beautiful, and we are so happy we went with Rapid Restore.","Hey Michelle! Thank you so much for your kind recommendation and your great review! We're so happy that you're pleased with our service to you and that you're enjoying your new roof! It was a pleasure enhancing your lovely home and we remain on standby should you need anything else. Thank you again for choosing Rapid Restore!"
"AbFvOqkbzCk1vrUxz8iBNPlPbtVG-Y-orhnacRkOeYyGyiPnQBfwAMU4zFOiQMnR82kmdy8AeWzxiA","2023-04-25T20:52:46.869468Z","5","Port Jefferson Station","Rick Belmont","We suddenly found out that we urgently needed a new roof. There were signs of leaking and areas where the underlayment was soft.  Our second layer of shingles was installed 32 years ago and the contractor is out of the business.  There had been several glitches with that company during the job and the subsequent damage was apparently due to their workmanship.  We knew this was going to be a big, expensive job, removing two layers of shingles and replacing the damaged plywood and we worried that it would take a long time to get the job done.  I looked up local roofers online and found Rapid Restore Roofing, a local family-owned company with excellent reviews an A+Rating with the Better Business Bureau.  Rapid Restore is a ""Platinum Preferred Roofing Contractor"" for Owens Corning.  I researched average costs, different manufacturers and types of roofing materials.  I called Rapid Restore and another company on a Saturday morning and recieved a call back later that day from Joe, the owner of Rapid Restore (his dad founded the company) and we made an appointment with him for Sunday afternoon.  That was ""Rapid!""  Joe thoroughly inspected our roof, taking photos along the way.  We were impressed with his presentation and explanation about what needed to be done, how they work, protecting our property and landscaping up to and including including cleanup.  Without prompting, he anticipated our need for new attic fans, flashings and vents - everything would be new!  The job would be done in one day...  AND they could do the job on Thursday next week!  ""The office will call to confirm on Monday""  (I'm thinking yeah, right).  We reviewed and signed the contract, NO deposit necessary!  As promised, Cassie called Monday and confirmed the Thursday date.  Wow!  During the week, we found two shingle samples had been left on our porch.  Turns out that the one we had selected from a catalog was just discontinued and as a matter of fact we liked the new color much better (Now I'm thinking, here we go, it won't be in stock).  No Problem!  They arrived Thursday as promised at 7 AM.  At the end of the day, the roof was done and the place was all cleaned up.  Upon a complete inspection walk-around with the Project Manager, Gary, it seemed we had one miscommunication, about a ridge vent, which we assumed was included.  We immediately contacted Joe.  NO Problem! - ""We want you to be happy with the job.""  They were back in a couple of days and installed the ridge vent, at NO extra charge!  The entire job was photographed by the Project Manager every step of the way and texted to me.  We charged the entire job on 2 credit cards with NO extra fees.  There was a delay in approval due to credit card security, because of sudden large amounts being charged by phone.  It was my fault for not contacting our bank to forewarn them.  Job complete, NO payment.  Again, NO Problem!  It was resolved the next  day.  I can only say that all of my initial skepticism and fears were unnecessary with these guys!  They totally exceeded our expectations throughout the project and we couldn't be more pleased with the quality and appearance of our new roof!  Thank you Joe, Gary, Cassie, Mike and a fantastic crew for a job well done!  If you are looking for a reliable roofing company you can trust to do the job, ""rapidly, at a fair price, we recommend calling Rapid Restore Roofing.  They live up to their claims, commitments and ""Big 3 Guarantee: Stress Free, Easy Experience; Economical, Affordable Payments and Exceptional, World-Class Installation.""","Thank you for taking the time to leave us such a wonderful review Rick! We are thrilled to have met your expectations, and we sincerely appreciate your kind words. We wouldn’t be where we are today without our lovely community and customers like you, and we are beyond grateful for your patronship. Thank you for recommending us to other homeowners looking for a reliable roofing company. We truly appreciate it! We remain on standby should you need anything else – we're committed to you and your home's improvement, for a lifetime. "
"AbFvOqnmsRUumv72p7fST4W_qvfrTifMnG5qkctZc6T0KlXW-oHRYr3S862-PaMvxhsG6MYz6Bxarg","2023-05-01T12:20:19.588647Z","5","Port Jefferson Station","Donna Nesteruk","Rapid Restore Roofing is excellent with communicating with their clients. The crew is very courteous and politely answered our concerns. We have used their professional services on two occasions and both times they were timely and were always careful to leave the property clean.  I highly recommend this company.","Donna, thank you for taking the time to provide us with your valuable feedback. We’re honored to be your chosen roofing company and it was a pleasure working together. Please let us know if you need further assistance – remember, we're just a phone call away!"
"AbFvOqnzuq1gZVG0mCUB0WnmDRdKpiWk-80_FbuRPh8IxgCXh6yHI88sbhssNmWTnXuTRdomUd3JeA","2023-05-02T00:40:59.546593Z","5","Port Jefferson Station","Richard Merlo","This was one of the most seamless & non-stressful home improvement jobs we have ever been involved with. From the moment we contacted them to the day after they completed the project the communicated with us every step of the way with texts, emails & photos. Joe (one of the owners) who came to do the inspection exactly when scheduled, takes multiple pictures of everything on the roof & goes over in detail each one of them. He then gives you a price ( not an estimate) of the cost. There are no hidden fees & EVERYTHING that he said they would do was done. The crew is prompt, courteous & super efficient. They started the job early in the morning & by 4:00pm & the entire roof was ripped off & replaced. There wasn’t a speck of debris left anywhere on our property. WE WOULD HIGHLY RECOMMEND RAPID RESTORE TO ANYONE NEEDING ROOF REPAIR.","Hey Richard! Thank you for your kind recommendation and for your detailed and insightful review! It was a pleasure enhancing your beautiful home. We're overjoyed that we could provide you with peace of mind throughout the duration of your project – this is why we do what we do! Please let us know if there's anything else you need! Our commitment to you and your home's improvement lasts a lifetime."
"AbFvOqnynR07FHiJlCAK2FttUyNBBiaUgOu7SlJZA9bNxxna_V0XEV2Sntfpv10jqk5Hg6BzBiDdAg","2023-05-02T16:31:16.885339Z","5","Port Jefferson Station","Andrew King","","Thank you for your review Andrew! We remain steadfast in our dedication to you and your home's improvement. Please let us know if there is anything else you need!"
"AbFvOqnWKZGPQYIOEU6-1BvWKVG0TcFUOzdK1gerUCNleN6MvfelKjlkEklUPdHEkVwLrNWCLlxWhA","2023-05-05T22:38:34.622898Z","5","Port Jefferson Station","Robert Abbate","Rapid Restore Roofing recently replaced my roof. They removed the old roof and installed a professional quality roof system that looks and works great. They used high quality materials and well trained tradesmen that were polite and cleaned up afterwards. These are things that one might expect, but should never take for granted in the construction trades.

Furthermore, Rapid Restore Roofing was very effective when advocating for me with my insurance company. Initially, my insurance company wanted to only repair the wind damaged area. I felt that this solution wouldn't be feasible, but I needed a professional to advocate for my position. They were willing and very competent in this role, ultimately getting the insurance company to agree that an entire roof replacement was necessary. A minority of roofing companies are even willing to accept insurance. Finding one that is willing to devote time and effort to obtain insurance company approval is truly an anomaly. This company earned my trust and confidence. I can absolutely recommend Rapid Restore Roofing.","Hey Robert! Thank you for taking the time to leave us such an amazing review. We're honored to be able to provide a helping hand, especially when it comes to navigating difficult or tedious insurance dealings. It was a pleasure and a privilege to complete a roof replacement for you and your home. Our commitment to you and your home's improvement lasts a lifetime! Please let us know if there is anything else you need!"
"AbFvOqkMG1PYrQwvDoscsA_5dYLZFrX5j-qMfvJ0VM8ZM56GPGtOlxHMyJqyoLFBDKl77USwIAQBTw","2023-05-11T13:45:20.786101Z","5","Port Jefferson Station","tom Ingoglia","Michael met me next day after calling Rapid Restore for an estimate on a leak on my commercial flat roof. I new the roof was in decent shape and the issue was flashing. He agreed, did not attempt to up sell me and gave me fair price for the repair. Within the week he personally came with his crew and completed a neat professional job.","Hey Tom, thank you for your review! We're glad that you're pleased with our service to you and we remain on standby should you need us in the future. It was a pleasure repairing your commercial flat roof!"
"AbFvOqmxCKGQnurusXCHokw05g_IEY7cFG8OoZmeaz3pZQYL2HLsMTx21A7O3abE5TSqPOdcK68FSw","2023-05-13T23:17:39.430086Z","5","Port Jefferson Station","Kelly Taylor","I have nothing bad and everything good to say about Rapid Restore Roofing and I feel so lucky to have found such a professional contractor.  The workmanship was the highest quality and they were very responsive - from the Sales person, to the Project Manager and the office staff.  They even arrived on time!  They kept us informed every step of the way and it was obvious that our satisfaction was their highest priority.  I highly recommend Rapid Restore Roofing!","Hey Kelly, thank you for your review! We are grateful that you chose us as your roofing services provider and we are honored to have been able to protect and enhance your valued asset, your home. We're so lucky that we have such wonderful customers and that we cater to such a lovely community. Our dedication to you and your home's improvement lasts a lifetime! Please let us know if there's anything else you need."
"AbFvOqnUTKOF4wu5M0_wf_MxSEUJlNdxfH1R-sGaJDYlbDJhKMUhixg0SVKLf1wFuLHhopfdiNNDIg","2023-05-16T16:17:42.952027Z","5","Port Jefferson Station","Kyle Kim","I recently installed new roof and gutter at Rapid Restore Roofing and was thoroughly impressed with installation and impeccable service. It is well organized company. Whatever they say they have proved with paper and they sent Email and phone call every step. I have never seen this kind of company, which is well organized and well prepared and well responded, in construction companies. Above all, they did excellent work as well.  Thank you, Jo,  Cassie and Garry. If you ask me to be able to recommend this company, I will absolutely say “yes”.","Thank you for your review and kind recommendation Kyle! We're overjoyed that we could provide you with peace of mind while your new roof was being installed – this is why we do what we do! Please let us know if there is anything else you need. Our commitment to you and your home's improvement lasts a lifetime!"
"AbFvOql7roqRGhPoMBmIAvkhpOXkUhOffuqlwTUTCyOYgMFcz947f-5zm6EN-8I-kUScp5HLvWT4ug","2023-05-18T22:28:16.440615Z","5","Port Jefferson Station","Umair Syed","What a wonderful experience. Fast, reliable, and professional. Spoke to Mike who guided me thru the whole process. Gave me an estimate and followed thru with the work. Signed everything electronically and crew came and finished in a matter of hours. Great company to work with! Highly recommended!","Hey Umair! Thank you for your review and for your recommendation! It was a pleasure and a privilege to complete a roof installation and repair for your home. Our commitment to you and your home's improvement lasts a lifetime! We're always just one call away if you need us."
"AbFvOqm2BUp2KX-3z8eqPoj2678D3qywN7hzizafeSZ7YBb3cMRXyxLuNQmxQ3VT9727RTBWJiB_","2023-06-04T03:51:13.173606Z","5","Port Jefferson Station","Edward R","After having a raccoon & her babies successfully removed from my attic, the wildlife trappers informed me of 2 sizeable holes in the  area behind the gutters along the roofline on the front of my home. I called roofers & made appointments from both Google searches & the HomeTown section of the Pennysaver—Mike from Rapid Response was the only person to come out for an estimate!!! He explained what needed to be done, talked me through all the steps, & l ultimately felt that his estimate was very fair. A very friendly 2 man crew came to do the work on Thursday June 1st & had the work completed in short order. I was impressed by their speed, workmanship, & professionalism. All in all a great company & highly recommended!!!","Hey Edward! We were extremely pleased to assist you in repairing the damage inflicted by those unexpected guests! As a homeowner, it always helps to have someone in your corner in situations like this, and with that sentiment we remain on standby should you need anything else! Our commitment to you and your home's improvement lasts a lifetime."
"AbFvOqnYHMHdj4LaG-yULSLl3ypthX2gSsljGe3VDo55ySy9MhfQ4PJFeo83MwzNo358LDxpxLvM","2023-06-07T01:58:57.192083Z","5","Port Jefferson Station","Mike G","Outstanding service from initial meeting with Mike D. forestimate to explaining in detail what the issue was and how they can resolve it. I couldn’t have asked for a better experience. Mike took his time and explained the steps to follow. The office called and an appointment was made and they job was done. The crew leader Mike was great. Clean up was perfect. I will be doing business again with this company. I have already referred them to a friend. This company has a great appreciation of Veterans. Thank you !!!

Highly recommend!!!","Thank you for your review Mike and we're overjoyed that you're pleased with our service to you! We're glad Mike D. could put you at ease throughout the roof repair process. Please let us know if there's anything else you need! Our dedication to you and your home's improvement lasts a lifetime."
"AbFvOqm5AUQXG1yE9TNpDeSN-c-5q_tQqQAoAGBB6aHW0QogvB9tOXz0A7LriFrzxWpuAUdIhzBWiQ","2023-06-07T11:18:48.666903Z","5","Port Jefferson Station","Kevin Quinn","The team at Rapid Roofing and Repair did a great job. They did everything that they said they would do. I was impressed with Jacob, Cassie and the team that came to my house. We were very pleased with the results.","Thank you for your review Kevin! We are honored that you selected our company to install a beautiful new roof to complement and protect your home! Our commitment to you and your home's improvement lasts a lifetime! Please let us know if there's anything else you need."
"AbFvOqmYQ3dNwpLiZdOjrAsJfGDptLME0miRvdZfo7tv1hA9_vkOaMwETbMzKj6wirCBcBT80lpp6Q","2023-06-10T18:14:03.901157Z","5","Port Jefferson Station","Steve K","Our roof was 24 years old.  We had a leak and decided after inspection by Joe that the time had come to remove and replace the existing roof and two skylights.  Joe came on time for the inspection, took pictures on the roof and explained in detail why a repair instead of a replacement was not the best option.
In between signing and installation there was timely and polite follow-up with Cassie from his office.
Gary was the job foreman and he was at all times a pleasure to work with.  He answered questions, he and the crew arrived at 7 AM and finished by 4:30 with the entire project.  No request was too much.  The roof looks great, the skylights are nice and the job site was left immaculately clean.  Our plants all survived the removal of the roof shingles.
I cannot recommend them more highly as they did what they said they would do and if anything was needed as the job progressed it was clearly explained.

3/21/24:  As an additional compliment:  9 months later I noticed some loose siding near the roof line, probably the result of winter snow and wind.  I texted the photo on a Saturday evening and Monday morning three men were at the house to lift and reattach the siding.  Their dedication and prompt repair was astonishing.  This company is superb.","Hey Steven! Thank you for allowing us to enhance and help to better protect your beautiful home. We're glad that we were able to give you peace of mind throughout the roof replacement process – this is why we do what we do! We remain on standby should you need anything else! Our service to you and your home lasts a lifetime. Thanks again for choosing Rapid Restore."
"AbFvOqnJvv24HhAKeIep5L-Ud3uy8JFCMvFw_08oggsKzQCObrtPRdW94AAY_ZMYqGRKUcZZcOG_xg","2023-06-12T12:11:16.597822Z","5","Port Jefferson Station","Bob Bambino","I need a skylight repaired. They did a perfectly thorough job. The video feed to watch the work was awesome. Ironically it rained right after they finished and NO LEAK!!! Fantastic! I highly recommend this company!","Thank you for your review and kind recommendation Bob! We're glad you're enjoying your leak-free skylight! Our dedication to you and your home lasts a lifetime, so we're always on standby should you need anything else. Don't be a stranger! & thanks for choosing Rapid Restore. "
"AbFvOqng8hjk7HWqT2nXOqKllj8ySjjw9_3JZaxJZ1wt6Pf_lxQmw2eLd1ZdrIB1RymV6KxUo2_4LQ","2023-06-15T21:42:51.974170Z","5","Port Jefferson Station","Stefano Procida","These guys were great. I usually hate getting work done on my house but these guys took complete control over every aspect so I didn't have to think of anything and any questions or concerns I had were answered instantly by the project manager.  They moved fast from scheduling to completed project. Very happy with rapid restore.","Hey Stefano, thank you for choosing us as your roofing solutions provider! It was a pleasure and a privilege servicing your roof. We remain on standby should you need anything else! Our commitment to you and your home's improvement lasts a lifetime."
"AbFvOqkoRq5y28Rzr8XSYBUze6IbEfWM-zLdi6qLyZDhbxaR5mTXt1wVBB2cDwq64n6eSk16czytSQ","2023-06-15T22:04:54.585876Z","5","Port Jefferson Station","miguel quinones","Very pleased with the installation of my new roof. The crew did a fantastic job. I would recommend Rapid restore to anyone that is interested in replacing a new roof. Every one was very professional.","Hi Miguel! We're delighted that you chose us as your home improvement partner for one of the most important aspects of your home – your roof. It's a pleasure to serve you. Our dedication to you and your home's improvement lasts a lifetime so please let us know if there's anything else you need!"
"AbFvOqm445Wzn6_Hidh73HpG2WWxfbEPlqNJPFsvtSX6LhiTt67f6jzE4ZwpzWlxQfd1Uo1DKann","2023-06-15T22:29:18.116184Z","4","Port Jefferson Station","Kenneth Roberts","I researched roof replacements, I needed to redo a section of my 10 year old roof prior to installing solar panels, and I chose Rapid Restore Roofing.
They were very responsive and very professional, and got the job done in one day. I held off giving a review until I got a good rainfall. When it rained it leaked a little bit in my house, I called, and they immediately sent somebody over and fixed it and I have never had a problem since. I would recommend them, and I would use them again.","Hey Kenneth, thank you for the review and for choosing us to perform your roof replacement! We're glad that you're pleased with our continued service to you and your home. Please let us know if there's anything else you need, we remain dedicated to your home's improvement for a lifetime!"
"AbFvOqlUBiKY_na7RB57BzsTGOx-51ozNtHEpHEgFqSQNBtJ9xHGP_NeVtrNoAbgcBN8uBq7-f9I","2023-06-16T03:00:47.065868Z","5","Port Jefferson Station","Alan Tillinghast","Great group that was responsive from the moment I called them.  Fixed storm damage the same day I called and a new roof finished days later.

Everything on time and as promised.","Thank you for the review Alan! We're overjoyed that you're pleased with our service to you. Please let us know if there's anything else you need! Our dedication to you and your home's improvement lasts a lifetime."
"AbFvOqklYkWGCiBlhdtcak64AWrQGPpFMoihIhd15-5Evm_QeSL1eB4EEnoRpcxmJ3o-mKWHHRc78Q","2023-06-16T19:07:31.725594Z","5","Port Jefferson Station","LAWRENCE BOCCARD","Workers all of them worked well with a planned well ahead of doing the job. I watch them while the worker did a remarkable job and got the job done on time and clean up was spot on.","Hey Lawrence! Thank you for your review and for choosing us to protect and enhance your beautiful home! We're glad that you had peace of mind throughout your roof, gutter and attic installation. We remain on standby should you need anything else! Our continued service to you and your home lasts a lifetime."
"AbFvOql-b3YVRnbRGiqOwbbAMvM4CFuW7xqWVdNE02m7v__SXM3rqJTmt87XepE_EnDIyk2p1QOc","2023-06-21T00:01:44.033193Z","5","Port Jefferson Station","Carl M","Rapid Restore is all they claim to be! From the president who personally came to the house for the estimate, to the project manager, and the team of professionals who did the work and cleanup. Very impressive as far as the whole process went. Honest, friendly, courteous, neat and thorough. I will definitely use them again when needed and refer them to neighbors and friends. All debris was picked up meticulously with magnets for nails, etc. and at the neighbors homes as well. All in one day!!!! Great job! Thanks again!","Thank you so much for your thoughtful review Carl! We are so glad that you were so pleased with our service to you. It makes us incredibly happy to know that we met your expectations. Our dedication to you and your home's improvement lasts a lifetime! Please let us know if there's anything else you need."
"AbFvOqlAJ1rZ3OjNiS2zuVb6BDBfH6chtvIkOPBCDJ8dUYG9r9s7qrVHNHT7j_k77F_R_7H0CJLc","2023-06-28T17:31:43.065937Z","5","Port Jefferson Station","PJGC Golfer","Rapid restore roofing ..I highly recommend!  They replaced our roof and they were on time at 7am. They are Professional -took pics every step of  the way and cleaned up!! left no mess behind!!  Then went on to do 3 of my neighbors roofs and everyone is thrilled!  Thanks guys!  Rapid Restore Roofing. Highly recommend!  Mention my  name when you call!","Thank you for your review and for your kind recommendation! It was a pleasure and a privilege to perform a roof installation for your home. Our commitment to you and your home's improvement lasts a lifetime! Please let us know if there's anything else you need!"
"AbFvOqmNKoElu4Mai0oA2s26X9jk52dvMcyDw6yAN_Dh1rho-gNHaon22hZ_UNsklWSDfleRQd29QA","2023-06-30T23:54:04.617044Z","5","Port Jefferson Station","debra werner","Was quoted an estimate for roof repair. Rapid Restore was excellent in all aspects from start to finish. Highly recommend. Thank you RAPID Restore","Thank you for your review and kind recommendation Debra! It was an absolute pleasure repairing your roof. Please let us if there is anything you need – our commitment to you and your home's improvement lasts a lifetime! "
"AbFvOqm9OarjnF4Y-nIPpOooHcB_hmUyqf5IclTfoqBBPToTAMK0CCF8V4e7x37ytZc9XnGGowYQ","2023-07-01T21:35:21.234809Z","5","Port Jefferson Station","kathy goldstein","We recently had our roof replaced by Rapid Restore June of 2023. After having a very bad experience with our previous roofing company, we had a great experience with Rapid Restore from start to finish.

We were especially worried about damage to the plants and flowers around our house.  Rapid Restore used stretched tarps when ripping the old roofing materials and did not damage any of our plants or flowers. We were very impressed by this.  We obtained three different quotes from separate roofing companies which were all very close in price.

Three differences made Rapid Restore stand out.  First, they included more pieces of replacement plywood and charged a lot less for any additional pieces we might need.  Second, they did not charge extra for the longest warranty offered by Owens Corning or to transfer the warranty to a new owner.  One contractor would have charged $500 extra for the longest warranty and $150 to transfer the warranty to another owner.   Third, Rapid Restore provided us with a link to a folder of photos and videos so I could watch the project, from on top of the roof, be done in real time.  We would highly recommend Rapid Restore to anyone in the future.","Hey Kathy! Thank you so much for your kind recommendation and for taking the time to share your experience with us! We're thrilled that you're satisfied with our services to you and your home. Hearing feedback like this is what keeps us motivated and inspires us to exceed our customers' expectations on every job! We truly appreciate your support and are so glad we could provide you with exceptional service. Our commitment to you and your home's improvement lasts a lifetime! Please let us know if there's anything else you need."
"AbFvOqnWSdvBROiTL8VYkZTqOAjdHlgm9FjPlY4_4J_jcliCq04ia7aVCf54jgoD7qWGTFIj2109_w","2023-07-07T03:05:36.302029Z","5","Port Jefferson Station","Mike Faller","Rapid Restore gave a detailed and straightforward quote, transparent documentation of the work in real time, and followed up consistently to make sure I was a satisfied customer. My leaky skylights are a problem of the past, and the peace of mind from Rapid Restore was worth it (and the price was in the middle of the range of 5 estimates I received).","Hey Mike, thank you for your review! We are so glad to hear that you found our team to be helpful and accommodating. Please let us know if there's anything else you need – we're available to you at a moment's notice!"
"AbFvOqlsDEnkTW0hjRo5g4cq2qYpG3IWh0GuArmcd0S_OTQzbftQMXdGOQtJ8_r6rGN0Qg7XAJzVQA","2023-07-25T17:33:57.412231Z","5","Port Jefferson Station","Shikui Chen","Rapid Restore Roofing and their rep, Michael, offer top-notch service. Michael's professionalism shines, making roofing jobs seamless. Their commitment to customer satisfaction and superior workmanship is evident. In short, they're a trusted, reliable team for all roofing needs.","Hey Shikui, thank you for your review! We're pleased that you found our roofing process to be seamless. Our dedication to you and your home lasts a lifetime, so we're always on standby should you need anything else! Thanks again for choosing Rapid Restore for your roofing solution needs!"
"AbFvOqlaW17tLlqiIE4kjCzAZc1g9O8XsWEptqJodoYvYaP_CUvPLZoxPmtvDqigx4isV_PzG-XZYw","2023-08-18T17:08:19.734846Z","5","Port Jefferson Station","eric manzi","This company went above and beyond in every single aspect. From the quote to the final details.  Very professional and would recommend them to anybody. We got quotes on a new roof about four years ago and know that part prices have went up but new around where the prices where. They were the first and only company that we talked to this time. The price was right in the ball park where we thought it was going to be. When they left for the quote I said I don’t think we need to talk to anybody else because they just seemed right. It was the best contractors we ever dealt with","Thank you for your review and kind recommendation Eric! It was a pleasure replacing the roof of your lovely home. Our dedication to you and your home lasts a lifetime, so we're always on standby should you need anything else! Thanks again for choosing Rapid Restore as your local roofing solutions provider! Please let us know if there's anything else you need. "
"AbFvOqkrw6lPi5mSPn66kPHI5DnywcxHH62EXNZMMajRVlL3m-7fom1fl_wLbkWR3kex2sryWvNQPQ","2023-08-26T13:37:48.339886Z","5","Port Jefferson Station","rebecca sternberg","We had a great experience with Rapid Restore Roofing. The job was done in a timely fashion and Garry, (our project manager) Dave, and the rest of the crew acted in a professional and accommodating manner. They did everything they promised to do and more. We would highly recommend this company to others.","Hey Rebecca! We're glad we could make your roofing experience as stress-free and easy going as possible. Please let us know if there's anything else you need! Our dedication to you and your home's improvement lasts a lifetime."
"AbFvOqnObSXpyN3d3ge23YPzpaoX1u3M11bpW21n-jHI4ZM6SnkL7Lqrkk_LKOTmlLeKeyDI8ySCvg","2023-08-27T16:29:45.562146Z","5","Port Jefferson Station","john baggetta","Very happy with Mike. Showed up on time for our estimate appointment. Explained in detail how they were going to do repair, warranty and all options available to us. Would definitely use this company again.","Hey John! Thank you for your kind review, we're overjoyed that you're pleased with our service to you! We're glad Mike could put you at ease throughout the roof repair process. Please let us know if there's anything else you need! Our dedication to you and your home's improvement lasts a lifetime."
"AbFvOqkfpPy9u4tJyxTJ-BScN60MteZXUtVp7B3tB3RSxXp4PbI57lGjGnWFTXdaUTtEeB0buPqAlw","2023-09-02T00:59:58.928049Z","5","Port Jefferson Station","David Guillo","From start to finish this company was 5 stars. From the minute Jacob came for the estimate . He was professional, thorough, ,he was not your typical pushy salesman which i liked , kinda felt like i knew him for a long time.  The crew was ontime and  addressed all my concerns ,The project manager was nice and answered all my quesyions questions.  The job came out great ,They cleaned up great . I am happy i picked them to do my roof . If your looking for somoene to do your roof look no further , Rapid Restore is who you want . quality,professional,clean and on-time.","Hey David, thank you for your review and kind recommendation! We're glad we matched your expectations for a world-class roof repair! Thank you for choosing us for your roof repair and gutter installation, it was a pleasure serving you. We remain on standby should you need anything else! Our continued service to you and your home lasts a lifetime."
"AbFvOqnlm0BDPregcOeZOQko8Zgpcrqbr6r4u-Hbluh7azkx_xsZygKJdSfUyISCDDZyjmVMS7NT","2023-09-04T14:42:03.156034Z","5","Port Jefferson Station","Jeffrey Vasquez","Everyone was very friendly and hard working! They got the job done fast and efficiently. Highly recommend this company!","Hey Jeffrey! It was a pleasure protecting and enhancing your beautiful home. Please don't hesitate to contact us if there's anything else you need! & thanks again for choosing Rapid Restore."
"AbFvOqmezOUb4hPtBwM_bIgXusHEYXlTim-atk8ppYBd3gArBfD0ZBFfVjyMnYqRYT7JlllyxJ4-sA","2023-09-08T15:57:02.508425Z","5","Port Jefferson Station","Jean Kotkiewicz","Mike at Rapid Restore Roofing was amazing to work with, very professional and knowledgeable. Highly reccommend!","Hey Jean! It was a pleasure enhancing your lovely home and we hope you're enjoying your newly repaired roof! If you need anything else, we're just a phone call away!"
"AbFvOql9vLe1w1y3sIRJ2Hia_Uf7ZMGRny3EgAG3apS5tmRzvMx-piyhHztwJPW3b9v4bFSOfVVWzQ","2023-09-12T01:40:47.450910Z","5","Port Jefferson Station","Oszkár Tarján","I had some unexpected leak at our house what we recently bought. Rapid Restore Roofing checked it and they recommended to replace the whole roof. They started the job project in a few days as we agreed on. Crew arrived in the early morning and the whole job was finished by 5pm. They found some more unseen surprise while they removed the old layers of the roof. They knew what needed to be done to sort those new issues out. Got those materials quickly and finished it with great quality. Two minor staff had to be fixed after they left. They came back shortly and fixed them properly. I'm happy about the result.","Hey, Oszkár, thank you for your review! If there is ever anything else we can do for you, please don't hesitate to let us know. Thanks again for choosing Rapid Restore! Our commitment to you and your home lasts a lifetime. "
"AbFvOqmVtPXiue1pt0OlYUJ8t6lSA2ugBbMP2KbMPbJhmPZmobiI0pMkixwjtrhIC8njOYJs1zf0pA","2023-09-14T02:10:02.461657Z","5","Port Jefferson Station","Lorraine Tricoli","Wonderful service from start to finish!  Professional sales person Tom to roofers and Project Mgr Michael","Hey Lorraine! Thank you for your review! It was a privilege to be able to provide a roof replacement for your home. Our commitment to you and your home's improvement lasts a lifetime!"
"AbFvOqnze5LJFkR32RTXv6CgxwXI3YRZ3nJpXi0LXfsREM5pPGBzw2mDuisGLa8NBbN0eFu9Hs6k","2023-09-20T20:17:31.205870Z","5","Port Jefferson Station","Frank Irizarry","I just replaced my whole roof with Rapid Restore Roofing. It was an excellent experience from the initial estimate to that completion of the installation.  I received a very timely, competitive quote within hours.  The installation was scheduled within a week of receiving the quote.  The installation team was on time at 7 am,  completed the job in one day as promised, and left my completely clean as it was when they arrived.  I was very pleased with the work that did on my roof.  It looks great.  I would highly recommend Rapid Roofing Restore for your roofing needs.","Hi Frank! It means so much to us to receive such positive feedback from our customers. We sincerely appreciate your recommendation and hope to serve you again in the future. Please let us know if there's anything else you need, we remain dedicated to your home's improvement for a lifetime!"
"AbFvOqlWEkEBhyFhmPPtvqrzrz-h-hXhkaopfaOgUnXX78e6KAd3Qn64fGw96oKU2_QAVmi41kBd","2023-09-21T18:37:23.067499Z","5","Port Jefferson Station","April Bordges","They were very easy to work with from start to finish. They were truthful and upfront about everything. The way they cleaned up was amazing, you would have never known a roof was just redone. I absolutely recommend them.","Hey April, thank you for your review and recommendation! We're honored that you chose us as your roofing services provider, and it was a pleasure enhancing your beautiful home. If you need anything else, remember we're just a phone call away!"
"AbFvOqnMCnl69ycCHPsBDn8TA9i_PiiA17WXTjhyWVmwgoLlUTT3knw9HY9dserXhd6h7QrC4tv-Aw","2023-09-25T18:34:53.453454Z","5","Port Jefferson Station","Jack Farenga","Unmatched customer service and expert quality roofing
Wonderful experience
Mike D was a pleasure to work with.
Mike the Project Manager was a pleasure to work with as well
Highly recommend Rapid Restore
You won’t be disappointed","Hey Jack! Thank you for your review and kind recommendation! We're delighted that you chose us as your home improvement partner, it's a pleasure to serve you. Please let us know if there's anything else you need!"
"AbFvOqktJS4RyOV3z3Xk4CeBp7-yPTKykEx1gUeVlYgutdJ9SbQxDrixsJ5NxgXKbdDR9Y9sYXCm","2023-10-02T20:31:51.227705Z","5","Port Jefferson Station","J B","Rapid Restore was efficient, did quality work and charged a very reasonable price.  Joe is a straight shooter, and his team does quality work.  When something wasn’t exactly as I wanted it to be, the site manager drove an hour away on a Sunday to pick up supplies to still finish the job in 2 days total,  Really impressive.  Would definitely use them again.","Thank you for your review Jason! We're delighted that you chose us as your home improvement partner for one of the most important aspects of your home, your roof. It's a pleasure to serve you. Our commitment to you and your home's improvement lasts a lifetime!"
"AbFvOqnJP-TZwqfEvZfMeUDrgzzJ5tkQuVtGwoCNSe3-k9tkGqzRpeFHFSHfcMbGPr_YRIc5mbxDzQ","2023-10-04T22:20:23.331342Z","5","Port Jefferson Station","Peter Hagicostas","Categorically one of the best roofing companies I've ever dealt with!! They are the best of the best. To prove my point they're my only referral for roofing in all future home inspection reports I generate!
Peter Hagicostas
North Star Inspections","Thank you for your review and kind recommendations Peter! It's an absolute pleasure working with you. We look forward to our continued work together!"
"AbFvOqmZid4MdyqzX1kjG8FLpghV3K31113gKPHwDHi1BOx7Whm9iXTQLtaBX9cpLAjtvyw1ysaSBQ","2023-10-06T14:29:31.987318Z","5","Port Jefferson Station","Terry kempster","After the days of rain the we saw leaks numerous one we never saw before. Called Rapid Restore Roofing on the September 25,2023 and Tom Hoeffner came the next day. He climbed all over the roof and in the area that was small we use for xmas things. He examined everything -we saw samples and we were ready to go. They came Oct 2. Here on time and finished everything in one day- they were very careful with the bushes and draped the house. Cleaned up everything. The crew was great.They even straighten my chimney cap and help add a piece to my gutter down spout.
They were great and if you need a roof fixed give them a call.","Hey Terry! Thank you for your detailed and insightful review! We're so glad to hear that Tom and the crew took care of your roof leaks. Our service to you and your home lasts a lifetime! Thanks again for choosing Rapid Restore."
"AbFvOqloVd9rmsl397ui42DE4GJEzlE0mRnBoS-tF4a4f6j6-vAEbVY91RIapvEaHFKiTATciCX5kg","2023-10-07T12:44:24.399314Z","5","Port Jefferson Station","Arlynne Schatzkamer","Very good product knowledge, great team of roofers, super clean,  takes extra time explaining installation. No high pressured sale.","Hey Arlynne, thank you for your review! We're honored that you chose us as your roofing solutions provider, and it was a pleasure enhancing your lovely home! If you need anything else, remember we're always just a phone call away."
"AbFvOqlDZ9twm1dQW20kWQW_H2dy_T_1I7lCWj0bY8jKCWVMvEQpAmBRkIz0PYxye_it292jzZ386Q","2023-10-10T13:56:24.732077Z","5","Port Jefferson Station","Sal G","Mike and Team were on time, professional, reliable and fixed my incorrect flashing and detail at my 2 chimneys. Best experience I’ve have with a contractor on Long Island to date!","Hey Sal! Thank you for your review! It was a pleasure meeting you and solving your roofing concern. Please let us know if there's anything else you need!"
"AbFvOqkqd35Hw551_catVI9jKPHWzJT4vDS_nAxXsVvMQu1q0rKqqWWMPnKgnI1b6za4YGaLfs5P7w","2023-10-12T23:58:57.459473Z","5","Port Jefferson Station","Sharon Z","I just had amazing experience with Rapid Restore today! I called one of their sales person Jacob on Monday. He was able to provide me the date for the estimate in 2 days , also fit my schedule perfectly. We received a competitive and reasonable quote yesterday. Jacob is honest; and he was able to go through every single items detailedly even the nails, also he pointed something the other company never mentioned! That’s is why we accepted his quote right away.
Luckily we can schedule the installation the next day. Mike and the loan team was helping us got all the paperwork done within one day. Today the team arrived on 7:00am, finished the installation in one day and cleaning up everything! Both the project manager Gary and the team crew are super nice, professional and did the great job! That is so impressive. I would highly recommend Rapid Restore for your roofing needs!","Hey Sharon, thank you for taking the time to share your experience with us! We're so pleased to hear that Jacob was able to provide you with a competitive quote and that Mike was able to help you with the paperwork! Thank you for your kind words towards Gary and the crew team for the roof installation, we're so happy that we could accommodate your schedule. Our commitment to you and your home's improvement lasts a lifetime! Please let us know if there's anything else you need."
"AbFvOqkaBz1VHT4OPGC2RkK56tzPpER8-8GSdpXDa5P_WdFB9EzU0ObVGDL8-3Mta6aUgLEnk9FRTg","2023-10-13T13:37:00.298635Z","5","Port Jefferson Station","Robert McEvoy","Very professional and detail oriented. They arrived on time with a complete crew (and Project Manager), which was prepared to work. They began working together as a team and continued until the roof was complete. Tarps covered areas needing to be protected and they cleaned up as the job progressed. At the end of the day, all debris was cleaned up and removed as if they were never there. Very pleased with the company, their workmanship and final result. The roof looks great and more importantly, the job was done correctly without cutting any corners. Highly recommend!","Hey Robert, thank you for the review and for choosing us to perform your roof replacement! We're glad that you're pleased with our continued service to you and your home. Please let us know if there's anything else you need, we remain dedicated to your home's improvement for a lifetime!"
"AbFvOqnyzkPH_Yg5nDSQg1Dq8k_-S40itzBedkhGFNjKEAf38HSYwYSiz71B_qGEXjT7CnKXK-a9sA","2023-10-13T16:11:17.868257Z","5","Port Jefferson Station","Erin Grey","We just had our roof leak repaired by Rapid Restore, and they were great. Mike D came to check everything thoroughly before giving an estimate and was super nice, professional, knowledgeable and explained everything to me, as well as answered any questions I had. He came on time (earlier even, which was AWESOME). The guys came and repaired it really quick too. Thank you so much!","Hey Erin! Thank you for taking the time to leave us a review! We're glad that your experience with Mike D was a pleasant and informative one – someone give that man a raise! We appreciate your business and we remain committed to your continued satisfaction. Please let us know if there's anything else you need!"
"AbFvOqmsx8j_-_ZydLg2Rw_nJ9nTrO3WldhpDW3wuqA90iE4BA8Vo76SGrP7qvFGf2PNqRN-8HUh5g","2023-10-15T12:50:50.309328Z","5","Port Jefferson Station","Hummus Fit","Exceptional service from start to finish! The team at Rapid Restore exhibited a high level of professionalism and expertise throughout the entire process. From the initial consultation to installation, every step was handled with care and precision. The communication was outstanding, ensuring that I was informed at every stage. The quality of the materials used and the craftsmanship displayed is truly commendable. Not only did they complete the project within the estimated time frame, but they also left the site impeccably clean. I am incredibly satisfied with the durability and aesthetic appeal of my new roof. I highly recommend Rapid Restore to anyone in need of reliable and top-notch roofing services. Thank you for an outstanding job!","Hey! Thank you so for taking the time to write us a review and for your kind recommendation! We look forward to continuing to serve you in the future. Our commitment to you and your home's improvement lasts a lifetime! We're just a phone call away if you need anything else."
"AbFvOql-5Imn8Os6KLEbZCGHOQKTadq2tID0uC1l-GsRXDW0waIwku_iX2y5CFXlIzxKAn9dRd3tRQ","2023-10-17T23:00:24.310Z","5","Port Jefferson Station","Tom Altieri","Job was done.
It was done it correctly quickly.
And with a great amount of detail toward my problem. I I appreciate the attention given to my job and I would not hesitate to use them again. And also I would not hesitate to recommend them to anyone. Who's looking for work done on their home.The job was done well and to my satisfaction. And I have no complaints.","Thank you for your review and kind recommendation Tom! Please let us know if there's anything else you need. We remain committed to you and your home for a lifetime!"
"AbFvOqlqw45Xj0IqTI2Az7C-BRyC1hVRhV5Kuo1eN8wESfSko_jGl8UI-yUAXU7glFde6Pf1NjrdjQ","2023-10-18T10:30:39.365159Z","5","Port Jefferson Station","Kathleen Spatz","We had a terrific roofing experience with Rapid
Restore from beginning to end.

Our home has a flat roof and must be maintained properly or leaks will start to appear.

From the first conversation with Mike Meinardus, to the estimate visit with Michael Dietrich and the crew doing the work we are extremely satisfied. Even the financing was a breeze.

We highly recommended Rapid Restore Roofing for all your roofing needs.","Hey Kathleen, thank you for your review! We noticed a little bit of rhyming in there! We've never received a poetic review before so thank you, we may just use the last two sentences as a new tagline! =D We remain on standby should you need anything else! Our service to you and your home lasts a lifetime."
"AbFvOqn-fXjafXI6jBGtzbi27Y5zmwMG873HpPflDHGh9__XDYEAv6ZW6TCToi91s5p2_pasEfpV","2023-10-18T22:07:25.151699Z","5","Port Jefferson Station","John Ranger","We had a leak in a very old roof. We called Rapid Restore and spoke to Jacob who spent a considerable amount of time with us answering our questions and explaining every detail of the process of removing and replacing our roof. When the day came, the crew arrived on time and began working.
During the process the project manager on site photographed every step and downloaded the photos to our computer so we could see what was happening in real time.
There was more work than anticipated so the crew finished by 6pm.
The wife and I are extremely happy with our new roof.
If you or anyone you know needs a new roof, we highly recommend Rapid Restore Roofing.","Thank you for taking the time to leave a review and for your kind recommendation John! It was a pleasure enhancing your lovely home with a new roof. Please let us if there is anything you need – our commitment to you and your home's improvement lasts a lifetime!"
"AbFvOqnupeyvfGnLbZKo70_BRKXbGcAOB18eUi_Q270tDMRk1dtQWRAiS3PDvhAxBELexpvR5Tw","2023-10-18T23:10:26.001834Z","5","Port Jefferson Station","Sue","Give this company 5 stars. They were professional reliable and did more than expected.","Thank you for your review Sue! It's a pleasure serving you. We remain steadfast in our dedication to you and your home's improvement – please let us know if there is anything else you need!"
"AbFvOqkpuBCUJ35RBYCFSKuaCJ7P3NRL1H_YvTkoIKQAHl-wRdaFma93QvW3FGZilomUJA3I_RwUcQ","2023-10-23T00:59:45.635566Z","5","Port Jefferson Station","Corina M","Kevin's team showed up on time and finished the job quickly. We are very happy with their work. They sent pictures while the project was done. We had a good experience with Rapid Restore Roofing. Highly recommend.","Thank you for your kind recommendation and for sharing your experience with us Corina! We're overjoyed to hear that you're enjoying your new roof, please let us know if there's anything else you need! Our commitment to you and your home's improvement lasts a lifetime!"
"AbFvOqmp9dRJ7JikKc3NJzlqVJbd66Lk7bfz99yJxzwVHzpmMdEc7iRpBi1DtfDs-jFMbIkS420pMg","2023-10-23T12:33:17.371177Z","5","Port Jefferson Station","Michael Shamma","Very professional company. They are very responsive and always show up on time. They did exactly what they told me they would do and did it well. They take the time to explain the work and answer all questions in an easy to understand way. I highly recommend them.","Thank you for your review and kind recommendation Mike! We're honored that you selected us to protect and enhance one of your most valued assets, your home. Our commitment to you and your home's improvement lasts a lifetime! Please let us know if there's anything else you need. "
"AbFvOqkSs35_5Zz1qanLw964O1ee1vDDGHdMXYbhT_BMY8t-K0z8pwFxbW-QmF-wm_958z-EltKuuQ","2023-10-23T13:56:29.976695Z","5","Port Jefferson Station","Christine Caposio","The entire crew at rapid restore were respectful,  courteous and conciencous.  Their work quality and clean up was impeccable.","Hey Christine, thank you for your review! We're ecstatic to hear that you're pleased with our continued service to you and your home. Our commitment to you and your home's improvement lasts a lifetime, so please let us know if there's anything else you need!"
"AbFvOqlacJcRMEdN8QWLRphBH7Ikk-vT9fLSe_HTnfP7WvrdA2i93IWFErfeUh0p7-pfU_hALR5n9A","2023-10-24T18:58:20.865116Z","5","Port Jefferson Station","Ronald Grella","Did a top notch job through all phases of installation. From the beginning tear down to the final clean up all was professional.","Hey Ronald, thank you for choosing us as your roofing solutions provider! It was a pleasure repairing and replacing your roof. We remain on standby should you need anything else! Our commitment to you and your home's improvement lasts a lifetime."
"AbFvOqnXIt7_tX8uOF6zOkvb_zkAZV7vwjOOfs72J6uNuroIvPlGKjSg9HdXl2puYyFKkpwFiwXW","2023-10-29T23:07:54.107667Z","5","Port Jefferson Station","agata tilli","They were extremely accommodating! We are so happy with our service! I would absolutely recommend them to everyone! Very fair pricing! They were very professional and clean. Don’t walk, run to make the call. Get your estimate and you won’t be disappointed!","Hey Agata! Thank you so much for your kind recommendation and for taking the time to share your experience with us! We're thrilled that you're satisfied with our services to you and your home. We truly appreciate your patronage and are so glad we could provide you with quality service. Our commitment to you and your home's improvement lasts a lifetime! "
"AbFvOqmDIOhszT9MK9Tp_NBinrp42Q7wCQGR1-Hg_i4_NjHnxQIzvBHpxB4589AXqLGyW-gjQ8G5qQ","2023-10-31T12:23:59.357687Z","5","Port Jefferson Station","Natalya Urovish","Everything was great. This company is professional from start to finish. Love my new roof.","Thank you for your review Natalya! It was an absolute pleasure repairing your roof. Please let us if there is anything you need – our commitment to you and your home's improvement lasts a lifetime. Remember, we're just a phone call away! "
"AbFvOql5A67-8HAc2LAGfPdJYHig87AqJZ4-Us54eebdH2OTgkIpTF1cN91WQk-9ZcVxf0LBbYKPog","2023-10-31T14:05:11.525574Z","5","Port Jefferson Station","Karen Susan","My family and I highly recommend this company. They are highly professional and the most reasonably priced company we found for they work we needed done. They were on time, worked efficiently and had it done all in one day. Our roof looks amazing from all the high quality drone pictures they took and showed us. They were honest, friendly, courteous, neat, and thorough. They are number 1 in our book, we will definitely use them for all our restoration needs in the future.","Thank you for your review and recommendation Karen! We're honored that you selected our company to install a new roof to complement and protect your beautiful home! Our commitment to you and your home's improvement lasts a lifetime! Please let us know if there's anything else you need!"
"AbFvOqkhhqSPieJU5U0qm6wjv4eqwdwcoyqx7gziL1uDmVTJQTiDLk9bxAG9oboflDxX8pDrnXUS","2023-10-31T14:09:20.009613Z","5","Port Jefferson Station","D Nye","The team is very professional and knowledgeable about all aspects of the project from the quote process, materials used and following up during and after the project.  It was great having them replace our roof and now we have piece of mind that it was done right and with the proper materials so we don’t have to worry!","Thank you for your review D! We're grateful that you chose us for your new roof installation and we're glad that we were able to provide you with some peace of mind – this is why we do what we do! We remain steadfast in our dedication to you and your home's improvement! If there's anything else you need, please don't hesitate to reach out."
"AbFvOqlxpjN6i2FLXmefjN4XRaPfg8mcSq-6cDRMZvU3tInrP1BJ-RNFGZ60Hadn1ZqM0707kgxmGQ","2023-10-31T18:38:30.970682Z","5","Port Jefferson Station","Gary Darzano","The owner and rep were on top of everything- The concerns I had were addressed immediately.  Had a really bad leak that a few roofers had trouble finding - AFTER seeing their pictures and the work they did it seems like the leak has been repaired in both spots- Just on the way they conduct themselves I would use them again. They replied fast and were at my door in less than 3 days- They explained and went over the details of the repair and were done by mid day!","Hey Gary! Thank you so much for taking the time to review your experience with us. It was a pleasure to enduringly repair your roof leak! Please let us know if there's anything else you need. Thanks again for choosing Rapid Restore Roofing!"
"AbFvOqlfEDedCN0suCpyXfCNxgrR5dcXfVQcxncJeaVzLB1jGKcHy_zS2K_jT-hqogopYsO_0xI7","2023-11-01T05:14:13.149227Z","5","Port Jefferson Station","Maria Quintana","Thomas and Gary are awesome to work with. They as well as the crew are very professional, pleasant and respectful.

I would recommend Rapid  Restore Roofing to  anyone. They did an excellent and clean job.","Thank you Maria for expressing your experience with us and for for your kind recommendation! It was a pleasure installing a new roof on your lovely home. Please contact us if there is anything you need – our commitment to you and your home's improvement lasts a lifetime!"
"AbFvOqlk1NFRPWzUNc4YQvM4PBWosPOwvRQDNw2A4RoaZFBzcDZmKM82FtRY5RipqDRqV7WEBXlRkA","2023-11-02T19:23:50.315017Z","5","Port Jefferson Station","Nicolette Schleisman","Rapid restore is fantastic to work with. They are knowledgeable and professional and get the job done when they say they will! I had a slight issue with the work done, and they came back out quickly and got it fixed and I am so pleased with the result. They also do a great job at cleaning up the debris after they were done. They worked with us to get us a good deal on our roofing project. I have zero regrets booking them and feel relieved knowing the roof they installed is great quality and will last a long time. Thank you to the team!","Thank you for your review Nicolette! We're glad that we were able to work out a price that was within your budget and provide you with some peace of mind after the new roof was installed! This is one of the core reasons why we do what we do! Our commitment to you and your home's improvement lasts a lifetime, so please let us know if there's anything else you need."
"AbFvOqmNpiNWLJWLhuCr8ICtjkFXbCBAscmm1TDXWQZ6FfFd8HulWE1yIxRTnti4ShmYF8yjSyv8mQ","2023-11-04T12:49:07.831468Z","5","Port Jefferson Station","ladyleo298 Q","Thomas and Gary are great to work with. The crew did a great job.  They are professional and respectful and did a great job.","Thank you for your review, it was a pleasure to serve you! We remain steadfast in our dedication to you and your home's improvement, please let us know if there's anything else you need."
"AbFvOqkSw34uqbk5iuWhNPWQdj0NUx2xUfow1XOCyByRInu9DLx5z43BsE4f5xvZ5-q4cbkouvq9aw","2023-11-11T13:42:34.361153Z","5","Port Jefferson Station","Steve Turek","Team arrived,went straight to work. They worked very well as a team. Finished roofing by days end and clean up was impeccable,like they were never here. TOTALLY satisfied. Highly recommend.","Thank you so much for the review Steve! Customer satisfaction is our guiding value so this review really hits home for us. Please let us know if there's anything else you need! We remain dedicated to you and your home's improvement for a lifetime."
"AbFvOqlMH7FAa81FZZ2bUjvmgU-bfQ7ZBJNtsNzgJPcU2YVkfe8RcF_Bt5-BKTSkvEYY4WTBWY6_","2023-11-13T16:10:20.254048Z","5","Port Jefferson Station","Phyllis","I have to say working with Joe and Mike was easy and relieving to know that they had it all taken care of. The commercial roof we did came out great. All problems were addressed and I don’t have to  worry anymore about any leaks etc","Hey Phyllis, thank you for your review and for choosing us for your commercial roofing project! It was a pleasure working with you as well. We remain on standby should you need anything else and look forward to working with you on future projects!"
"AbFvOql78YcSc5nIpt9q2O4loYqLLljn8791IuJ1mQuu71ZYUoUpVqMKtop78R6wwG_H4V_5lc_xlQ","2023-11-16T19:08:50.821878Z","5","Port Jefferson Station","Rob Golub","I had called a few companies to give me some estimates about replacing my roof. I needed a full two layer rip-off  plus all new sheathing.  They mad it very effortless from Thomas coming and writing the estimate to Gary showing up with his 9 man crew.  My full roof was completed in one day! And the outside of my house left cleaner than I had left it.  I highly recommend them for any type of roof work.","Thank you for your review and kind recommendation Rob! It was a pleasure replacing the roof on your lovely home. Please let us know if there's anything you need – our commitment to you and your home's improvement lasts a lifetime!"
"AbFvOqkJ7Duk5Cc5XnkCScwfguiSBrFHaiYRrslWXGQTeLwuMEuueYzi96PG1VHSW1tFQSTZZoKPxw","2023-11-17T22:38:40.271546Z","5","Port Jefferson Station","J DiFava","Very happy with the work done by Rapid Restore. From the beginning the whole process was pretty seamless from the estimate to do the of the job. No headaches. Very transparent throughout the whole process.","Hey J! Thank you for your review, we’re delighted to hear that we could meet your expectations! Thank you again for choosing us and please let us know if there's anything else you need. Our commitment to you and your home's improvement lasts a lifetime!"
"AbFvOqmoHIuzfrBTMl52N_8uWQkfzGm8N0q9uTgR-hSm0gE9_rQaqT4xIeGGC4yeDE6tEdW5LVzE","2023-11-19T15:51:45.236213Z","5","Port Jefferson Station","Eufrasia Mashburn","My flat roof was leaking, after receiving several estimates I decided to go with Rapid Restore Roofing, not only did they give me the best price they gave me more for my money. I am truly glad I made that decision. They did everything they said they would and in less then a day.  All debris was taken away my property was left clean. I want to thank the crew for doing such a great job.","Hey Eufrasia, thank you for the review! We're so pleased to have been able to help with your roofing needs. Our top priority is to provide compassionate service and we're glad that we could hit that mark for you. Thank you again and we're glad you're enjoying your leak-free flat roof!"
"AbFvOqkWhaobrmqQxigfY72EXNJJMXHuD1Y5WOPZbf-MRNG4pbHkF47y5q4LtbmymBESPzTwDLnYUQ","2023-11-20T15:28:11.630900Z","5","Port Jefferson Station","Tuncay Dosdogru","Great service. I don’t think there is better then this guys. From beginning of the process to the end they did great job and great customer service. Highly recommended","Hey Tuncay! Thank you for your review and kind recommendation! We look forward to providing excellent service for you in the future. Please let us know if there's anything else you need!"
"AbFvOqlHvCqPhsNlMSExzcl1WIwXTY_9OVbsiAC-7hY6Xcr_GPCuIzqeAsMy1WVry8uw49C26AJofg","2023-11-20T17:56:56.647412Z","5","Port Jefferson Station","Anthony Domenchello","It's hard to find a good contractor look no further. from the initial quote where everything was explained and in writing. to the completion where my place was cleaner then before they arrived. They are absolute professional not to mention the roof looks amazing.","Hey Anthony! Thank you for your review, it was an absolute pleasure meeting you and working on your roof. Please let us know if there's anything else you need!"
"AbFvOqnS5CbKv8JvWy7hENCdM6V-Ks4IJhEdaEZvcrQ0F95vrG4CcCm7Gu1lfD6lF-QWDokmgn6XaA","2023-11-21T14:33:32.955799Z","5","Port Jefferson Station","David Breitstein","Very professional, meticulous and efficient.  Replaced roof, skylights, venting stacks and gutters in one day...and just before the rain.  I would recommend Rapid Restore for your home.","Hey David! Thank you for your review and kind recommendation! It was a pleasure to help you with your roof. We're glad we were able to provide you with service in a timely manner! Please don't hesitate to reach out to us if you ever need anything in the future. Thank you again for choosing Rapid Restore!"
"AbFvOqmcvu_zKC4ymoRIzRq-6vUapx4aBePcBjQpvW6_vfJGoIY4-P2Pj-akpyv6bEV5nkHvcaz4JQ","2023-11-21T15:02:22.426977Z","5","Port Jefferson Station","Ramona Paden","Excellent service with RAPID Restore Roofing, they were very professional they explained every little detail performing the job, I would recommend them to anyone that needs Roofing done they are Beyond five stars I give them more than 10","Hey Ramona! Thank you for your wonderful review and kind recommendation! We strive to provide compassionate service for our community, so this review really hits home for us. Please let us know if there's anything else you need! We're committed to you and your home's improvement for a lifetime."
"AbFvOqmmJSXzv5oq0UWlrx15S8BDj5I_7ValNft-Ad7oMekcRf1tXCctdwHjKsfALm4S5RcdSQcyNw","2023-11-23T13:25:04.675881Z","5","Port Jefferson Station","Roseanne Iuculano","This was an amazing experience! I woke up one morning and decided to put a new roof on my house—- before my renovations began. This meant I needed an estimate and the work completed in
Less the 7 days.
The estimate was done on a Sunday and my new roof was on by Saturday —It took them 1 day and a half to do my roof.
You’d never know they were there—-except for my new beautiful roof!
Everything promised was delivered—I highly recommend you call Rapid Restore Roofing ——before anyone else.","Hey Roseanne! Thank you for your review kind recommendation! It was a pleasure working on your lovely home. Please let us know if there's anything else you need! We're always just one phone call away. "
"AbFvOqnX30jeR8esO-F0I7zaZbqo9rbJjvHwSJEkLZ45XWbN4JyGjTCiu5TNDe1eL7xwzLcn0XlzXg","2023-11-23T13:54:26.513955Z","5","Port Jefferson Station","Vincent Oleary","They did an amazing job with my roof. Employees were very respectful to and family. They helped us leave the house  and they moved all the roof and debris out of the way  so we can get out of the house Safe.I highly recommend them if you need a roof nest like Anna.","Hey Vincent! Thank you for your review and for giving us the opportunity to serve you – it was a pleasure! Please let us know if there's anything else you need. We remain dedicated to you and your home's improvement for a lifetime!"
"AbFvOqnlsVXOmBNqFSYW-rx-Sbdqk8hYu4Xu457ftr7RVDiImWaEImJjXUfT_CkW16ydBpfniCFrMg","2023-11-24T15:44:54.885722Z","5","Port Jefferson Station","CRAIG","I called because of a roof leak
A tarp was installed
""the same day"" to protect may home from any further damage
There was no additional  charge to install the tarp!!
The project manager and vp quickly addressed any concerns I had!
I highly recommend this company!","Hey Craig! Thank you for your review and kind recommendation! It was a pleasure helping you with your roof leak. We're glad that your project manager addressed any questions or concerns you had in a timely manner! Thanks again for choosing Rapid Restore! Please let us know if there's anything else you need. "
"AbFvOqnwJNMhPSNiA24IgSddep4w_V-cKUGA5621rQt3oVTr5dgIEe770ajRqNV-1sVZS5Jp0rPUcw","2023-11-25T20:23:19.904568Z","5","Port Jefferson Station","Katie DiBona-Hoey","Rapid Restore Roofing did an amazing job with our roof repair! When it is time to redo the rest of our roof, we will definitely be calling them.","Thank you for your review Katie! It was a pleasure meeting you and repairing your roof! Please let us know if there's anything else you need. Our commitment to you and your home's improvement lasts a lifetime!"
"AbFvOqmzZ9KgVCd6F8rzYvMS8vIz0cLH6cHy5cKY0PfJp0LqAmP-82cTRj8Hc2c2pi33ndXQj-y6LQ","2023-11-26T16:16:11.854696Z","5","Port Jefferson Station","Tania Cohen","The entire job from start to finish was handled very professionally and neatly done. I was very pleased with the end result and would highly recommend rapid roofing!","Hey Tania, thank you for your review and kind recommendation! It was great to meet you and work on your lovely home's improvement. Please let us know if there's anything else you need!"
"AbFvOqm0Kk1YE8gIvVg7vP_XWjr3iABUcWq7ZIVagZwVPCsW7jLNmvNsOv0DyG1br7ChvESgvX9Q","2023-11-26T23:51:15.107802Z","5","Port Jefferson Station","Jlizzel","The Rapid Restore group was on time and very organized. They did an amazing job and cleaned everything up! I highly recommend them!","Hey Jlizzel, thank you for your review and kind recommendation! It was a pleasure working on your roof! Please let us know if there's anything else you need. We're always just one phone call away!"
"AbFvOqnggdrUPHa_de8sSu6I9wOyfd_U8i9f_DUm3EmVlUPqKA3tjD90YlTThAiC1mkHlXr9xObi","2023-12-06T13:34:32.089593Z","5","Port Jefferson Station","JoAnn C","Rapid Restore Roofing was great, from the first phone call to scheduling, and the repairs. They were great to work with and I’m glad to have found a company we can trust.","Hey JoAnn! Thank you so much for your review and for taking the time to share your experience with us! It was a pleasure meeting you and repairing your roof. Please let us know if there's anything else you need! Our dedication to you and your home's improvement lasts a lifetime."
"AbFvOqljk7fpLbUJFR1ArhUIJN-I0N6ACz_ZtOkCzKRD4H0u6Idgzrex5c6CgHEW_kDNd78XVqAC","2023-12-06T23:49:33.234484Z","5","Port Jefferson Station","Maria Beneventano","We recently had our roof replaced by Rapid Restore on December of 2023. This company went above and beyond with every single aspect of the job. They were on time and very professional, having a project manager kept the job running smoothy and organized. I would recommend this great team of workers to anyone who is looking for a great roof  and a great company","Hey Maria! Thank you for your review and kind recommendation! We're so glad that our team was able to meet your expectations. If there's anything else you need, please let us know – we remain on standby should you need anything else!"
"AbFvOqlDKK6QVgBF499RqqTNjYqhcqynhGk2_HPbElcnLb9qXH2451o86uDOGjQudCcEqRdavVFIUQ","2023-12-08T04:51:27.892732Z","5","Port Jefferson Station","Maurice O'Leary","Rapid Restore Roofing is a great company. Their workers are efficient and very responsible. They are by far the best roofing company I have had work on my home.","Hey Maurice, thank you for your review! It was an honor to get the opportunity to meet you and work on your home's improvement, thanks again for choosing us. Please let us know if there's anything else you need!"
"AbFvOqkvy_I0JXv770wnWNodyfeiPo3DpYhvCsdJkN3za7zQWWelzzeVaVvPjd0sRZ6_wWeEst4H","2023-12-08T13:41:35.267875Z","5","Port Jefferson Station","Mehwish Shaikh","My roof looks amazing.  Rapid restore roofing exceed my expectations.
Really great job","Hey Mehwish! Thank you for your review! We're so glad to hear that you're enjoying your new roof, it's our pleasure to serve you. Please let us know if you need anything else! We remain committed to you and your home's improvement for a lifetime."
"AbFvOqmW3Ay41aCUvdNOQZKwTS0bhUIa8rzWs3oYs8wfjz8534E7NcsU71tM8MeI7wbOPCppt76j","2023-12-09T13:13:20.245564Z","5","Port Jefferson Station","Karen Oliva","Michael and his team were very professional and did a great job.  I highly recommend them!","Hey Karen, thank you so much for your review! It was a a pleasure and honor working on your roof. We truly appreciate your business and your recommendation! Thanks again for choosing Rapid Restore."
"AbFvOqn_3DDk_Vr1J34y73cAGGLh9mv0PTTx_zCbT6O6uLC4CoFYv-uMiCEh65lpJ4qouobxQBUSgg","2023-12-13T13:39:07.729858Z","5","Port Jefferson Station","Joey Lax22","From the minute I called Jacob G from Rapid Restore Roofing for my mother's home, it was flawless experience.  From start to finish, literally telling us about family business from a father's dream, to three cousins running top elite roofing company.","Hey Joey! We are so humbled by your review! It fills us with joy to know that you had a positive experience with us. Thank you for the opportunity to enhance and help protect your mother's home. If there's anything else you need, please let us know – we remain on standby should you need anything else!"
"AbFvOqkh_9It7pj6U7RVptJT6I5zTcPXjA4MOnHuFuX6OXOq34aSFe8nqQJw9t99Y6p1XPbCFCFy","2023-12-15T21:12:01.185219Z","5","Port Jefferson Station","Rich Ni","a very professional group of workers, I will use them again, thanks for the good work","Thank you for your review Rich! It was a pleasure working on your roof and thanks again for choosing Rapid Restore. We remain on standby should you need anything else!"
"AbFvOqnDwfR2JF2G3l_4y2cgGjtpbAWjVpfoDX_U9pOe92tQ12NurlIYcKo8BT0TBuzt_qob1iNwYA","2023-12-21T19:24:56.503954Z","5","Port Jefferson Station","Mike Singer","Had a new roof installed by another contractor. Had leaks for 2 months and previous contractor came back 5 times to fix. Rapid restore fixed the problem the 1st time quickly and cleaned up when they were done. Received pics of it and good communication on the process","Hey Mike! We're thrilled to hear that we were able to resolve the leaks for you! We understand how stressful it can be when issues arise out of nowhere, especially when you just had some work completed so we're glad we could help. Please let us know if there's anything else you need – we remain committed to you and your home's improvement for a lifetime!"
"AbFvOqmUNPYkEa8GBgly6hbU9LhaofzpY6Ae_s5KwGyNG83V25rLS2hkEOTgfV4sumNOTtDYImScBg","2023-12-21T20:57:04.582430Z","5","Port Jefferson Station","MRC Electric","Experience was excellent they did everything they said they would","Thank you for your review! It was a pleasure working on this project, thanks again for choosing Rapid Restore. Please let us know if there's anything else you need!"
"AbFvOqnyLefM-de6_HcaNXXZaZb4Zgp2ZfmsxYD_1eT43VGT8GSX95JnlCC_dYaMcoaqAaQ4M5tcGg","2023-12-22T19:02:35.521822Z","5","Port Jefferson Station","Teresa Holler","I could not be happier with my new roof!  I was so apprehensive going into this project due to cost- but everyone at Rapid Restore understood my concerns and were amazing.   All work completed in one day including clean up :).  Would highly recommend!","Thank you for leaving us a review Teresa! It was great meeting you – we're glad you're enjoying your new roof! If you need anything else, please let us know. We remain committed to you and you're home's improvement for a lifetime!"
"AbFvOqn6w0Q4865tAz7kWiQcfNZ9sEiR23a0Qd7cC6EOA3ldo3ZuiX5s_s1mrOtxlBcNbaRkNbCb","2023-12-24T13:09:55.055258Z","5","Port Jefferson Station","Oldstone Oldstone","Overall a five star experience. The job proceeded like clockwork, from the initial consultations to the final installation, everything was done with the highest level of professionalism.","Thank you for taking the time to share your experience with us! It was a pleasure to work on your roof and we're always happy to help if there's anything else you might need. Thanks again for choosing Rapid Restore! We remain commited to you and your home's improvement for a lifetime."
"AbFvOqnYzDzox3PmDJeMo3rUbF7KlzVulMNRefasCz2nTSrLyYDZNEXU5NH2Zfqv-llG79XYXBxQEA","2023-12-24T15:31:41.738807Z","5","Port Jefferson Station","Georgiann Martin","Very pleased with my new roof done by Rapid Restore","Thank you for your review Georgiann, we're glad to hear that you're enjoying your new roof! Please let us know if there's anything else you need! We're always just a phone call away."
"AbFvOqka1rbu3IV4nBZcvlbSIbAK25ovNsXT-fsZkzYosuQD4KZCGUr99CcQlfbkn_gV_1V5x4CJ6w","2023-12-26T13:08:28.322375Z","5","Port Jefferson Station","Mary Lilienkamp","Guys did a great job. Showed up on time and cleaned up like they were never here.","Hey Mary, thank you for your review! If there's anything else you need, please let us know – we remain dedicated to you and your home's improvement for a lifetime."
"AbFvOqkD6Jyi9Eh-3-qQvNmMP-kNN-sLDEhCwB054v7liV7hscOZ2xG4WX0DmAN23NBajzd3HvvkkQ","2024-01-02T14:04:14.429262Z","5","Port Jefferson Station","scott Lindenbaum","From start to finish an amazing company that does everything they say and as efficiently as I have ever seen.","Hey Scott! Thank you for your review! We're so pleased to hear that you were satisfied and we're grateful that you chose us for your roofing needs. If there's anything else you need please let us know."
"AbFvOqlTB8zGWCRfKA6nbgO-YzfyuEIxVpr1Fqibmn3rbiWdT7MxSpXZdVx98PocUvJLsScvdKIaKw","2024-01-02T16:58:17.609268Z","5","Port Jefferson Station","Joseph Anderson","I dealt with Jake, Mike, and Gary on a new roof replacement. They were one of the few roofers to consistently follow up throughout the process. They explained clearly, provided fast and efficient work on the new roof and were very accommodating before, during, and after the job was done. Would recommend and seem like good people.","Hey Joseph! We’re so glad to hear that you had a positive experience with Jake, Mike, and Gary. We’re glad that we were able to meet your expectations. If you need anything else don't be a stranger – we're always just a phone call away!"
"AbFvOqmx_z36e1l9nb2-2if6Q9CwN0tu8QPdkyEbzhnUgOfIZjQVjUlR66acDa4UeAlPiPfPi3wN7Q","2024-01-08T15:48:15.343413Z","1","Port Jefferson Station","Betty mach","The Manager promised they will finish the job right .but ,then when he came. He gave me a story and told me I have to pay more for a job that was half done .He is very unprofessional .","Hey Betty! We can't find your name in our system. Could you please reach out to us at your earliest convenience so we can help solve your issue? "
"AbFvOqnnyky2OFcs5S8eqD4dq4wu8vtK5x1RjxdneLGUwcU1wU44TPgLSv5PTZHrankYK4JdOzJOcQ","2024-01-21T18:14:04.384322Z","5","Port Jefferson Station","Sheila Santiago Pleasant","We had water coming in our kitchen and through the ceiling light in a bedroom😳. I contacted Rapid Restore Roofing and they set up an appt to assess the damage and give an estimate. We were shown photos of the damage and told what repairs were needed. After agreeing to use their service an appt was set for the roof repair. Before our scheduled appt there was a storm.  I contacted Rapid Restore to see if anything could be done.
Mike Meinardus had a tarp put on the roof as emergency protection until our scheduled repair date. The day of the roof repair came, only days away from yet another predicted storm, in the same week! The team was prompt and did check-ins to let us know at what stage the work was. After job completion, they cleaned up the debris thoroughly and showed us the completed work. I even received a text from the CEO; Joe thanking us for choosing their service. Since then we haven't seen anymore leaks.  Many thanks to Mike Meinardus and the team that came for their outstanding service. We will definitely refer Rapid Restore Roofing to anyone in need.
Happy customers,
Sheila & Maurice Pleasant","Thank you, Sheila, for your fantastic review! Providing excellent service is our top priority, and we're overjoyed to have exceeded your expectations. Working with you was a pleasure. If there's anything else we can assist you with, please don't hesitate to contact us – we're here for you!"
"AbFvOqkmWiyzd2zhOQVzzj9yKQOTnBMg12KGpuGsTIM8C5OrPTCPKWsdiYLX1VKZsO0mxwcPoRlDug","2024-01-26T19:24:12.296105Z","5","Port Jefferson Station","Formed Plastics","I had Rapid Restore Roofing and Restoration do my roof Jan/24. The entire operation went smoothly. This included the professional sales person Francesco to the supervisor Gary and his hard working respectful crew. At the last minute I asked for my skylight to be replaced. They didn't even flinch and replaced at what I thought an extremely fair price. When they were finished, they left my property immaculate. I would  recommend them for your roofing needs.","We are truly grateful for your glowing review! Our team is committed to delivering top-notch service, and we're thrilled to have met your expectations. It was fantastic collaborating with you. If you ever require anything else, don't hesitate to reach out – we're always here to help!"
"AbFvOqk8SvYgig7CSxlWv5FrPE2vTtbnG9ZBTW281p2PiWpzI4DLOLQMx17hCr70o7cRpEEqWVXELg","2024-02-01T00:28:56.981484Z","5","Port Jefferson Station","Andrea Bottiglieri","We are so pleased with the work that Rapid Restore Roofing did for us.  We had an issue with a leak and Mike was the only one who could figure out a solution.  He took the time and really cared!  His team was very professional and did a fantastic job.  We would 100% recommend them!","Andrea, we can't thank you enough for your 5-star review! Knowing that we've delivered exceptional service to you brings us immense joy. It was a pleasure serving you. Should you require any further assistance or have questions, feel free to call us – we're here to help you!"
"AbFvOqkVuKQ11k26zf0UjC5lFW-K9SGFMOy4g_NsBMqDbGoWbvGRr8WXuR-QXEBybNx_CIgMbnqYRA","2024-02-01T11:55:45.645411Z","5","Port Jefferson Station","Steve Glauber","Rapid Resore roofing is amazing. They are one of the most professional companies I’ve ever dealt with. They showed up on time for our initial appointment. We’re very friendly and reasonable. Gave me great pricing. Showed up on time to do the job and were very informative and allowed me to follow every step of the way. They even provide pictures. They did not waste any time and did the job completely and quickly. Great job and I would refer to anyone. A+.","Thank you, Steve, for your fantastic review! Providing excellent service is our top priority, and we're overjoyed to have exceeded your expectations. Working with you was a pleasure. If there's anything else we can assist you with, please don't hesitate to contact us – we're here for you!"
"AbFvOqmIEVRQuJrAZMiEMVGZLoGXwc_YvhhqMJrvhgBR3KLFZnHdsJQ7bXptJdy0Ay7Lz2tuklGBiw","2024-02-03T14:28:30.527738Z","5","Port Jefferson Station","Richard Pimentel","Everybody involved in this project was extremely professional. Rapid Restore is a top notch company. Jacob gave me a great deal.","Hey, Richard. We are truly grateful for your 5-star review! Our team is committed to delivering top-notch service, and we're thrilled to have met your expectations. It was fantastic collaborating with you. If you ever require anything else, don't hesitate to reach out – we're always here to help!"
"AbFvOqkODYosMIp_ffCr8bArTk2fc_82mZGqwHpGrw8k5nAZzvkfiIpIQ7r8a0RaYcrPVKGX38nVKg","2024-02-03T16:53:36.582726Z","5","Port Jefferson Station","Angelique Corthals","Mike, Gary and the team led by David just came to do our roof, and they did an outstanding job! They were so nice, all of them, respectful of the property, incredibly efficient, and all around amazing! They literally left my property cleaner than they found it! AND the roof looks amazing 🤩 (See pix of before, during and after!)","Hello, Angelique. Thank you for taking the time to provide us with your 5-star review. We’re honored to be your chosen roofing company and it was a pleasure working together. Please let us know if you need further assistance – remember, we're just a phone call away!"
"AbFvOqmWnfhlYMBrFpv34SqYABUzRN0FdvXs2P_AnEWXxJbQ4Vo8JSgTcUP0BKWMJgK0Ds_NQOEPVg","2024-02-05T13:18:59.316325Z","5","Port Jefferson Station","Christina Mcarthur","The experience was great. The guys showed up on time and the pictures were really helpful to see their progress throughout  the day.","Thank you, Christina, for your fantastic review! Providing excellent service is our top priority, and we're overjoyed to have exceeded your expectations. Working with you was a pleasure. If there's anything else we can assist you with, please don't hesitate to contact us – we're here for you!"
"AbFvOql-hI8fekvxQGA_N3SshYZ3uBWsxHsJOxADEeCzXABCW9ct6o3ine12fVjNPtsYx7kO9x9M","2024-02-08T23:10:16.190062Z","5","Port Jefferson Station","Walter","I am extremely satisfied with Rapid Restore and the work they did for me. Exceptional project management, attention to detail, and overall a pleasure to do business with. Will definitely be recommending to friends in the future!","Walter, thank you for your 5-star review! Our team strives to provide our customers with exceptional, world-class service, and we’re delighted to hear that we achieved that during your project. It was a pleasure working with you. Please let us know if you need any further assistance. Remember, we're just a phone call away!"
"AbFvOqkogeTqB17MOHTp4x_CqTipc3TXFzLL9-Pu2rL3WswWyAT6pzJRSjgXJ6vY-U38q1DSpigz","2024-02-17T12:29:18.018616Z","3","Port Jefferson Station","Helen Courtney","We had a flood in our home and called Rapid Restore to come and clean up. The crew was great. Cleanup went well. The problem occurred when they began the restoration of our home. The quality of the work was poor. The first day they showed up to start the sheet rock repair they damaged a pipe  and went to lunch. I came home to a flood in two rooms that had not been damaged by the original flood! So now they needed to repair them by as well. The hardwood floor company was great. Very happy with the look of the floors and the crew that came. The painters splattered paint on the new hard wood floors that were just redone and on my light fixture. They also missed numerous areas and had to come back for touch ups and still missed the areas I marked with painters tape. The seams where the tapping and sparkle was done on the new sheet rock ceiling are showing and the medallion around my light fixture now is not flush with the ceiling and looks like it is hanging down a bit. Instead of using one long piece of floor moulding to replace the damaged area they used 2 pieces and the seam  is terrible. Against my better judgment, my husband hired Rapid Roofing to replace the roof. They damaged my siding while doing the repair. and left about 100 nails in my backyard where my dog runs around. Still finding them. They did send a very nice man back to look at the damage but nothing was ever done to fix it. I would not recommend either company.",""
"AbFvOqkwOizc09TmT45zayBLECr0g1H2rr4MHU4G-tuFAsmoMkv4IbeT8BVES3NRxcVI7vhZx_Nshg","2024-02-26T22:18:02.812679Z","5","Port Jefferson Station","Steven Cirillo","Had my roof repaired and they were super quick and professional. Even cleaned some of my gutters. Owner is very nice and honest. Would use them again","Thank you, Steven, for your fantastic review! Providing excellent service is our top priority, and we're overjoyed to have exceeded your expectations. Working with you was a pleasure. If there's anything else we can assist you with, please don't hesitate to contact us – we're here for you!"
"AbFvOqkJC4tx9G3SsP7L48g3ciikG012VCNLejiWigBDzbQ8HrBgAqAML-VVlXuGP6Xa-p4cfhSgkQ","2024-02-28T14:05:48.336221Z","5","Port Jefferson Station","S Joseph","Rapid Restore Roofing did an amazing job on my roof. From the very beginning communication was immaculate with Project manager. We were able to secure a date, the team came in and did an amazing job. They were very professional and polite. They cleaned up all the mess that was left after the job. I can’t thank Michael and Gary enough for their kindness and professionalism. I highly recommend, and it’s lifetime warranty, can’t beat that.","Shalyne, we are truly grateful for your glowing review! Our team is committed to delivering top-notch service, and we're thrilled to have met your expectations. It was fantastic collaborating with you. If you ever require anything else, don't hesitate to reach out – we're always here to help!"
"AbFvOqltTWxTTHVsVT8ZaJh1PzowXsV7lFIp8pfICM2jc3Q6Q2w2YNcIGdyJ7Yc6JOfcXhbrWHef","2024-02-28T15:21:43.057464Z","5","Port Jefferson Station","Lauren “Lauren”","Rapid Restore Roofing did an amazing job replacing our flat roof! Not only did they do a great job but their customer service was top notch. Jacob explained everything to us and was extremely helpful every step of the way. All the people involved were very nice and easy to work with! We would highly recommend rapid restore for any of your roofing/home needs!","Lauren, thank you for taking the time to provide us with your valuable feedback. We’re honored to be your chosen roofing company and it was a pleasure working together. Please let us know if you need further assistance – remember, we're just a phone call away!"
"AbFvOqmFsro9wSn4lWD848oW6U6z-xmJ2UuO6uYc-aFB4GvOcAf5icUwj3RSTMTIj9DESLA6CfoH","2024-02-28T18:00:13.246920Z","5","Port Jefferson Station","Sandra Shivers","Responded to my need for repair quickly.  Showed up on time and got to work quickly. Clearly understood the problem.  Cleaned the work area very well.  Had all the paperwork in order and ready to go when comleted.","Hi, Sandra. Thank you for your 5-star review! Our team strives to provide our customers with exceptional, world-class service, and we’re delighted to hear that we achieved that during your project. It was a pleasure working with you. Please let us know if you need any further assistance. Remember, we're just a phone call away!"
"AbFvOqmmRXr-b0sx7Mk1C0efOBPitNkh9nTu3MErCzJK1eKKJj8565rPvNVXdgWJUBXbw3-esI6RQQ","2024-02-28T19:18:59.875394Z","5","Port Jefferson Station","Jeanne Mastrandrea","I loved having Rapid Restore work on my home. Jake & Mike worked around the oddities of an 1800’s home- I even had shingles on my dormer siding and they made it right. They communicated with me around Christmas and New Years and made me feel like I was a family member with how quickly they responded. Truly, couldn’t be happier with their professionalism getting this project set up and explaining everything in great great detail - as a person who needs attention to detail i highly recommend","Hi Jeanne, we can't thank you enough for your 5-star review! Knowing that we've delivered exceptional service to you brings us immense joy. It was a pleasure serving you. Should you require any further assistance or have questions, feel free to call us – we're here to help you!"
"AbFvOqlh7zHCWVnH-eheUvetFdcgUPn2rNhXkndVQiBL8EtkE-96gvSka36xrCJt8ilq_NBTaX4Lmg","2024-02-28T20:53:46.712882Z","5","Port Jefferson Station","Bessie Haag","As expected they arrived on time and finished in record time. Clean up was exceptional and the crew was very
courteous . I was sent photos during the process of  the work. Both Micheal’s were very helpful from the start. Micheal the estimator and Micheal the lead of the crew were very pleasant to deal with.There were a couple of things that I questioned and the crew was back the following afternoon to address and fix my questions. There were problems that could not have been addressed until the roof was ripped and I felt they were more then fare with only a $200.00
Increase of their original estimate. I would highly recommend this company at this time.","Thank you, Bessie, for your 5-star review! Providing excellent service is our top priority, and we're overjoyed to have exceeded your expectations. Working with you was a pleasure. If there's anything else we can assist you with, please don't hesitate to contact us – we're here for you!"
"AbFvOqkS5l3E9evR2p7V1m7HCqF5ZRLMpfA8QcdiYEIpd2se7w2jFgZ9u4i8Y9POlf29WGMFZrxq7g","2024-03-04T16:15:03.987980Z","5","Port Jefferson Station","Craig Lent","We’ve been dealing with a leaky roof for years, we dreaded even a light rain! We had a few companies come by and give us estimates but we were sold with Tom from Rapid Restore! Not only did their estimate come is less than their competitors, but we got more for less; more plywood, drip edge and they offered us a lifetime transferable warranty! The whole crew is great, they were fast, friendly and the clean up was immaculate. We liked them so much that when we lost part of our porch roof in a storm shortly after they did our main roof, there was no doubt who we’d have come do the work! We highly recommend Rapid Restore!!","Hey, Craig. We are truly grateful for your glowing review! Our team is committed to delivering top-notch service, and we're thrilled to have met your expectations. It was fantastic collaborating with you. If you ever require anything else, don't hesitate to reach out – we're always here to help!"
"AbFvOqleXVgpga8QdBE34X3gH39cjVm8d14AQi1ApEIkRZGlGPc4neaLaLHgTSJfJgiD5fMqxCEb5g","2024-03-13T16:40:25.710768Z","5","Port Jefferson Station","John Walsh","Excellent experience! Highly recommend Rapid Restore Roofing... from start to finish AWESOME job done... from Jacob to Gary & his Crew...Every expectation exceeded!!","Hi, John. Thank you for your 5-star review! Our team strives to provide our customers with exceptional, world-class service, and we’re delighted to hear that we achieved that during your project. It was a pleasure working with you. Please let us know if you need any further assistance. Remember, we're just a phone call away!"
"AbFvOqltsmxYZmIRH3LuSD6qqWe3VlkO28S_XH5ZaTrmsyEx5o0PyQRjCO0EQjqx10iX_FaJDKy8ig","2024-03-18T15:22:51.644274Z","5","Port Jefferson Station","Dominick Costantino","Rapid Restore recently replaced the roof on my home. I was very happy with the quality of the materials used and the service provided. It was a very postive and pleasant experience dealing with the entire Rapid Restore team. Thank you Jake and Gary. Great Job 👏","Hey, Dominick. We are truly grateful for your 5-star review! Our team is committed to delivering top-notch service, and we're thrilled to have met your expectations. It was fantastic collaborating with you. If you ever require anything else, don't hesitate to reach out – we're always here to help!"
"AbFvOqmPNFmCTZO2Ls5G63po2eiI0ExkYKtaZyydKxBYtXThbPaKuQ_Q6R5v9_IVf6unP4Yi2xYfhA","2024-03-18T18:50:29.782764Z","5","Port Jefferson Station","Joe Jose","Did great job on timely manner","Hello, Jose. Thank you for taking the time to provide us with your valuable feedback. We’re honored to be your chosen roofing company and it was a pleasure working together. Please let us know if you need further assistance – remember, we're just a phone call away!"
"AbFvOqnj8vzFrUcVLnmDy9bJVW6tWmzID4RnvDNv7OtXoF3epY-dEWr5MDIFjDMs93ACAFwgSc63bA","2024-03-19T20:19:07.624747Z","5","Port Jefferson Station","Alice Carpeneto","I CALLED RAPID RESTORE ROOFING ON THE ADVISE OF MY SOLAR CO.  THEY WERE ALL VERY PROFESSIONAL, RYAN PROVIDED ME WITH 60 PHOTOS OF THE REPAIR THAT THEY DID STEP BY STEP.  I WOULD RECOMMEND THEM TO ANY WANTING A NEW ROOF OR EVEN A REPAIR.","Hey Alice, we can't thank you enough for your 5-star review! Knowing that we've delivered exceptional service to you brings us immense joy. It was a pleasure serving you. Should you require any further assistance or have questions, feel free to call us – we're here to help you!"
"AbFvOqlhJwwxtXj6aWJcbzve0vZYaU6pLZkQOvvU3Kxjah8dFfrBHZKuEvojq0t0IicrV37NXanx9Q","2024-03-25T13:23:00.615338Z","5","Port Jefferson Station","Louis York","Top notch company.  Very professional and high quality work. Very satisfied with the job. Highly recommend","Thank you, Louis for your 5-star review! Providing excellent service is our top priority, and we're overjoyed to have exceeded your expectations. Working with you was a pleasure. If there's anything else we can assist you with, please don't hesitate to contact us – we're here for you!"
"AbFvOqnEfvOLBVjcQ9EhPdWeFp_KyBa5pycXKam23ki44GAxrpuKJu2WQhRIbrvMO19Kum_z4jGF4w","2024-03-27T22:21:19.476972Z","5","Port Jefferson Station","Friely Douglas","Excellent work, all there employees were friendly and kind. The roof was completed so fast. They arrived and started at 7am. I got back from work at 230pm and they were done and cleaning up.","Hey, Friely. We are truly grateful for your 5-star review! Our team is committed to delivering top-notch service, and we're thrilled to have met your expectations. It was fantastic collaborating with you. If you ever require anything else, don't hesitate to reach out – we're always here to help!"
"AbFvOqnw4_5JbuRSeuUk-Amart7OlohjLZjml2KvmyKYPMxJO9FyzgWCvPkInp4BqQ50SE7yAWlCKA","2024-04-02T13:55:05.829894Z","5","Port Jefferson Station","Jennifer Lopez","Absolutely amazing! Our roof was way overdue to be redone. We bought a fixer upper and this house had some water damage. But wow! Not only did they repair and replace the roof in a day, they also did some small fixes to the exterior of our house for no extra cost and we didn’t even ask! They had amazing customer service, from meeting Tom for a consultation to following up with Gary after the job was done. They have amazing response time and went above and beyond to give us the best quality roof and service. I could not recommend them enough!","Hello, Jennifer. Thank you for taking the time to provide us with your valuable feedback. We’re honored to be your chosen roofing company and it was a pleasure working together. Please let us know if you need further assistance – remember, we're just a phone call away!"
"AbFvOqkj8-QzThDtB17iOPgK29Zgi0pfWs0_fsalDaQMM51avclp4K040IO43_sDMkR2F8aV35OYHQ","2024-04-03T13:38:11.811689Z","5","Port Jefferson Station","Thomas Zimmardi","100 % recommend Rapid Restore . They did an amazing job and their attention to every detail was unprecedented. From my first call to schedule an roof review and estimate to days after with follow up calls from marketing to even the company president Joe made me feel that they are care about my job and my experience. Well done Rapid Roof !","Hi, Thomas. Thank you for your 5-star review! Our team strives to provide our customers with exceptional, world-class service, and we’re delighted to hear that we achieved that during your project. It was a pleasure working with you. Please let us know if you need any further assistance. Remember, we're just a phone call away!"
"AbFvOqmInzMIBjm2tHcf1toQAWXDkTfpMnh1bEFeZr9DQvVGO5YjJwLqgTcK-S0E6mxHgaWskqWQ","2024-04-07T21:02:34.088915Z","5","Port Jefferson Station","William Santiago","The company did a great job. Ryan and his crew were friendly and respectful. They explained everything that needed to be done and they cleaned up afterwards.","Hi, William. Thank you for your 5-star review! Our team strives to provide our customers with exceptional, world-class service, and we’re delighted to hear that we achieved that during your project. It was a pleasure working with you. Please let us know if you need any further assistance. Remember, we're just a phone call away!"
"AbFvOqkjAKNX54PmsH7XJ00NRTYy_UWNwiEOJOxxYnSK__qg4C172arCLNuHk8jkb3enbipr9iLJKA","2024-04-09T16:39:25.927482Z","5","Port Jefferson Station","Chris Sheridan","Rapid restore was a very pleasant company to work with.   Through the whole process they had open lines of communication and answered all questions quickly.    Highly recommend!","Hi, Chris. Thank you for your 5-star review! Our team strives to provide our customers with exceptional, world-class service, and we’re delighted to hear that we achieved that during your project. It was a pleasure working with you. Please let us know if you need any further assistance. Remember, we're just a phone call away!"
"AbFvOqn_p7HW6sQhaxsyIfA_-ZzVb59KcOHEkuXcHlNMQbAP8Hk2U3JcSpPHE2zGglAlyuAKAv4rog","2024-04-09T19:37:52.447728Z","5","Port Jefferson Station","Elizabeth Mudge","We had a fantastic experience with Rapid Restore Roofing and Restoration! From start to finish, they were top-notch. Scheduling was a breeze, and they were incredibly accommodating, especially considering we have a Victorian home, which can sometimes present unique challenges.
Our first meeting with Mike D. was great, he was friendly, attentive, and really took the time to understand our needs. It was clear right away that they were true professionals and experts in their field. The complete process was quick, and I valued the efficient timeline, which ensured the leak was repaired before reassembling the cupola deck on our roof.
Overall, I couldn't be happier with the service we received from Rapid Restore Roofing and Restoration. I truly appreciate the guarantees they give and I would highly recommend them to anyone in need of roofing or restoration services. They made what could have been a stressful experience easy and enjoyable. 5 stars all the way!","Hi, Elizabeth. We are truly grateful for your 5-star review! Our team is committed to delivering top-notch service, and we're thrilled to have met your expectations. It was fantastic collaborating with you. If you ever require anything else, don't hesitate to reach out – we're always here to help!"
"AbFvOqkmH5-oZu9_mh8ONlJIXWHC2Rnr8oZVnTzGAVeRIgDMotSdUQxJ-GyHQyHQU-LVfKWzVEK9","2024-04-17T19:56:22.053392Z","5","Port Jefferson Station","Steven Craddock","Right from the beginning, our initial meeting at home with Tom was very informative and professional. The initial meeting was more like a consultation rather than a salesy process. We liked how thorough and generous the RRR supplies, workmanship, professionalism, and guaranteed work was. This really made a difference when deciding on which roofing company to do the job. The day of the scheduled work was right on time and everything about the job was very efficient. Gary was there the whole time communicating and sharing photos of every aspect of the work that was being done. No surprises! They even removed and took away the old useless solar panels that were making matters worse! What a great crew and beautiful and sturdy roof from a dedicated crew. Every RRR person demonstrated care and integrity. Great job.","Hi Steven,

Thanks for sharing your experience! 🌟 We're thrilled you found our process informative and professional. We aim to provide thorough consultations, quality workmanship, and transparent communication. It's great to know our efforts made a difference for you. If you need anything else, just let us know!

Best regards,
Rapid Restore Roofing"
"AbFvOqnuQ2xl1X04kvomqtlfgm66OiZbjNpwondfT--ySVy42bEOpungfvY4IL9lDARHYVgJ6QOe","2024-04-18T03:04:52.243472Z","5","Port Jefferson Station","Jon Buckley","Best of the best!!!!! Thank you for such a great job on my roof project!!!! Professional, knowledgeable, friendly, and most of all honest!!!!","Hi Jon,

Thank you for your kind words! 🌟 We're delighted to hear that you're thrilled with the job we did on your roof project. Being recognized as the best of the best means a lot to us! We take pride in our professionalism, knowledge, and friendliness, but above all, honesty is at the core of everything we do. If you ever need anything else, don't hesitate to reach out!

Best regards,
Rapid Restore Roofing"
"AbFvOqlLcT47w3hpo7XrXD57xkO8-qLNdWYV-qmobIZVtWTPPwu94XaaFdeM06PClkEWGx_Q4AZB","2024-04-20T22:37:19.117469Z","5","Port Jefferson Station","michele pasquale","Mike from Rapid Roof was very professional, polite and honest  . He explained my roof was in need of replacement however  he was very understanding  and willing to give me a temporary fix for which I am extremely grateful.  He provided me with many options without pressure and I am looking forward to doing business with Rapid Roof in the future. Betty Fiscina","Hi Betty,

Thank you for sharing your experience with Mike from Rapid Restore Roofing! We're glad to hear that he provided you with professional, polite, and honest service. Our team always strives to offer the best solutions for our customers, and we're grateful for your trust in us. We look forward to assisting you with your roofing needs in the future. If you have any questions or concerns in the meantime, feel free to reach out!

Best regards,
Rapid Restore Roofing"
"AbFvOqnC0wjR898KYr6SRhgRiWDPHifSUVkAzeREaEbZZ8X3hZdZc9DZGekaTV8Axj_eVYbPnS8Qtg","2024-04-21T21:12:05.900705Z","5","Port Jefferson Station","Hung-Kei Li","I would highly recommend Rapid Restore Roofing. They were professional from start to finish. Jacob explain the entire roofing process and material selection to us taking well over an hour. Extremely thorough and patient with explanation. Addressing all of our concerns. We felt that there was no need to seek other quotes afterwards. The crew did a great job taking care of the property and leaving the place clean after their job. The photos they took of the process assure us of the quality of the work. The roof should be good to go for the duration of the warranty. Would definitely recommend them to friends and family.","Hi Hung-Kei,

Thank you so much for your glowing recommendation of Rapid Restore Roofing! 🌟 We're thrilled to hear that Jacob provided you with a thorough and patient explanation of the roofing process and materials, addressing all your concerns along the way. It's fantastic to know that our crew took great care of your property and left everything clean after the job. Providing photos of the process is just one of the ways we aim to assure our customers of the quality of our work. We're honored by your recommendation and look forward to serving your friends and family as well. If you ever need anything else, please don't hesitate to reach out!

Best regards,
Rapid Restore Roofing"
"AbFvOqlb9QQ7LIvW9ozl_DYS5J9vZShrT5amnX0WxdDO20k9nP8o2nz00RxOqI-uYrfEAadzHAALNw","2024-04-22T20:38:47.636033Z","5","Port Jefferson Station","Teresa Tillinghast","I wanted to express my gratitude for the exceptional roof installation your team completed at my home. From start to finish, the experience was excellent.
The installation of the roof was carried out with meticulous attention to detail. Throughout the project, your team exhibited the utmost professionalism. They arrived as planned and worked diligently to complete the job within the estimated timeframe and maintained a clean and organized work environment.
I was particularly impressed by the open communication throughout the process with your project manager assigned to our install. Any questions or concerns I had were addressed promptly as he remained on the property overseeing the roof installation all day and made me feel heard and valued as a customer.
Your dedication to customer satisfaction was exceptional, from the initial consultation to the final walkthrough. It's evident that you prioritize the needs of your clients and strive to exceed their expectations.  You exceeded my families.
I also appreciate the thorough post-installation inspection. Your project manager returned the next day to sweep my driveway and scan my yard for any nails or debris from the day before.  By the time you were finished it was dark so he was concerned they could have missed some cleanup.  It was amazing to see that happen without asking,  and for the record there was hardly any need for an additional cleanup, but he wanted it spotless.  It's reassuring to know that you stand behind your work and are committed to overall satisfaction.
We have had many high wind and intense rainstorms after our new roof was installed.  I am very happy to say all is good with no loose shingles or any leaks.
Without hesitation, I would highly recommend Rapid Restore to anyone in need of roofing services. Thank you once again for a job well done. I am truly grateful for your expertise and professionalism.","Hi Teresa,

Wow, thank you so much for your heartfelt feedback! 🌟 We're truly grateful for the opportunity to work on your home and thrilled to hear about your exceptional experience with Rapid Restore Roofing.

Our team takes great pride in our attention to detail, professionalism, and commitment to customer satisfaction. It's wonderful to know that our project manager's open communication and thorough post-installation inspection left you feeling valued and reassured. We truly appreciate your recommendation and are grateful for the opportunity to work on your home. If you ever need anything in the future, please don't hesitate to reach out!

Best regards,
Rapid Restore Roofing"
"AbFvOqkBfXxo8RN-XK7l9_mKQua2jN3Vk8SDM7TtSOlLlWMhxNrDuZp0ANnEq_xLvnSaI2vLdvoe","2024-04-24T02:33:46.119673Z","5","Port Jefferson Station","chckit2001","We did a roof replacement with rapid restore. What I felt that set them apart from the competitions was the honesty and educating on each step of the process. In addition, you can see that they use top of the line products.  I will absolutely recommend them to anyone","Hi there,

Thanks a lot for sharing your experience with us! We're thrilled to hear that you found our honesty and educational approach valuable during your roof replacement. Using top-of-the-line products is a priority for us, and we're glad that it stood out to you. We truly appreciate your recommendation and are here for anyone in need of roofing services. If you ever need anything else, just let us know!

Best regards,
Rapid Restore Roofing"
"AbFvOqniaNyaHEn5hhp3gu8PEN4Flv4g6ijWfucWoSkJznHj44xoYYxfHO-aEx02p6vA0wi-WgCi","2024-04-24T15:22:22.207410Z","5","Port Jefferson Station","Beth Lowe","I got multiple quotes for a flat roof for my house - Rapid Restore was BY FAR the most comprehensive and professional. As a single female home owner you can easily feel like you are getting taken advantage of and I was so comfortable with the quote, the work and the results. They did everything they said they were going to do- highly recommend and I would use them again!","Hi Beth,

Thank you so much for sharing your experience with us! We're thrilled to hear that Rapid Restore Roofing stood out as the most comprehensive and professional option for your flat roof replacement. Providing comfort and confidence to all our customers is a top priority for us. We're delighted that you were satisfied with the quote, the work, and the results. Your recommendation means the world to us, and we'd be honored to work with you again in the future. If you ever need anything else, please don't hesitate to reach out!

Best regards,
Rapid Restore Roofing"
"AbFvOqmXfsXN5Z4ioKagCcAJ7Hbc4yXIWOvK6WYEjTHg2WyTOPEWpZaVmemxCbjl4HEZrfOsC3rQWg","2024-04-24T21:16:34.960723Z","5","Port Jefferson Station","James Humphreys","Rapid Restore was fast, professional and friendly. Our roof turned out great and I would highly recommend them to anyone looking for any roof work done.","Hi James,

Thank you for sharing your experience with us! We're happy to hear that you found Rapid Restore to be fast, professional, and friendly, and that your roof turned out great. Your recommendation means a lot to us, and we truly appreciate it. If you or anyone you know ever needs roof work done in the future, we're here to help!

Best regards,
Rapid Restore Roofing"
"AbFvOqlMiVeXSG71HrJHjIapfgzaH47H_9tGKMQxFRE9FtzLzvbF1i-b-eq_vczV4iYWXHMSuvZs","2024-04-24T23:25:30.217991Z","5","Port Jefferson Station","Scott Boccia","The Rapid Restore group was on time and very organized. They did an amazing job and cleaned everything up! I highly recommend them!","Hi Scott,

Thank you for your 5 star review! We're delighted to hear that you had a positive experience with the Rapid Restore Roofing team and that they were punctual and organized. Providing an amazing job and thorough cleanup is what we strive for with every project. We truly appreciate your recommendation and are here for anyone in need of roofing services. If you ever need anything else, please feel free to reach out!

Best regards,
Rapid Restore Roofing"
"AbFvOqmy0L9IcHjTVcBVixZOvMAeF02uxXvIsO332XbzO1-u9vv3HjeiMA_iJeCc4Yuxu1ZsSVn7XA","2024-04-26T09:23:23.324598Z","2","Port Jefferson Station","C A","Heavy duty on sales. One guy went on my roof and tore off a piece of shingle just to show me that my shingles were old . Same  guy came down with nails in his pocket telling me my nails were popped. They were nails that he brought with him. They might do great work but their tactics for getting a job are dishonest. They have a whole routine that’s very rehearsed and manipulative. If you’re not too swift you’ll fall for it.","Thank you for sharing your feedback with us. We’re truly sorry to hear about your experience. We take all feedback seriously and strive to maintain the highest standards of integrity and professionalism in our sales practices. Your concerns have been noted, and we will investigate this matter internally. We value transparency and honesty in all our interactions with customers, and we apologize if our approach fell short of your expectations. If there’s anything further we can do to address your concerns, please don’t hesitate to reach out to us directly at [phone removed].
Best regards,
Rapid Roofing"
"AbFvOqmM1gPdLUICCro9mJaHj3353I1A_LhRjOnFfa8W1cRTP9GNEApoj_LChORgVCK1-ob-EBHa","2024-04-26T20:41:57.146317Z","5","Port Jefferson Station","thomas montalto","Was very impressed with the quality of work and the speed in which the entire process was done which also includes the cleanup. Kevin and his crew did an excellent job and I'm glad I went with rapid restore Roofing they were very fair with their price and I would recommend them to anybody who was looking to have their roof done.","Hi Thomas,

Thank you for your 5-star review! We're delighted to hear that you were impressed with the quality of our work and the efficiency of our process, including the cleanup. Providing high-quality workmanship and ensuring a smooth, efficient process from start to finish are top priorities for us. We truly appreciate your recognition of our efforts. If you ever need anything else, please feel free to reach out. 

Best regards,
Rapid Restore Roofing"
"AbFvOqlm41Y8UnUwD4cSnJ-IWFQwvKaSxzSU-6zechFqCjJ7Cd3k7Dq866VyV8k58-wnvDXIx8DvYQ","2024-05-01T20:45:46.323241Z","5","Port Jefferson Station","Janet Marin","Rapid Restore Roofing did an awesome job installing my new roof.  They provided home addresses for other customers so we could drive by and help us decide on the color we wanted.  There communication with us excellent. The whole process was great. They arrived on time were able to complete the job in one day and did an amazing job cleaning everything up.  The installers were neat in doing their work and very professional.  The project manager Kevin was the best making sure everything went well. We were also able to view the work progress on their video cam. We are very happy with our new roof!","Hi Janet,

Thank you so much for your 5-star review! We're thrilled to hear that Rapid Restore Roofing provided you with an awesome experience and that you're happy with your new roof. We're delighted that our team's communication, efficiency, and professionalism met your expectations, and we're glad that Kevin, our project manager, ensured everything went smoothly for you. It's fantastic to know that you appreciated the opportunity to view the work progress on our video cam. We truly appreciate your feedback and are here for you if you ever need anything else.

Best regards,
Rapid Restore Roofing"
"AbFvOqljZBDuit1cOb4KHznEaTQalJ7BXiFIp7sxYg3wQuIMdoRRPN4TQG8dmMNVXeqWXLhQJQQhtg","2024-05-02T16:53:48.773465Z","5","Port Jefferson Station","E S","From start to finish everything went perfect.
Everybody was very helpful, professional and a pleasure to do business with . We highly recommend.","Hello,

Thank you so much for your 5-star review! We're thrilled to hear that your experience with Rapid Restore Roofing went perfectly from start to finish. Providing helpful, professional service is our top priority, and we're delighted to hear that our team made your experience a pleasure. We truly appreciate your recommendation and are here for you if you ever need anything else.

Best regards,
Rapid Restore Roofing"
"AbFvOqnCH57W0ZdMWE2tUhkCYuwopEHTPlymTgn85O78hIqiXXqoeDVLjnVqP2XEyn66slvbkuXPCA","2024-05-03T17:44:21.530041Z","5","Port Jefferson Station","Mary Goldman","Getting a new roof is essential and costly, but not necessarily a terribly exciting, expenditure. I researched three different roofing companies and chose Rapid Restore, not because they were the least expensive, but because they were the most impressive. Beginning with Mike who arrived with a tremendous amount of information about issues I never even thought of.  After he left, and after giving us an extensive evaluation of our existing roof, we were convinced we wanted to hire Rapid Restore.

The workers arrived on time, along with Gary, the project manager, and finished at the end of the day -- one day!  I was concerned at the onset that my blooming tulips might be damaged with falling debris, but that never happened. During the day, we were provided with photos and videos of what was going on above our heads (besides a lot of pounding) which detailed the areas that were in greatest need. Gary even went the extra mile and cleaned up our gutters. It feels good to feel secure knowing that we're protected and no longer vulnerable.  We're now the proud owners of a brand new, and good looking, earth-toned roof, (and no tulips were harmed in the process) I may even throw a roof-viewing party.😁","Hi Mary,

Thank you so much for your 5-star review! We're thrilled to hear that you had such a positive experience with Rapid Restore Roofing. Providing thorough information and exceptional service is our priority, and we're delighted that Mike and Gary were able to impress you with their knowledge and professionalism. It's wonderful to know that the installation went smoothly and that your concerns about your tulips were addressed. We're glad we could provide you with peace of mind and a beautiful new roof. A roof-viewing party sounds like a fantastic idea! If you ever need anything else or have any questions, please don't hesitate to reach out.

Best regards,
Rapid Restore Roofing"
"AbFvOqlwioUx07mihPP8UCROyu3jNOjB9kvDg3302m--wcvi9nTrOQUe-fIMdGnxiH0remwubX1s","2024-05-09T16:40:31.115809Z","5","Port Jefferson Station","Chetan Patel","Excellent company.
Work done as promised and in time.
Very reasonable cost.
Michael/ Kevin and staff very professional.
Clean nicely. No nail left behind.
Recommend without any hesitation","Hi Chetan,

Thank you for your 5-star review! We're delighted to hear that you had an excellent experience with Rapid Restore Roofing. Providing work that is completed as promised and on time, at a reasonable cost, is what we strive for. We're thrilled that Michael, Kevin, and our staff were able to deliver professional service, and we're glad that the cleanup was thorough, leaving no nails behind. Your recommendation means a lot to us, and we truly appreciate it. If you ever need anything else or have any questions, please don't hesitate to reach out.

Best regards,
Rapid Restore Roofing"
"AbFvOqnX_G4kMfyO0zVvtZwFgKk7id2MBYbGqkKZVreolTF2uD9egzZ3q1Idtyuda1Z6GG8qWM3kOg","2024-05-10T06:39:49.688823Z","5","Port Jefferson Station","Ingrid Griffin","I have never been so all around pleased with a company. From the time I first time called for an appointment, until the completion of the job. They were professional, courteous, prompt, and knowledgeable. i’ve had my roof worked on for several years, and never has it ever passed the test. I am 100% pleased with the work and I would recommend them to anyone.","Hi Ingrid,

Thank you so much for your 5-star review! 🌟 We're thrilled to hear that you had such a positive experience with Rapid Restore Roofing. Providing professional, courteous, and prompt service is our top priority, and we're delighted that we could exceed your expectations. Your satisfaction means a lot to us, and we truly appreciate your recommendation. If you ever need anything else or have any questions, please don't hesitate to reach out.

Thank you,
Rapid Restore Roofing"
"AbFvOqkkG3CKn_jiVUhEFQ-DB8IiLwFqLsnGSjA9LrymzOEzVFCISN1K8n3uC_ZD-3tq9aVAdaD3CQ","2024-05-12T18:23:43.686588Z","5","Port Jefferson Station","Karl Reisner","Rapid Restore Roofing was a pleasure to work with. From the time we made our decision to install was within a couple of days. Mike, Ryan and Kelly were all very knowledgeable and professional.
The installation crew worked tirelessly and no complaints. Ryan was our project manager and put us at ease and made us very confident we made the right decision with Raid Restore Roofing. Thanks a million.","Hi Karl,

Thank you so much for your kind words! 🌟 We're thrilled to hear that you had a positive experience with Rapid Restore Roofing. Providing prompt and professional service is our priority, and we're delighted that Mike, Ryan, and Kelly were able to assist you with their knowledge and expertise. It's fantastic to hear that the installation crew worked tirelessly and that Ryan, as your project manager, put you at ease throughout the process. We truly appreciate your feedback and your confidence in us. If you ever need anything else or have any questions, please don't hesitate to reach out.

Best regards,
Rapid Restore Roofing"
"AbFvOqlZtmXyv7oELcLtY2kqm_Vf9WvLUA0jCVUaLqWP1Ktwp8e4qObq5Lx_Dhe6UVbdhruWyAxBgg","2024-05-20T13:29:41.520344Z","5","Port Jefferson Station","Charles Adeyanju","Project execution was systematic and professional. Went overboard to ensure symmetricity with existing structure.","Hi Charles,

Thank you for your review! We're pleased to hear that you found our project execution systematic and professional. Going above and beyond to ensure everything aligns perfectly with the existing structure is something we always strive for. Your feedback means a lot to us. If you have any other needs or questions, please feel free to reach out.

Best regards,
Rapid Restore Roofing"
"AbFvOqmCpcUbTKwHQ_HN5eELBp_duBSsgsYhO9doiwh7yvW2KPdq13K7hOMzW1sYsyLjF7kP65JB","2024-05-21T19:40:03.171150Z","5","Port Jefferson Station","Plantyglo","Working with Rapid Restore was an awesome experience. Tom, the salesman who was very knowledgeable and thorough, explained everything to us. The process was smooth from beginning to the end.
Kevin, the project manager and his crew started about 7.30am. They were fast and worked together like a well oiled machine. They sent us pictures throughout the entire job from the company cam, which was a nice touch seeing the job in real time. They were done by 4pm and my yard was cleaned up so well, you would never know they were there.
I just loved the experience with them and would definitely recommend this company.","Hi Gloria,

Thank you for your 5 star review! We're thrilled to hear that you had an awesome experience with Rapid Restore Roofing. It's great to know that Tom provided knowledgeable and thorough explanations, and that the entire process went smoothly from start to finish. Kevin and the crew are indeed like a well-oiled machine, and we're glad the real-time photo updates added a nice touch to your experience. We're also pleased to hear that the cleanup was impeccable. Your recommendation means a lot to us. If you ever need anything else, please don't hesitate to reach out.

Best regards,
Rapid Restore Roofing"
"AbFvOqk1EKC44fK2TqBICUWi17kiviX7joehCIZS4RHGgQzlZzSBQY043MnKeW9BGSgEkx3mzJbNqw","2024-05-25T13:01:30.279642Z","5","Port Jefferson Station","Anne Forlines","Rapid Restore Roofing Specialists did an AMAZING job replacing our old roof as well as restoring parts of the attic cooling system that were not working properly. They did the job in one day, and their workers are beyond fabulous. The foreman on our job introduced himself and explained each step of the process, and stayed on site throughout the whole process, providing updates along the way. There are beautiful gardens around the front and back of our home, and the workers did an incredible job of covering and protecting the plants throughout the whole process. Our whole experience, from our first meeting to learn about roofing options, color choices, options and the cost of the project, to the finishing touches and clean-up after the roof was completed was seamless and smooth. We particularly appreciated being provided with a list of addresses near our home so we could go view Rapid Restore's work on other roofs in person. We highly recommend this terrific company!","Hi Anne,

Thank you so much for your 5 star review! We're thrilled to hear that you had such a positive experience with Rapid Restore Roofing. It's fantastic to know that our team provided excellent service, from explaining the process to completing the job in one day and protecting your beautiful gardens throughout the process.

Your recommendation means a lot to us, and we're grateful for the opportunity to work with you. If you ever need anything in the future, please don't hesitate to reach out!

Best regards,    
Rapid Restore Roofing"
"AbFvOqlmwhnBnOWOiQBIjw9LwkUevCJ-6SvwkU3frHGwLZ9JgdY-Alp-5Y-RYW6bu0kZhfthD78cfQ","2024-05-27T12:56:22.762040Z","4","Port Jefferson Station","Roe Poirier","","Hi Roe,

Thank you for your review! We're glad to hear you're pleased with our services. If there's anything we can do to make your experience even better, please let us know.

Best regards,  
Rapid Restore Roofing"
"AbFvOqliAthDQfrN6r76nous3QgK_FHn4fDfbJ0N2LV9r4igN6YcjUkCWHkUKmDJ4kFiUj9M2j_Sog","2024-05-27T23:00:18.521404Z","5","Port Jefferson Station","Evangeline Hurst","Just recently I hired ""Rapid Restore Roofing"" to do a new roof on my garage. They were very easy to work with. I kept putting it off due to family matters and they were so kind and helpful. They have such a good team of people. I trusted this team and it was the best decision I made. The garage looks so much better with the new roof. Thank you all for doing a great job for me. 🤩😃","Hi Evangeline,

Thank you for your 5 star review! We're delighted to hear that you had a positive experience with our team and are pleased with your new roof on your garage. Your trust means a lot to us and it was a pleasure to work together. If you need anything in the future, please don't hesitate to reach out!

Best regards,  
Rapid Restore Roofing"
"AbFvOqmPBTLl_EkWQQyorr46IQwaArcOhf3SkZrceXFmtGicUKA6s9pPrLXRB1IA290tE8s-RTtvrQ","2024-05-30T18:08:03.492237Z","5","Port Jefferson Station","Laura Masciarelli","Rapid restore scheduled quickly, came when they said they would, had a great crew and left the yard spotless.","Hi Laura,

Thank you for this 5 star review! We're glad to hear you had a positive experience with our prompt scheduling, dedicated crew, and thorough cleanup. If you need anything else in the future, feel free to reach out.

Best regards,  
Rapid Restore Roofing"
"AbFvOqmDbol_RPSltSxcn1F6HPB6gc_HwWa1DIaVb90FNHDBqAJ5Amn68lbEKxR87c_7ChOgrJn3iA","2024-05-30T22:03:48.986398Z","5","Port Jefferson Station","atakan aslan","","Hi,

Thank you for the 5-star review! ⭐ We're thrilled that you're satisfied with our services. If you need any assistance in the future, please don't hesitate to reach out.

Best regards,  
Rapid Restore Roofing"
"AbFvOqlsSIyovrFhyrXpK0eStVJjdFnFS18usUnXxdfcuIHTpgE8pDSbG67WYAmTcQ4R_KEHXQdS","2024-05-31T21:06:57.097415Z","5","Port Jefferson Station","Patty Interrante","This crew is the best!  I would recommend this company to anybody.  My roofing job was painless and exceeded all my expectations. I felt confident and at ease knowing my job would be handled with expertise.","Hi Patty,

Thank you for the 5-star review! We're delighted to hear that your roofing job was painless and exceeded your expectations. Your confidence in our expertise means the world to us.

If you need anything else, don't hesitate to reach out!

Best regards,  
Rapid Restore Roofing"
"AbFvOqmVsqndYOnE9HXBCvVor-OorgAMBCjrp8ShmC20Zv4DpVai5AKZ8eEgrDaUUmCSfkcDyYtF","2024-06-02T11:33:17.014168Z","5","Port Jefferson Station","Dennis Amore","Excellent service. Fast, efficient, and professional.","Hi Dennis,

Thank you for the 5 star review! We're thrilled to hear you found our service fast, efficient, and professional. Your satisfaction means a lot to us.

If you ever need anything else, feel free to reach out!

Best regards,  
Rapid Restore Roofing"
"AbFvOqnjVowaPbqvDmvrdZ20uPFq6ugWpbWgGqaQkxYNhaiv1dYCyT2bBZJ1i2eXiCm3KbUsJ_b5iw","2024-06-04T11:32:52.722085Z","5","Port Jefferson Station","t le","This company is great , reliable, efficient and clean. I was very happy with my new roof.","Hi,

Thank you for your 5 star review! We're delighted to hear that you're happy with your new roof and found our team to be reliable, efficient, and clean. Your satisfaction is our top priority, and we appreciate you taking the time to share your positive experience.

If you need anything in the future, don't hesitate to reach out!

Best regards,  
Rapid Restore Roofing"
"AbFvOqlv2DNIBjWDhJAzI1jL3jyE4_Eyl7BzTFHWnWp149_c_T081ATYFcFzn-B3I2X14PnGdaEu_w","2024-06-05T13:28:27.843418Z","5","Port Jefferson Station","Stacy McFadden","I recently had the pleasure of working with Rapid Restore for a roof and leak issue by a window at a property I manage. From start to finish, the experience was seamless and professional. Michael Dietrich, the project manager, was exceptional. He was responsive, knowledgeable, and ensured everything went smoothly. The entire team at Rapid Restore was efficient and attentive, addressing the problem quickly and effectively. I highly recommend Rapid Restore for their outstanding service and commitment to quality. Thank you, Michael, and the entire Rapid Restore team, for your excellent work!","Hi Stacy,

Thank you so much for your fantastic review! 🌟 We're delighted to hear that your experience with Rapid Restore Roofing was seamless and professional. Michael Dietrich and the entire team take great pride in their work, and it's wonderful to know they were responsive, knowledgeable, and efficient in addressing your roofing and leak issue. Your high recommendation means a lot to us. If you ever need anything else, please don't hesitate to reach out.

Best regards,
Rapid Restore Roofing"
"AbFvOqnYoA6afGwa1kq7rf3nv5-ZVogMGE1PcA2oj2-G0ZP62Dxmg2pEy_NOdWCDzGM8Q8IheNSc3w","2024-06-07T23:49:14.556618Z","5","Port Jefferson Station","Nancy Popper","This company was a real treat to do business with. From my initial phone call to the day of service, everything was smooth, professional, & exemplary.  They were quick to respond to my inquiry and provide an accurate estimate of the job. The work was scheduled for the time slot I requested and the work crew arrived exactly on time.  They worked efficiently and cleaned the job site thoroughly, when finished.","Hi Nancy,

Thank you so much for your 5-star review!

We’re delighted to hear that you had a positive experience with Rapid Restore Roofing. From your initial phone call to the completion of the job, it’s wonderful to know that everything went smoothly and met your expectations. Our team strives to be professional, punctual, and thorough, so your kind words mean a lot to us. 

Best regards,  
Rapid Restore Roofing"
"AbFvOqlu3j92G4gQfDMyFv5LvA09je3ZjftHV87mqyH92224vNX_31fU2rnbv2excmmo0RmJWzTOVQ","2024-06-09T13:37:40.775497Z","5","Port Jefferson Station","Hunter Strassman","Rapid Restore Roofing was nothing short of exceptional from start to finish. I had a full roof replacement this past week and the whole process was seamless, stress free - from initial reach out to new roof was only 1 week! I had a Friday consultation with Francesco who was very knowledgeable and answered all my questions and scoped out the project, on Monday we scheduled the job for Tuesday (the next day). I was assigned a project manager named Gary who called me that same night to confirm, and the whole crew was there by 7 am to start the job. Gary kept me up to date throughout the whole day, taking pictures of the progress. The crew was top notch, efficient and made sure to tarp my garage, and bedroom so limit the mess - they even cleaned up inside after!

My roof looks amazing, and all my neighbors commented how impressed they were with the team's speed. Their price was very competitive, and was an amazing value with the level of customer service.

Couldn't be happier to recommend them!","Hi Hunter,

Thank you for taking the time to leave us a 5-star review!

We are thrilled to hear about your exceptional experience with Rapid Restore Roofing. It’s great to know that Francesco, Gary, and the entire crew provided seamless and stress-free service from the initial consultation to the completion of your roof replacement. Our team strives to be efficient, professional, and attentive to our customers' needs, so it’s gratifying to hear that we met your expectations.

Your feedback about the quality of our work and the positive comments from your neighbors means a lot to us. We’re glad you found our pricing competitive and the value of our customer service outstanding.

Thank you for recommending us!

Best regards,  
Rapid Restore Roofing"
"AbFvOqn7bQiyxSKSf17D3aDgHPEb7xwCJQp6JRegvmkNri1p3hxpTc6XVe1-bEaZ1Shg-cIGjsaw","2024-06-12T13:31:03.024756Z","5","Port Jefferson Station","Sara Azimi","The level of professionalism and speed at which our roof was done was astounding. Rapid Restore is the only roofing company that has a project manager at the job from beginning to end hence, a very smooth and speedy job. They went above and beyond to make sure there is minimal disturbance and zero damage to property. Impressed!!!","Hi Sara,

Thank you so much for your fantastic review!

We are delighted to hear that you had such a positive experience with Rapid Restore Roofing. Our team takes pride in providing professionalism and efficiency throughout every project, ensuring minimal disturbance and zero property damage. Having a dedicated project manager overseeing your roof replacement from start to finish is key to maintaining our high standards of service.

We appreciate your kind words and are thrilled that you were impressed with our work. If you ever need roofing services in the future or have any questions, please don't hesitate to reach out.

Warm regards, 
Rapid Restore Roofing"
"AbFvOqmwYs91CbbuMm441JMZsFf3kbZY6qFxJgnSgHMVBK6_47Uc9tzLAmpx19m1blOUSLVoobDOfg","2024-06-14T11:48:08.912474Z","5","Port Jefferson Station","Mark DiBella","I would like to thank Michael Meinardus, and everyone at Rapid Restore for the outstanding transformation of my complete roofing system.
I knew right away when Michael came to my house for my appointment, I was in good hands with a company that represented their work as if it was their own house. Michael kept me always very well informed and was ready and willing to answer pretty much any question anytime. Thank you, Michael, your company’s high-quality work and excellent service is Outstanding.
Gary, David and a crew of men showed up on time and exceeded all expectations of courtesy and professionalism.
I would like to emphasize that David and his team worked with such incredible patience and diligence on my home with innovation and attention to detail. Every step of the way I was always well informed. And fully satisfied even when unexpected issues occurred.
I could not have asked for a better team to work on my house.
Rapid Restore from every aspect provided an exceptional homeowner contractor experience. Michael, it is a pleasure to recommend Rapid Restore to anyone seeking fine quality work, fair pricing, professionalism, and friendly craftsman.","Dear Mark,

Thank you so much for your glowing review!

We are thrilled to hear about your outstanding experience with Rapid Restore Roofing. It's wonderful to know that Michael Meinardus and our team exceeded your expectations from start to finish. Providing high-quality workmanship and excellent customer service is our top priority, and we're delighted that you felt well-informed and supported throughout the entire process.

We appreciate your kind words about Gary, David, and the entire crew. They take great pride in their work and are dedicated to delivering exceptional results with patience, diligence, and attention to detail. Your satisfaction, even in the face of unexpected challenges, means a lot to us.

Thank you for recommending Rapid Restore to others seeking fine quality work, fair pricing, and friendly craftsmanship. Should you need any further assistance or have questions in the future, please don't hesitate to reach out.

Warm regards,
Rapid Restore Roofing"
"AbFvOqlhYG7AZ3fvdokpxkGkVzSc7Jt0ZOsCpBiDVj1VQbmge6nM-I3uuLt_uGVxWG-LBQn-rC1SDw","2024-06-15T13:09:07.553256Z","5","Port Jefferson Station","Mary Eileen Bruballa","Rapid Restore Roofing was able to find a leak that two other companies could not find. They repaired the roof in less than half a day and when finished you could not even tell that there had been a repair.  Gary and his crew were knowledgeable, professional and courteous graciously putting up with my penchant for fussiness and a tendency to micro manage anything to do with the aesthetics of my home. I would recommend them to anyone needing a repair or a new roof over any other company on Long Island. AAAAAAA+++++++","Dear Mary Eileen,

Thank you so much for your wonderful review and for choosing Rapid Restore Roofing!

We're delighted to hear that Gary and our team were able to successfully locate and repair the leak in your roof efficiently and effectively. We understand the importance of attention to detail and are thrilled that you found our crew to be knowledgeable, professional, and courteous throughout the process.

At Rapid Restore Roofing, we strive to provide exceptional service and craftsmanship, ensuring that your home not only functions well but looks great too. Your recommendation means a lot to us, and we truly appreciate your trust in our work over other companies on Long Island.

If you ever need assistance in the future or have any questions, please feel free to reach out. We're here to help!

Warm regards,
Rapid Restore Roofing"
"AbFvOqn0WAPS7Gf8mrFBOoK3qf4KXH6VQ3uVi-QoQhVvdZPrHQV-BdhVMSNlEyniCHPTtAUvNH8KRA","2024-06-22T17:13:27.893835Z","5","Port Jefferson Station","Kanu Sata","You guys did a very good job on my leaking roof.Your manager was right on time explained how the work will proceed. The whole team worked very hard and finished the job right on time.The cost of the project very reasonable.I would highly recommend your company to my friends and family. I will definitely hire you for my future projects. Thanks. a lot for doing good job.","Dear Kanu,

Thank you for your wonderful review and for choosing Rapid Roofing for your project!

We're thrilled to hear that you are satisfied with the work done on your leaking roof. It's great to know that our manager's timely explanations and the team's hard work met your expectations. We're also pleased that you found our pricing reasonable.

Your recommendation to friends and family means a lot to us, and we look forward to assisting you with any future projects. Thanks again for your kind words!

Best regards,
Rapid Roofing"
"AbFvOqmLDnLxDUptnhZmaJTWBJ9mwDcmLMY1WqI3MFtj2VUomiVXSqGHpQqtP2hGwBd3gLcKbw6TDg","2024-06-23T09:39:06.719052Z","5","Port Jefferson Station","sergey orlov","I had 2 projects with Rapid Restore - they install new shingle roof about 2 years ago, and now they placed gator protectors. I am really happy with both projects. Very professional job from start to finish. All your requests addressed in timely matter. I would recommend Rapid restore company to anyone.","Dear Sergey,

Thank you for your kind review and for choosing Rapid Roofing for both of your projects!

We're delighted to hear that you are happy with the new shingle roof we installed two years ago and the recent installation of gator protectors. Our team is committed to delivering professional service from start to finish and addressing all customer requests promptly.

Your recommendation means a lot to us. If you have any future needs or questions, please don't hesitate to reach out. We're always here to help!

Best regards,
Rapid Roofing"
"AbFvOqn3wlWZAm1M1YPErARlkh4dLRwurTzPevx5bIHayxMfEqZtuqBJ-VKQT7fkZ2W4EZuWrnZhCw","2024-06-30T18:04:42.680445Z","5","Port Jefferson Station","DAN PAWLOWSKI","Everyone was courteous and efficient, I will call them again when needed.","Dan, thank you for your kind review!
We're glad to hear that you found our team courteous and efficient. We appreciate your trust in us and look forward to serving you again in the future.
Best regards,
Rapid Restore Roofing"
"AbFvOqljJFd5kxZjxog_bTitKcSqlP4ysQWyiRDw9tizEFynYrBSqVj3JBaOv74BbAKykELWFGZZ6w","2024-07-01T15:33:57.523235Z","5","Port Jefferson Station","D “DJV” JV","Very professional and excellent communication from start to finish. I had a bit of anxiety about this repair, that was put at ease. Was explained everything in detail and given a very reasonable price. Job was well done, highly recommend!","Thank you for your 5 star review, Dee!

We're delighted to hear that our team was able to ease your anxiety and provide excellent communication throughout the process. Your recommendation means a lot to us. We're glad you are happy with the repair and found our pricing reasonable.

Best regards,
Rapid Restore Roofing"
"AbFvOqkr0Yppm8wZdS3GM2fTXC-gS7RLFo7iF8SnB_U5CinjukwqQZtb57lRDoZCq0-ViMelAE8fuA","2024-07-02T22:07:59.897405Z","5","Port Jefferson Station","jan marasco","Great service, reasonable price & cleaned up everything, would definetly recommend","Dear Jan,

Thank you for your kind review!

We're thrilled to hear that you received great service at a reasonable price and appreciated our cleanup efforts. Your recommendation means a lot to us.

Best regards,
Rapid Restore Roofing"
"AbFvOqn7fiDfXWbsZw6hu4GUPqOOfzsX-_PORtePHfjvQAAOj_2me6KV0l9P9Ee7wbaLOeEkfpewBQ","2024-07-03T19:49:42.537725Z","5","Port Jefferson Station","Rodrigo Rubio","HIRED THEM!! This company is fenomenal 10/10 customer service, staff and services are amazing!
They make sure to go above and beyond to make everything the most professional way possible. They true to price and their prices are reasonable.","Dear Rodrigo,
Thank you for the fantastic review!
We're thrilled to hear you had a phenomenal experience with our customer service, staff, and overall services. It's great to know our team went above and beyond to provide professional service at a reasonable price. Your satisfaction and recommendation mean a lot to us.
Best regards,
Rapid Restore Roofing"
"AbFvOql0nnu7TOJQ8_NM-PsTg9D50FFPEcsxX6fGLpKc7gb569BNm2c2VCg0V-scKEQ9ruY0xKo1Hw","2024-07-04T14:19:59.542969Z","5","Port Jefferson Station","John Young","I needed a roof repair and called rapid restore roofing, they came right away, gave me good options and prices. After comparing quotes from several competitors I choose Rapid Repair. They came when they said they would, kept me up to date with my Repair and finished when they said it would be done. The job site was cleaned up and the Repair looks great.
Thanks
John Young","Thank you for your 5 star review, John! We're glad to hear that you had a positive experience with Rapid Roofing. It's great to know that our team provided prompt service, competitive options, and kept you informed throughout the repair process. We always strive to meet our commitments and leave a clean job site. Your satisfaction is our priority.

Best regards,
Rapid Roofing"
"AbFvOqmzTgv0y1DA8rDXkQO3i3tWnky0W2aCDNo5jtEhzYUj2NPLgtCxUjT8QusJlnRHd8i0jAD0","2024-07-06T21:28:03.122938Z","5","Port Jefferson Station","Ashley Ambrosio","Rapid Restore was great to work with! Everyone was very knowledgeable and answered any questions we had. We called them after I replaced one of route roof vents with a solar powered fan vent. The roofer who redid our roof 3 years ago failed to install it correctly as well as the vents causing heat and our central air to be running non-stop. I wish every company was as efficient, trustworthy, and reliable as Rapid Restore.","Thank you for your 5-star review, Ashley!
We’re thrilled to hear that you had a great experience with Rapid Roofing. It’s great to know our team was able to address the issues left by your previous roofer and improve your home’s efficiency. Your kind words about our knowledge, trustworthiness, and reliability mean a lot to us.

Best regards,
Rapid Roofing"
"AbFvOqnwIeX7C2RvTt-VvYGAg2-AzYoLYyC5sdBhDX9XkIiX1XRpVcJh0JCqv9iRf1fzreUtYuFzeQ","2024-07-07T14:36:07.644617Z","5","Port Jefferson Station","Ron von","Roofing job was exceptional. First time living in my home in over 30 years , I’ve finally found the best construction team ever!  The quote for the job , the communication , the timing, the completion and cleanup was nothing short of EXCEPTIONAL ! Thank you to both Mikes and Joe !","Thank you for your 5-star review, Ron!

We're delighted to hear that you found our roofing services exceptional. Your kind words about our team and the entire process mean a lot to us. It's wonderful to know we could provide you with the best experience in over 30 years.

Best regards,  
Rapid Roofing"
"AbFvOqlGbfC78lbJgVqPS5iWKl4YyA0td5WEfNL7_EfilZq_fDTj9h15oALwH8S9pmPc1wz5nv8SNw","2024-07-09T13:01:17.626749Z","5","Port Jefferson Station","Torch","Great service and great quality of work!","Thank you for your 5-star review, Aswin!

We're thrilled to hear that you were pleased with our service and the quality of our work. Your satisfaction is our top priority.

Best regards,
Rapid Roofing"
"AbFvOqnZ_qLIKGoQOaAfA_Wp9jWC3saZ6y3MzW6kIxWPdd2_6dfg0L0KFxmeZk9xXqE9bYqvgiyc","2024-07-12T19:59:46.155083Z","5","Port Jefferson Station","Clifford Johnson","Top performers in the roofing business. Approximately 4000 sq  ft. job completed in one day.","Thank you for your 5-star review, Clifford!

We're delighted to hear that you found our team to be top performers in the roofing business. Completing your 4000 sq ft job in one day is a testament to our dedication and efficiency.

Best regards,
Rapid Roofing"
"AbFvOqmtnXX-P1RxHaUkMzaFaqHWy8A4rGHg3P6yAl7sga-dmLuHqyhDIbwBLj51Z_B4m3n7VygX","2024-07-12T20:51:49.263251Z","5","Port Jefferson Station","Kathleen Sweeney","My husband and myself were very pleased by the work done on our roof.  We just love the way our house looks now plus more importantly we know our house is much safer to live in now.  We have these crazy wind storms lately so we felt the new stronger roof was so needed.  Rapid roof was very punctual and extremely polite.  They kept in touch continuously with e mails and videos.  Thank you so much! Kathy and Simo","Dear Kathy and Simo,

Thank you for your review!

We're thrilled to hear that you and your husband are pleased with the work done on your roof and love the way your house looks now. Ensuring your home is safer, especially with the recent crazy wind storms, is important to us. We're glad our punctuality, politeness, and continuous communication through emails and videos met your expectations.

Best regards,
Rapid Roofing"
"AbFvOqnwVm173PB9gcGq59pO8HOZOy-ivxtyAjXsDqmc5lrs0e6J7z5uZv80QxFrSIBPEdqlyKuRig","2024-07-20T22:43:11.546275Z","5","Port Jefferson Station","B B","I Give this company 5 Stars for their outstanding Workmanship and a Beautiful Job.
I had Five estimates done. Rapid Roofing sent their rep Jake G. over. He flew a drone over my home for a Full Roof report. Jake spent at least an hour going over How Rapid Roofing does things differently than other Roofing companies starting with a dedicated Project Manager thru the entire project. A Real time photo Gallery from start to finish. When we signed on they didn't ask for any money down!  Got notification's to pick colors, and set a date. They arrived on time and Impressed us start to finish. Gary, Our Project Manager was Excellent!! We had carpentry work done on the front of our home to put overhangs on our dormers, Aluminum capping work, Gutters, And the Roof done. Materials came onsite while the roof was being stripped down to the boards. Gary checked Materials. I cant say enough good things from this point. Their Carpenters were Excellent, Their Metal Fabricators were Excellent, Roof and Gutters came out beautiful. If I had any issues with anything Gary had the crew fix it. They didn't take any money until I was completely satisfied with the job's. I would definitely use this company again and will refer them to friends and relatives","Thank you so much for your review!

We are delighted to hear that you had such a positive experience with Rapid Roofing. It's fantastic to know that Jake's thorough approach and use of technology impressed you from the start. We take great pride in our dedicated project management and real-time updates, so it's wonderful to hear that these elements of our service stood out to you. We're also pleased to know that Gary and the entire team met your expectations with their excellent workmanship and attention to detail. 

Thank you for your trust and for recommending us to your friends and relatives. We look forward to working with you again in the future!

Best regards,
Rapid Roofing"
"AbFvOqm2pcGi1xerhPvdo_1L1MCbXwM9PDWK--g6MCu1bVPetV0C_wmdFtWxg33e7ljn7gaJyQ1A","2024-07-23T17:21:23.242526Z","5","Port Jefferson Station","Christine Lynch","Rapid Restore is the place to go for all your roofing needs! Jacob came to our house and put us at ease. He explained everything thoroughly and answered our numerous questions. Along with answering our many questions by phone and text. Joe, the owner made sure everything was how we wanted and spoke to us personally. We received pictures as the roofing process started to it completed. The roof installers were all kind and cared about our home. They covered EVERYTHING and even went into my house and covered my kitchen since they were removing my skylights to put the roof in properly. Overall, even if you get estimates, this company is by far the one to choose for your roof! Don’t look any farther as  they did an AMAZING JOB!!! ( we had a complete roof redo to the plywood, chose color Black Onyx)
Thank you again Rapid Restore!","Dear Christine,

Wow, thank you for such an amazing review! We're thrilled to hear that Jacob and the rest of our team made your experience smooth and stress-free. It’s fantastic to know that you appreciated our thorough communication, careful work, and attention to detail, especially with the skylight removal and kitchen coverage. 

Choosing a roofing company can be overwhelming, so we’re glad you felt confident in choosing Rapid Restore. Your Black Onyx roof sounds stunning!

Thanks again for your kind words and for recommending us. If you need anything in the future, don’t hesitate to reach out!

Best regards, 
Rapid Roofing"
"AbFvOqmxJ-lMJG3cG2fUG2s6aeRISfQ6L9HV11tjAy_NfXSm2boO00UJkJCfuYtmNeJAxVq0Fiexwg","2024-07-28T15:55:59.666530Z","5","Port Jefferson Station","Patti B","Rapid Restore was professional & on point from our first meeting with Tom throughout the job. It was great having a foreman, Gary on the job to make sure everything went well.
Our roof looks beautiful and we got great service. I would definitely recommend them to anyone needing a new roof. Price was right too!","Thank you so much, Patti, for your kind and detailed review. We are very glad to hear that your experience was professional and seamless from your first meeting with Tom all the way through the completion of the job. Having Gary on-site as the foreman is an important part of how we ensure everything runs smoothly, and we are happy to know that made a positive difference for you. It’s wonderful to hear that you love how your new roof looks and felt well taken care of throughout the process. We also appreciate you mentioning that the pricing felt right. Thank you for recommending Rapid Roofing. It truly means a lot to our entire team."
"AbFvOqmSJ2gwDXzIjoo2wpMaxjCowugqRUkmE_jEufhndHujdYcj0qgTk7C9cXk8gzNI3qcMx-FVnQ","2024-07-31T16:39:25.623879Z","5","Port Jefferson Station","Meryl Zysberg","I'm writing this review for my dad, Elliot Krakauer, he had a leak and found an ad for Rapid Response in his Pennysaver. He called and spoke to a woman who set up his appointment for a quote. She followed up with an email. The gentleman arrived earlier and went up on my roof, took pictures and came down and explained my options.  I received an email with the quote.  It was a reasonable price.  I accepted the quote and they set up an appointment, with a 3 hour window.  I received a call when they were  on their way.  In fact, I asked if they could replace my attic fan while they were on the roof and they did. They were courteous,  friendly, prompt and knowledgeable.  They cleaned up after the job and left the area cleaner then when they started.  I would recommend them to friends and family.","Hi Meryl,

Thank you for sharing your dad's positive experience with Rapid Roofing! We’re thrilled to hear that everything from the initial contact to the final clean-up went smoothly and met your expectations. It’s great to know that our team was prompt, courteous, and went the extra mile with the attic fan replacement.

Your recommendation means a lot to us, and we’re grateful for your kind words. If you or your family need any roofing services in the future, don’t hesitate to reach out!

Best regards,
Rapid Roofing"
"AbFvOqkNf4MR4pzxDBN3ksCdYewgCGph1ioU5JJGbNNk4LpluP_95cHftAb4hJ4rOc1t1McCSC2mcg","2024-08-08T18:51:29.342857Z","5","Port Jefferson Station","Susan Burian","Did a great job on the roof. Addressed my concerns. Very Professional.","Hi Susan,

Thank you for taking the time to leave us a review! We're thrilled to hear that you're happy with the work we did on your roof and that we were able to address your concerns. Professionalism is something we take great pride in, so it's wonderful to know you had a positive experience with our team.

If you ever need anything in the future, don't hesitate to reach out. Thanks again for choosing Rapid Restore Roofing!

Best regards,  
Rapid Roofing"
"AbFvOql6ftWq0A9LTo4U5rwNnxxs9MxJ2cEuDxfe4yHE6WIOsXY2jn3wwvvMdeqHBSURFS6YZEw","2024-08-12T16:11:16.002733Z","5","Port Jefferson Station","William O'Donnell","I would not contact any other company for future roofing needs!!! Extremely happy with the work this company did. Mike & Ryan were extremely professional. They got the job done quick, were very knowledgeable, & professional. Definitely use these guys for any and all of your roofing needs!!!","Hi William,

Thank you for your 5-star review! We're thrilled to hear that you were extremely happy with the work we did. Mike and Ryan will be glad to know their professionalism and expertise made a positive impact. We appreciate your trust in us and are here for any and all of your future roofing needs.

Thanks for choosing Rapid Roofing!

Best regards,  
Rapid Roofing"
"AbFvOqmF9ecsnz-lESsw4p6drGY5zstF3-v7uwpbhZa4gbjIkOnhDDJuZrcnhYdwEznKULeXCiYH","2024-08-13T19:57:08.006252Z","5","Port Jefferson Station","Margie Nevola","Very pleasant crew to deal with and very prompt in responding. They did an excellent job on my roof repair. I highly recommend them!","Hi Margie,

Thank you so much for your kind words! We're delighted to hear that you had a positive experience with our crew and that you're pleased with the roof repair. Your recommendation means a lot to us!

Best regards,    
Rapid Roofing"
"AbFvOqmsHk17T7UMAhBAC0rkxkXVtdz7jcAyezR5ambfDQJK8R4xqt50mXmAyEXH6FOpJeyW3335lg","2024-08-14T19:55:57.479649Z","5","Port Jefferson Station","Debora Planes","Rapid Roofing replaced my roof and they did a wonderful job. They were very professional and thorough, and the roof was finished in just one day. I highly recommend their services to anyone who is looking to get their roof done. I am very satisfied with Rapid Roof’s work. Money well spent! Thank you! Debbie","Hi Debbie,

Thank you for the fantastic review! We're thrilled to hear you're satisfied with your new roof and that our team could get it done in just one day. Your recommendation means a lot to us. Thanks for choosing Rapid Roofing!

Best regards,  
Rapid Roofing"
"AbFvOqkQgkoK3GRfwy9Amjz13TeCxPpV0kWRufcFw_b-D6rbyXL3kXIXQUuF4c2NsrTF63nLgkjG","2024-08-16T15:12:43.092845Z","5","Port Jefferson Station","Darlene G","I was very surprised at how efficient and effective these men were made me feel comfortable and at ease. My roofing experience was put to rest . Excellent Job. Thanks so much!! They did amazing 🤩","Hi Darlene,

We're thrilled to hear that we could make your roofing experience a comfortable and stress-free one! Our team always strives for excellence, and it’s great to know you’re happy with the results. Thanks so much for choosing Rapid Roofing and for your kind words!

Best,  
Rapid Roofing"
"AbFvOqkKl045vgP-_3IqJaXj1hqJdsbwJ335svaTmvrc18CslRUJZq4plJFfKvCaYUt8FuPMDfhmHA","2024-08-18T16:12:59.561738Z","5","Port Jefferson Station","James Chadderton","","Hi James,

Thank you for the 5-star rating! We're glad to see you had a great experience with Rapid Roofing. If you ever need anything else or have any feedback, don't hesitate to reach out.

Best regards,  
Rapid Roofing"
"AbFvOqkG_ZDPjXVyMk0Wj5dlR67VypFp4jUE8OknPA6s3NPGmHwKEpcdRdQiCcwToFWwOiknZtJYUw","2024-08-22T17:12:07.657301Z","5","Port Jefferson Station","sharun kumar","I was looking for partial roof replacement of my home I just purchased. Rapid Roofing was recommended and I contacted them. Ever since then, Rapid Roofing took care of all my needs, from finding out the best loan to scheduling the work, has been very seamless and easy going. They communicated all of the things that were happening and took care of all my concerns. Even when a small problem popped up, they informed me of it and took care of it. I don’t think I’ve met any other contractors who go above and beyond for their customers like Rapid Roofing did. Any other projects come up, I will definitely hire them again. Phenomenal service from beginning to end.","Hi Sharun,

Thank you for the stellar review! We're glad to hear that our team could make your roof replacement process as smooth and stress-free as possible. We pride ourselves on going above and beyond, and it’s great to know that it made a difference for you. Whenever you’re ready for your next project, we’ll be here to help!

Best,   
Rapid Roofing"
"AbFvOqm1cqmU1XIafblHAeTePKt-jZ3dWKgeS366MwtdvKZsuG4gBnXL7AkCmZymDvXBuhJJX2rsjw","2024-08-26T21:35:03.780889Z","4","Port Jefferson Station","Joseph Vasile-Cozzo","Started work on time with professional crew. Job was completed and very satisfied","Joseph, thank you for taking the time to give us a review! If you need anything, please don’t hesitate to reach out."
"AbFvOqmGmUUY-ENP5PvUge4TZqkOui_chIP1ErS2ZYh2sv8hbd6mfn0ZWrBS-g61DeHSKFpUQtHw_A","2024-08-27T13:49:01.814573Z","5","Port Jefferson Station","Jennifer Siano","Had a full roof done with Rapid. Everyone was so amazing from the girls who answered the phones to set up the estimate, getting the estimates and getting the work done. I loved how they understood that I had a special needs kid and knew how to interact with him. I was surprised by how clean they were while getting the work done and how well they cleaned up considering they took off the whole roof and even how it wasn’t even that loud. I have been in houses where they were getting the roof done and it was unbearable this wasn’t it. It was really cool getting the photo updates and if the work and being able to speak them about the work that was getting done. 10 out of 10 would recommend them!","Hi, Jennifer! Thanks for taking the time to give us your feedback. We’re thrilled you chose us as your roofing company—it was a real pleasure working with you. If you need anything else, just give us a call—we’re always here to help!"
"AbFvOqko5lABYEGgjgukDwmHrXu6QCwsOXNo96Iw_50iE3ZwstY7--sJ1VenciqTms1MobDlmlHVDQ","2024-08-27T21:19:56.584272Z","5","Port Jefferson Station","Nicolas Incarnato","To address a leak that was coming through out window during the last heavy rain storm had my wife and I flustered.  We contacted Rapid Restore from a recommendation from a family member, and the experience was excellent. From the first phone call with Kelly, she was caring and compassionate to our needs and scheduled our appointment. They sent us a detailed breakdown in advance of what to expect. Less than a week later, Mike showed up on a Sunday for our convenience and explained the entire process for our specific project and made us very confident in the work that would take place. Only three days later, the Rapid Restore team was on site and working to fix our leak, and the only way to explain this experience can be summed up in one word. Excellent!","Hey, Nicolas. Thanks a ton for the 5-star review! We’re all about giving our customers top-notch service, and it’s awesome to hear we nailed it on your project. It was great working with you. If you need anything else, don’t hesitate to reach out—we’re just a call away!"
"AbFvOqktwZ_XCwmhbRA9nGaCfaeeaTgECV6S_03YacFx3gILhCA7MPkq3wyaRm3UN79wx0eErXfs","2024-08-30T20:30:46.151253Z","5","Port Jefferson Station","Amanda Conway","What a refreshing experience from start to finish! Professional, reasonable, quality work. We needed flashing and part of the roof by our chimney redone after the first roofer messed it up. Jacob was knowledgeable, the guys were hard workers and efficient and there was a supervisor onsite for the entire project (rare!). Very happy and will definitely use this company again in the future.","Hey Amanda, we appreciate the stellar review! It was a pleasure working with you. If you need anything, just reach out."
"AbFvOqnu9yRwmpSg08DZeoLhbgtl8qZJCFwgyANsW3MxxAvZCMu5fy4NFskE5PEu9EtDWB7AcCtC","2024-09-04T17:33:14.128245Z","5","Port Jefferson Station","Jacqueline Hulkower","My project manager was Ryan Romero. Ryan and his men were
very nice and accommodating. They repaired the hole in my upper siding. They did a great job. If they saw something that was not right, they automatically fixed it. Ryan showed me the results on my phone everything that was done. I am very pleased with their and their coordination with the company  throughout the process. I was assured that if a problem occurred, they would
come and deal with it promptly.

Jacqueline Hulkower- Wantagh-[phone removed]","Hi Jacqueline, thank you for taking the time to leave such a detailed review. We are happy to hear Ryan Romero and the crew were kind, accommodating, and proactive throughout the job.

It is especially great to know the team handled the upper siding repair, fixed issues they noticed along the way, and kept you informed by showing progress photos. That level of communication and craftsmanship is exactly what we want every homeowner to experience. We also appreciate your feedback about the coordination with our office and your confidence that we will respond quickly if anything comes up. Thank you again for choosing Rapid Roofing."
"AbFvOqm64hhMoWI6CbzQBudJKtPmhA_jePQjTgasnFpMz7v59uWmUxyP1IhW0V16myBvIBYnDPoy_A","2024-09-06T19:53:45.566316Z","5","Port Jefferson Station","Thomas Rand","We had an excellent experience with Rapid Response. We needed a roof and gutters replaced. The price was reasonable, the quality of work was excellent and was performed in a timely manner. We were able to view the work as it was performed via a link. Michael was very professional and knowledgeable. I would recommend them to anyone who needs a roof replacement or repair","Thanks, Thomas, for the great review. We’re glad we could exceed your expectations. If anything else comes up, let us know."
"AbFvOqkhZRNFWPXrFrCoSVKYDT_lOkoEoqmmq5duy3knaSF9JYGeY6yrYjiGxnyC3bqylEq49dlf","2024-09-08T18:52:59.220567Z","5","Port Jefferson Station","Sherie Peacock-Flohr","Rapid Restore did a fantastic job on our roof. They were very professional and communicated with us throughout the entire process.
Would definitely recommend them.","Hi Sherie, thanks for the 5 stars. We’re glad we hit the mark during your project. If you need anything else, give us a call."
"AbFvOqnCjGc0mt-TLLjTgXQazyFGcsOYaAEyPEKFcYubr56j3Sc8rOzA1Qe6L-ftQL_GjPf8Uf1ztw","2024-09-11T17:00:45.414384Z","4","Port Jefferson Station","Xiaoyan Jiang","The new roof looks amazing after all the small identified problems have been fixed. Live pictures and videoed were helpful to me too.","Hi, Xiaoyna. Thank you for your review! We strive to make sure you have an impactful and meaningful experience every step of the way. We'd love to hear what we could have done to make your experience worthy of 5 stars. Please don't hesitate to reach out to us. We're here to help."
"AbFvOqkd-hAdt_q1VQ4g5OKOCYiDjx_h7zaox_QQ-Q79rkoZ1pBrcvtMhlTIgloAYxSvvw","2024-09-11T21:08:42.000859Z","5","Port Jefferson Station","Leslie Rosen","I recently had a roof leak at my home. I called rapidrestore roofing to get an estimate for the repair.Michael came by the next day and explained very thoroughly what the job would entail and gave me a very fair estimate.The crew and project manager (Ryan) were professional and courteous and careful not to do any damage to my property. I would not hesitate to use them again or recommend them to friends or neighbors.Thank you for a job well e.","Hi Beth, thanks for the 5 stars! We’re glad we hit the mark during your project. If you need anything else, give us a call."
"AbFvOqn1Q-YMFCxTXnlnywh24TjDD1HoOcdwaRKIjI0UBRoAgCW98hii_iT6uAPFa8fh26khI6bb","2024-09-14T12:06:21.131292Z","5","Port Jefferson Station","John Power","I couldn't have been happier with the job done by Rapid Roofing.  Organized, Efficient , and professional.  I would 100 percent recommend Rapid Roofing . Thanks to Mike,Ryan and their team for a job well done","Hi, John. Thank you for your 5-star review! Our team strives to provide our customers with exceptional, world-class service, and we’re delighted to hear that we achieved that during your project. It was a pleasure working with you. Please let us know if you need any further assistance. Remember, we're just a phone call away!"
"AbFvOqkRdu382po2dzM3mw1LC6u_aAOZez9y7DfDwrVBxQkqZesnQIEUiAqpS8a4aNZquJFErZSO","2024-09-16T15:56:39.072845Z","5","Port Jefferson Station","Richard Hanrahan","Great ""all around"" process.....from initial estimate to final completion.  As someone in the ""Customer Service"" business for 40+ years....I know when a Contractor ""CARES"".  RapidRestore ""CARES""  Thanks for the GREAT experience.","Thanks, Richard! Coming from someone with decades in customer service, that means the world to us. We’re all about showing our customers we care from start to finish, so we’re thrilled you felt that. Appreciate the shoutout and glad we could make it a great experience for you!"
"AbFvOqmtn23DHt8pTLCUD5MOgwLp7EZFJMNoVPBhoQGiQRJNp5WUvMtmIlMxe8oRb99PW9LanqYs","2024-09-16T17:46:17.029298Z","5","Port Jefferson Station","Tscott Volz","Best experience with Rapid Restore.  Our initial contact with Michael from Rapid Restore was wonderful.  Not only did he explain the products that Rapid Restore uses, but he also explained how each step of the operation would be conducted.  We only had a small area that needed to be replaced due to the recent heavy rains which caused a big leak and part of a ceiling collapse in one of the bedrooms.  Mike's  gave me a price for not only the patch work we needed, but for a new roof should we be so inclined.  We're working now to try to save to replace the entire roof, the cost of which we paid for the partial replacement would be deducted from the final roof cost.  We had several other estimates from other roofing specialists, all within the same price range, however, Rapid Restore was the most comprehensive and thorough of all.  They even sent me videos of the progress as the work wore on.

I would one thousand percent recommend Rapid Restore to anyone looking for a roof specialist.","Thank you so much for sharing your experience! We're all about making sure every detail is covered, so it's great to hear Michael took the time to walk you through everything from the products to each step of the process. That leak sounded like a real headache, but we're glad we could jump in and make it right. And don’t worry—when you’re ready for the full roof, we’ll be there. Thanks for the “one thousand percent” recommendation—that means a lot!"
"AbFvOqnQiuirSpXiMoBY7rZX-ZUkUDwNfKa5kUAI2eypJDfJqj8iNNFUVnbVhKLDB9zp1ciKCyst","2024-09-18T15:38:45.041852Z","5","Port Jefferson Station","Chloe Lena","Incredibly fast and efficient, I highly recommend this team.","Thanks, Chloe! Fast and efficient is what we’re all about. Appreciate the recommendation, and we’re here whenever you need us!"
"AbFvOqm1YDD-JmM05MCtKGJAAbRU6b4NDwMlkpiok0ipsWCidv5WlE7L_oUcYRDVuXqqlSDsx3Yu-A","2024-09-21T22:14:10.760786Z","5","Port Jefferson Station","jessica tarrao","Absolutely amazing company! Mike was extremely knowledgeable and helpful at all phases of the project. Renz was extremely helpful and always checking up on progress and ready to answer any questions I had. Ryan was very helpful the day of the project and the crew did an amazing job all in one day. They sent updated pictures throughout the entire roofing project and made sure everything was perfect. Highly recommend them for any and all roofing!","Jessica, thank you so much for the awesome feedback! Mike, Renz, and Ryan are all about making sure every step of the project goes smoothly, so it’s great to hear they hit the mark. Keeping you in the loop with photos and updates is just one way we make sure you’re getting exactly what you hoped for. We’re thrilled you’re happy with the job, and we’re here for any roofing needs down the road. Thanks for the recommendation—it means the world!"
"AbFvOqmGNs5_L-_F97lPWhpsGPwnFrmsdRp6pmEoEZuCeKpXJWluywc1uDLgUQZipBwb2Kk8sxed6g","2024-09-23T21:46:55.704470Z","5","Port Jefferson Station","Robert S","It started with the estimate.  The Rapid Roofing estimator was the only one out of 6 estimates that actually got up on the roof and checked out my roof.  He estimated exactly how many rafters and sheets of plywood we'd need and then threw in a few more just to give me a cushion.  Their crew started working promptly at 7AM and they worked very fast.  Their was project manager (PM) and a foremen assigned to project.  The PM kept me abreast with the work and kept sending me pictures documenting the work.  The crew worked very well together.  They worked fast, they were also neat.   After they finished they cleaned up my entire yard and it was like they were never there by 4:30 PM.  We were very very impressed.  I'd highly recommend Rapid Roofing.","Hey, Robert. We are very appreciative for your wonderful review! Our team is dedicated to providing excellent service, and we're pleased to have met your expectations. Working with you was amazing. If you have any questions, please do not hesitate to contact us; we are always happy to help!"
"AbFvOqkTYDu0v9kv9EJ9d26bsltgbZAH-OlC-2FCn5hI1IMgKQ_V2taPLnjPWmUTT9O1u8HsQsmSOg","2024-09-25T15:04:03.763723Z","4","Port Jefferson Station","Li Peng","","Thank you, Li, for your review! We’re glad you had a good experience with us. If there’s anything we could have done to make it a 5-star experience, we’d love to hear your thoughts!"
"AbFvOqmEo_B59dICOMi2IdbEaycEpx3gXz5Jz1IwoMtxIKNFeueEIm5ujqaUEgjltGArACYcd8rS","2024-09-25T21:46:56.126739Z","5","Port Jefferson Station","Amy A","They were extremely efficient, professional and clean! They did an awesome job. I would highly recommend them to friends and family.","Thanks a ton for the kind words! Efficient, professional, and clean—that’s exactly what we aim for every time. Thrilled to hear you’re happy with the job, and we appreciate the recommendation to your friends and family. We’re here whenever you need us!"
"AbFvOqnbh5ogtL0j7B0zyPPZbMTAWhMzhcqgyWNV_TkznDwrM0O5ngYCvWh_6MSwcEXcypAUVVXVfA","2024-09-26T13:38:07.602340Z","5","Port Jefferson Station","Joe Tornabell","My newly retired Mother was in need for a new roof on her aging Selden home. Unsure of what company to use and fear of being overcharged she asked me to vet a potential contractor. Having a construction background unlike most I had an advantage with understanding the process and the material needed to complete the job. I had three estimates and the most upfront and honest of them all was Rapid Roofing. The other two were nice guys but the companies contracts had some overshadowed charges if more plywood was needed to be repaired at 3x the price of the purchase price from 120-180 dollars a piece. This would potentially add thousands of dollars to the agreed price. The estimator was knowledgeable about the process and even found underlying issues with some Roof rafters from is attic inspection. The only one who looked in the attic. He was honest about the extra cost to remedy the issue upfront rather then another that would spring the shocking extra after the fact. I advised Rapid Roof to my Mother as a trustworthy company. From start to finish they made repairs and replaced the roof in a scheduled and professional way. They communicated with her throughout the whole process and even after. In a few years I will be using Rapid Roofer at my own home. Great experience!","Thank you for sharing your experience! We know choosing a roofer can be tough, especially for a family member, and we’re thrilled to have earned your trust. Being upfront about costs and making sure there are no surprises is just how we do business. Glad we could put your mother’s mind at ease and tackle those issues right from the start. And we’ll be ready when it’s time for your own roof! Thanks for the recommendation—it means a lot."
"AbFvOqlX0M9WgIRKYgTLuSH9k4LNXGlH_uAqUppnofssztWYbxPBTEx6XmEJlfg3O1G-HaL1mbiw","2024-09-26T20:43:01.006019Z","5","Port Jefferson Station","Joann McCormack","Rapid Roofing did a great job on my roof. They were professional and efficient.  I am happy with the outcome and would recommend them to anyone who needs a new roof .","Joann, we appreciate the shoutout! Glad to hear you're happy with the new roof—we take pride in getting it done right and keeping things efficient. If you ever need anything down the line, we’ve got you covered. Thanks for the recommendation; it means a lot to us!"
"AbFvOqmdSl5n-ssskY_virOjrOYheU4yEVlXJ4m8k93sq5OqI7JPp594vk5jIj-6bm6aRJfCq8nJHw","2024-09-28T11:36:08.530923Z","5","Port Jefferson Station","Philip Noto","I am writing this review to  express how happy I am with the job done by Rapid Restore Roofing. From the minute I met the owner Joe to the very end with the actual employees doing the work it was a tremendous experience. Joe and his team are complete professionals! Tom was the first one to come and check out my home. He explained what the did , how the did it and all the warranties that came with it. The price of the job was very competitive compared to the 4 other estimate's I received. The amazing thing is that they show up with 10 workers and a project manager. They cover everything. The job started at 8:00 am and they were completely done by 5:30. My house was very large and it’s totally amazing how fast and professional it was done. My neighbor came to me and said “I’ve never seen anything done so well and fast”. When they left it looked like they never were there. Except of course for my amazing new roof! I have to say I am 60 years old now and I’ve seen allot and I’m really not good at remembering names. I can tell you that I willl never forget, Joe, Tom, Renz, Gary and David . All very focused and professionals at what they do.
I’ve couldn’t have made a better choice
Thx Phil Noto","Phil, your review made our day! Joe, Tom, Renz, Gary, and David will be thrilled to hear this! We're all about keeping things smooth, fast, and done right the first time—sounds like that’s exactly what we delivered for you. Bringing in the full crew to handle every detail is what sets us apart, and we’re glad to know you and even your neighbor were impressed. Thanks for trusting us with your roof, Phil. Anytime you need us, you know we’ll be there, doing what we do best. Enjoy that new roof!"
"AbFvOqkHTKqv6rcbz_vuGv591HA6EdczbU1IE2AMpS4-cjZaju3XsvF568GeE_0pgUcg9C7nCLGpyw","2024-10-01T20:35:15.343349Z","5","Port Jefferson Station","Jessica Cathryn","They did a great job replacing our roof. They took our old roof off and replaced the entire roof in one day! They cleaned everything up after so it looked like they had never been there! Our roof came out great, were very happy with the results.","Hey Jessica! Thanks for the awesome shoutout! Getting that old roof off and the new one on in a day is what we’re all about. We’re thrilled you’re happy with the results and that we left the place spotless—just how it should be. If you ever need anything else, we’re just a call away. Thanks again for trusting us with your roof!"
"AbFvOqlVdUYSwsgZoR1k2rMLXinFwrBZyYrGTqxJ8ONqIsbt5kanxW3umv9WeHeGS6wEdtrtcexOSw","2024-10-06T12:07:53.390576Z","5","Port Jefferson Station","Michele Arm","From beginning to end my project experience was wonderful. I highly recommend them to anyone needing a new roof.","Hi, Michele. Thank you so much for your 5-star review! We're thrilled to hear we provided a wonderful project experience. Please don't hesitate to reach out if you need anything. We're here for you."
"AbFvOqkhWNh2AIwo1wxvvFL4b3Re68fo5X5_Rld9MCZnOSD8p-yGzSVW6AHwaCo3tMlDAjvdc__Evw","2024-10-09T14:23:19.829434Z","5","Port Jefferson Station","Brian Schmittberger","EVERYONE AT RAPID RETORE I SPOKE TOO, INCLUDING EMAILS AND TEXT’S TREATED ME WITH RESPECT AND COURTESY.
THE IPAD AND PHOTOS BEFORE AND AFTER THE JOB SHOWED PROFESSIONALISM.
THANKS FOR A PLEASANT EXPERIENCE.
I DEFINITELY WILL RECOMMEND YOUR COMPANY.
BRIAN S – MOUNT SINAI NY","Hi, Brian. We cannot thank you enough for your review! Knowing that we gave you a pleasant experience gives us great satisfaction. It was a pleasure to serve you. If you need any support or have any questions, please call us; we are here to help!"
"AbFvOqmy0FYtlSSqjVjvci7LdPB6926kXZtyLRYJ86fgqmihDgpsoU15_YOoGGctiFlu9Yjzw179JA","2024-10-19T12:34:26.734726Z","5","Port Jefferson Station","Nick Angiulo","Very professional company! Highly reccomend.","Thanks, Nick! We keep it professional and get the job done right. Appreciate the recommendation!"
"AbFvOqn_lQ4COt0XS-4yXlucdfxztzWEU6_AXZnh09oU-isf7zwFD3R7jYm_aRV5G4NAGsqyT9Ui","2024-10-21T14:11:50.118780Z","5","Port Jefferson Station","Bonnie Schwartz","From start to finish this was a very stress free experience! Never before have we had such a problem free result of using a contractor for a major job for our home. I loved the way everything was explained in detail- and in words that we actually could understand. The step by step process was amazing- up to the follow up afterwards. I appreciated the care and respect for my property. The clean up was excellent too! I highly recommend this company!","Bonnie, we greatly appreciate the kind words! We pride ourselves on keeping things simple and stress-free, just like it should be. Glad the step-by-step process worked for you and that the crew respected your property. Thanks for recommending us!"
"AbFvOqnx-zX-pev1IHng0WUTBiGBZDblWpzl9yYVC4Z0dD7Vr8RMJHlljS2eCoidy6M3hqoBkKtb_A","2024-11-08T16:29:45.509748Z","5","Port Jefferson Station","Chengfu Zhou","Rapid Roofing did an very amazing job on my roof.  All the people, Jake, Renz and Gary, are nice and professional. The customer reference sheet Jake gave to me are really helpful, so that we can see the real examples of the shingles, not just the images! Highly recommend!","Thanks, Chengfu! Glad Jake, Renz, and Gary provided such a great experience. It’s awesome to hear the reference sheet helped you choose the right shingles. We appreciate the recommendation!"
"AbFvOqmrjT8wNf10MYv_LM3zsIjynkghMG8QPFp8JJWUOYih187pUsInMTOMYKyFL_1Crdv773Dbdw","2024-11-19T18:48:46.619584Z","5","Port Jefferson Station","RICHARD FRAZITA","What an excellent job this company did on my new roof. They were very helpful in planning the job, and the team they sent was friendly, pleasant and most of all very competent. The work was completed in one day and they left the site clean as a whistle. The process of a full time on site project manager provided an easy and efficient  interface to the flurry of activity as it progressed. Bottom line, the promised expectations were fulfilled,  and I  recommend Rapid Roofing without any caveats.","We appreciate the awesome review, Richard! We’re thrilled you had a great experience… from planning to a spotless cleanup. Having a project manager on site makes all the difference, and we’re glad it helped keep things smooth for you. Thanks for the recommendation!"
"AbFvOqkMf6tshWxJr1TO15ew-PBIj4tkgLsUfEDQSFk1mTz30h_Ruv_4nhUAUQzvEB9J1xXm9UkiPQ","2024-11-21T13:41:03.942590Z","5","Port Jefferson Station","John Kahl","Rapid Restore did a great job with our roof installation. They were prompt, and the end-product looks excellent!","Thanks, John! Glad to hear you’re happy with the new roof. Prompt and excellent is how we roll. We appreciate the feedback!"
"AbFvOqmidWhb4P1TxtvUW0xLAA_tbm-bfjYwlAtRYeUcBEXybWIw1EvG6aFJu5QdX9NA59ZJGcb_XA","2024-11-21T19:48:35.269741Z","5","Port Jefferson Station","Andy Mirchel","I had a very small time frame to reroof my house. Rapid Restore answered the call, agreed on a price and date…Michael did a great job with help from Retz making the arrangements. The crew showed early and worked late. Returned to finish up the next day. I’m very pleased with the experience from start to finish . Extra effort to do it right. Thank you  Rapid Roofing","Thanks, Andy! Happy we could make it happen within your tight timeline. Michael, Renz, and the crew always aim to go the extra mile. We appreciate you trusting us to get the job done right!"
"AbFvOqkRWGEGxRwexv3mSYbM-ik2o_aWVCJViMv69cFfYvZtEY4IzMdvBHHCDiLlCUclu4Knd9VcnA","2024-11-27T17:10:50.321536Z","5","Port Jefferson Station","Gary Sukhu","Ryan and crew arrived promptly as promised. Started worked right away.  Techs were proficient and completed job in a timely manner.  Cleanup was done very professionally. Happy with cleanup since I have dog. Warranty is great. Would recommend company to anyone needing a simple repair or new roof.","We appreciate the shoutout, Gary! Glad Ryan and the crew got the job done right and left your yard spotless—especially for your pup. That warranty’s there for peace of mind! Thanks for recommending us!"
"AbFvOqnzlCW_TYcO0B8TDA-cfkEGBqrtsR5BBhW9ZN8Kh6BoD_A9fOXtQphrz0HVPyGeUA3PRma5Cg","2024-11-29T22:57:41.300256Z","5","Port Jefferson Station","Cristine S","Had a leak in our roof which ruined a large section of our living room ceiling. We previously had another contractor look at the issue and was told the leak was coming from our skylight. However, even after “repairing” the skylight, totally repairing our living room ceiling, sanding, and painting, the leak remained. We called Rapid Roofing and the next morning Mike was at our house. He measured the location of the leak and used that information to find the root cause of our issue. Nails not being properly covered by shingles. He took the time to explain the issue to my husband and I and showed us how we could maintain the roof with these issues. Couldnt be more appreciative that Mike took the time to educate us instead of sell us. Hopefully no more roof issues, but if we do have any we know who we are calling.","Thank you, Cristine! We’re so glad Mike was able to pinpoint the real issue and take the time to explain everything to you and your husband. Educating homeowners is just as important to us as solving the problem. If you ever need help again, you know we’re just a call away!"
"AbFvOqkJw5r1X688_4LbKZU9lAK_IgdAKgwW0nNYWS5HvJU7eIVCx5AGL_E7bZ3qSqBFcWV5BMtU","2024-11-29T23:47:00.130332Z","5","Port Jefferson Station","Julia Viro","We hired Rapid Restore Roofing to replace our roof, primarily based on their many positive online reviews. While there is a small incentive for writing a review, our feedback is based on our experience.

Overall, we’re satisfied with the results. The team worked efficiently, and the new roof looks fine. However, the final hour of work was completed after sunset, which made it difficult to ensure full visibility at the time. A couple of minor issues needed fixing afterward, but these were promptly addressed when the weather allowed.

One important note for anyone hiring a roofer: be aware that the final cost may increase significantly if the plywood under the shingles should be replaced. In our case, this added 17% to the original estimate.

All things considered, Rapid Restore Roofing delivered a quality result, and we appreciate their professionalism and responsiveness.","Thanks for your honest feedback, Julia! We’re glad you’re satisfied with the results and appreciate you pointing out our team’s efficiency and responsiveness. Working into the evening isn’t ideal, but we’re happy we could promptly address the minor fixes. As for the plywood, we always aim to be upfront about potential changes during the project—thanks for highlighting that for future customers. Your input helps us keep improving!"
"AbFvOqke4VW-DplZ9F6VlgsRYWJ-I0ZQ-aId5emNu52PTj5lg2arKx--dsKIGob0IIFI6g3WgvdkRw","2024-11-30T18:46:32.968152Z","5","Port Jefferson Station","Rosa Prestano","Ronny, Sean and the team were awesome! I had black mold in my basement and they took their time and made my home safe again! 10/10","Hi, Thank you so much, Rosa, for sharing your experience. Ronny, Sean, and the entire Rapid Roofing team truly appreciate your kind words. We are grateful for your trust and are glad we could make your home safe and comfortable again. Your 10/10 review means a great deal to us. If you ever need anything in the future, our team is always here to help."
"AbFvOqlu_zNDj7nmQjYAyT_PEmNMt7WX4lYLfGGwiEGaMhazVYiC9xpEXn6LWCX21Q8l7PDn4FMLfg","2024-12-04T14:05:53.929555Z","5","Port Jefferson Station","Angelo Armine","My experience with this company right from the start was nothing but 100% professional. Michael who owns the company answered my call right away and had all the solutions  for the serious issues I faced with my house. His crew was respectful , worked efficiently  , and the final outcome was beautiful. Look no further when it comes to roofing. My family and me couldn’t be happier. GOD BLESS THESE GUYS !!!","Thank you, Angelo! We’re so glad we could help solve the issues with your home and deliver a result you and your family love. Michael and the crew take pride in making the process smooth and the outcome beautiful. Your kind words mean a lot. God bless you, too!"
"AbFvOqmGfb_keQDgQtnkp62StWZO6iKtBTfHhz6yqYnVMbwarKCEg5KFnwwgKm6oPXMw3GvYjJkF_g","2024-12-05T20:24:01.272331Z","5","Port Jefferson Station","Scott Nieri","I highly recommend this company. From the time I called to make an appointment to the time the repairs were finished was 3 days. Someone was at my house within 2 hours to give me an estimate, walked me through the whole process. Multiple people were constantly in contact with me through email and text. On the day of service, a website is provided for you where they update in real time photos and videos of everything they are doing. Pricing was very reasonable and the whole site was cleaned immaculately. You’re not going to find a roofing nail in your tire months down the road.","Thanks, Scott! We’re thrilled we could get everything done quickly and keep you updated every step of the way. The real-time updates and spotless cleanup are all part of making the process seamless for you. We’re glad you’re happy with the results!"
"AbFvOqk4fAjPTzQOCRyekOcKpMZfHoT-tyP06YQYBADeEM4n0uI54JUpvJvxHhuqsyVilBeApTgN","2024-12-06T20:43:03.045726Z","5","Port Jefferson Station","Rob Schlener","Fantastically responsive and efficient. Took them all of 20 minutes to show me exactly why my roof was leaking. In addition, they took the time to show me how to fix the issue in the future. From my experience most people don’t want you to learn how to fix the small issues yourself. That’s not the case here. If I need a roofer, I’m calling them.","Thanks, Rob! Happy we could quickly identify the problem and share some tips to help you out in the future. We believe in empowering homeowners while being here when you need us. Looking forward to helping if you ever need a roofer again!"
"AbFvOqmKbJ25gHsV4uJT22KwTk-VUJhcbv9_SBDKpZcMMAyUyozi1CP5XncAsgZqoPVlyE5h7_mmRA","2024-12-06T23:26:38.921223Z","5","Port Jefferson Station","Nadine Becker","Much to our surprise, the crew was here at 6:45 AM ready to work and it is now 6:25 PM and they are just wrapping up and actually have to come back tomorrow to complete the job. The work was more extensive than any of us thought but wonderful wonderful workers wonderful wonderful management and we are extremely happy.","Thank you, Nadine! We’re so glad to hear you’re happy with the crew and management. Sometimes the job surprises us all, but our team always puts in the effort to get it done right. We appreciate your kind words!"
"AbFvOqnkW_pHBTo6z1R8QuAyMEZtBp7NNcrS39RiaUlTCFEn9qYKvyoggGq9lmjyM0Q-E0pUcw5DJg","2024-12-10T15:20:29.922428Z","5","Port Jefferson Station","Rex Gladysz","Ryan and his crew were on time and ready to work! Everything was shown to me and explained, as well as video taped. They took care to not damage anything surrounding the house and give me time to let my dogs out.... If you want it done right the first time with an impeccable warranty these are the guys to call!","Thanks, Rex! Glad Ryan and the crew took great care of your home and made the process smooth for you (and your dogs!). We’re all about getting it done right the first time and backing it up with a solid warranty. We appreciate you trusting us with your roof!"
"AbFvOql1OJ-O_LfyizRGF2SOsSspWtj7V6EmC3WNw-HE5qVJh0mwgV4ScJSbnmxHd7CWl02Y-croyQ","2024-12-10T21:58:27.485316Z","5","Port Jefferson Station","Jeanette Locascio","Prompt efficient, clean, neat, polite","Thanks, Jeanette! We’re glad you noticed the promptness, efficiency, and care our team takes. Your kind words mean a lot!"
"AbFvOqmd380yVrEiORaX1u4peISknkys_rG9LCqVR4YVv1CWLGsx8FaP_JkA22TfcnN8eNPCZ9Fd3A","2024-12-11T16:07:02.938970Z","5","Port Jefferson Station","Susan Rothe","Everything about Rapid Roofing was totally professional, from the salesman, Mike, to the project manager, Kevin and of course the entire crew of roofers..Every precaution was taken in protecting our property, when stripping the roof, resheathing and of course reshingling. We would not hesitate to refer them, because they delivered everything they promised. Their customer service was exceptional! We are very happy with our new roof!","Thank you, Susan! We’re thrilled to hear you had such a great experience with Mike, Kevin, and the crew. Protecting your property and delivering on our promises are top priorities. We’re so glad you’re happy with your new roof and really appreciate your willingness to refer us!"
"AbFvOqkgKeWSf5LRZZjpW9uLSHO1C_L-euYE2eG9cR08CqoJwbYsJJK-f1Fcmt07EGtKl8l1qYXn","2024-12-13T04:19:12.156184Z","5","Port Jefferson Station","nabil ghaly","Rapid Restore did a very good job in replacing our roof.  They provided a detailed proposal of the work to be performed and showed flexibility when we requested changes.  Their Project Manager, Ryan explained each step of the roof replacement and was very effective in resolving construction issues.  I strongly recommend Rapid Roofing.","Thank you, Nabil! We’re glad to hear you’re happy with your new roof. Flexibility and clear communication are key, and it’s great to know Ryan made the process smooth for you. We appreciate your strong recommendation!"
"AbFvOqllDKg_BKzK8MduL7jnouvE5H93RVhaCPWpZoEQeSFk7GL1owiutwZDmUoXXl7jgRUBh5W2Hg","2024-12-13T21:05:16.504820Z","5","Port Jefferson Station","Marlene ONneill","Was very happy with my roofing repair , they did a very good job, and would highly recommend them.","Thanks, Marlene! We’re happy to hear you’re pleased with the repair. We appreciate your recommendation!"
"AbFvOqmLu2FUhJ2PP_blAI8yyj4pGq_Gf96QKvRelPjT2LHGX9zME6P5Tmgr4955UC6WFjYGRP7HhQ","2024-12-13T21:10:43.440631Z","5","Port Jefferson Station","Pamela Madison","Rapid Roofing was kind courteous and professional and got to our job in a timely matter as was needed. They did a great job. I highly recommend them.","Thank you, Pamela! We’re so glad we could help quickly and deliver great results. We appreciate your kind words and the recommendation!"
"AbFvOqlOc5jCARU1dLjIozViqwNyAHmfq2s17mvVdyNFEnOafbjj0tTnuVxT6WGEB1oD8_XZ7WDYxQ","2024-12-13T21:25:51.762542Z","5","Port Jefferson Station","Steven Radgowski","Excellent","Thanks, Steven! Glad we could deliver an excellent experience for you!"
"AbFvOqmogGXLeMCEeV3u7DnJyizv3Ek8nSVq-n2ZZpwMb9e6X3qDnJy6qhKinftjdZ-zliELJB0z6w","2024-12-13T23:39:06.404840Z","5","Port Jefferson Station","James Bloodgood","I thought they did a great job fixing another companies work which was sub par. They came back several times to fix different things that could be causing the leak.  This was no additional charge to me.  My problem was solved.
They are very professional and I would recommend them because it is harder to fix a problem that someone else created.","Thanks, James! Fixing someone else’s mistakes isn’t always easy, but we’re glad we could solve the problem for you. Happy to hear you appreciated our persistence and professionalism. We appreciate the recommendation!"
"AbFvOqkKFxjKu0qbCO0Jt3QTrcHoDGR6s4fmekxgzMM7XuLlAz1M9HnXkzJcgcPHx_fTwkakY1a9zw","2024-12-15T00:11:07.909577Z","5","Port Jefferson Station","Dylan Olivos","Overall great experience. Ryan the project manager explained everything to me prior to them starting. They showed up promptly in the morning as scheduled, and worked throughout the day to finish. David the crew chief was also nice enough to put up our Christmas lights after they finished. I would easily recommend them to anyone looking for any work on their roof!","Thanks, Dylan! Glad Ryan and David made the process smooth and even went the extra mile with your Christmas lights—that’s what we’re all about. We appreciate your recommendation!"
"AbFvOqmMrxTEISMAHAUcNz82h0YXH-M_M_VSNvp1zd_U-JIzJnDLmle8Q6vLMIy4eoSnVt-XR0wtBw","2024-12-16T17:27:41.680685Z","5","Port Jefferson Station","Jennifer Martucci","Great Company!!!!!  I had my roof and gutters replaced and the job was done in 1 day.  They worked efficiently with a large crew of workers.  They cleaned up everything as if they were not here before they left.  The customer service is excellent!!!!!  I shopped around and got 3 estimates - Rapid Roofing fell right in the middle.  I am very happy with the work they did and would recommend them to anyone.","Thanks, Jennifer! We’re thrilled to hear you’re happy with your new roof and gutters. A job well done in one day, a spotless cleanup, and excellent service—that’s what we strive for. We appreciate you choosing us and recommending Rapid Roofing!"
"AbFvOqmZndNKsRkY-aYB2YLMwBwlDvNHBwfrEmIY6p_s3lq6QZUZ1tacCwmRPohTD8VFqy5WlkKoTQ","2024-12-18T02:06:07.366416Z","5","Port Jefferson Station","Kathleen Fitzgerald","We had a great experience with Rapid Roof from the initial appointment to the installation. They showed up on time, left our property clean and finished on time.  The company showed they back up what they say.    During our initial meeting we were promised something that was not added to our contract. I signed it without it being added in. I didn’t  notice it until the day of installation. The supervisor contacted the main office and he was advised to give us exactly what we were initially promised!!! Now that’s a company that backs what they say.","Thank you, Kathleen! We’re so glad to hear about your great experience, from punctuality to a spotless cleanup. It’s important to us to keep our promises, and we’re happy the team made sure you got exactly what was promised. That’s how we do business!"
"AbFvOqkveBDt-OkIosbW3LSNFoiYLqkIQ0QRRGhpMUAMMXq9mRoiCOJbCgWhZ-ZvmL4G7mXbSAAx1Q","2024-12-18T21:37:31.536283Z","5","Port Jefferson Station","Bunty Singh","Rapid Roofing did wonderful job in repairing my leaking roof in my south shore Long Island home. It started with a detailed investigation and explanation of repair plan and best part a nice price point. When repair crew came I was notified at all times by pictures of work being done and the foreman ensured the work was done to my satisfaction. If you need any roof work my pleasant experience recommends you do not have to look beyond Rapid Roofing.","Thank you, Bunty! We’re so glad to hear you had a pleasant experience, from the detailed repair plan to the real-time updates during the work. It’s great to know you’re satisfied with the results. We appreciate your recommendation!"
"AbFvOqmo9j9vCdtCXD-7CVwbm2jV2YMp22Pd9mabxpq5PXiO_HuG73uhgwMjgUDlbQRqYs0lM89gQQ","2024-12-18T21:38:37.896892Z","5","Port Jefferson Station","Kevin","Rapid roofing did a very good professional job. I highly recommend them.","Thanks, Kevin! We’re glad you’re happy with the professional job. We appreciate your recommendation!"
"AbFvOqnr-MEP0ISru_GOMoMn2JoeFjCmYSUhtN4egCDG_EHmI2XOTG88A3NAxbxgtR2V8M7Aur0y","2024-12-18T21:40:57.242350Z","5","Port Jefferson Station","Cecilia Rubio","10/10 on time, clean and good job!
They took care of everything. Trust them they go above and beyond to make sure you get the job done and you’re happy!","Thank you, Cecilia! We’re thrilled to hear you had a 10/10 experience. Going above and beyond to ensure everything’s done right and you’re happy is what we’re all about!"
"AbFvOqkE6QsZink6v7pzLaF4UbastseHPyXO97kbNBr5hGh7kgItEaoEJddJl3LfwC3hyyC175D9Bg","2024-12-18T22:03:25.346475Z","5","Port Jefferson Station","Paul Englehart","We had a new roof installed 13 months ago by Rapid Roofing. During a heavy rainstorm, there was some leaking in our attic around the chimney. We contacted Rapid Roofing and got a quick response to get details and an appointment was made to check it the next day. The guys who came to the house did an interior inspection before going up to the roof. They fixed a leak in the flashing around the chimney, but the roofing shingles were intact.  Very satisfied with the timing and completion of the repair as well as the communication involved.","Thank you, Paul, for sharing your experience and for trusting Rapid Roofing again. We are glad our team was able to respond quickly and perform a thorough roof inspection to identify the chimney flashing issue. Addressing roof leaks promptly, especially after heavy rain, is critical to protecting the home, and we are happy the repair was completed efficiently with clear communication throughout the process. As a roofing company serving Port Jefferson Station, Port Jefferson and surrounding Long Island areas, we take pride in standing behind our work long after installation. We appreciate your feedback and are always here if you need us."
"AbFvOqkWEiUtZ3Jfk732cJ7QLVWudSipK7ToCmq_799h4p9yhq4cjuZhCBzl8TXUW5-3p8SVIljn","2024-12-18T22:40:54.102904Z","5","Port Jefferson Station","Margaret Pietrowski","Rapid Roofing was professional from the first telephone call to the fair estimate and the workers who repaired my leaking roof. They photographed and showed me where the leak was and then the repair. I would definitely recommend this roofing company.","Thank you, Margaret! We’re so glad you had a great experience from start to finish. Showing you the issue and the repair is all part of our commitment to transparency. We appreciate your recommendation!"
"AbFvOqmzJU68YpxmicykeKEnuKf8lVO5TRQpoTiRMdmkXw-XEkp94xS1ktzbhw9jgnuBLukgDEc68w","2024-12-19T16:51:37.438240Z","5","Port Jefferson Station","Bebel Starr","The Rapid Roofing team went above and beyond and did an amazing job. Our roof looks beautiful and we have no more leaks.
We are so grateful to these guys for working so hard to deliver such great results. Very efficient, thorough and always were there to listen to any questions you might have and resolve them!
I recommend them to everyone I know. Thank you again Rapid Roofing!!","Thank you, Bebel! We’re so glad you’re happy with your beautiful new roof and that the leaks are a thing of the past. Going above and beyond is what we do, and it’s great to hear the team was thorough and attentive to your questions. We truly appreciate your recommendation!"
"AbFvOqlmZTVZ4ULERPHw05yPqJjHTRrjH1Sw3wIIp3VHUD9Ry3VAcv9IyyuNyjAlHz_9zcfpQ8am","2024-12-23T20:37:49.126811Z","5","Port Jefferson Station","hugues michel","These guys are professionals and very courteous; and something I didn’t like, I called them and they took care of it without giving a  hard time. Thank you again.","Thank you, Hugues. We appreciate your kind words and are glad our team addressed your concern promptly. Your feedback means a lot to us."
"AbFvOqk5_o0Ozkjamj0co3oJXsv3tr9AOA1PKv7XA4T1PjMZ4i_mWMHtESXl2w92TrGeZYslq97CjQ","2024-12-25T19:07:57.451418Z","5","Port Jefferson Station","Roger Herman","Rapid Roofing was a great find. They actually care about their customers! They even did extra work by creating a copper chimney cap and adding insulation in my basement. The roof is great and very favorable financing was available. I do not hesitate their professional roofing service to anyone reading this post. All the Mike’s there are great.","Thank you, Roger. We are so happy to hear you had such a positive experience and that the additional work made a difference for your home. Your confidence in our team and services is truly appreciated."
"AbFvOql_YfydQNUVrC5zNUk2026Itq9AlcYz2GayVQW4q8dDmfiCFmuVDs3gqfJj09cRTNHiBiniUA","2024-12-25T20:08:18.792844Z","5","Port Jefferson Station","Gary Woo","Rapid Roofing did a great job on oir roof. Jake the sales guy, explained what would happen, the materials and warranty in a clear and concise manner. The job happened as described. The work was done as expected and we are very happy with the results. They were very professional and cleaned up very well which was important to us. I’d recommend them and would use them again.","Thank you for the great review and kind recommendation Gary! We're really glad to hear everything went smoothly and that Jake was able to walk you through the process clearly, and we're grateful you chose us for your roof. Our commitment to you and your home's improvement lasts a lifetime, so we’ll be here whenever you need us again!"
"AbFvOqmULt42xX-O0yJt5ZKUpkZCHZGH2SldcBqw_Z2ll0ioRYFO470EiWtGxd11iEnE8KQ5BVhI","2024-12-25T23:14:54.012617Z","5","Port Jefferson Station","Abraham Feinblum","I hired Rapid Roofing on behalf of my aging parents and everything the process was smooth from scheduling the initial estimate appointment to the actual day of work and everything in between.  Everyone from the person who answers the phone in the office to the Project Manager to the Roofing Technicians were extremely professional, friendly and knowledgeable.  I will definitely call on Rapid Roofing again if the need arises and will definitely recommend them to my friends and family.","Thank you, Abraham. We are grateful you chose us to help your parents, and we are glad the entire process felt smooth and professional. Your trust and recommendation mean a great deal to our team. "
"AbFvOqlqq8ncCZ1LjNoH7Q6Y8tvTJDacDpSWRjNymuxhrpH12fiy2Qm6EOFWn1jpsn7aZBa7r8eu","2024-12-25T23:49:52.086192Z","5","Port Jefferson Station","Sylvia Bowen","","Hi, Sylvia. Thank you for your 5-star review!"
"AbFvOqk5-5piRZsE9BmRQRyrSV-jvJ3Lz5VHaQlwTGuG1AfxGOVuRg3KS8laHgCoDAtYcV173XUXrQ","2024-12-26T21:12:45.542294Z","5","Port Jefferson Station","Ben Patti","Rapid Restore did a great job! I needed a new roof asap, and they were able to get the job done a week later. Ryan and his team worked throughout the entire day - posting videos and pictures for us to follow along. Complete professional process from beginning to end! Thank you!","Thank you, Ben. We are glad we could respond quickly and keep you updated throughout the project. It’s great to hear the new roof and the full process met your expectations. We appreciate the kind words."
"AbFvOqkrcGDUUDKkNfMoD7BsYZFKJroFEgtupfkGgdHQ2MLlOInYOQKAbPxmh5x_IrzElTeiX-bx","2024-12-26T23:09:27.145963Z","4","Port Jefferson Station","JandS Stern","Our neighbor recommended Rapid Restore. We replaced our entire roof.  Rapid Restore’s quote was lower than others, and they offered great warranties. The sales rep, Michael, also threw in extras such as metal gutter guards and new attic vents.
Michael kept sending contracts missing things he said were included and then, when correcting the error, would leave out other things.  Over a few days, Michael sent over a half-dozen contract versions and I kept catching changes and omissions.
We had a new driveway put in just prior to the roof work. Rapid Restore laid down tarps, and used more tarps to funnel debris into a truck rather than offloading a dumpster onto our driveway. Rapid Restore had a large crew and got the job done in a day. Michael and the project manager, Ryan, were always present.
I wanted to inspect everything when they finished. Claiming insurance reasons, they made me use my ladders to climb onto the roof. Sad that they were willing to follow me up on my ladders without the same consideration of my insurance liability.
Everything was fine except they walked away with 1 gutter extension piece we had at ground level, and a 2nd gutter was moved and was no longer over the outflow tray. I pointed the issues out to Ryan and Michael. They said they would come back to fix the problems. Right or wrong, I paid them in full that day.
The next few days were a problem as I would receive emails, texts, and phone calls from various people representing Rapid Restore, multiple times a day, all asking me to leave social media reviews. When I spoke to them on the phone or replied to the emails, I pointed out the job was not complete.  It was less than a week when they came back and replaced the missing extension and relocated the other downspout.
All good in the end and I would recommend Rapid Restore. Just be careful to ensure the contract has everything in it that was agreed to, and be prepared to get a constant stream of communications requesting you leave reviews.","Thank you for sharing such a detailed review and for trusting us with your full roof replacement. We are glad to hear the crew delivered strong workmanship, protected your new driveway, completed the project in a day, and that Michael and Ryan were present throughout the process. We also appreciate you noting the value of our pricing and warranties. We understand your concerns about the contract revisions, the inspection process, and the follow-up communications, and we are grateful for your patience while we corrected the final gutter issues. Your feedback helps us improve, and we are so happy that everything ended on a positive note. Thank you again for the recommendation."
"AbFvOqmst1n2gVwvkupSlkBSwtkuDGxvoNyaNkdJ1hyDTMtEaTc1ioLo4apIzNpzGuuZKxS4Fr9GlA","2024-12-27T18:18:07.918130Z","5","Port Jefferson Station","Ryan Romero","","Hello Ryan, 
Thank you so much for giving us 5 stars. This really means a lot to us. "
"AbFvOqnvDQwkOIxQcCfyWQa6ZF8Bfd-ZbfCioe3oYEW3qR3dLW7xDvG6w7VjsKAcKSMJqb-x_1mJUw","2024-12-27T18:26:23.291783Z","5","Port Jefferson Station","Penny Currie","Very professional, courteous and an honest company.","Thank you, Penny! We’re glad you found our team professional, courteous, and honest—that’s exactly what we strive for!"
"AbFvOqn-zEPFzb643t2L2cW_6WE6AHTfrQiRIWU0R8QL1ziJum16mRUsoPnwBT8cn8XhvN-x-cnr","2024-12-30T19:21:34.211865Z","5","Port Jefferson Station","CBEquipShop","We initially had an issue with the work performed as per contract.
But I must say Joe, Michael made good on the contract to complete the job. They do quality work and would recommend them to anyone.","Thank you for sharing your experience. We appreciate your patience and are glad we were able to make things right and complete the job to your expectations. Your recommendation is sincerely appreciated."
"AbFvOql-ZLac_DRJsCjyYSkHdSow5WKxNUikCXlVC6dpzXMeGY0v4w-SqghFH5lKXRWNSNngBgulcA","2024-12-30T19:50:33.733350Z","5","Port Jefferson Station","Jeff Mittelmann","","Thank you for giving us 5 stars review. This really means a lot to us."
"AbFvOqkQaTnO6LPqhqL6oGidWnXZ8ToEnRPjrwq2zw3MvE8VV_aJnA-D3ucpknE4yXcK6ruAAflwEw","2024-12-30T21:25:35.357757Z","5","Port Jefferson Station","rich monroe","Did a great job definitely would recommend them","Thank you, Rich. We appreciate your feedback and are glad you were happy with the work. Your recommendation means a lot to us."
"AbFvOqn5lP9_gAQ_2SGFq7hAqLz_qFBu63EwTw1hGAH85lPpUcBir8zjYDokKsIEFukf94raXM8S","2025-01-07T16:57:17.140256Z","5","Port Jefferson Station","Antonio Diaz","During the worst time of renovating a brand new basement, I had a A flood. Smack dead in the middle of cold winter thank goodness for rapid roofing and restoration. They showed up extremely fast set me and my family up for a brand new basement in no time. Very comforting company to work with in my heart forever thank you rapid restore, and roofing for everything that you have done and for making this a really smooth process","Thank you, Antonio. We are grateful we could step in quickly during such a stressful moment and help get your basement back on track. Your kind words mean a lot to our team, and we are glad we could support your family when you needed it."
"AbFvOql4EIrCMxCX_1bnPqMpvjqKh1FY6tGuES_QKS5__TmzUyNw9an_73PdIPrQ1bqFgCtoJuxvXA","2025-01-08T13:01:28.680054Z","5","Port Jefferson Station","John mendlovsky","They were fast and did great job","Thank you, John. We appreciate the kind words and are glad to hear you had a fast and positive experience with our team."
"AbFvOqnSinkYcuqjtY2ehEQhWBKhCqGEer2Cao1rvotU7c05xOi9ON9RKOpdVfQaKWYQTGX2PzLrHg","2025-01-09T23:26:12.362636Z","5","Port Jefferson Station","susan rothe","We were so happy with the efficiency and professionalism of Rapid Roofing, from Mike the salesman to the office people and to all the roofers! Extremely timely work and excellent cleanup, especially loved getting all the photos of the project as it progressed …We will highly recommend you to others…Thank you for a job well done!","Thank you so much for your kind words. We are glad to hear that Mike, our office team, and the crew delivered the professionalism and efficiency you were looking for. It’s great to know the timely work, thorough clean-up, and project photos made the experience even better. We truly appreciate your recommendation and the opportunity to work on your home."
"AbFvOqkTYUh0LZ1RNBsBOuLevh0ay8QUO0DcD18YH0N-9nP9EsqhSL-71dhg6qdHZByD3WheDGVt8Q","2025-01-13T22:27:07.618768Z","5","Port Jefferson Station","JADUS","The consultation with Jake from Rapid Roofing was thorough and informative. They identified all the problems with our old leaking roof and attic. Project manager, Ryan was extremely professional, updating us along the way as the replacement and repairs were moving along. The final results were phenomenal. The entire team was professional and hard-working, and the roof looks beautiful. I will highly recommend Rapid Roofing to all my friends and family in the future.","Thank you for the wonderful feedback. We are pleased Jake’s consultation and Ryan’s project updates helped you feel confident throughout the process. Hearing that the roof looks beautiful means a lot to our team. We appreciate your trust and recommendation."
"AbFvOqmMo9dqd3DwlFIGDz929YPsiOPzyouGHQZLVDC4C_-QM8pyJZ-r1hBd74lESxqVfauplaib9A","2025-01-14T20:31:11.905166Z","5","Port Jefferson Station","Peter Engel","We recently had the pleasure of working with Rapid Roofing, and I must say, the experience was exceptional from start to finish.

We first met with Jake for an estimate. His professionalism was evident from our first interaction. He was prompt, punctual, and arrived at our home exactly when he said he would. His knowledge about roofing materials and techniques was impressive, and he took the time to explain everything in detail, ensuring we understood all of our options without any pressure.

What stood out most was Jake's customer service. He listened attentively to my concerns about our aging roof and was transparent about the process, costs, and timeline. His approach was not just about selling a service; it was about providing a solution tailored to our home's needs.

During the estimate, Jake showed us examples of previous work, both through photos and by recommending we visit a current job site in the area. His honesty about what could be done and what would be best for my situation gave us confidence in his recommendations.

Ryan was the foreman on our project, and we couldn't be more pleased with the results. From the outset, Ryan was professional, communicative, and clearly knew his stuff.

The job involved a complete overhaul: removing old, worn-out roofing material, replacing sections of rotted plywood with new, sturdy pieces, and installing a brand-new asphalt shingle roof. Ryan and his team executed each step with precision and care. They were punctual, worked diligently, and kept the site clean throughout the process.

What really stood out was Ryan's attention to detail. He ensured that all the new plywood was perfectly fitted, and the installation of the shingles was done meticulously to guarantee longevity and aesthetic appeal. The crew was respectful of our property, ensuring that no damage was done to the surrounding areas.

The transformation of our roof was remarkable - it looks fantastic.  I was provided with a live company cam timeline link so we viewed the entire process from start to finish.  The quality of the materials used, combined with the expertise of Ryan's team, has given us peace of mind regarding our home's protection for years to come.

We wholeheartedly recommend Rapid Roofing, especially if you're lucky enough to have Ryan overseeing your project. His leadership, combined with the team's skill, makes for an unbeatable combination in roofing services. Five stars all the way!""","Thank you, Peter. We are grateful for your detailed and thoughtful review. It is great to hear that Jake’s guidance and Ryan’s attention to detail made the entire project smooth and transparent. We are really very happy that you are pleased with the transformation and appreciate your trust in our team. This really means a lot to us. "
"AbFvOqnA_GBz-fmAw8XQxKyH4D5A04vXo8uNFZ-7_wTvij0u7_X4QOUdGRpZVS8Qc9_hoa3ppxRb","2025-01-15T02:24:43.128262Z","5","Port Jefferson Station","AmyLynn Casali","","Thank you, AmyLynn. We appreciate the 5 stars and your support. We are glad you had a positive experience with our team."
"AbFvOqnqR6licIhf91Gk1ckvGjc2AI5GxEg5P9AC1yaTeKyqRP_mCK-4fwalaSO5PPQiE4I6lUyA","2025-02-03T22:54:45.225085Z","5","Port Jefferson Station","sheryl gochman","I just had my new roof installed by rapid restore restoration and could not be happier. The roof looks great and ryan the project manager answered all of my questions. I would recommend them to anyone who needs a new roof","Thank you, Sheryl. We are happy to hear you love your new roof and that Ryan was able to answer all your questions. We appreciate your recommendation and the chance to work on your home."
"AbFvOqnTdPh57pbLqB4bYpuooGFEotP53TE9UusyQAtZMCrkQpzt07PU_v84h6c7mAh6ySo7rdK1","2025-02-12T17:21:26.081787Z","5","Port Jefferson Station","Maria Grady","Highly recommend Rapid Roofing.  We called for an estimate on a Wednesday and set up for installation the following Friday.  An entire crew was there at the promised start time and the job was completed in one day.  Everyone was respectful of our property. When the job was completed, we couldn’t even tell we had work done.","Thank you, Maria. We are glad the estimate and installation process worked out seamlessly for you. It’s great to hear the crew delivered respectful service and left everything spotless. Your recommendation is truly appreciated."
"AbFvOqk3Hlx7A1yZ6hwRK5Uuf2-mlbaVlyrQNERbElKX3JYerQ5Vc9T3pkbfT8rwrmQ0-7CIwO7F8Q","2025-02-28T09:18:31.478216Z","5","Port Jefferson Station","Nick","I had a great experience with Rapid Restore Roofing after being recommended by a coworker of mine. Francesco, Ryan and the owner Joe are professionals and want to make sure you are 100% satisfied with the job. Any questions or concerns you may have, they’re able to answer. I had everything done from the Roof, to the gutters/gutter guards and Fascia metal. Once the crew left, you would have no idea they were there because the clean up was that immaculate. I highly recommend you use them for your roofing needs","Thank you, Nick. We appreciate your trust and are glad Francesco, Ryan, and Joe delivered the experience you were hoping for. It’s great to hear the full project, from roofing to fascia, went smoothly and that the clean-up stood out. Your recommendation means a lot to our team."
"AbFvOqnKShUnQ-rjTVL0On1IRyhzz6qXjmwRxH_8o8ZeUYQPXSDqK40WtIAY6ZvnGddFRv1vlHNv","2025-03-04T15:06:58.159709Z","5","Port Jefferson Station","Karla Packer","Rapid Roofing just fixed a leak at our house. They are very responsive, easy to work with and good at what they do. They communicated effectively keeping us informed and completed the work in a timely manner.","Thank you for your review Karla! Leaks can be a hassle, so we’re glad we could get everything sorted quickly and smoothly for you. If you ever need anything else, we're in your corner!"
"AbFvOqlEtdfjjV7drnCu2q4DIuFmHBn-r8iX37y8PokezA5rWbbEOULuzW4JY1WRA29ypkK0wxwsWQ","2025-03-09T03:36:27.481602Z","5","Port Jefferson Station","Richard Cook","Years ago I used to work as a roofer. So I am not the typical customer. From the first phone call to get the estimate to the job completion it all was seamless. If you want the job done right. I can't recommend them enough.  Thank you to the entire team for a job well done.","Hey Richard, thanks for your review! Coming from you this really means a lot! Thanks for your trust and for sharing your experience!"
"AbFvOqmVcYHEOsaFi5jBH-qpHVfyF1ndgkZGEhbf-JNcWsyH330Y1MUh9Qtws63mvlbd5_icqJaW","2025-03-09T15:47:12.082363Z","5","Port Jefferson Station","Diane Williams","I recently had my roof replaced by Rapid Roofing.  It was a pleasure  doing business with Rapid Roofing.  My roof looks beautiful. Everyone was very professional and very efficient. Great customer service. I would highly recommend this company.","Hey Diane! Thank you for your review and kind recommendation! It was a pleasure working with you, and we’re so glad you love your new roof. If you need anything else don't be a stranger – we're always just a phone call away!"
"AbFvOqkJiHhUIaa_JsQh7VdpwCUZZzGOsQWvg6DnkpMT163-jsgj7qvxAKFG3kB0AUIzTo0L1X4ohw","2025-03-10T18:45:29.792096Z","5","Port Jefferson Station","Erica Jackson","I couldn't be more pleased with the service I received from Rapid Restore for the replacement of my roof. From meeting with Francesco, who provided me with all the information I needed about the job, to Ryan who did a fantastic job supervising my roof installation. I would highly recommend this company to anyone looking for a new roof. My roof looks beautiful!","Hey Erica, thank you for your review, we couldn’t be happier to hear how pleased you are with your new roof! Francesco and Ryan are rockstars, and we’ll be sure to pass along your kind words. Enjoy your beautiful new roof, and thanks again for trusting us to do the job right!"
"AbFvOqkXqDmB92g3DhNOYHqoswvvvLwThYlD62cT26D0u6kQw7XsQzyZFt2c7QM6xY4i-7nalI0E","2025-03-11T23:21:18.249138Z","5","Port Jefferson Station","Andrzej Krycinski","I’m very happy with job done by RapidRoofing Co.They arrived on time ,performed job very professionally and after finishing my property was spotless.Entire time job was supervised by manager.I will recommended RapidRoofing to everybody.","Thank you for the review and kind recommendation Andrzej! We’re thrilled to hear that we were able to match your expectations! Please let us know if there's anything else you need – we remain committed to you and your home's improvement for a lifetime!"
"AbFvOqlvvC_ejBmokIIjHoCM8Zxk14qJkH-mJzH0Uhs9P48zsUAzdJbcqujis_IQy8BPdkgl2bgd6A","2025-03-18T14:11:54.740201Z","5","Wantagh","Maria Grady","Reliable, respectful, excellent quality of work, excellent customer service","Thank you for your fantastic review, Maria! We're thrilled to hear that you found our service reliable and of high quality. Your satisfaction is our top priority, and we appreciate your support. Looking forward to serving you again!"
"AbFvOqnbNTLDQ1wDr0RCLZOkslqTXSbtIfFDILgXgZy6mCLCh7xqAe_TpGTWF62HoAr6PmMfY2t13g","2025-03-18T14:16:52.754295Z","5","Wantagh","Ryan Kasper","From my initial contact, sales call, installation and followup, each representative was professional and courteous. The quality of work was outstanding and best of all they provided photos, warranty information and more upon completion. Well done!!!","Thank you for your wonderful feedback, Ryan! We're thrilled to hear that you had a positive experience with our team throughout the process. Your appreciation for our professionalism and quality of work means a lot to us. We look forward to serving you again in the future!"
"AbFvOqnn_llaKJYjOPuQJzu3J4py3AOdhZdcjTISHfJBvGFMP85B0m4OCovQGG1ywJig15NHThE4hw","2025-03-20T15:26:27.404950Z","5","Oceanside","Mary Robilotta","Rapid Roofing was amazing. I didn’t know what to expect and searched for a roofing company near me. I saw Rapid Roofing had great reviews and I wasn’t disappointed. I had a free roof inspection done by Rapid and they actually got up on the roof to check. Other companies just used a drone. The pricing was fair, their communication was excellent, and my new roof looks beautiful!","Thank you for sharing your experience, Mary! We're thrilled to hear that you were impressed with our services and roof inspection process. Your satisfaction is our priority, and we're glad you love your new roof! Thank you for choosing Rapid Roofing!"
"AbFvOqkWUWuF-u-o9fDWzmpV0M-L488LNGQ1u5PfGpg-UJm6zLThI3vtuUVro2OvAVC9CX8sIRD-GA","2025-03-20T15:52:57.493005Z","5","Wantagh","Matthew Murphy","Rapid Roofing did a great job with my repair. My brother referred me to them and I called them looking for a skylight installer to do a skylight repair and they answered right away. My skylights are not leaking anymore and look great. Thank you!!","Thank you for your wonderful feedback, Matthew! We're thrilled to hear that you are satisfied with your skylight repair and that we could provide prompt service. It means a lot to us that your brother referred you. If you need any more assistance in the future, feel free to reach out!"
"AbFvOqkPcKGKzegk3cxCQefSPqlcEDd6TF8zt31reET2QXEmLoDifepLKOT-dr87qV6-V9ob3xc0fA","2025-03-20T16:38:13.561707Z","5","Wantagh","willie guess","Quick efficient roofing service with cleanup as though no work has been done","Thank you for your great review, Willie! We're glad to hear you were satisfied with our efficient service and cleanup. Your feedback means a lot to us, and we look forward to serving you again in the future!"
"AbFvOqkkcKZZGxoZUX_Pm5iq4dj_Xi-S_GVmu70YlBApZwM2aCKiXaKEW97O5hWXbAiYC8RmzN4Wdg","2025-03-21T12:09:50.617053Z","5","Wantagh","mackenzie gagliano","The roofing crew were so cohesive, working like a well-oiled machine! We never, even for a moment, saw anyone standing around or on their phone…just good hard work! Ryan, our project manager, who was very professional and at the same time personable, continually kept us informed, speaking with us and sending photos and videos of their progress. Impeccable customer service! Everyone from start to finish kept us informed of the project and responded back  quickly with answers to any questions or concerns we had!We highly recommend Rapid Roofing to anyone needing a new roof or roof repairs!! Quick and Efficient while still delivering Excellent Quality Service and the Very Best Product!!","Thank you for your wonderful review, Mackenzie! We're thrilled to hear about your positive experience with our roofing crew and project manager, Ryan. Your recommendation means a lot to us, and we strive to maintain the high standards you've described. We appreciate your support and look forward to assisting you again in the future!"
"AbFvOqn9LiqZpSs1AAH2npWgt5y8_OogBjTN75jJKGVsw1PmrP0tn6j-wLsHUD_4xusNuMA-SBic","2025-03-21T15:10:58.253713Z","5","Wantagh","sheryl gochman","I would like to thank ryan and his team at rapid roofing for a fabulous job installing my new roof..They were professional in all aspects. Kelly answered all of my questions. I absolutely recommend rapid roofing to anyone needing a new roof","Thank you so much for your kind words, Sheryl! We're thrilled to hear that you had a great experience with Ryan and the team at Rapid Roofing. Your recommendation means a lot to us. If you need anything in the future, feel free to reach out!"
"AbFvOqkVRgX93MMXcbBhcs7IN8p38wzHI9I-0wZBwTkA7sjMjMiyxcRFk448PsAMGBQMacFpww58Mg","2025-03-21T19:53:54.858202Z","5","Wantagh","wilmer roca","I recently had my roof replaced, and I couldn't be happier with the results! The team was professional, punctual, and incredibly skilled. They took the time to explain the entire process and answered all my questions. The quality of the work is outstanding, and it's evident that they use top-notch materials. My new roof not only looks fantastic but also gives me peace of mind knowing it will last for years to come. The cleanup after the job was impeccable, leaving my property spotless. I highly recommend their services to anyone in need of roofing work! Thank you for a job well done!
Wilmer Roca","Thank you for your wonderful review, Wilmer! We are thrilled to hear that you are so happy with your new roof and our team's professionalism. Your recommendation means a lot to us, and we appreciate you taking the time to share your experience. If you need anything else in the future, please don't hesitate to reach out!"
"AbFvOqm2e_7pycJPYkzWW4uLB4UMsItEj7M273F28JbAwU4WH0yucOzvqkaPqzzJOkIIdvqoErE5sQ","2025-03-21T20:31:11.891304Z","5","Wantagh","Daniel Senat","This is the best job. They are excellent. Actually im about recommend this company to my friends and coworkers. Thank you guys","Thank you so much for your kind words, Daniel! We're thrilled to hear that you had such a positive experience with us. Your recommendation means a lot to us, and we appreciate your support. We look forward to serving you and your friends in the future!"
"AbFvOqnrkVCOs8K-xG0t_3Bk7ErYG5Mnv7Bbc8zC6GC0dqfHTE8cMuA5qCarVc1jHuvPzXpIazn_2g","2025-03-22T17:56:58.744899Z","5","Wantagh","Bill Weresnick","I would highly recommend Rapid Roofing! I had new gutters and leaders installed by them, and I could not be happier. They were very professional and did not try to talk me into to extras. Matter of fact, when I inquired about installing gutter guards, he said there was no need whatsoever as I do not have any trees anywhere near my house. That alone impressed me.","Thank you for your kind words, Bill! We are thrilled to hear about your positive experience with our team. Our commitment to honest and professional service is our top priority. We appreciate your recommendation and look forward to serving you again in the future!"
"AbFvOqmP9zP42MCbC5_fkNC7a-C82Jxj_zxMP5Jl_MlDCKWNjLtjJv24Zu4nbxOET2oO29TKj1ZwhQ","2025-03-23T13:13:00.594339Z","5","Wantagh","Thomas WILSON","Excellent after-sale service. Helped me repair the side flashing of my house after the strong storm, which was blown off. They also helped me make a piece which was missing. Thanks for your excellent service.","Thank you for your kind words, Thomas! We're glad to hear that our team was able to assist you promptly after the storm. Your satisfaction means a lot to us, and we appreciate your trust in our services."
"AbFvOqktQaniifSUmtNGOBKjlfqWTFbFmXjtL26MGY_-nasu-l3n0CD4hs888nkrhBfVFfOAnB9K","2025-03-23T18:52:54.008219Z","5","Wantagh","Richard Knacke","Rapid Restore Roofing and Restoration is fast and always has someone on the job to answer all your questions and help with the efficiency that the job requires.  Honest service and I knew what to expect. Thank you Rapid Restore Roofing and Restoration.  You have my appreciation!","Thank you for your kind words, Richard! We're delighted to hear that our team was able to provide fast and honest service while keeping you informed throughout the process. Your appreciation means a lot to us, and we look forward to serving you again in the future!"
"AbFvOqkyhMYhnjcBLc5awegQdraHbDRgkUthuzcU2OghLjg0f4t0EVX5MKcYOQjqB8CHhj5CYW9pxA","2025-03-24T12:04:07.580058Z","5","Wantagh","Jim Naples","Very professional staff and crew. Worked efficiently and did a great job on my commercial roofs","Thank you for your wonderful review, Jim! We're thrilled to hear that you were pleased with our team's professionalism and efficiency. Your satisfaction is our top priority, and we look forward to assisting you with any future projects!"
"AbFvOqnid02Kv6gHb3qhT1xBq0FTusHq5bDXy5h5o7ifoqpeybxhC8ipJOCJ-KtSYvBob3iN9VRUcA","2025-03-24T17:56:40.529745Z","5","Wantagh","Kyle Sherlock","Professionally done, all in one day and exceeded expectations in quality, time management and keeping me informed on the project throughout the day. My only qualm was the lack of cleaning until the very end of the project at 5pm and the lack of tarping everything in the backyard, especially when many of the items made its way into our pond. I am aware that taking shingles off a house will be a very messy task, but I just expected it to be cleaned earlier in the process or more frequently than just the end. Small issue that may have been addressed in the beginning of the project but overall they were great.","Thank you for your detailed feedback, Kyle! We are glad to hear that our team met your expectations in terms of quality and communication. We appreciate your notes on the cleaning process and will take them into consideration for future projects. Your satisfaction is important to us, and we hope to improve your experience next time. Thank you for your understanding and for choosing us!"
"AbFvOqns3XFSTG9iwyyi6dTjI9w9S6lwhYNAWSTEaopgedDu3GRDWp74IKWfvVymn1MmcSYnk2DajQ","2025-03-24T23:25:27.892118Z","5","Wantagh","Robert Mamys","They address my leak promptly. The crew is courtesy and clean. Would definitely recommend and would go back for any future services I may need!","Thank you for your kind words, Robert! We're glad to hear that we could address your leak quickly and that our team made a positive impression. Your recommendation means a lot to us, and we look forward to assisting you with any future needs!"
"AbFvOqm1uTA19l4I__nPLA4iiZl4KkpEW0qZCfTqmXMEAPRZ4zLjPLQ9N6oM7lZBia2m_LeCAKum4Q","2025-03-24T23:36:28.987603Z","5","Wantagh","Lorraine Mamys","They addressed my leak promptly.  The crew was courtesy and clean. Would definitely recommend them and would go back for any future services I may need.","Thank you for your wonderful feedback, Lorraine! We're glad to hear that our team was able to address your leak efficiently and that you appreciated their courtesy. Your recommendation means a lot to us, and we look forward to serving you again in the future!"
"AbFvOqnKMCxFTxvMQzKhArcpAoRDWd14R8FuG_kszS6y1UKEu7KzW6O1QFI4WNoZslAt3wp7Oo71iQ","2025-03-25T19:38:56.774779Z","5","Wantagh","Brendan Murphy","","Thank you for the 5-star rating, Brendan! We're glad to know you had a great experience with us. Your support means a lot!"
"AbFvOqnj1CHocQwOcDc1xX5yGpX1oe-h2utTFc7gw4d0zWZJLNUEYgok6mKTplinhX3Q7p_1EGd8dw","2025-03-28T16:03:13.821974Z","5","Oceanside","1337Mike","From start to finish Rapid Roofing was incredible. The initial consultation was so informative, and really helped me wrap my head around what I was buying. I felt so comfortable with their company and their Property Protection Promise, I didn't even get a second estimate! The price seemed very fair for the amount of work being provided.

From Joe, to Kelly, Ryan and the crew, thank you all for the wonderful experience. In one day, the only evidence of your company is our beautiful leak free roof!","Thank you for your fantastic review, 1337Mike! We’re thrilled to hear that you had such a positive experience from start to finish. It’s great to know that you felt comfortable with our team and appreciated the Property Protection Promise. Your satisfaction is our top priority, and we look forward to serving you again in the future!"
"AbFvOqlDFkXwVuvqwKVIBeJ3f_8d6UhbeS_ytu_P11o-W24lwmJ2hhxkPkSs5Nc8IibSKsh6oM879w","2025-03-28T19:06:23.513123Z","5","Wantagh","James Badia","Great company. Great job. Puctual, professional and polite.","Thank you for your positive review, James! We appreciate your kind words and are glad to hear that you had a great experience with us. Your satisfaction is our priority, and we look forward to serving you again in the future!"
"AbFvOqm14ZuLpZY_55QEVounFdgg20iVH5c4Zga4Az64Eh-Umc2yZPDaZ1BvfK2h1VTXIrRnE9IOzg","2025-03-28T19:17:42.921324Z","5","Wantagh","Pam Snyder","Very happy with the whole experience. The project manager Ryan was extremely polite and very helpful in every way.  Jacob was extremely lovely.,helpful and polite. Kelly was lovely to deal with. Mike Mascuale was a very lovely man to deal with. It was just a very lovely experience","Thank you for your wonderful feedback, Pam! We are delighted to hear about your positive experience with our team, especially with Ryan, Jacob, Kelly, and Mike. Your satisfaction is our priority, and we truly appreciate your kind words. We look forward to assisting you again in the future!"
"AbFvOqlzUA_k_10ofu9kaWiP_ap34tfN6jEiGwTScOYYevNMLJ80ZQHIqtXmmx8Kxv1Cein_yjxf","2025-03-28T22:53:41.086366Z","5","Wantagh","Lori Phelan","Great company!  Very responsive and easy to work with.","Thank you for your kind words, Lori! We're thrilled to hear that you had a great experience with our team. Your satisfaction is our priority, and we look forward to working with you again!"
"AbFvOqlVa0h1RDerMVP0iSkJKlkl2jV1ZuKjD8DFSClxUWgCfDae1CsVVefyDEHHatzAOv_DqaB5Ww","2025-03-31T10:30:48.487658Z","5","Wantagh","A F","Rapid roofing did a great job. They came over right away assessed the problem. They were priced well. The day of the job showed up on time. They sent me pictures of the whole job from start to finish.  Definitely would use them again!","Thank you for your wonderful review, A F! We're thrilled to hear that you were satisfied with our prompt service and communication. It's our goal to provide quality work at a fair price. We appreciate your recommendation and look forward to serving you again in the future!"
"AbFvOqmw5usvZrAV9NZ7tg1_OLF_Vl1zFnhwsipXUhp0q-L27bwkGLjx9D8e53JzdgL96bI-MhTz_Q","2025-03-31T18:16:52.709046Z","5","Wantagh","James Andersen","Worked on my flat roof over garage and part on my slope roof. Great workers keep everything clean. As a note just make sure that if they didn’t write it on the contract and it was suppose to be done. Make sure the workers contact the project manager. They finish the job but had to scramble to get slope roof finished. All done in a day as promised and looks great haven’t any rain to see if any leaks but I would recommend the to my friends and family.","Thank you for your detailed feedback, James! We're glad to hear that you were satisfied with the work and that our team maintained a clean workspace. We appreciate your note regarding communication and will emphasize it with our crew moving forward. It's great to know you're happy with the results, and we look forward to being of service to your friends and family!"
"AbFvOqnRGx1jZmmt04eICJxQ0MBetlpetT_2Uk7sm0E1JV5HHKIAQCo3q8v1mGrCwDXwNt58UEoVVw","2025-04-01T20:04:37.637006Z","5","Oceanside","Christopher Anderson","I had a great experience with Rapid Restore Roofing. Ryan Romero and Jacob Giannelli are professionals and want to make sure you are 100% satisfied with the job. Any questions or concerns you may have, they’re able to answer. I had everything done from the Roof, gutter guards and Fascia metal. Once the crew left, you would have no idea they were there because the clean up was that immaculate. I highly recommend you use them for your roofing needs.","Thank you for your wonderful review, Christopher! We're thrilled to hear about your positive experience with Ryan, Jacob, and the team. We pride ourselves on professionalism and clean-up, and it's great to know we met your expectations. Your recommendation means a lot to us!"
"AbFvOqlOq-j2XvD0G1mDtNm12iCMtO3UzJ7TPGCGVdMP5hwZiIhFZm4qdM7-JuBZmG6oE37qXTjLeA","2025-04-01T20:05:15.445385Z","5","Oceanside","Alicia Giannelli","We used Rapid Restore to install our roof this year and I could not be more happy with the result but more so the overall experience. From meeting with Jacob at our home, to the communication from Kelly and their office leading up to the project, it was all top notch.  This is by far the best experience we have ever had with A contractor. Our roof was completed in one day. When the job was complete, our property looked better than when they arrived! I highly recommend Rapid Restore roofing to anyone that needs work done on their home.","Thank you for your fantastic review, Alicia! We're thrilled to hear that you had such a positive experience with our team. Your satisfaction is our top priority, and it's wonderful to know our efforts made a difference in your roofing project. We appreciate your recommendation and look forward to serving you again in the future!"
"AbFvOqnT-sB5pNDhLvCrRnN3DKkfYWpRUj_ii2mbPdLYifZhSb371SsUMeMkTGKmYB9qulNHhLYMhw","2025-04-02T18:08:04.884597Z","5","Wantagh","B C","I had a roof replacement a week ago, and I highly recommend this company.

I chose them to replace my roof because I was impressed with their work on a small leak a year ago.  They came several times to fix this difficult leak, and when they failed to find the problem they refunded all my money.  So this is a company that stands behind their work and honors their guarantees.

So that was why I chose them to do my roof.  Replacing my roof a week ago was a well-organized effort.  Kevin, the on-site project manager kept me informed of their progress throughout the day.  They took before pictures of my property ensure it was left in the same condition they found it,  They cleaned up meticulously.","Thank you for your wonderful review, B! We appreciate your trust in us for your roof replacement and are glad to hear about your positive experience. It's fantastic to know that Kevin and the team provided you with clear communication and excellent service. Thank you for recommending us, and we look forward to serving you again in the future!"
"AbFvOqmDzF_tsrM9XEhAsaZNGSUmS6iic5UZibmZB91DLQVpw0bPs3bU6ZZnU_ZZyvSNS07PoTQ-Kw","2025-04-02T21:01:43.316822Z","5","Oceanside","Derek Vanvalen","Absolutely thrilled with the job, the people, and the price. They started at 7am, and were done cleaning up and packing their gear up by 5. Check their reviews here, and the BBB. They give a book of refrences of willing satisfied customers. Ryan was my project manager and is friendly,polite, and treats his crew well. Start to finish, i am very happy i took my time and did my research before i picked the compaby to go with. Bravo rapid roofing. And thank you.","Thank you for your amazing review, Derek! We're thrilled to hear about your positive experience with our team and Ryan. Your satisfaction is our top priority, and we appreciate your trust in us. We look forward to serving you again in the future!"
"AbFvOqny-ORyIi_vY2AGpSNDsVXqwqhja7fEeuOF4K5HCUVtL6-_PEdM8IU8-mW9KcZZnHDeFCNMYQ","2025-04-03T15:09:30.681211Z","5","Wantagh","Dave Granito","Rapid roof did a great job they came on the day they said they would. They ripped off my old roof and installed my new roof with out any issues, they cleaned up and got rid of the old roof. I would highly recommend Rapid Roofing","Thank you for your fantastic review, Dave! We're thrilled to hear that you had a positive experience with our team and that we met your expectations. Your recommendation means a lot to us! If you need any further assistance, feel free to reach out."
"AbFvOqlOp8bViFSVlcpJfyoXWVDXYJb2lQW2LR17dwGE-zyikxd3kNoshkbknffINunP5xsPWwJXMA","2025-04-03T20:53:04.741486Z","5","Oceanside","Bonnie Schwartz","So far, so good- got the new roof in July and had no problems. It looks great. It’s really expensive, but at least we have 10 years to pay it off. I would delete half a star if I could though- my tax person said the roof can’t be claimed as a capital home improvement, which is what the salesman promised us.","Thank you for your feedback, Bonnie! We're glad to hear that you're happy with the new roof and that it looks great. We appreciate your comments about the capital home improvement claim and will address this internally. Your satisfaction is important to us, and we hope to continue providing excellent service in the future."
"AbFvOqmlgcAjk-NvSgU-46vqD0ivRLKTiOjLEloJcl2Kd6cdff8Ivm7WSOkiaEqzaYAYD6ABI8Z9jw","2025-04-03T22:56:08.784422Z","5","Oceanside","margaret DeTurris","Kevin and the crew did an excellent job. I was very impressed with their professionalism. They went above and beyond my roof was old and needed extra care and they really did a great job. I will recommend them to anyone and everyone thanks so much to rapid roofing.","Thank you for your wonderful review, Margaret! We're thrilled to hear that Kevin and the crew impressed you with their professionalism and care for your roof. Your recommendation means a lot to us, and we truly appreciate your support!"
"AbFvOqnC8lHBZ0SO8SDYnnztH8Oxi_1djwgS8wq1YuVenpMsV7m5X6rge2s9Q0JJxAdB1U_UZiGaAw","2025-04-04T15:39:30.966457Z","5","Oceanside","Christina Mcarthur","","Thank you for your 5-star rating, Christina! We're thrilled to know you had a positive experience. Your support means a lot to us!"
"AbFvOqlU7oqLc6YU2l1E_Z5GpMxdC6CDCanC-sZiTNI_ZUyjwwtOo_r9P-xycb9eAsF7wf-gkdCmRQ","2025-04-04T19:30:36.808100Z","5","Oceanside","Shikui Chen","I had an excellent experience with Rapid Roofing. In the summer of 2023, they professionally fixed a leakage in my old roof. When a thunderstorm caused a minor leak a couple of months later, they promptly sent a team to resolve the issue. Their commitment to standing behind their work and ensuring customer satisfaction truly impressed me. I highly recommend their services.","Thank you for your wonderful review, Shikui! We're delighted to hear about your excellent experience with us. Your satisfaction and trust mean a lot to us, and we appreciate your recommendation. If you need anything in the future, we're here to help!"
"AbFvOqkX8s_xuvCb4bP0b0UDj3nx1jF-zQpH52vNtjvCBe3L6994g-vzGptuGqJ4tV97SAk8SzCRSA","2025-04-04T21:03:35.398001Z","5","Oceanside","rosa artale","We had an excellent experience with Rapid Roofing! From the very first call to the final installation, the entire process was seamless and professional. Everyone we worked with was incredibly helpful and knowledgeable. They were able to complete the entire project within just 10 days of our initial contact, which was impressive. The quality of the work is outstanding, and we couldn’t be happier with our new roof. Highly recommend them to anyone looking for fast, reliable, and professional roofing services!","Thank you for your wonderful review, Rosa! We're thrilled to hear that your experience with Rapid Roofing was excellent from start to finish. Your satisfaction is our top priority, and we appreciate your recommendation to others. We're always here if you need any further assistance in the future!"
"AbFvOqme5VtpSriOJseeL-y4m8_j8_mRewJsbpT5unlCdMBfbkUAqycTd0ctizmnNjHe5IxUMYbAvA","2025-04-06T16:09:03.737072Z","5","Oceanside","Sylvia Bowen","","Thank you for the 5-star rating, Sylvia! We appreciate your support and look forward to providing you with excellent service in the future."
"AbFvOqlrm1jm-B6lnKDi4niOLX0cdU5RIRs47wMRHx2ifDSr3Ko1CZS4TFQnqCWOfEc3tG1FeuiWMw","2025-04-07T19:49:17.940978Z","5","Oceanside","Nancy Popper","I recommend Rapid Roofing wholeheartedly to anyone needing roof repairs or a new roof.  I have used them on two occasions and I couldn't have been more pleased. Workers were efficient, polite, clean, accommodating, and proficient.  I was very satisfied with this company from first encounter all the way through to the finished product.  Also, they were available to me by cell phone and messaging, as needed.","Thank you for your glowing recommendation, Nancy! We're thrilled to hear about your positive experiences with us. Your satisfaction is our top priority, and we appreciate your kind words about our team's efficiency and professionalism. If you need anything in the future, feel free to reach out!"
"AbFvOqlhPpt-aMLzgE61AtgfhDG1yPfD5xy5g1P4cZiA7eR0jxksghI_xnjorW1DG32DxBY3u4H82A","2025-04-08T17:26:48.931448Z","5","Oceanside","Adam Arce","Best of the best, highly recommend!","Thank you, Adam! We really appreciate your high recommendation and are thrilled to hear you had a great experience. Your support means a lot to us!"
"AbFvOql9B-UjwTe5RDB-qktGrS98reqBu8m3JVCXaT9qBwUIH85xEEbP5GzgW1CfRtOSZD8ZUN-O","2025-04-09T13:01:13.181766Z","5","Oceanside","Richard Cook","Rapid roofing did a perfect job from the office to the workers doing the work. I highly recommend them.","Thank you for your wonderful review, Richard! We're thrilled to hear that you were satisfied with our service from start to finish. Your recommendation means a lot to us! We look forward to serving you again in the future."
"AbFvOqkl_9_1lL9HHVW9ZPvV_JnsjyCgsaYH_fe0qhz0KqfmgUMJpV-gpOvUjyUrM3ItopJtwvtwbw","2025-04-09T15:39:23.397687Z","5","Oceanside","Patricia Interrante","Rapid Roofing did my roof last year and i would recommend them to everybody.  So professional and the cleanup was phenomenal. I felt very  confident and the job was done to perfection","Thank you for your wonderful review, Patricia! We're delighted to hear that you were satisfied with our work and the professionalism of our team. Your recommendation means a lot to us, and we appreciate your trust in Rapid Roofing. We look forward to serving you again in the future!"
"AbFvOqkvys0GD0d472fAARqYgc6GuapMwK0PhibH2-YSnnINOmyvD7dVkiKSmrZImrKC2cS8234Y","2025-04-09T15:51:33.121617Z","5","Oceanside","Anthony Casiero","I am a retired carpenter, and in my 50 yr career I've done hundreds of roofs, but due to my age and certain physical disabilities, I was unable to do the work myself and contracted  Rapid Roofing
Talk about Professional,  these guys(large crew) where great, they ripped off The old roof replaced some plywood and installed the new roof all in 5 hrs. They installed the roof Quickly and as good, as if I did it myself.my wife and I were extremely happy.
I highly recommend Rapid Roof
Anthony
Ps: We did not find one roof nail on our property when the job was completed..👍","Thank you for your wonderful review, Anthony! We are thrilled to hear that you and your wife are happy with the work we provided. It’s great to know that our team met your high standards. Your recommendation means a lot to us, and we appreciate your trust in Rapid Roofing."
"AbFvOqnnbBNd_jT8YbmfhvrIwrkU7p_5hFPD-OdjSgl1FC-l1ylmGDhTCk0_tEbANgxkiuhi7NNbJg","2025-04-09T20:26:56.605476Z","5","Oceanside","donna gray","The entire process was smooth and transparent no hidden agendas I am very pleased and would proudly recommend Rapid Roofing to anyone great job team!","Thank you, Donna! We're thrilled to hear that you had a smooth and transparent experience with us. Your recommendation means a lot to our team, and we appreciate your kind words!"
"AbFvOqnWeuEs4oG30bAKsDERZMqyJYCTUZjzK9aOtDXBTtktwAfnUThpHGk2LeFW2Kfmlpri4ogTNw","2025-04-10T00:28:54.508678Z","5","Wantagh","Brianna Renert","I was extremely happy with my roof work from Rapid Roofing. They are professional, very responsive and do excellent work, I couldn’t recommend them more!","Thank you for your wonderful review, Brianna! We're thrilled to hear that you are extremely happy with the roof work we completed. Your recommendation means a lot to us, and we look forward to serving you again in the future!"
"AbFvOqkSYt43zJpq2dH4La3NA2_AwdMR6mDKbxbJxIoStAKnmnMlhyMrAsnmjONB2eQfI2Kp-BvQjg","2025-04-10T00:30:21.504544Z","5","Oceanside","Brianna Renert","I was very pleased with the work from Rapid Roofing. They are professional, very responsive and do excellent work, I couldn’t recommend them more!","Thank you for your wonderful feedback, Brianna! We're thrilled to hear that you were pleased with our services and found us professional and responsive. Your recommendation means a lot to us!"
"AbFvOqkRFzrAa388WZ7E2EsZ6NrVA5NMnGyfg1cBUgtasuMWqM0E4MKTNmbT6zoNBBJ3UoZYNLw12A","2025-04-10T22:31:34.959933Z","5","Oceanside","Matthew Tillinghast","Great job all around, left the house and driveway clear and clean. Would recommend.","Thank you for your wonderful feedback, Matthew! We're thrilled to hear you were pleased with our service and that your house and driveway were left clean. Your recommendation means a lot to us. We look forward to assisting you again in the future!"
"AbFvOqntUzsoPQCppR--bj4Mr9q-Q65Bnhlt0NfULN1s2nRVymOJGuO4sFkTF7a876bDjhA3WnzzIA","2025-04-11T15:01:48.383557Z","5","Oceanside","Jerry Katz","Great Company to deal with. Competitive pricing and always there for you if any issues arrive. Highly recommend!!!","Thank you for your positive feedback, Jerry! We're thrilled to hear that you had a great experience with us and appreciate your recommendation. Our team is always here to support you, and we strive to keep our pricing competitive. We look forward to serving you again in the future!"
"AbFvOqm_oD03TkAUpeZJ7f5r2HxwOj_pFsWGqQ8TfY8U9YfkOg3bNbN0k7Oq-ItfMBjaN872a-C80g","2025-04-11T16:15:30.455338Z","5","Oceanside","jessica tarrao","Could not ask for a better company. They do amazing work. They’re thorough, knowledgeable, reliable, and quick to respond. There’s is absolutely nothing negative I can say about them. I would recommend them 1000x over.","Thank you so much for your kind words and positive feedback! We’re thrilled to hear that you had such a great experience with our team. Your recommendation means a lot to us, and we look forward to continuing to provide excellent service. We appreciate your support!"
"AbFvOqnNYU3itr7Xazk3dqQKsPN_38D5WtesOZMcy4T2HkI6gZiD7fqGF5DDalWgDevlJH1eRxOCnQ","2025-04-12T04:54:32.909109Z","5","Oceanside","Bernard Remy","The guys from Rapid Roofing that did our roof  were top notch! Very knowledgeable & professional crew! The job came out amazing! I would highly recommend them to anyone! You won’t be disappointed!","Thank you for your fantastic review, Bernard! We're thrilled to hear that our team provided you with knowledgeable and professional service. It's great to know that you're pleased with the outcome of your roof. Your recommendation means a lot to us, and we appreciate your support!"
"AbFvOqkoJod2GbJjkJ4ZtxmJqUC1G6qOmIditFCbQ7hRI009wg_z4vxNNwmJf_v8hceeJ7MXoV6Uig","2025-04-12T17:54:52.867093Z","5","Oceanside","Eric Winter","Very professional, roofing job was done efficiently with a minimum of stress.","Thank you for your positive feedback, Eric. We're glad to hear that you found our team professional and efficient. Our goal is to make the roofing process as smooth as possible, and it's great to know we achieved that for you. We appreciate your support and hope to work with you again in the future!"
"AbFvOqlAJu981GX2XmgAyzVSmNTdiiHU-OkUNlLZ8TOSA2CnWmWHwOWAvn_VScX-MgpSIZ5-iFo6","2025-04-13T22:03:01.066642Z","5","Oceanside","Rich Ni","good to do business with for all sizes of work, large,small,and done neatly,quietly as well","Thank you for your positive feedback, Rich! We're glad to hear you had a great experience with us, regardless of the size of the work. Our team strives to maintain quality and respect throughout every project. We look forward to working with you again in the future!"
"AbFvOqkBwoHSMGAi39JGcFwGKsV_6GcR0EuwaIYtzkOdmrIu6RFY-obssH7JxHkD-bj4EUDmQlaA","2025-04-13T23:01:33.123Z","5","Oceanside","Nonnie K","Rapid Roofing is a Wonderful company. They were very honest & professional. I was also impressed by how they protected all areas of our house & property. I highly recommend Rapid Roofing.","Thank you for your wonderful review, Nonnie! We're thrilled to hear that you appreciated our honesty and professionalism. Protecting your home and property is a top priority for us, and we're glad it made a positive impression. Your recommendation means a lot to us, and we look forward to serving you again in the future!"
"AbFvOqkMH-SXaWX5qZi-a3JmxPlque0_JwrdLMfUgffsecRkf_tDiCLJ3zueW4JPB5zGjvnujlGiwg","2025-04-14T14:04:09.550874Z","5","Oceanside","Chris Shaw","Great process and quality work done efficiently and safely, staff was professional and courteous!","Thank you for your fantastic review! We're thrilled to hear that you experienced our efficient processes and quality work. Our team takes pride in being professional and courteous, and it’s great to know that it made a positive impression. We appreciate your support and look forward to serving you again!"
"AbFvOqmtXeaOiKcyxYBe3cXX7Giw0kzUVatII5RSjcqmQXvA2kvx4QDZ4jgNz6kyY-A0Y9isR7cjqQ","2025-04-15T14:00:21.819253Z","5","Oceanside","Michael Geiersbach","Rapid Roofing did an excellent job on my roof. I would highly recommend to anyone.  They are professional, organized and work efficiently.  Customer service, salesman, project manager and installers were all top notch.  Cleanup was great, you would never know they were there.","Thank you for your wonderful review, Michael! We're thrilled to hear that you had such a positive experience with our team at Rapid Roofing. Your recommendation means a lot to us, and we take pride in our professionalism and efficiency. We're glad our cleanup met your expectations. We appreciate your support and hope to serve you again in the future!"
"AbFvOqlPvjYE09maJc4TpxPfYYv4ha-ayL9wu5omZL9l4ZGgmpv2lZpFR5xOHH1CMBi-8Og_DSDR","2025-04-15T16:41:23.004058Z","5","Oceanside","Jennifer Lopez","Joe and the staff were super nice and professional from start to finish. We got clear answers and constant communication throughout our entire process. I can’t recommend them enough. Our roof had a lot of water damage from previous leaks and their installation team took lots of care to ensure we had no future issues. 100/10 Best price we got too!!","Thank you for your wonderful feedback, Jennifer! We're thrilled to hear that Joe and the team provided you with excellent service and clear communication. It's great to know that our installation team addressed the water damage effectively, ensuring your peace of mind for the future. We appreciate your high recommendation and are glad you found our pricing to be the best. Your satisfaction is our top priority!"
"AbFvOqkRl2wx1SKNiE50S1Wed0m-_zlJHRH0MTIIpZsUA963zPCknkSEXixZTYSkJN7iNEiJviTPmg","2025-04-16T00:12:22.952898Z","5","Oceanside","karri thompson","Getting a new roof stinks but, this was a great experience! These guys work very hard and very smart! They cared about not only our roof but, our property! Ryan was a great PM. He kept us up to date on every step that was taken!!","Thank you for your fantastic feedback! We're thrilled to hear that you had a positive experience with our team and that Ryan was able to keep you informed throughout the process. Your satisfaction and the safety of your property are our top priorities. We appreciate your trust in us for your roofing needs!"
"AbFvOqmRxh80vmgY2iHQayTqwZlWv1bLt4Z-Hft0GL9_Ofz6oljIW8wmi0N0f1D-rbRraikZlTB0bw","2025-04-16T01:46:27.984761Z","5","Oceanside","Marlene ONneill","Very happy with the roofing project that you did at our home.","Thank you for your positive feedback, Marlene! We're thrilled to hear that you're happy with the roofing project. Your satisfaction is our top priority, and we appreciate your support. If you need anything else in the future, feel free to reach out."
"AbFvOqlYwNwsarap4VbO54TB0ZG-m-Hmtj5990zrPLzhzgN1BbI9qSsbimvKmZC76NI248SRssQb9Q","2025-04-16T16:32:22.840635Z","5","Oceanside","Karl Reisner","There are a lot of roofing companies out there, but Rapid Restore worked with me in a timely and professional manner. I couldn’t be happier with the work, especially since I started getting some leaks in my bedroom. They do great work and the crew did a great job cleaning up at the end of the job. I would definitely recommend them.","Thank you for your kind words, Karl! We're thrilled to hear that our team was able to address your roofing needs promptly and professionally. Ensuring customer satisfaction is our top priority, and it's wonderful to know you're happy with the results. We appreciate your recommendation and look forward to serving you again in the future!"
"AbFvOqn3ekb6G3SLMzvBLrRSZ0er_OhkRNvl9VbLalRRqtrz8pcH4eGpked9mdxgOZ99vWcm-ybh","2025-04-16T23:34:16.251446Z","5","Wantagh","Mark Wilenkin","Rapid roofing was nice enough to fix a problem that another roofer couldn’t. They went the extra mile on what was basically a small job. They are my roofer from now on","Thank you for your fantastic review, Mark! We’re thrilled to hear that we could resolve the issue that others couldn't. Our team always strives to go above and beyond, regardless of the job size. We look forward to being your go-to roofer in the future!"
"AbFvOqlDbZw1W7R03a6rQJlQGIsKuN0VoxUeFPCVBrCc3XI5N7GtHbFosbpym5t4GanfClF1Prw85A","2025-04-17T15:38:19.509288Z","5","Wantagh","sharun kumar","Very professional and courteous to your project needs. Explained everything well, from the step-by-step of the project to the financing deals they have. This whole process was easy and they did a great job with my roofing needs. Will use them again for the next project!!","Thank you for your fantastic review, Sharun! We’re thrilled to hear that you found our team professional and courteous throughout your project. It's great to know that our detailed explanations made the process easy for you. We look forward to assisting you with your next project!"
"AbFvOqlcyBX7-aLa0qXXsNilXaiBLdYHBXToYRNcDkm-XauNkAnxwifnALeWwfnxAvTUq13dx2SKMw","2025-04-17T15:44:30.343137Z","5","Wantagh","Michele Gramse","I used this company for several projects. They did a great job. They stood by their warranty and actually came back and fixed the problem. I would recommend this company to anyone. As I’ve now redone my home atleast 4 times die to storm related issues I’ve used many contractors and this is a reputable company that I have no problem recommending to anyone. There are not many on my list after 29 years however this is one I would recommend.","Thank you for your outstanding review, Michele! We're thrilled to hear that you had a positive experience with our team and that we were able to uphold our warranty for you. Your recommendation means a lot to us, especially considering your extensive experience with contractors over the years. We appreciate your trust and look forward to assisting you with any future projects."
"AbFvOqnRKV1ICLWQz5jb3HjWfKIvHQ7zWiPxScXLtZEd1vwgb3Bv576z_u5hbgkVTcBNj8pKnuh7oA","2025-04-17T15:47:20.922724Z","5","Wantagh","Joann McCormack","Rapid roofing was the only roof company that actually went on my roof and looked in my attic before they gave me an estimate. The other companies gave me a price without even an inspection.  Highly professional, quality work, with no surprises.  I would recommend them to everyone in need of a roof. .","Thank you for your wonderful feedback, Joann! We're glad to hear that our thorough approach and professionalism stood out to you. Our team is dedicated to providing quality work and ensuring our customers are well-informed throughout the process. Your recommendation means a lot to us. We appreciate your support!"
"AbFvOqnpZ4lW04qRxDBolilDnwkExwnMLv0-FAFTCZDbsIZrSsh_aZdp6hXTVsK8IRaV4S3wTkKA","2025-04-17T16:02:30.224049Z","5","Wantagh","David White","I would highly recommend Rapid Roofing to anyone that is looking to replace or repair their roof. Home Improvement projects are typically stressful and costly experiences that we go to great lengths to avoid. They are always filled with constant “surprised” and “unexpected issues” that suddenly increase the cost of the project. This was not the case with Rapid Roofing. Rapid Roofing made what my wife and I expected to be a stressful experience entirely worry free. They were punctual, professional, courteous, transparent, and quick to answer all questions. Kelly Romero answered any and all of my questions promptly right from the start. She followed up on everything, and actually seemed happy to assist. I have often found that this is not always the case when interfacing with anyone other than the original sales representative of most companies. That right there let us know we contacted the right company to get what was originally just going to be a recommended third quote.

Our overall Project Manager and Sales Rep was Jacob Giannelli who performed the assessment of the scope of work accurately and honestly, as well as helping us find a solution that fit our budget. He never tried to exude any sort of pressure and was forthcoming and transparent the entire time. Our meeting with him reconfirmed that Rapid Roofing is the company we should use for our roofing project.

Even the financing portion of our project went quickly and easily. Renz Briallantes walked us through the entire loan process of the financing, so that it was done efficiently and hassle free. He followed up and responded to everything in a timely and friendly manner.

Having a Superintendent/Project Manager, mine was Ryan Romero, assigned to just your project and remaining onsite throughout the entire project helped keep it on time, on budget, as well as gave my wife and I piece of mind. Ryan not only ensured everything was done correctly, but he also ensured that we were happy with the work and got everything we were guaranteed to get. The roof came out great looking, and it is re-assuring to know that they Rapid Roofing uses top quality products and back their workmanship/labor with a warranty, all at a very reasonable and competitive price.","Thank you for your detailed and positive review, David. We are thrilled to hear that your experience with Rapid Roofing was smooth and stress-free. Our team, including Kelly, Jacob, Renz, and Ryan, works hard to provide transparency and quality service, and it's great to know their efforts made a positive impact. We're glad you were satisfied with the project and the final results. Your recommendation means a lot to us and helps others feel confident in choosing Rapid Roofing."
"AbFvOqmNDNjQtdspZgPW7ZitG87skwvN37FaPpnKE3YtfS6lzTRvQNBcuyWr0EE7rDG3pPAOzGBT","2025-04-18T22:47:09.226845Z","5","Wantagh","donna gray","The entire process was painless I’m a single mother and very scared of getting into any kind of construction but with Rapud my first consultation I knew I would use them for the job we even prayed about it and low and behold I got the funds together and my date for a new roof was scheduled within the same week I was so glad to have it done so quickly I came home from work to a new roof my yard was cleaned up no sign of construction they cleaned up so nicely everything went smoothly I am so happy and proud of my decision thank you rapud roofing May God continue to bless and keep your family owned company and bless you with success","Thank you so much for your wonderful review, Donna! We're thrilled to hear that your experience with Rapud Roofing was smooth and stress-free, especially as a single mother. It means a lot to us that we could meet your needs promptly and leave your yard spotless. Your satisfaction and positive feedback inspire us to continue providing excellent service. May you enjoy your new roof for many years to come!"
"AbFvOqksA257GHRjcC03vNxJN-Qgqwd95eiIvgWl2qxUYTdGFa0NOUvX0a1QilcT1Wjyus32MouY0g","2025-04-19T15:46:02.298616Z","5","Wantagh","rebecca sternberg","We had a great experience using Rapid repair roofing. Bryan and his team were professional and a pleasure to work with. We would highly recommend them to anyone in need of a new roof or roof repair!","Thank you for your fantastic review, Rebecca! We're thrilled to hear that you had a great experience with Bryan and the team. Your recommendation means a lot to us, and we're glad we could assist you with your roofing needs. We appreciate your support and look forward to working with you again in the future!"
"AbFvOqllCn8w-IKndYRegeM6jiemVRhgQkbd39JF2NRopZxy4xJ4h_mvC01rv8KHDX3oW6k-zDlS","2025-04-19T15:49:21.217426Z","5","Wantagh","Natalya Urovish","Rapid roofing did a great job. Thorough quality work and very quick.","Thank you for your positive feedback, Natalya! We're thrilled to hear that you were satisfied with our quality of work and efficiency. Your satisfaction is our top priority, and we appreciate you taking the time to share your experience. We look forward to serving you again in the future!"
"AbFvOqlZK3AbGx78UKhfBYlUQF19v0BK1Gc4tYXT02uh60zk5BraL_MK_NeG1gCfS4h_vawWUxMz","2025-04-19T16:55:13.142957Z","5","Wantagh","Steven Radgowski","Perfect
Excellent!","Thank you for your fantastic review! We're thrilled to hear that you had a perfect experience with us. Your satisfaction is our top priority, and we appreciate your support."
"AbFvOqkOpxF8uohcUjSok71ZzudKPNHQkLVr3a7J-bI7veJCvYlBXLlYnrVlssrC4cs0ytJOPFfd0Q","2025-04-21T17:14:36.528908Z","5","Wantagh","Gary Darzano","Couldn't be happier with the job they did- The stopped a leak that no one could for over 8 years- Haven't had one since ( knock on wood) They showed me where the issues was, took pic, updated me through out the process. Will definitely use them again if needed- The only roofer you will ever need!","Thank you for your fantastic review, Gary! We're thrilled to hear that we were able to solve a long-standing leak issue for you and that you were satisfied with our communication throughout the process. Your trust in us means a lot, and we appreciate your recommendation. We're always here to help with any future roofing needs!"
"AbFvOqnr_tBvTnSkIuYPyi9DApuATxu83uEydT7ltGchK9JeOQg49Jce336-rvr705xJaMBp6avz9g","2025-04-21T20:30:41.286540Z","5","Wantagh","Ron von","Had the best experience with RAPID ROOFING ! The crew did an amazing job with removing my old cedar shingle roof and replacing it with a beautiful metal roof ! The cleanup was flawless . The entire experience was perfect from beginning to end ! True professionals . I wish they did bathrooms !!!!","Thank you for your fantastic review, Ron! We're thrilled to hear that you had such a positive experience with our team and that you're happy with your new metal roof. Your kind words about our professionalism and the flawless cleanup mean a lot to us. We appreciate your support and would love to help you with any future projects!"
"AbFvOqlHrdeel-PY5sVJi9Wbr1Z-Zuel_swv9_IOHO82CbfXoPk8_7-BltKtATTCWUZMm5bfKA8nkw","2025-04-21T22:06:00.350738Z","5","Wantagh","Michael Murphy","Loved this company. They are the utmost professionals. All work was done and no debris was left. Highly recommend.","Thank you, Michael, for your fantastic review! We’re thrilled to hear that you were pleased with our professionalism and the cleanliness of our work. Your recommendation means a lot to us, and we look forward to serving you again in the future."
"AbFvOqnKij9L9US_tfCw1dY8CGER6-7dEcKKfZg5ZkUKdCs5U8YPLHIR0qWi2A_I3OM7SWzVgaI_mg","2025-04-22T20:02:43.863611Z","5","Wantagh","Donna Nesteruk","The Rapid Restore team was great to work with!  We had a new roof and skylights installed. The crew was professional, clean and curious. I highly recommend Rapid Restore!","Thank you for your amazing feedback, Donna! We're thrilled to hear that you had a great experience with the Rapid Restore team during your roof and skylight installation. Your recommendation means a lot to us, and we appreciate your kind words about our crew's professionalism and cleanliness. We look forward to serving you again in the future!"
"AbFvOqn8fZjY9IFg7eQ2wZ8iWNLkKGtc8fxjrwfOA2db0fqddAOI87Ep3zSUNTgq1D7HxR6s0Rnu","2025-04-22T20:05:05.254412Z","5","Wantagh","James Bloodgood","Great job finding the leak and resolving the issue. It’s harder to fix someone else’s problem than to do the job.","We appreciate your positive feedback, James! Our team takes pride in tackling tough challenges and ensuring that issues are resolved efficiently. Thank you for recognizing our efforts in fixing the leak. Your satisfaction is our top priority, and we're here to help whenever you need us."
"AbFvOql5KlzKqphGoWE_sS4J_g66_dYg57DMRSHnSPaFc1wKszWWFGWe63Zjm67jwq1bki3EThqHNg","2025-04-22T23:30:25.639454Z","5","Wantagh","Tom Livia","These guys certainly live by their name. After an initial consultation on Friday, I’m sitting here on Tuesday night with a totally new roof! Ryan and his team swarmed upon the house like a legion of worker ants at 7am and finished the whole job less than 12 hours later. And my roof is not small. The company is very honest, professional, and they seem genuinely determined to ensure your complete satisfaction. I intend to recommend them to all my friends and family.","Thank you for your amazing review, Tom! We're thrilled to hear that you had such a positive experience with our team and that you're happy with your new roof. Our goal is to provide honest and professional service, and it's wonderful to know we met your expectations. We appreciate your recommendations to friends and family and look forward to serving them in the future!"
"AbFvOqlAJh7u0ovJF3cOPFlGlMUr6mXLpD0wXeEl3Xp6TbPmjXh3XhooizXRym6TWUrNrjhO-jQc","2025-04-23T13:09:37.213560Z","5","Wantagh","Vincent Oleary","The roofer did an amazing job on my roof","Thank you for your fantastic feedback, Vincent! We're thrilled to hear that you are satisfied with the work done on your roof. Our team strives for excellence, and it's great to know we hit the mark. If you need any further assistance, feel free to reach out."
"AbFvOqlV6VPtxhFyhg4FBK845Jp6UNT_2dVev3SLvvaQ27yPLDqfeNaPL9Frsjy8boQEbHWS1Hki3Q","2025-04-26T20:52:42.445858Z","5","Oceanside","Shamika Simpson","Thank you for the phenomenal job you and entire team did on our roof! The customer service provided was outstanding!","We're thrilled to hear that you were satisfied with our team's work and customer service! Your positive feedback means a lot to us. Thank you for trusting us with your roofing needs. We're here to help anytime!"
"AbFvOqngGTB8M2JI1GrjZHS9Hh78JTT4_qhXMokyq1zrCzoZhbCSNjAy8GVio-A0BHI2M8-FPEQjng","2025-04-28T22:55:38.910174Z","5","Oceanside","Sal Buono","The workers showed up on time, they were very professional and we are very pleased with the work that was done, we had 3 skylight replaced,Thank you Rapid Roofing","Thank you for your positive feedback, Sal! We're thrilled to hear that our team was professional and timely during your skylight replacement. Your satisfaction is our top priority, and we appreciate your business. If you need anything else in the future, don't hesitate to reach out."
"AbFvOqnVTjSFr1yy2RzlEs9qco2fJsE3rFHjsXHAJeM5U9XqKauG5fgf-rAeDAMXMw3WyLvPMm1HjQ","2025-05-01T22:31:50.271045Z","5","Oceanside","Joanne Ferreira","Rapid Roofing was outstanding from start to finish—beginning with the sales process all the way through to the final installation. Their team of professionals is knowledgeable, communicative, and truly made us feel like valued customers throughout the entire experience.","Thank you for your wonderful feedback, Joanne! We're thrilled to hear that you had such a positive experience with our team at Rapid Roofing. We take pride in providing top-notch service and ensuring our customers feel valued. Your satisfaction means a lot to us, and we appreciate your trust in our services."
"AbFvOqmKcfY_lE5dxafhpvOXY_5GlHl1QTfkFk2zZvx7Q2J_Jq48jFKvFMbP5zRdKcZhaLXI4m5n","2025-05-04T20:28:55.056057Z","5","Oceanside","Erick Soto","Awesome experience with this project guys were amazing clean fast and excellent work","Thank you so much for your positive feedback! We're thrilled to hear that you had an awesome experience and that our team met your expectations with their work. Your satisfaction is our top priority, and we hope to work with you again in the future!"
"AbFvOqkDqZLjHSGaW61VB5ToLU0I88_AUZYeQJGpP6ejVmYQqPDbhmpvSBvuNNM-UNXoiFpmTqsGkA","2025-05-07T17:22:56.822005Z","5","Wantagh","Stephen Hallam","Rapid roofing did an excellent job with my project. We also used Rapid to install our gutters. I can say without a doubt that as far as residential roofing is concerned, they are the best roofers around. Reasonably priced for what you get, very professional, quality materials, and amazing customer service. Thank you Rapid Roofing - great job. I only wish you did all home projects the same way you do roofs so I could use you guys again!","Thank you for your fantastic review, Stephen! We’re thrilled to hear that you were satisfied with both your roofing and gutter installation. Your kind words about our pricing, professionalism, and customer service mean a lot to us. We appreciate your support and would love to assist you with any future projects, even beyond roofing. Thank you for choosing Rapid Roofing!"
"AbFvOqnu93l_crGabnKVEMhLbqQArtGx6R8eOp4FemdqrMeFrL7yD1mOi11bLmNPO5uVvjhzDEFE","2025-05-13T15:30:44.267667Z","5","Oceanside","Jhonnael Sanchez","","Thank you for your positive review! We're thrilled to see that you had a great experience with us. Your support means a lot and motivates us to continue providing excellent service. We look forward to serving you again in the future!"
"AbFvOql2-6qZRVZ9-AVrYRzU1ufgXpslpHp6lWftPPw9jeYUYT4Hk-kdDFnVsBKT1krwXIbiq-B_aw","2025-05-13T19:19:35.927815Z","5","Port Jefferson Station","g Loyola","I had an amazing experience with Rapid Roof! From start to finish, the team was professional, efficient, and incredibly friendly. Francesco was fantastic at explaining the process and making sure everything was on track. Ryan handled the logistics seamlessly and kept me updated every step of the way. His attention to detail  during the installation was top-notch. Renz for making it all happen sooner—your flexibility and availability made a big difference and were truly appreciated. Kelly, without your help and understanding none of this would have been possible. Our roof looks amazing, and the whole project was completed faster than I expected. I highly recommend Rapid Roof if you want quality work with great customer service. Thanks again to Kelly, Francesco, Ryan, Renz and the entire Team!","Thank you for your wonderful feedback! We're thrilled to hear that you had such a positive experience with our team at Rapid Roof. It's great to know that Francesco, Ryan, and Renz made a lasting impression with their professionalism and attention to detail. We appreciate your recommendation and are pleased that you love your new roof. Your support means a lot to us!"
"AbFvOqnEzzUX4Gc0NlpvtQZol_RSbxAzO9ScO5WQ4FnAgx0ngi4ETv7MDcMX1a5h58dqXnbHGmNF8w","2025-05-15T15:24:06.536475Z","5","Oceanside","sandra gail","Rapid roofing was highly recommended
and I will definitely add my endorsement to them. Every step of the way was professional, supportive (such a big job was a little daunting to me, so that was key) and I love their high tech. The job was neat, efficient, and exactly as explained to me. Every staffer I interacted with felt like a friend, helping me make decisions and feel comfortable. Excellent, all around.","Thank you for your wonderful review! We are thrilled to hear that you felt supported throughout the process and that our team made a positive impact on your experience. Your endorsement means a lot to us, and we’re glad you appreciated our high-tech approach and professionalism. We strive to create a friendly atmosphere and it's great to know we succeeded. Thank you for choosing Rapid Roofing!"
"AbFvOqky-Ia5IYM6NivTk3IOQbycqJ6l3jYBUpE2uitXEqawED6TL0VTitmGTmd0_-YQjPrWamC4_A","2025-05-16T22:42:19.949283Z","5","Oceanside","Cara Chan","5 stars for expediency. Mike gave us a quote, and 3 days later we had a new roof. Kevin was the project manager and answered questions the whole way through while providing photographs.","Thank you for your wonderful review, Cara! We're thrilled to hear that you experienced such a quick turnaround with your new roof. It’s great to know that Mike and Kevin provided the support and communication you needed. We appreciate your trust in us and look forward to serving you again in the future."
"AbFvOqkUq-lary1TGnGZJbzEJ8QL5XM_GXapVPe9loER_emAkM5Puuvnz8Z72tEl5Nc0ONRNmz_s","2025-05-16T23:45:49.043189Z","5","Oceanside","RICARDO BENAVIDES","I recently hired RAPID ROOFING COMPANY to replace the roof on my home, and I couldn’t be happier with the results. From the initial consultation to the final clean-up, their team was professional, efficient, respectful of my property.
They showed up on time, clearly explaining the process, and completed the job faster. Special thanks to RAPPID ROOFING","Thank you, Ricardo, for your wonderful feedback! We're thrilled to hear that you are happy with your new roof and that our team's professionalism and efficiency made a positive impact. Your satisfaction is our top priority, and we appreciate you highlighting the clarity of our process. Special thanks to you for choosing RAPID ROOFING COMPANY!"
"AbFvOqlizx2GY0fmx31UQWNt18jAij9_sVKwLtRqWti6KhwgitULCprUcy76mbAqrFPLNI6kX5d_pQ","2025-05-17T00:14:52.462273Z","5","Wantagh","RICARDO BENAVIDES","I recently hired RAPID ROOFING COMPANY to replace the roof on my home, and I couldn’t be happier with the results. From the initial consultation to the final clean-up, their team was professional, efficient and respectful of my property. Special thanks to RAPID ROOFING for excellent communication and keeping me updated through the process.","Thank you for your wonderful review, Ricardo! We’re thrilled to hear that you are happy with your new roof and that our team provided professional and efficient service. We always strive to maintain open communication and respect for our clients' properties. Your feedback encourages us to keep up the great work. We appreciate your business and support!"
"AbFvOqlqkDdOl74XACYnlhVInguGysRPzvOsbEaLOzJOu0qnmXxicKnN49htTrIlUm9yQTqFZJX-JA","2025-05-19T19:00:04.932482Z","5","Oceanside","Katey Schwingl","I recently had my roof replaced by Rapid Roofing, and I couldn’t be more pleased with the results. From the initial consultation to the final cleanup, the entire team was professional, knowledgeable, and efficient. They walked me through every step of the process, answered all my questions, and completed the job on time and within budget.

The quality of the workmanship is outstanding. The new roof looks fantastic and has already withstood several heavy rainstorms with no issues. They were respectful of my property, cleaned up thoroughly each day, and made sure everything was done to the highest standard.

I highly recommend Rapid Roofing to anyone in need of roofing repairs or a full replacement. It’s clear they take pride in their work and care about their customers","Thank you for your wonderful feedback, Katey! We're thrilled to hear that you're pleased with your new roof and that our team provided the professional service we strive for. We take great pride in our workmanship and truly appreciate your recommendation. It’s rewarding to know that our efforts to maintain communication and respect for your property made a positive impact. Thank you for choosing Rapid Roofing!"
"AbFvOqlB0E5SUK4toxPGhfxYYdAouWEXNoFfUSSuAoagV5cYm2ze6kYvdQH9ElslsTzy0ayUbxRv6Q","2025-05-21T22:21:29.909795Z","5","Oceanside","Cliff Cornell","","Thank you for the fantastic rating! We appreciate your support and are glad to hear you had a great experience with us. If you have any feedback or suggestions in the future, feel free to share. We look forward to serving you again!"
"AbFvOqmAPV-USQPO30-0_w2bmAwn050S2ezYs69pDjWiGx9-hN39zrnCdmJcWcfaRAQbens8FLoJIA","2025-05-23T17:06:30.757527Z","5","Oceanside","Charisse Harris","Phenomenal work with Rapid Roofing, Jacob, Francisco & their team!","Thank you for your wonderful feedback! We're thrilled to hear you were pleased with the work from Jacob, Francisco, and the entire team. Your satisfaction is our top priority, and we appreciate your support. We look forward to serving you again in the future!"
"AbFvOqkdGets3AhQH_w0ZARrofbIl-3aNgS3DjM9Qgjui0Qn9M28CxFjb8cjaRfGbvLlm5TohlFxLQ","2025-05-24T13:29:48.658263Z","5","Wantagh","Charisse Harris","The BEST company ever! Stella customer service, genuinely cares about your questions & thoughts! Francesco, Jacob & their team are awesome! Thank you again!","Thank you so much for your wonderful feedback! We're thrilled to hear that you had such a positive experience with our team, especially with Stella, Francesco, and Jacob. Your satisfaction is our top priority, and we appreciate your recognition of our efforts. We look forward to serving you again soon!"
"AbFvOqlQqQb-iv-FIPMzH7jw6CKxFyMAjq9foJbqj7dC1915yUl1d0ATX-hfP4Tq24a-hA3IRHINGw","2025-05-27T15:18:25.622259Z","5","Oceanside","Steven Reshey","Amazing work from the planning process to the swift labor itself done in 2 days and were involved and helpful throughout the entire process! Even threw in the detached garage for free the day of! Would absolutely recommend 💙","Thank you for your fantastic review, Steven! We're thrilled to hear that you had such a positive experience from start to finish. It was a pleasure to assist you with your project, and we’re glad you loved the added bonus of the detached garage. Your recommendation means a lot to us. We hope to work with you again in the future!"
"AbFvOqkJO07NykHdNTJz12Mofeye0qF9LuUy56YMws3HFeDTabOXu8upeWbO93ljKafQxrw5eVr21w","2025-05-27T16:00:25.744256Z","5","Oceanside","Christopher Reid","","Thank you for your five-star rating! We appreciate your support and are glad to hear you had a positive experience with us. Your feedback is important to us, and we hope to see you again soon!"
"AbFvOqk-wFqniiCHQKEjBZU_LltT4cpfU_sX7t3bpAbZnE5Qbht8CL25QtPukcfoWKHh7-MCHDc3","2025-06-06T15:03:56.255352Z","5","Wantagh","Athena","We now have a beautiful plum colored roof, that really makes it stand out ! The new roof, gutters, soffit and fascia all make the house look new and cared for. The payment plan also works well for us as new home owners . My husband is a home inspector and he went up on the roof to inspect everything himself and was very happy with the result .","Thank you for your wonderful feedback, Athena! We're thrilled to hear that you love your new plum colored roof and that it enhances the look of your home. It's fantastic that the payment plan worked well for you as new homeowners, and we're glad your husband is satisfied with the quality of our work. Your satisfaction is our top priority, and we appreciate your trust in us. Enjoy your beautiful home!"
"AbFvOqk337DQYhlV5L1AxqYuNAwbpFlScBS3SaOd7OoSHTPGetIGE1jbZhGQx4V2BKJoYuptr55a","2025-06-11T22:41:37.193953Z","5","Oceanside","Brian Moran","Showed up 15 minutes early! The whole team was ready to begin at 7am SHARP! They worked very efficiently.  Not only did they do a fantastic job putting up our new roof BUT the clean up was incredible! You would never know that we had trucks , equipment and materials around our house.  Overall,  very happy with the job and happy that we went with Rapid Roofing. Highly recommend!","Thank you for the wonderful feedback, Brian! We're thrilled to hear that our team arrived on time and worked efficiently to install your new roof. It’s great to know that you were pleased with the cleanup as well. Your recommendation means a lot to us, and we're happy to have met your expectations. We appreciate your support!"
"AbFvOqlNk13nC1Qv_OeZ0_Ln8h6lzpuWRB4LcIb6enZNe_SlAhn2VCzLn0L3lfjyWciX48Q1MJ8I_g","2025-06-12T20:26:44.453042Z","5","Oceanside","janet asta","Love them, did a great job","Thank you for your wonderful feedback! We're thrilled to hear that you loved our service and that we did a great job. Your satisfaction means a lot to us. We look forward to serving you again!"
"AbFvOqkgbOTXqqAQEVPUZeRW0KubqVidHBYLEIZY-I2ueoT_mdthImV2UQj6AVzuQ2ffQL9NYgjYmg","2025-06-13T16:57:37.565241Z","5","Oceanside","Elizqabeth Conlan","These guys are amazing. Do top quality work, friendly & thorough. My roof looks amazing. To top it of they are very reasonable. I highly recommend them !!","Thank you so much for your kind words! We’re thrilled to hear that you’re satisfied with our work and that we met your expectations. Your recommendation means a lot to us. If you need anything else in the future, don’t hesitate to reach out."
"AbFvOqnKEYtOBXZuOpPqDNLwDanDt9yzDdAsa2bHfSM9DOY78wfRY9jocMZQUxbF46SFRBNhZUsoOg","2025-06-13T17:12:14.718757Z","5","Oceanside","Keith","For years I had water flooding into my basement every time there was a heavy rain. Band-aide repair from another contractor did nothing. Rapid Roofing came in as soon as I called and:
- Gave free assessment and estimate
- Came when they said they would
- Did all the work in a day
- Charged what they said they would
- Were professional and very clean
- I have not had one drop of water since

I was totally satisfied and I highly recommend them for any roof repair, gutter work or water leak issues. Don’t waste your money or time trying to save a couple dollars. Do it once and get it done right.","Thank you for your wonderful review, Keith! We’re delighted to hear that our team provided you with effective solutions and a positive experience. It’s great to know that the work has kept your basement dry since our visit. Your recommendation means a lot to us, and we appreciate your trust in Rapid Roofing. We’re here for any future roofing or gutter needs you may have!"
"AbFvOqlN9Q_m17htMpq4f8JJXOxxsx0iAsMTvpWfAQ5AF98RK_9Vc5sWxbLm7CFd3lKJX2GU2RNc","2025-06-13T17:14:54.140584Z","5","Oceanside","Neri Calderon","Processional and courteous company they came out right away to fix my roof.","Thank you for your positive feedback, Neri! We're glad to hear that you found our team professional and courteous. It's our goal to respond promptly to our customers' needs. If you require any further assistance in the future, don't hesitate to reach out."
"AbFvOqlae8xIb0ZVWeCB-oS8Lq3A30ATrRUba4mAQtwfDXnl5GJSmI4NHTU9Yregi170uI7_4hJZbg","2025-06-13T17:32:28.848318Z","5","Port Jefferson Station","Scott Merrell","Had my roof done with Rapid Restore 4 years ado....they were great and the price was the best that I got. @ other friends have used them.....2 years ago had my gutters replaced with them as well. Again they were awesome and very clean!!","Thank you for your fantastic review, Scott! We're thrilled to hear that you’ve had such positive experiences with both your roof and gutter projects. It's great to know that our team provided you with excellent service and value. We appreciate your referrals and look forward to assisting you and your friends again in the future!"
"AbFvOqltQHL8-6iEJLYxKR-rUh5MLBz9DNc1Q6wQHHRVdT5oszK8b_cdLf6ynvOiY566d3Ov5HStlg","2025-06-13T17:37:10.311321Z","5","Oceanside","Ingrid Griffin","The flashing on my roof was never installed properly. After 15 years of roofers attempting to repair they continue to leak. I was told about ratchet repair by my broker which happened to it had the same type of trouble she raved about them, but they did such a fine job so I was willing to try again,. Everyone was late when they spoke to me on the phone they showed me they could take care of the problem and they did they stretch my anything down check for any rotten wood match the shingles as I watched on the link on my phone as they worked, they did an excellent job.  After 15 years of the leak, it has been a year now and I’ve never been so happy. I would highly recommend that repair to anyone. They know what they’re doing. They take pride in their work..","Thank you for your glowing review, Ingrid! We're thrilled to hear that we were able to resolve the longstanding issues with your roof flashing. It’s great to know that our team's dedication and pride in their work made such a positive impact. We appreciate your recommendation and are here to help if you ever need assistance in the future. Your satisfaction means the world to us!"
"AbFvOqm_WRt7zz_dw5t96DwIEHufVLQv0oLj7JdiaogkAhPsu6nEyMIvlNoiWWfaGAFxQ20-ajBBIw","2025-06-13T17:40:20.378396Z","5","Oceanside","Nyc Metrosports","I hired Rapid Roofing to replace part of my roof, they were very professional and did a great job. No more leaks.","Thank you for your fantastic review! We're thrilled to hear that you're satisfied with our work and that your roof is now leak-free. Our team takes pride in providing professional service, and your feedback means a lot to us. If you need any further assistance in the future, feel free to reach out."
"AbFvOqkVgYdmB1la65XUvRGQT6vUtfb81vlTjU1GZyNE5aIRbLjOBCpMO2OtxV88FPrP0vb6Jc_26w","2025-06-13T18:18:16.874964Z","5","Wantagh","Sam Narang","Very professional, accommodating and flexible. Cleaned up after the job was completed. Would love to recommend or use him again.","Thank you for your fantastic feedback! We're thrilled to hear that you found our service professional and accommodating. It's great to know that you appreciated our attention to cleanliness. Your recommendations mean a lot to us, and we look forward to the opportunity to work with you again in the future."
"AbFvOqkY8uTge35v6yYmjofJlHQqhvYlTT3LyArLVis3tzqFqLvnA_LIzKJF7rqaeAJYVIYdqjcpDw","2025-06-13T19:14:39.492432Z","5","Wantagh","Bunty Singh","Last summer I had my roof repair done of my Dormer windows which was causing leaks inside the home. Rapid Roofing gave me a great price point quote and have done a very thorough and professional job in roof repair. If your home is in south shore of Long Island and get those bursts of rain in my opinion you do not have to look beyond Rapid. Roofing for your roof related work","Thank you for your wonderful review, Bunty! We're thrilled to hear that you were satisfied with the roof repair on your Dormer windows and appreciated our pricing and service. It's great to know that you found us thorough and professional. Your recommendation means a lot to us, and we look forward to assisting you and your neighbors in the future!"
"AbFvOqnNJc0bnbfrbNqAZZDegCe2vY7H1P0sqLes3_Bw75oULIVZScom-kthkmM9RX0N6Jxxgwh0AQ","2025-06-13T22:08:22.906221Z","5","Wantagh","Allan Varela","Show up on time, get the job done in good order and looks great","Thank you, Allan, for your fantastic feedback! We’re thrilled to hear that you were satisfied with our punctuality and the quality of our work. Your appreciation motivates us to keep delivering excellent service. We look forward to serving you again in the future."
"AbFvOqlE7FXiUR1gNfrYJskUIK7uq_e_uLImTXry88X4kM240dfAo9E6IaSgjDVT2dlcA5VwsbMbgQ","2025-06-13T23:08:00.567689Z","5","Wantagh","Karl Reisner","As someone that appreciates constant contact, this roofing company did not let me down. The price was good on my particular job. They ran into a hiccup and worked with us in resolving the issues. I can’t thank them enough and would recommend them for a job that you only do every 10 to 20 years","Thank you for your wonderful feedback, Karl! We're thrilled to hear that you appreciated our communication and that we were able to resolve any issues along the way. It's great to know that you found our pricing satisfactory and would recommend us for a long-term investment like roofing. Your endorsement means a lot to us, and we look forward to serving you again in the future."
"AbFvOqmIJPc7eltIDPAd56rPEWgmPHIyjENi6S44mlDhDON7X7wbUynUNQkgei54t0h94KPW2hCT","2025-06-14T03:09:07.088802Z","5","Wantagh","Michele Kinstrey","We chose Rapid Roofing out of 4 highly recommended roofers because Mike and his team were so easy to work with, offered flexible solutions to old problems, and made working within my budget an east task, plus permanantly corrected leaks we had repaired by others multiple times, replaced our gutters with highly efficient and attractive gutters added at least years to a 25 year old roof.  Their team cleaned up after their wor, and they called us a few times after the projects was completed to make certain we were happy with their work. I recommend them to anyone seeking roofing work with a personal touch.","Thank you for your fantastic review, Michele! We're thrilled to hear that Mike and our team could provide you with flexible solutions and high-quality service. It's great to know that we were able to permanently address your leaks and enhance your roof with efficient gutters. We truly appreciate your recommendation and look forward to assisting you or anyone you refer in the future. Your satisfaction is our priority!"
"AbFvOqk1MPiScFm9uM_SeOyp46p5ZKNvsfdrMAT5KD-kK7gzAqxwVPOqCWKXFwy0khVqunavAJPfzA","2025-06-14T23:10:58.441998Z","5","Wantagh","HERB SIDEL","Rapid Roofing was very honorable company to deal with regarding problems and other situations. The owner and employees were great and professional and service. My needs without hesitation. I would highly recommend them to any homeowner and to do the type of work necessary to make all good repairs, etc..","Thank you for your kind words, Herb! We're thrilled to hear that you had such a positive experience with our team. Our goal is to provide professional and honorable service to all our clients, and it’s great to know we met your needs. Your recommendation means a lot to us, and we appreciate your support!"
"AbFvOqnxupr_GYjTDW35-JrAEm0-x80XKQUuxBCaVwfn3NJudTrt0yGQHjtXYRLeLAy_lCG8vDXDxw","2025-06-15T12:08:03.738241Z","5","Wantagh","Martin Sasbon","Rapid Roofing lived up to its name and went the extra mile in all aspects of the job they performed!
From the initial call I made for an estimate to the completion of the job, which took only a few days, they were extremely responsive to all questions and concerns I had—from sales to the workers who did the job they were clearly on the same page with no surprises.
Very pleased with the new roof and repairs made, would definitely use them again!","Thank you for your fantastic feedback, Martin! We're thrilled to hear that you had such a positive experience with Rapid Roofing. Our team takes pride in providing responsive and thorough service from start to finish, and it’s great to know that we met your expectations. We appreciate your trust in us for your roofing needs and look forward to serving you again in the future!"
"AbFvOqkOHNiiaMdS0xbs19_fLQKs0XXV8TYVIfYEZX39JNVYQKkI9oU-XXY34dLxfPdAm-0DlXj5dA","2025-06-15T21:59:40.399568Z","5","Wantagh","j farley","","Thank you for the fantastic rating! We're thrilled to hear you had a great experience with us. Your support means a lot, and we look forward to serving you again soon!"
"AbFvOqkM4c8t4UiB1Uw62v-xzXaepS8U4W_g08iaacxQERISCp3Yb1H5PLEzUFBWfPP-J8vosvx20w","2025-06-17T11:58:58.814383Z","5","Wantagh","Evangeline Hurst","Rapid Roofing did a great job on my garage roof. I'm very happy with their work! They were professional and I will recommend them to anyone I know that needs a roof. Thank you!","Thank you for your glowing review, Evangeline! We're thrilled to hear that you are happy with the garage roof and our team's professionalism. Your recommendation means the world to us. If you ever need our services again, don’t hesitate to reach out!"
"AbFvOqkkTJzqZOW90fSYSNYPvRkRNvR7ctV20RPAB4TuRJj2BemBAwrih6bi62BCOauVBeCg1foX","2025-06-17T21:07:42.197005Z","5","Wantagh","Boosted Monte Carlo","Amazing fast and nice team. Had my roof done in one day with new plywood. Wow. Outstanding team. The guys was very polite and efficient. Highly recommend them to everyone.","Thank you for your fantastic review! We're thrilled to hear that you had such a positive experience with our team and that we could complete your roof in just one day. Your recommendation means a lot to us. We appreciate your kind words about our team's politeness and efficiency. If you need anything else in the future, feel free to reach out!"
"AbFvOqkg_3rU5Q7eCmHu9lLPzyt_KQSuA47vtldtm9JAnRCbm0K_XpvK99dVbhulEL7jDd9ePZUX","2025-06-17T22:03:42.213481Z","5","Wantagh","Carlo Soranno","Rapid Roofing put on a new roof. What an incredible job they did. So professional and fast! I recommend this company highly","Thank you for your fantastic review, Carlo! We're thrilled to hear that you are satisfied with your new roof and our team's professionalism and efficiency. Your strong recommendation means a lot to us. We appreciate your support and hope to assist you again in the future!"
"AbFvOqn643WZfeJ5EZVAqW_iA1OgcCEsW1PDKlnRh57ra-5ljM0dbcjItIl_OUYrDHglAkHZ36_dDg","2025-06-19T17:44:53.586693Z","5","Wantagh","Tom Altieri","Rapid roofing to an excellent job on my house and concentrated on my problems which were fixed completely","Thank you for your fantastic feedback, Tom! We're thrilled to hear that you were satisfied with our work and that we were able to address your roofing issues effectively. Your satisfaction is our top priority, and we appreciate your trust in us. If you need any further assistance in the future, don’t hesitate to reach out!"
"AbFvOqmUsZo1FU0qQwsrP9c5IEHfcYAMTIWZRDjSxUE_pxbz6xNF51ctu8e6cUUC1QZu4jR71Ryf","2025-06-20T19:21:50.146275Z","5","Wantagh","Larry Serrantonio","I just had a roof done by Rapid,  from  beginning to end it was  a great experience,, Kelly, Mike, Francesco   everyone i dealt with was great,  there was great communication throughout the whole process,  and roof looks great..   they run a tight ship over there...   I would highly recommend....","Thank you for your wonderful review, Larry! We're thrilled to hear that you had a great experience with our team and that you're pleased with your new roof. We pride ourselves on clear communication and professionalism, so it’s fantastic to know that we met your expectations. Your recommendation means a lot to us, and we appreciate your trust in Rapid. Enjoy your beautiful new roof!"
"AbFvOqne5wS5PeXqXl8cGgQ_wOsrVtL-tPGNPVjNfNq7zFqjx08MMDPGO1GgjvmdAiTScSo5DQ60","2025-06-20T22:07:31.133978Z","5","Wantagh","J Clark","Rapid Roofing did an excellent job fixing our roof. Whoever installed it prior to us buying the house, did a horrible job and we were losing shingles. I called Rapid Roofing and they came out right away, professional, very reasonably priced, my roof looks great and I haven't lost a shingle since!!!","Thank you for your wonderful feedback! We're thrilled to hear that you are satisfied with our work and that your roof is in great shape now. Our team strives to provide quick and professional service at a fair price. If you need anything else in the future, don't hesitate to reach out. We appreciate your support!"
"AbFvOqlUSgWZRfxCge20GuoW7m3_ldX77iEGq8l0viJHCTQP8riwCEN-MiR0SK3_V2MwRzsB7qu8Fw","2025-07-03T22:12:43.670633Z","5","Wantagh","mary slovak","This company was amazing from start to finish!","Thank you so much for your kind words, Mary! We're thrilled to hear you had an amazing experience with us. Your satisfaction is our top priority, and we appreciate your support. Looking forward to serving you again!"
"AbFvOqmILv0A2mQZMFSbGOwDdICMnFiqz3arDyQ3zVMaD0y7q1tXlyeDgiZLHoBktm46oBDREDTi","2025-07-06T15:46:35.103565Z","5","Port Jefferson Station","phil altavilla","Great work done with care and precision. Cleaned up afterward as well.","Thank you for your fantastic feedback! We're thrilled to hear that you appreciated our care and attention to detail. Your satisfaction is our top priority, and we always strive to leave everything clean. We look forward to serving you again in the future!"
"AbFvOqmU_OIfAyE9A6qt2ipHi6e8rzvKYa39wfg8LlPSaDASkt5xnJFPKFcKwHkXLPJtZJgpbpGa","2025-07-15T20:11:25.099543Z","5","Wantagh","Dan Ryan","Great job.. Ryan kept me completely up to date as job was being done.  Highly recommend Rapid Roofing","Thank you for your fantastic feedback, Dan! We're thrilled to hear that Ryan provided you with excellent communication throughout the project. Your recommendation means a lot to us, and we look forward to serving you again in the future!"
"AbFvOqlGdEUHLB2bhiZctp8UbYXAebZ5iDbmC9JRlYoU7OO8NXzmrtJ3Tpk9NGx04bXWvX4dyq5RJg","2025-07-17T05:35:54.439227Z","5","Port Jefferson Station","Camilo Andrés Torres","my neighbor told me about this company and im glad i called them they did the roof repair quickly and it looks really good","Thank you for your positive feedback! We're thrilled to hear that you were happy with our quick service and the results of your roof repair. We appreciate your neighbor's recommendation and look forward to helping you again in the future if needed."
"AbFvOqkYzq_c5gOXfMDb1RXEgQdNYMr1xRSet-4v2UrbHE0L32bg-oT-H1mwmjxqdCVBuwc5zNsNYA","2025-07-21T18:52:25.713944Z","5","Wantagh","B Moran","Rapid Roofing is a perfect name for this roofing company as Brian, Dave and their team were on-site at 6:30 a.m. and completed a full replacement roof with 20 pieces of plywood that needed to be replaced and finished the job by 3 p.m. They all were curtious, friendly, and made the roof of the house look great!","Thank you for your wonderful feedback! We're thrilled to hear about your positive experience with Brian, Dave, and the team. Their dedication to timely and quality work is truly appreciated, and we're glad you love your new roof. Your satisfaction is our top priority, and we appreciate you taking the time to share your thoughts."
"AbFvOqk5yv9r00HCe7Z-aajN85fp54ig-joLMRyaJuW5tjEEwHmTCFg204TyGBUDzIY_PTQtf3LiaQ","2025-07-22T19:46:21.555341Z","5","Wantagh","Peter Rosante","Awesome job! The crew showed up on time, exhibited professionalism, performed a neat and clean job and delivered as promised. Highly recommend!","Thank you for your fantastic feedback, Peter! We're thrilled to hear that our crew met your expectations with their professionalism and quality of work. Your recommendation means a lot to us. We're here to help whenever you need our services again!"
"AbFvOqnpAZ_nXKhOw-BPOPg6zCWarptsaHOhkdkhfwDsqv0tP4DDiT7NTnHa1ctUZzRNGqfDO2id2w","2025-07-25T17:36:24.501882Z","5","Oceanside","Sarah Bryan","Rapid Roofing was phenomenal. My grandmothers house had a bad roof leak coming from the skylights, and it was ruining the interior of her house. We looked for the most reputable roofers near us, and found Rapid Roofing. They had the most reviews. When I called they came over right away and were able to repair the leak for a very fair price. Since then there have been no leaks! Thank you Rapid Roofing","Thank you for your fantastic review, Sarah! We're thrilled to hear that we could help with your grandmother's roof leak and that the repairs have been successful. Your kind words about our team and service mean a lot to us. We're always here to assist with any future roofing needs."
"AbFvOqkpGCIItKC4O7FdwfHYcxgaiAp2tAPAmnv7ldlHY5GBZqTIVpLCk-keVBhmgd7KCGK0aHa5QQ","2025-07-25T20:36:30.963901Z","5","Wantagh","Linda Oristano","The men who did my job were very professional, neat, organized.  I was nervous because my house is 128 years old and needed special handling.  They did the right job! I would recommend them.","Thank you for your wonderful feedback! We're thrilled to hear that our team met your expectations and handled your historic home with the care it deserves. Your recommendation means a lot to us. We appreciate your trust in our services and look forward to assisting you again in the future."
"AbFvOqllxH75CgxrsT1fUhW132CDphAyFsag6qsO14hIA2I3Z0DFh9C_NjHKd4lXF8zUVgulA-Paxw","2025-07-30T16:40:26.315756Z","5","Port Jefferson Station","Bobby Lonngren","Rapid Roofing has a team full of great people! Can not recommend them enough!","Thank you for your fantastic review, Bobby! We're thrilled to hear that you had such a positive experience with our team at Rapid Roofing. Your recommendation means a lot to us, and we look forward to serving you again in the future."
"AbFvOqmj2alCseUKjOkVKITdKQj614MyJODI04b-VHYmjfP-d4tKq_9A3l1hEVV5EQaO4vANQL4W","2025-07-31T16:44:23.073767Z","5","Wantagh","Paul Brueckner","Had a great experience with Rapid Roofing - our Project Manager, Ryan, made sure everything was done as requested. They were quick and made sure to clean up the site.","Thank you for your positive feedback, Paul! We're thrilled to hear that you had a great experience with Rapid Roofing and that Ryan provided excellent service. We take pride in our team's efficiency and attention to detail, especially in keeping the job site clean. Your satisfaction is our top priority, and we appreciate your support."
"AbFvOqlJ3m6C63WREEsf3VW0Tmf9e1b231d8wKrXQhQXdvf0-E9md3asW8oILAZAGc84qla6ZqSEng","2025-07-31T17:43:02.520727Z","5","Oceanside","Paula Norte","","Thank you for your 5-star rating! We're thrilled to hear that you had a positive experience with us. Your support means a lot, and we look forward to serving you again soon."
"AbFvOqkeUwpHINqU5wkLaCFcIPIoCxb6TwLryZ7Dwvx8eB_NDxnppmLLO9cEmdQ8KCbgjzCqaaGZ4g","2025-08-04T21:15:19.841958Z","5","Oceanside","twistedmet","A+ service. They completed all the work in one day and cleaned up after themselves. My new roof looks great.","Thank you for your fantastic review! We're thrilled to hear that you were satisfied with our service and that your new roof looks great. Our team always strives for efficiency and cleanliness, so it's wonderful to know we met your expectations. We appreciate your trust in us and look forward to serving you again if needed!"
"AbFvOqmKhMmqpEOx_tcj5EOU3Yw9P0FlaUxbdiA_WPvNpqEaGfLWKWfrZiyzGTB_AV3-zCIJsrKvpg","2025-08-07T13:35:30.594136Z","5","Oceanside","Brian Austin","The guys did our roof about four years ago and we just had them back to replace a skylight ( we’d opted to keep the original when they did the roof). Ryan, who was leading our project, was courteous, knowledgeable and professional. Can’t say enough good things about this company.","Thank you for your wonderful feedback, Brian! We’re thrilled to hear that you are satisfied with both your roof installation and the recent skylight replacement. Ryan and the team work hard to ensure a great experience, and we appreciate your recognition of their efforts. Your support means a lot to us, and we look forward to serving you again in the future."
"AbFvOqm2xGVmFesCZ3XBOcySLPcM635NksX98juafGSMXyhbSqQrw_n5qWcMwszsqFaH8CptU8suVg","2025-08-08T21:09:00.302818Z","5","Wantagh","Paula Norte","Professional, prompt, clean work, and following up afterwards! Great job on installing gutter guards would highly recommend!","Thank you for your wonderful feedback, Paula! We're thrilled to hear that you found our team professional and prompt, and that you were satisfied with the gutter guards installation. Your recommendation means a lot to us. We look forward to serving you again in the future!"
"AbFvOqmTjwVvsFcBr-I83UCgjEImbuIlXrlHSs1XQMR8qsUmmCn8h0hAVO15Tx8LqlStedTy9LUm","2025-08-12T16:46:43.111334Z","5","Port Jefferson Station","Bevin Kaplan","It was such a pleasure to go on this journey —-from start to finish —with this lovely company. So much integrity!! From the inception, I felt we were in great hands and having met with less honorable roofers when doing research, the difference was evident from day one. There was lots of handholding, no question was too small and the outcome was exactly as promised.  Good luck to others embarking on the same project!","Thank you for your wonderful review, Bevin! We're thrilled to hear that you had a positive experience with our team and appreciated our commitment to integrity and support throughout the process. It's great to know that you felt well taken care of from start to finish. We wish you all the best on your future projects!"
"AbFvOqmTNQYiAwhx0ygjbiev-kCndFiPINfChNU-TlL8l-_E7OFTICQkm_UWtuEpck9GBG0ZwKHh","2025-08-13T17:54:21.146244Z","1","Port Jefferson Station","Tee","","Hey Tee, we’re sorry to see the low rating and wish we had more detail on your experience. Your comfort and trust mean a lot to us, and we never want a homeowner to feel let down. If you’d like to share more, we’re always open to listening and improving – and we’ll be here if you ever need us down the road."
"AbFvOqmE7bBCkk7NGy9zzhE5BSNqhbPxqkafHNWDWOM3qRew4QLxHB-Ydw3ZAA5RzH5_D7OJ-rVesw","2025-08-14T13:27:52.297031Z","1","Port Jefferson Station","Jared Mcvay","","Hey Jared, we’re sorry to hear you felt our skylight repair services were overpriced. We always aim to provide fair pricing that matches the quality of work and materials, but we understand concerns when expectations don’t line up. Your feedback is appreciated, and if you’d ever like to talk it through, we’re here."
"AbFvOqlqpZagOsvevIvgVUqQ3GKc3n8CDTvtSWxfYo_rissjmF4zachTdc11EwmFYak37U8dU4a1Xw","2025-08-15T14:36:44.492332Z","5","Wantagh","WILLIAM MORAN","Rapid Roofing is a very reliable roofing company. We had our roofing replaced, along with leveling of the roof that was slightly warped in a section, plus had numerous sheets of plywood replaced. Also, we had gutters installed. When my wife came home, she loved the look and job done but saw little aesthetic issues with the gutters and in the attic two cross studs for roof were left unattached. Called Rapid roofing they responded and corrected both issues.","Thanks so much for your review William! It was a pleasure working on your roof replacement and gutter installation. We’ll be here for you whenever you need us again!"
"AbFvOqkn9lWbfWyeZhGFqVezPZ3mqp6k2S6MapHn1pgy4saYWQOnImTVE53uY8aNdPG69cwa0qo6","2025-08-15T14:48:33.024440Z","5","Wantagh","B L","They did exactly what they promised.","Really appreciate your review! We’re so glad we could help with your roofing project, and our team will always be here whenever your home needs us again."
"AbFvOqnzRzAC5LPNL_CD3ZPwRNrddSgfcQdIc8g07jMYmrQEPG8ebV8g-XSr0QCUPekW8JvjN5QYuA","2025-08-15T15:26:45.642800Z","5","Wantagh","Barbara Olszowska","Rapid Roofing did a great job on my roof, well organized, thorough and clean. Deserves great recommendation.","Really appreciate your review and kind recommendation Barbara! We’re so glad we could help with your roof replacement and make the process smooth from start to finish. We’ll always be here if you need us again!"
"AbFvOqmRA2YPAiwa6N97CwirSEq6naen47Sfva_g1CKMSACmP1Ee_EcvwoVjCG4xIitmd7xYXs0C2A","2025-08-17T14:46:46.338738Z","5","Wantagh","Brian Austin","These guys replaced our roof a few years ago and then a skylight more recently. They did a great job. They were punctual, knowledgable, courteous and professional.","Thanks for sharing your experience Brian! We’re grateful we could handle both your roof replacement and skylight project. Our team’s always just a call away if you need us down the road!"
"AbFvOqk4cLucu7H0VgPElTolkLEfFixg2B0ObQ0APVz3FU6AUIFS9_zfk0y6Jm7QibpHkuabUTOZyQ","2025-08-17T15:52:17.552171Z","5","Wantagh","Matthew Gajeski","Great experience great company .. all around easy experience. And the prices are even better then the service","Really appreciate your review Matthew! We’re so glad we could make the process easy for you. You can count on us to be here whenever your home needs a little attention!"
"AbFvOqnZswj2SlRABV9Id27zub7TnB5LanoNchoVO6UM3Gda_2UvnMKFYW69KLagXrCp_SGoBdwwrA","2025-08-18T19:36:35.404937Z","5","Wantagh","Sheila Ballato","Our roof looks great. There have been 2 heavy rains since the work was done and the leaks are GONE!! A+","Thank you, Sheila, for your wonderful feedback. We are so glad to hear your new roof installation not only looks great but has already proven its performance during heavy rains. Eliminating leaks and providing long-term protection is exactly what a properly installed roofing system should deliver. As a roofing company serving Wantagh homeowners, we focus on thorough installation, quality materials, and ensuring every detail is sealed and secured. We truly appreciate your trust and your A+ rating."
"AbFvOqmfFWYLXe3d-rQIbwBPyLLkwRMDKakMH0SCrRNbUSPisCRSxMK1t4hixlU5j18D5bHIVBtCFA","2025-08-23T19:28:14.528281Z","5","Wantagh","granville ferguson","I had a new roof installed last week by rapid roofing, and I have never had a better experience dealing with a construction company. There were courteous, they were friendly, and everything was done precisely as they said it would be.","Thank you, Granville, for sharing your experience. We are honoured to hear that your roof installation exceeded expectations and that the entire process went exactly as promised. Clear communication, precise workmanship, and a courteous team are standards we maintain on every project. As a trusted roofing company serving Wantagh and surrounding Long Island communities, we take pride in delivering dependable roof installation services with professionalism from start to finish. We truly appreciate your kind words and your trust in Rapid Roofing."
"AbFvOqnMn0iCvlMsuyqooHdOO-xbq3jQxqGlzsLssD0eIx2xa89-xnN4V6v7aMmBy0xNBuTr9xIr","2025-08-23T23:56:17.030595Z","5","Port Jefferson Station","Nabil Ahmadiyeh","After not being fully satisfied with my experience,  the owner went out of his way to make things right, therefore if you want good customer service, this is the company you want.","Hey Nabil, we’re so glad we could make you smile. Communication and professionalism are very important to us, and we appreciate you being patient in order for us to show we take customer service very seriously and aim to perform at the highest level for our customers!"
"AbFvOqnx8QYZ2ZWE1F_p8XCbjkP3s9hIBcvE760kQfJdhnhUm4f0TK8av4XM01uP9WO_N_O9WO1l","2025-08-29T13:37:49.078610Z","5","Oceanside","Cynthia D","Rapid Roofing believes in punctuality and perfection. To ease your mind of what you can't see they photo their work in real time. No debris is left and they guarantee their work. You can't go wrong in giving this company a chance in fixing your roofing concerns.","Thanks for taking the time to leave us a review Cynthia! We’re so glad we could repair your roof with the care it deserves. Our commitment to your home lasts a lifetime – so we’ll be here anytime you need us!"
"AbFvOqmF2it-H659SGGJUOQOcAgN_Qu31NfSagg53BFKZRFUvjk36RjaHiUyL94sEvRAUlWzGwO_kw","2025-08-29T23:56:01.935126Z","5","Oceanside","PB","We had a new roof put on.

They were very professional from getting estimates to the actual work. The work that we had done was clearly defined in our contract.  Any questions were answered quickly.

Our project manager Kevin, was friendly and kept us fully informed as the work proceeded. From our perspective there were no unpleasant surprises.

Highly recommended.","Thanks so much for your review and kind recommendation PB! We’re so glad the roof replacement process felt easy for you. We remain on standby should you need anything else!"
"AbFvOqnmoq-Nxh65ZC-RUBsaxkb49qjr6d6HHCp3pfdBGLW0UGJ5K0CscTaaFGC6HelKX5xVTIR_fg","2025-08-29T23:59:11.722426Z","5","Oceanside","Stephanie Baynon","Rapid Roofing put on a new roof and we couldn’t be more pleased with the outcome. Our project manager, Kevin V., was very attentive to our questions and concerns. He was courteous and professional. They also did a great clean up after the job was finished. I would highly recommend using RR for any roofing job.","Thank you for sharing your experience with us Stephanie! So glad to hear that you're enjoying your new roof, and Kevin will be happy to hear the kind words! If there's anything else you need please let us know. "
"AbFvOql27Kblo1RvAjdMQ8QwzttXqODwg7nNSy1KmF3jFDBfHVXxe_PYME7bXRmUWuAeFlMCdpB3Cg","2025-09-01T02:29:04.644727Z","5","Oceanside","granville ferguson","","Thank you for your review Granville! It was a pleasure working on this project, thanks again for choosing Rapid Roofing. Please let us know if there's anything else you need!"
"AbFvOqlI20ytVG_RWWmGptX5WphEmxFqX_9QTk7lArvLqKRIIwa5ipWugZugBhe_lloy0_93HoERMA","2025-09-03T15:45:08.415864Z","5","Oceanside","Ram Gumpeni","","Really appreciate the review Ram! We’re glad we could help with your roof, and our team will always be here if you ever need us again!"
"AbFvOqln7O75kvaI9mTYvNQCuyobiFxtr-KOxpe2ujA3_-xlxO1HUZUk5r06xZo8m9vXo2NaCPM0","2025-09-05T17:48:07.120699Z","5","Oceanside","Philip Noto","I called Joe , the owner to see if they could checkout one of my gutters in the rear of my house. I had previously used Rapid Roofing to put a new roof on my house. They not only do an unbelievable job, they gave me a very competitive price. Joe had Renz come and check out the situation and that same day they came and fixed my problem. Service and professionalism is off the charts,cannot say enough about this company !! When I asked for a bill , Joe informed me it was on him.","Thank you for your review and kind words Philip! So glad we could help with your gutter issue, and Joe and Renz will be happy to know their efforts meant a lot to you. If there’s ever anything else you need, we’re just a phone call away!"
"AbFvOqlyby-pjwMvgGeP22qZRuphq6wlAhlf9Spbd-jfy7bUAsOpVkpHb_TVQQwQTL4CuonZ_Gf2iw","2025-09-05T18:41:21.840848Z","5","Oceanside","Celebs and Stars","I have my comercial building roof fix and also my house this company they  we're very professional understand and honest and will go way and beyond to fix the problem i will recommend Rapid Roofing.","Thanks so much for your review and recommendation! We’re glad we could take care of both your commercial building and your home. If you ever need anything else we’re only a phone call away!"
"AbFvOqlUvNdfPThcEQFkzruc2C1RtIkopENjB-X9hEz1DJvkf86kSmwk_ifq6bcIlH2nz0-mWUDVKA","2025-09-08T17:50:20.396062Z","5","Oceanside","Daniel Montalto","Had a great experience Guy showed up right on time and went right to work. They were like a well oiled machine. Started getting pictures immediately of everything that was going on on the roof, which was great. They were done in half the time I expected them to be done And the roof looks excellent. Cleanup was great. They didn’t miss a thing. Would definitely recommend them if you need a roof.","Really appreciate your review and kind recommendation Daniel! Great to hear you had peace of mind throughout the process and you're enjoying your new roof! If you ever need anything else for your home, we’re always just a call away."
"AbFvOqk7Umy7zl7sjmKzFASaJfvbUONqicFzbd556Xb6Xw6EVMtlQKBMudymQJ2PxWsjk51NS49tnQ","2025-09-09T21:45:37.579499Z","5","Oceanside","Jenny Chuang","This Rapid Roofing is to keep. They’re fast, clean, highly professional and informative that gives me an amazing fantastic experience. I will recommend to anyone and everyone their professional work and friendliness! God bless!!","Hi Jenny, thank you so much for the wonderful review! Glad to hear our team could provide you with such a positive experience. Your recommendation mean a lot to us and we’re always here if you need anything in the future. God bless!"
"AbFvOqncB_JtB-vpQxKsXxKbjN-x0sYJLpkNLt5RqTeWYd6XsL3RUCGUb0VO61BlsmquQO-A0MrL","2025-09-11T20:51:16.175896Z","5","Oceanside","Eric McFerran","Project Manager Ryan was great….easy to work with.  Workmanship is always good with Rapid.  Nice job!","Thank you for your review Eric! Great to know the process felt easy and straightforward with Ryan guiding the way. Our commitment to you and your home lasts well beyond this project, and we’ll be here anytime you need us!"
"AbFvOqmE0RSxMK2wnUgUWMy8IwR47ZIxGk0VzC9MFBV4C-RMfREirxy4qc8YUHy1xDkKwPXlfFHagA","2025-09-11T22:58:13.574138Z","5","Oceanside","Steven Galvao","Did a great job and left the yard clean. Holes in my old roof were repaired quickly and correctly. Pictures and videos allowed me to view progress the whole way through even when not at home. Highly recommend.","Thank you for your review and recommendation Steven! We’re glad the updates gave you peace of mind while the repairs were being done. Our team will always be here for your home whenever you need us!"
"AbFvOqmI-0cp1Ibwu1nn-0pZJuy2xaUsAp3od5fFFDRkUzlxTbGIXFRcfRIgTI8NE9Lz9R4u9wOI","2025-09-15T15:05:18.080715Z","5","Oceanside","Maria Sanchez","I want to share our experience with Rapid Roofing. From the original meeting with Jacob to the end of the project, my husband and I cannot find anything negative to say. Everyone at Rapid Roofing has shown promp attention to any questions we had, attention to detail, easy to communicate with at anytime.  At the end, everything was left clean and they did a beautiful job with our roof and gutters. It looks amazing! We highly recommend this company. We are very satisfied with every aspect of the project.  Rapid Roofing offers exceptional service. Thank you Rapid Roofing!","Thank you for your review and kind recommendation Maria! It’s wonderful to hear that you had peace of mind throughout the project. Our commitment to you and your home lasts a lifetime, so we’ll be here anytime you need us again!"
"AbFvOqnDg0hcZPWjkU_UTQ526nTdQQNi91yQJSyjrF61JmbYiqrDWu9u8L-3sUmj2dUUbERyM9doLw","2025-09-18T20:42:34.632293Z","5","Oceanside","Hyang Lee","Very pleased with the whole crew. They did a beautiful job. I didn't know how bad my roof was , but David and the crew did every thing right by ever detail. They didn't do just half fast but every detail they did was a elite execution. Cleaned every debries after work .The whole crew worked very hard the right way. They have pride in what they do. I'm very glad to have ""Rapid roofing ""crew fior my new roof. Thank you everyone. You worked as if it was your own house.","Thank you so much, Hyang, for your thoughtful and detailed review!

We are very happy to hear how happy you are with your new roof and that David and the crew delivered such high-quality workmanship. Providing top-tier residential roofing in Oceanside with attention to every detail is what we strive for on every project.

It means a lot to know you noticed the care, effort, and pride our team puts into their work from proper installation to a complete clean-up. As a roofing contractor in Oceanside and a leading Long Island roofing company, we are committed to delivering results that homeowners can trust for years to come.

Thank you again for choosing Rapid Roofing. If you ever need roof replacement services on Long Island or any future roofing support, we are always here to help!
"
"AbFvOqnDaQoJqiDh09zTNYLQCu-RkIqZlrwFOTFFaa0FB3sX0Q2-0X58_oaN19rCqm2iR9bPYO_8","2025-09-20T15:44:57.109483Z","5","Oceanside","Jeff Rauch","They have been awesome throughout the process","Thank you, Jeff, for your kind words!

We are glad to hear you had a great experience with our team throughout the process. Handling storm and wind damage roof repair services in Oceanside requires quick response and dependable workmanship, and weare happy we could deliver just that.

As a trusted roofing company in Oceanside and across Long Island, we take pride in providing reliable emergency roof repair services and long-lasting solutions for our customers.

We truly appreciate your support and are always here if you need any future **roof repair services on Long Island**!
"
"AbFvOql7CzDlPRsSbKT6djPfjQRZD_1ToBAWlawHOs1B7MGyvKJeTVnMSKcmnFNylqsIrGOYUYNK2Q","2025-09-20T19:09:25.487288Z","5","Port Jefferson Station","Russell Ewing","Rapid Roofing and our project supervisor, Ryan did a phenomenal job with our roof. The team was efficient and respectful and kept me in the loop with every development along the way. The initial point of contact, Michael, was incredibly informative and open with what to expect and Kelly’s customer service sold me on the company from my first contact. Great operation all around and would highly recommend.","Thank you for your review and kind recommendation Russell! So glad you’re happy with your new roof, and the team will be happy to hear your kind words. If there’s anything else you need, we’re just a phone call away!"
"AbFvOqlnggz-b2QExRSkglAdATXWy1_-_d6b-z7RV6iJx2QLx6UtXy8Z6Km1aeRV4NvTbhI0ANFXfg","2025-09-23T15:17:55.512963Z","5","Port Jefferson Station","Janet Asta","","Thanks for the review Janet! It was a pleasure working on your roof, and we remain on standby should you need anything else!"
"AbFvOqnpBICAj6nZ0qKFbvYz9tSRlPM6Xl7hY5NX9MaNTsH-tTHJwkNyl5D99_MjB433EeFUkuhS","2025-09-23T17:06:58.194427Z","5","Oceanside","Cinzia Manzella","Very professional and always respond quickly.","Thank you for sharing your experience with us Cinzia! It was a pleasure working on your roof, please let us know if there's anything else you need."
"AbFvOqnskI07ypit-4G0UQSdHMjxcJ1x0GwofkLX4rvU3R_p01b9fsvFb3UaxvL4IOQXluq887htRw","2025-09-27T09:58:15.372198Z","5","Port Jefferson Station","Hyang Lee","Great service from first call to completion. The office people were very nice and knowledgeable . The crews on site were very very skilled and worked as if it was their own house. The team manager on site  made sure I was able to monitor  the work through my phone. Didn't realize how bad my roof was until the work started, but im glad it is done. Great team work and professional execution from start to finish. I'm glade to call Rapid Roofing. Thanks every one of you.","Thank you for your review and kind words Hyang! It’s great to know that you felt confident and cared for throughout the process. Also really glad to hear that your new roof brought peace of mind – this why we do what we do! If anything ever comes up, you can count on us to be there."
"AbFvOqn1EqB4IblJ-o4tWB8yqmRlf06chgAdrlGAZVejOJf9iH8rnFuq0oAHdDCuV9vS3WncWQva","2025-10-02T17:16:59.245753Z","5","Port Jefferson Station","Izolda Maksym","Rapid Roofing did great job. Very professional and flexible. Great customer service! We are very satisfied with their job.","Thank you for your review Izolda! So happy to know you had a great experience and felt well taken care of by the team. We're here for you and your home should you need us again!"
"AbFvOqmyKsoj1SItb24qi-8jmFvyBASyp8xUFhNxF0mHLJCdqQ4VjeepyoIXe04OkqZd_quALCXU0w","2025-10-02T21:26:57.713210Z","5","Port Jefferson Station","Gail Boos","Great Company.  The men were efficient and mindful of our property and work being done.","Thank you for your review Gail! It was a pleasure working on your roof, and we’re here if you ever need anything else!"
"AbFvOqlLLITqDCA3rJoRkuSq2CKHlend90RgHmzx4KZq7-JpkYrRioMzHXOlMuXBRNbcbPF_WgWd","2025-10-03T17:51:13.022584Z","5","Port Jefferson Station","Harold Bachmann","Very happy with the whole experience.  We had a roof replaced on an extension to our house and it came out beautiful.  Everyone was very professional and polite.  Highly recommended.","Thank you for your review and kind recommendation Harold! So happy to hear that you're enjoying your new roof. If you ever need anything else, you can count on us to be there!"
"AbFvOqmNieTDt4VbERTXr9ihQutrclGYLI8KcjfZneESSlCLaCXpjZ_oLx5AyLlD6wS6jgn_a9hpRA","2025-10-10T22:15:53.993498Z","5","Port Jefferson Station","Bogdan Maksym","Great service.","Thank you for your review Bogdan! It was a pleasure working on your roof, please let us know if there’s ever anything else you need!"
"AbFvOqn_EVk7F6Z96khlHmAphw5cqpysdSu5X6YB7jq_-vpYrG1CgyRo3CQ_k3GedaXv1UBUp3IYAw","2025-10-11T20:24:04.269270Z","5","Port Jefferson Station","Ronald Culberson","Crew was outstanding, exceeded my wildness expectations Very orginized  crew worked like clock work and respected our property please keep that crew together.so imprised they could not keep from stopping by to see this crew at work .so glad we chose Rapid Roofing . Customer service was also out standing  Kelly was informative and can’t say enough about the Project Manager David.","Thank you for taking the time to leave this review Ronald! It’s great to know you felt well cared for throughout the project and we’ll be sure to share your appreciation with the crew! Thanks again for choosing Rapid Roofing and we remain on standby should you need anything else!"
"AbFvOql2RKwULSkHOzt6OSQe7O3w0uG0vzUKhGMHDVwTvILZ3ukxkg7VbWAC_qXE-Slkou2GN69JGg","2025-10-16T17:26:07.958378Z","5","Port Jefferson Station","chazz schoenfeld","Prompt efficient, and cleaned up nicely","Thanks Chazz! Glad to hear we hit the mark for you, thanks for choosing Rapid Roofing. We're always here should you need us again!"
"AbFvOqkxObiCTVgygDkEMYlVJTe97qLB6WDrnPQEZUMBClLy8eM6OvOO2IxSRpMxcjOzuF6b-AiIPQ","2025-10-17T14:02:15.854808Z","5","Port Jefferson Station","Ute Moll","","Thank you for your review Ute! It was a pleasure working on your roof and don't forget, we're just a phone call away!"
"AbFvOqlbrmZpvqVSm3WwkKfQvjwG-Q-StbJy4_aSFqwwS3AUcRzOtoQ_ve1zOEEfJN1TQYUw7T_1eg","2025-10-17T20:04:14.383151Z","5","Port Jefferson Station","Carolyn Paladino","From start to the finish of the roofing project everything went smoothly. Jacob, Kevin, Kelly and Renz were professional and friendly and always there for any questions or concerns we might have had. Working with Rapid Roofing was a positive
experience.","Thanks so much for your review Carolyn! We’re so glad that the whole team made your roofing experience a positive one. If you ever need anything in the future, our team’s always here to help!"
"AbFvOqm4we3IKk-vXeS3ZOFuS5qWhq8gQLufFxEI1Pj6MJrYNGEZ2b-hKsNE169bQ3RmHk06FgScIg","2025-10-24T19:41:52.456054Z","5","Port Jefferson Station","Todd O'Donald","We used Rapid Roof to repair a section of our cedar roof.  The customer service, attention to detail and quality were spot on.   Beware of other companies that try to install the cheap stuff.","Hey Todd, thank you so much for your review! It was a pleasure working on your cedar roof and we remain on standby should you need anything else!"
"AbFvOqnPQhZW_zXcRKvTpjcjwfNbOQzTXYRmJ30OywUggGFwPkw2apzKAemYhg913JxCO8zIGMFVXg","2025-10-24T20:08:51.587236Z","5","Port Jefferson Station","William Schroder","Outstanding job, showed up on time, and they were done far quicker than I expected. Prompt, professional, and great quick work is all you can hope for when getting a job done and they checked every box. Especially liked the up to date pictures they shared through the project so I could see the work being done which usually you can’t when it comes to a roofing project.  Would highly recommend them to anyone looking to have a roofing project","Thank you for your review and kind recommendation William! It’s great to know that you had peace of mind throughout the project, and thanks again for choosing Rapid Roofing! Please let us know if there's anything else you need. "
"AbFvOqkCL1pSyvXSru2kNAgCYKjMey_rBc8zbCYdYPYl2jcoNh3QVe8kyWYXeuhz9fOXR8noPqSnTQ","2025-10-24T22:25:37.557809Z","5","Port Jefferson Station","Kathleen Anderson","Fantastic experience from start to finish.
David the project manager kept us informed during every step of the job.
His crew does great work and I would recommend Rapid Roofing to anyone looking for quality work at a great price. Forgot to mention the clean up after the job was done made it look like nobody had been there. They went above and beyond.Amazing.","We’re so glad to hear it Kathleen! So happy that we hit the mark for you, and we’ll be sure to pass your kind words along to the team. We’ll be here whenever you need us again!"
"AbFvOqnuR2Hc4-zQ4FjwPG_WspiAuu0gKCUI9IlgNyjS46eQUOauEkrOo12f49uKvjR6Fm94_Um7NQ","2025-10-25T12:15:44.364858Z","5","Port Jefferson Station","Sebastian Lopez","They spent a good amount of time informing me of my options and what would be the better financial option for me and my father when they came to check out the damages. They provided a nice itemized list of the repairs in a way that me and my father could understand.

They were quick and efficient at setting up a good time to work on my house. They provided video and photo evidence of the service and work they were providing once the project began. I would recommend them for roof repairs in the future.","Hey Sebastian, thank you for your review! It was a pleasure working on your roof, and we remain on standby should you need anything else!"
"AbFvOqnxIkPXWQuJmHdZ7SDrR1K4X9jcQYbYNuyrBjv1ZTbqRc0f-zWPptOkY_6Hi-qcn4QVMHAMhw","2025-10-25T12:32:53.425795Z","5","Port Jefferson Station","Robert Hodgson","The Rapid team was phenomenal! New roof from the decking up, new fascia, and gutters- in a day! The team was organized, efficient, professional. Great price, quality work.","Thank you for your review Robert! We’re glad we could help with your roof and gutter project, and we’ll be here for you and your home whenever you need us again!"
"AbFvOqllFTu9sKg-52CNtlKbWK6CohSnUkBxtymSLsgijdKEe5b7OWgPtaNMHH48ZP_mJ4fI1-dY2w","2025-10-26T12:39:34.421322Z","5","Port Jefferson Station","James Judge","Rapid Roofing did a fantastic job! From the first call to Kelly at the office to Mike D. David the project manager and Renz in finance and last but not least the crew! Work was perfect, customer service outstanding from install to clean up and even some extras I mentioned the company assured I was happy .  I can’t say enough about them they are top quality period. Thanks 🙏🏼. Owens the extended warranty company called and I shared the same sentiments . I had roof, gutters and sky lights installed.","Thank you for the review James! We really appreciated the opportunity to work on your project, if there’s ever anything else you need, we’re always here to help!"
"AbFvOqn1olHQ2PaOxU_X1dGQzxqc6Lej1bl255cD8kQMFa5ibkzhzVobS7sF3Knwi2rhVYVK865h","2025-10-26T21:11:59.017553Z","5","Port Jefferson Station","Ilene Hass","The salesman that came promised a one day job and he was correct, that was all it took. It was amazing that we were able to see the whole job from the comfort of our home as they keep taking pictures as they went along. When they were done they cleaned up as if they never were at our house.","Thank you for your review Ilene! It was a pleasure working on your roof, and we’re glad everything came together just as planned. Please let us know if there’s ever anything else you need!"
"AbFvOqkGmA4wpcrhbm46qa4dAS_G7Tx1Ms5v3NH0EgNeLrv99KOUxS9J_KQAylhFlwx2Fox4q3Ev","2025-10-27T17:50:12.057625Z","5","Port Jefferson Station","nick borkowski","Great experience. Super professional!","Thank you for your review Nick! It was a pleasure working with you, and we’re here if you ever need anything else!"
"AbFvOqn3bRWg_IdJkE4QnSdbZRPXExb7TaXonjFiZMPt7oOK8JARTDsitZTibX7S6agbjWg8mrW6WA","2025-10-27T19:15:08.934870Z","5","Port Jefferson Station","Heiko Ganzer","","Thank you for the review Heiko! It was a pleasure working with you, and we remain on standby should you need anything else!"
"AbFvOqkqoMwVBxbcs7gzFSTcZ-pKgS7xS_Fe8phkbCeJZrLJTOmex6ApauSB6MUqvhNaO5MwqO6izw","2025-11-01T21:42:21.820594Z","5","Oceanside","Tom Kennedy","We had our roof replaced about a week ago and I was very happy with the whole process. Everyone was very communicative and they have cool link they provide so you can  follow along from your phone. We had one issue but it was quickly resolved. This company definitely stands behind their work.","Thank you for your review Tom! So happy to know you felt confident and supported throughout your roof replacement. If anything ever comes up, you can count on us to be there!"
"AbFvOqnUVhcswvAVdxwiGfmVlV7cQXF1NUB8P4njnUeFDGhScpFxjWlllEVCWZ8NfRX8YQ9KbSb4Og","2025-11-02T13:16:15.706199Z","5","Oceanside","Joe Marziotto","They did a clean speedy repair Couldn’t be happier","Thank you for your review Joe! So glad we could get the repair done quickly for you, and we’ll be here if you ever need anything else."
"AbFvOql4dL2mp6bb3MhCC0s98fObWUs7Qb3wuAbW7JTtXXORkvHyEd-iWc95onrGKP-Y_RYxAqL67w","2025-11-02T23:21:09.492654Z","4","Oceanside","william peter","Days after the roof repair, there was no signs of a water leak. I was satisfied with the result.","Thank you for your review William! If you ever need a hand again, we’re just a call away!"
"AbFvOqnfWOI-rSBvj0riqA4bIWw--klyKaBr7Uu2Zhtq7ZRQCN76z7gIcxWCkh_BBHcc6iJ9E3s9VQ","2025-11-08T17:22:13.848483Z","5","Oceanside","Vicki Berger","From start to finish, the entire experience with Rapid Roofing was top-notch… The representatives were timely and professional, Pricing was surprisingly affordable, the crew was closely monitored during installation, and concerns were immediately addressed. Wonderful experience and I would highly recommend their Services!","Thank you for your review and kind recommendation Vicki! It’s great to know you felt well cared for throughout the entire process. Thanks again for choosing Rapid Roofing – we’re here if you ever need anything else!"
"AbFvOqmSGxYPhzioeQQcu3X6dS_7c5bMgSxpOqLNyW1dCimy0MkXsVMpu2wB2rGDKboOxWAqiNYRRA","2025-11-09T12:45:54.606359Z","5","Oceanside","Kathleen Anderson","Forget about shopping around for your roofing needs. Rapid Roofing blows everyone else out of the water. From start to finish the experience was a pleasure. Kudos to Renz and Chris who were both fantastic. Highly recommended!","Thanks so much Kathleen! So happy to hear that we were able to hit the mark for you, and Renz and Chris will be so glad to know they helped make things feel easier on your end. If you ever need us again, we’ll be here!"
"AbFvOqktToLrgmshGSyMBwHxtQs2dGVBNoMNIgqgPVa2u2gEMm4YZnc0WH27xIinvXxjd-i_INAtDQ","2025-11-09T17:42:11.738485Z","5","Oceanside","William Schroder","","Hey William, thank you for your review! If there's anything else you need, please let us know – we remain dedicated to you and your home's improvement for a lifetime!"
"AbFvOqn5Tp8X89RQq2Neo0SfUn119IdZD9eK52gCCUlw_YwLXD5ghkykqPgqK11WXG3MIj-OoyfRcw","2025-11-16T00:17:46.388006Z","5","Oceanside","Peter Arapas","I want to share the experience I had with rapid roofing from start to finish everything was done quickly and professionally I would recommend them to everyone.","Thank you for your review Peter! It was a pleasure working on this project, thanks again for choosing to partner with us. Please let us know if there's anything else you need!"
"AbFvOqlY6hQw9_z3CEriwk_aaeRzD8ZgN2FTloJkU1O2WCWCP-OnjlgFiP9gslfQnu11HHf-Teq5AQ","2025-11-16T15:48:34.864147Z","5","Oceanside","Will Mahoney","Recently renovated my house using Rapid. They redid my garage roof and re-sided my house and garage. They were reasonably priced for such a big job, and had plenty of financing options to boot. They offered great options for siding and roofing and the process was painless. And they lived up to their name in that it took just under a week and they did a solid job with clean up. Would work with again and would happily refer them.","Thank you, Will, for sharing your experience. We are glad we could assist with your garage roof installation and siding renovation while keeping the process efficient and straightforward. Large exterior projects require careful planning, quality materials, and clear communication, and we are happy everything was completed on schedule. As a trusted roofing and siding company serving Oceanside and Long Island homeowners, we take pride in offering flexible financing options and delivering clean, professional results. We truly appreciate your recommendation and look forward to working with you again."
"AbFvOqmRrITtWArCdcBGxAnE4PGwXaKbOA_9bO0kk04ie25M6wJED-tLChliUZFYnx2FwsdbJytV","2025-11-16T23:18:06.016129Z","5","Oceanside","Brian Drost Jr","I had an outstanding experience with this roofing company. They replaced my red cedar roof beautifully—impeccable craftsmanship, clean lines, and true attention to detail. What impressed me most was how careful and respectful the crew was with my mature boxwood shrubs. They protected every inch of the landscaping and left the property spotless. Professional, efficient, and truly skilled. Highly recommend!","Thank you, Brian, for such detailed feedback. We are honoured you trusted Rapid Roofing with your red cedar roof replacement. Precision craftsmanship and attention to detail are essential when working with specialty roofing materials, and we are glad the finished result met your expectations. Protecting landscaping and leaving every property spotless is a priority for our crew on every project. As a roofing contractor serving Oceanside homeowners, we focus on thorough roof inspections, careful installation, and long-lasting results. We truly appreciate your recommendation."
"AbFvOqnDVY4mhCI2ofxX6kcbAOFGeZ45k6BPHBZJxskBewkkpyEDbN5sVgljMFn08DvUPU0RYjFl","2025-11-20T22:48:22.090215Z","5","Oceanside","Troy Mahabeer","Rapid Roofing recently replaced my gutters. They worked fast and efficiently. The team was very communicative though out the whole process, explaining my different options and what they though would work best for my home.","Thank you, Troy, for your thoughtful review. We are glad to hear you were happy with your gutter installation and that our team communicated clearly throughout the process. Proper drainage is an important part of protecting any roof and foundation, and we always take the time to explain the best options for each home. As a roofing company serving Oceanside and surrounding Long Island communities, we appreciate the opportunity to help improve your home and thank you for trusting Rapid Roofing."
"AbFvOqmLYO-lss4NAVQ--iAztxneBnwBsuWvKONPjItRAavBrb0-fLCbrv-oTb9PxslKaFHiIBfB6A","2025-11-24T14:44:52.481733Z","5","Port Jefferson Station","Robert Forte","The whole process from start to finish was seamless. Workmanship was fantastic as was the communications during the installation.","Thank you, Robert. We are glad to hear the entire process felt seamless and that the workmanship and communication met your expectations. We truly appreciate you choosing us for your project and sharing your experience."
"AbFvOqnUP5hp1tT5TC8Zp2KcngD-ZM6u9zOnqY03xrMQZCyzMDfWDnfgAtjNEwsvKV1yY7XOXuoQLw","2025-11-26T18:42:24.306355Z","5","Port Jefferson Station","Marcos Rodriguez","After many years of working with contractors and construction workers David and his team were the most professional and efficient group of workers I've ever had the pleasure to hire. I can't recommend them enough. David is extremely communicative and knowledgeable in handling big jobs. He handles every worry big and and small so you can sit back and relax. They are the A Team in roofing you can not go wrong with these guys.","Hi Marcos Rodriguez,
Thank you so much for this incredible feedback. We are glad to hear that David and the team delivered the professionalism, communication, and efficiency you were looking for, especially on a project with so many moving parts. It means a lot to know they helped ease every concern and made the experience feel smooth from start to finish. We appreciate your strong recommendation and are grateful you trusted us with your roof repairs, installation, and gutter work."
"AbFvOqk2lpxrpu8wzbRxEurOelI305BDBTAprKWLYL1QajQ28o781V_hw7rmVVOnHFZSwFKEroOQsw","2025-11-28T19:31:22.389306Z","5","Port Jefferson Station","Dan Brand","Very accommodation","Thank you so much, Dan, for your wonderful review! We are glad to hear you found our pricing reasonable and our team accommodating. We truly appreciate your trust and look forward to serving you again."
"AbFvOqmQ5HC6c-dPkodqIBGJByqQFr5AkalqxbX6WUBM08F3_AK9Zn68EfJQgKxBczrDt6yyMQ2W","2025-12-01T15:12:34.142591Z","5","Wantagh","Richard Lugo","Did great job on my repair made to my vent line and my roof did fast clean work","Thank you, Richard, for your feedback and for trusting our team with your attic venting installation and roof repair. Proper vent line and attic ventilation work is essential to maintaining the long-term health of your roof system, and we are glad we could complete the job quickly and cleanly. As a roofing contractor serving Wantagh homeowners, we focus on efficient service, detailed workmanship, and leaving every property in great condition. We appreciate your support and are always here if you need assistance in the future."
"AbFvOqmBZWmd7ZWJnQvdVwSQX13nD74NUU3ztxxSJ_8mtghi-wvwpWSnrJC8NyASceOY0_yD0DNEHQ","2025-12-12T13:09:38.763915Z","5","Port Jefferson Station","Debra Pasetti","","Hi Debra, thank you for the 5-star rating and for choosing Rapid Roofing. We truly appreciate your support and are glad you had a positive experience with our team.

If you ever need roof repairs, a full roof installation, or anything related, we are always here to help."
"AbFvOqmvR_iF_s4qrzNizV3JCshkaqWJd8hc7Lbx3ewFmXoQb3xAb8SqLqdIQl5xZac-B-wS-X7j9Q","2025-12-12T13:09:58.396281Z","5","Port Jefferson Station","Debie Pasetti","","Hi Debie, thank you for the 5-star rating. We genuinely appreciate you choosing Rapid Roofing.

If you ever have a moment to share what we helped you with, whether it was a roof repair or a full roof installation, it would mean a lot and it helps other homeowners feel confident in their decision. Either way, we are grateful for your support and we are here whenever you need us."
"AbFvOqmUITuU-K3UciXLyeEvjlEFGuIAUdDSRHvbGef532RzAXS2bHJc48aY7my3Kvn38yDrWTtl","2025-12-12T22:11:59.118310Z","5","Port Jefferson Station","J Shorter","RAPID ROOFING:
I am very happy with the roofing repair service I received! From start to finish, the team at Rapid Roofing was professional and incredibly thorough.
I especially want to put a spotlight on the team members Kelly, Renz and Project Manager David. Chef Kiss!!! each employee was great to work with. If you're looking for honest, reliable and high-quality roofing repair. I highly recommend this company.
Julia S.","Hi Julia, thank you for the wonderful review and for trusting Rapid Roofing with your roof repair services. We are truly glad you felt supported from start to finish and that our team was professional and thorough throughout the process.

A special thank you for recognizing Kelly, Renz, and Project Manager David. We will be sure to share your kind words with them. Providing honest guidance, reliable scheduling, and high-quality workmanship is exactly what we aim for on every roofing project. If you ever need anything down the road, we are always here to help."
"AbFvOqlGsXRxNEGWgaiizZPRcz19tx1UyKV4YEKi0kGEldAswAghwO4diUZ1Ki5wCoyJkYrZDF5GoA","2025-12-19T16:16:07.740010Z","5","Port Jefferson Station","Renee Marchini","From start to finish, my roofing issue was professional!  But from the start speaking with Kelly who sent me updates as to when Mike would be arriving, then having Mike D as my project advisor who went over everything that would happen from start to finish , and was super friendly and then ending with our PM, Ryan who from the moment the project started to the end was perfect .  Thank you again for being a reliable, understanding, professional and perfectionist company!  Not many of these are around !","Thank you so much, Renee, for taking the time to share such a thoughtful review. We truly appreciate your kind words and your trust in our team.

We are glad to hear that your experience felt professional and well-coordinated from start to finish. Kelly takes great pride in keeping homeowners informed, and we are happy that her updates helped make the process smooth. Mike D will be glad to know his guidance and friendly approach made a positive impression, and Ryan’s dedication to seeing projects through with care and attention is something we value deeply as a company.

Your feedback means a lot to us, especially your comments about reliability and professionalism. We work hard to provide that level of service on every project, and it’s rewarding to know it stood out to you.

Thank you again for choosing us and for trusting us with your roofing needs. If you ever need anything in the future, we are always here to help."
"AbFvOqkhb-94F70Zu2uVAt-ditWkhhQrHM27l7iCCeHofyORM_o_0gYpnm9X4SSjxYGc-aUKo9NZlw","2025-12-23T14:42:24.844360Z","5","Port Jefferson Station","Philip Fernandez","","Hi Philip, thank you for the 5-star review and for choosing Rapid Roofing for your roof repair. We truly appreciate your support and are glad you felt the pricing was reasonable for the work completed.
If you ever need anything in the future, whether it is another repair, maintenance, or a full roof inspection, we will be here and ready to help."
"AbFvOqndD9O2LA2YezKPe_8gdg9owF_kjvzdJ8lTMFbFQ7T7lAJoQG4g5PHFoyfXTo7wb8Byl4iD","2025-12-28T17:52:54.031576Z","5","Port Jefferson Station","Ronalb Brockmann","Arrived On time, Pleasant and efficient workforce excellent job, cleaned up and removed all the old gutter. I would recommend this company for any roofing gutter work !!!","Thank you so much, Ronalb, for taking the time to leave this thoughtful review. We truly appreciate you mentioning our on-time arrival and the pleasant, efficient work ethic of our crew, that is something we take a lot of pride in. We are also glad to hear you were happy with how thoroughly everything was cleaned up and that all of the old gutter material was properly removed. Knowing you felt the pricing was reasonable and that you would recommend us for roofing and gutter work means a great deal to our entire team. Thank you again for trusting us with your gutter installation."
"AbFvOqn-3CObTDTwlsLSGPlWRPE0w2Q9go40aUDbKv8_SvIJbCfhanRS_-_AUcoKs2XPagDE1vM2BQ","2026-01-01T21:53:51.755220Z","5","Port Jefferson Station","Marlen Izquierdo","This team is extremely professional. I was very impressed on how much they care to do a good job. I have interviewed several companies to help me fix a roof leak since I had some bad experiences in the past. They had the most resanonable quote out of them all and excellent costumer service. They came to my house the time they said they were going to, and shared so many pictures of their progress through out the morning via their link; which I was very grateful for being usually is hard to know exactly what they did on the roof. I was able to see everything they did, and wow they did such a good job from the complete set up, removal of singles, replacement of plywood, and complete clean up before they left. They are great workers and great people all around. I would highly recommend using them. I will from now on only use them and as well for my clients. Thank you for what you do!","Thank you, Marlen, for taking the time to share such a detailed and thoughtful review. We are glad our team could provide clear communication, fair pricing, and a professional approach while completing your roof repair for storm and wind damage. Documenting the process with photos, from shingle removal and plywood replacement through final clean-up, is important to us so homeowners can feel confident about the work being done. As a roofing company serving Long Island homeowners in Port Jefferson, Port Jefferson Station and surrounding areas, we take pride in showing up on time, doing the job right, and standing behind our repairs. We truly appreciate your recommendation and trust, and we are always here whenever you or your clients need roofing assistance."
"AbFvOqnZXlJB0Eaxn199RHsBxYmdd9Z3APAvtgPPYj6bKqTiNxMR63utaPzuEXeg5YHkvAdlkGg40A","2026-01-08T21:53:56.454125Z","5","Wantagh","Marilyn Monroe","","Thank you, Marilyn, for your five-star rating and for trusting our team with your roof installation. We are glad you were happy with the pricing and the overall results. As a roofing contractor serving Wantagh homeowners, we focus on delivering quality workmanship and a smooth installation process from start to finish. We truly appreciate your support."
"AbFvOqmA4ScheP3kJ8pegQt7bsHszCnFFnnGL2Bc8tRwjmJfszpVVBf2mzIRU8Zc7TNVoN87LjJXLw","2026-01-11T14:21:33.934545Z","5","Port Jefferson Station","Kim","Great communication. Emergency work done promptly.","Hi Kim, thank you so much for taking the time to leave us a five-star review. We truly appreciate your kind words about our communication and response time. Storm and wind damage can be stressful, so we are glad our team was able to step in quickly and take care of the emergency repairs for you. It means a lot to know you felt the pricing was reasonable and the service met your expectations. Thank you for trusting Rapid Roofing, and please do not hesitate to reach out if you ever need us again."
"AbFvOqnOBWcBb1ZhElu0A3d41JgTAGiVW6Rr_gRYRe5Ao2RH6GlNNf23L_0lkG5lg6N23u5JvFf9tA","2026-01-12T17:11:26.923841Z","5","Wantagh","Erich Knabbe","Great job. Fast clean. Very friendly  will use again","Thank you, Erich, for your kind words and continued trust in our team. We are glad we could assist with your roof inspection and storm-related roof repair. Addressing wind damage quickly and keeping the job site clean are essential parts of protecting your home. As a roofing contractor serving Wantagh and surrounding areas, we focus on efficient service, friendly communication, and dependable roof repair solutions. We look forward to helping you again whenever you need us."
"AbFvOqmI-jKBKFbvLQDyN8BbFbchCN4_kDqI4oVf7qP8aruhIpqkxo1GKREfml5Qk7HyJ5t1umEDUw","2026-01-13T04:20:18.708494Z","5","Wantagh","Kim P","Just had new roof installed and it looks great! Staff very polite and yard was cleaned up and spotless! Dave the project manager kept me in the know at every step!","Thank you, Kim, for sharing your experience. We are glad to hear you are happy with your new roof installation and that the final result looks great. Keeping the property clean and maintaining clear communication throughout the project are priorities for our team. Dave works hard to ensure every homeowner stays informed from start to finish. As a roofing company serving Wantagh homeowners, we take pride in delivering professional service and quality workmanship on every roof installation. We truly appreciate your trust."
"AbFvOqlbw32C1b4riIyAvWB47sLRFnUNIqNB0wvU9PSR1h9x1OIWeENtX4xrf7Ca-6_D5UefxqOv","2026-01-13T17:29:00.188109Z","5","Port Jefferson Station","Erich Knabbe","Homeowners insurance wanted my roof inspected and maintained rapid roof and came over and gave me a great price. Gave me some options for some nice rebates. We’re over within the week. Staff was friendly clean will use again.","Thank you, Erich, for your feedback and for choosing Rapid Roofing. We are glad our team could assist with your roof inspection and storm-related roof repair while offering clear options and available rebates. Working efficiently, maintaining a clean job site, and providing fair pricing are priorities for us on every project. As a trusted roofing company serving Port Jefferson Station, Port Jefferson, and nearby areas, we appreciate the opportunity to help protect your home and look forward to working with you again."
"AbFvOqlmWqI0NvDfN-Q0SEz-1Z_6aZf8GqY9UVRwurolcWvXJjuTWpK3seDSrU7ggvyDgg4kiAWv","2026-01-23T19:58:24.029811Z","5","Wantagh","TMB LLC","One of the best companies we’ve ever worked with on Long Island! The on-site team was outstanding and incredibly attentive. David, the project manager, was highly communicative and thoughtful throughout the entire process.","Thank you for such thoughtful feedback. We are glad our team, along with David, provided clear communication and attentive service throughout your project. From skylight installation and attic venting repairs to roof damage repair and gutter installation, every detail matters when protecting a home. As a trusted roofing contractor serving Wantagh and Long Island, we focus on delivering organized, high-quality workmanship on every project. We truly appreciate the opportunity to work with you and your team."
"AbFvOqliW1ZQcYX4Qu5FEm41mt0zYVHIpA3AOJQA3OATYXJbSAIMt5RwrwdzWfPt_7WeQyjxcpGRDg","2026-01-23T21:18:01.587998Z","5","Wantagh","Louis Tate","Great work by the whole team! Very responsive, clean, and worked quickly. Very happy with their work.","Thank you, Louis, for taking the time to share your experience. We are glad you were happy with the responsiveness, efficiency, and cleanliness of our crew during your roof installation. Completing projects on time while keeping the property clean is a priority for our team on every home in Wantagh. We truly appreciate your trust and are happy to know the results met your expectations."
"AbFvOqm1R0_RrF27kKW_qQrbJwq6MOLemnKi4Uoo1wA-An29zP0o3ADXD7H4qjgrDYs7taFPOoCwdw","2026-01-28T15:00:51.315763Z","5","Port Jefferson Station","oriana briceño","","Thank you, Oriana, for taking the time to share your experience.
We truly appreciate your trust in Rapid Roofing for your roofing project. "
"AbFvOql34ANpG0ZFedgw3Vd61RyRfbHQ2a5orwCXV_vI0GivcX_GxpW9an3wbrttYTcteYc2OMEXTw","2026-01-29T00:43:38.834580Z","5","Port Jefferson Station","Marissa","Great experience from beginning to end. We called in three roofers and rapid was the most thorough by far. They explained the process, materials, costs, and don't use subcontractors which was a plus for us. Kelly was amazing to keep in contact with as we figured out our timeline. The project was completed in one day as promised! They were the only ones who worked our skylights in too. Others wanted to cover them. Could not be happier with the outcome.","Thank you, Marissa, for taking the time to share such a detailed review. We are glad our team could clearly explain the roofing process, materials, and costs so you felt confident moving forward. Having an in-house crew and properly addressing skylights is an important part of delivering quality roofing services, and we are happy the project was completed in one day as promised. As experienced roofing contractors serving Long Island homeowners in Port Jefferson Station, Port Jefferson and surrounding areas, we always aim to provide thorough inspections and dependable results. We truly appreciate your trust."
"AbFvOqlMla_TvLaY1b1G1p3miI6jl_F7Fc3bKib11V3ltntJOaCf0Qye3P0blQFsiqwoG9oapiuP","2026-01-30T15:46:40.095072Z","5","Port Jefferson Station","Marilyn Monroe","Excellent!  We love our new roof! The Rapid Roofing staff & crew are wonderful people to work with, Owen Corning is a great product, and the finished roof is unbelievably beautiful!!!  Our new “pride and joy!”","Thank you, Marilyn, for such a wonderful review. We are glad to hear how much you love your new roof and that the entire experience met your expectations. Using high-quality Owens Corning roofing materials and a dedicated in-house crew allows us to deliver results homeowners can truly take pride in. Completing a full roof replacement in Port Jefferson Station, Port Jefferson, surrounding areas is a major investment, and we are honoured you trusted Rapid Roofing with your home. Enjoy your beautiful new roof, and thank you again for your kind words."
"AbFvOql9PWdQhnvRQLEjiSh43agns2-OlbuOHyONb-Chgqrr5dL2h_Nsf5EJAlGFQHiiFxmDPnqqUA","2026-02-06T19:27:31.992903Z","5","Wantagh","Noel Sarmiento","Thay did a great job and i satisfied . I recommend this company to family and friends.  Thanks.","Thank you, Noel, for your feedback and recommendation. We are glad to hear you were satisfied with your roof installation, gutter installation, and loft ventilation work. Proper ventilation and drainage are essential parts of a long-lasting roofing system, and our team takes care to ensure everything works together efficiently. As a roofing company serving Wantagh homeowners, we appreciate your trust and are grateful you would recommend us to family and friends."
"AbFvOqn3aIFWzaSFqWxgf3Ix2Mz8DVsiRXV6MiaOpaNIR8rai8fd2gNBokos1-RSdxsVc5xIOS1XXA","2026-02-09T23:18:54.680723Z","5","Wantagh","ray bratter","They stand behind what they say. I would highly recommend them","Thank you, Ray, for your recommendation and kind words. We truly appreciate your trust in our team. Standing behind our work is something we take seriously on every roof repair in Wantagh. Whether it is a small issue or a more detailed repair, our goal is to provide honest service and dependable results homeowners can feel confident about. We are grateful for your support and are always here if you need us again."
"AbFvOqnKEVBi5lh3oRMjmeXahCw1eho0_KfbMJbenbhzA5J30ydw9gOiC51-EwggCXG-ChlPRUt8","2026-02-10T21:38:43.114765Z","5","Port Jefferson Station","ray bratter","Great job, timely response from start to finish","Thank you, Ray, for your feedback. We are glad to hear you were happy with the timely response and overall roof repair process. Providing fair pricing and completing repairs efficiently from start to finish is something our team takes seriously on every project. As a roofing company serving Long Island homeowners in Port Jefferson Station, Port Jefferson, surrounding areas, we appreciate the opportunity to help protect your home and are always here if you need us again."
"AbFvOqnkGGTbHgh-JgIyu9xA3krtSkJk04Y73WZaKdcKj8Q6K6rx_CiT4bgixpac-6f8vop2oBLUZA","2026-02-14T21:29:13.905788Z","5","Wantagh","Biju Thomas","David and the crew at Rapid Roof did an outstanding job with our roof installation. They arrived on time, worked efficiently, and handled everything with professionalism. From the beginning, they made sure to protect my property and kept me informed throughout the process. Their attention to detail and quality of work really stood out.

Once the installation was complete, they did a thorough cleanup and made sure no debris or nails were left behind. The yard and surrounding areas were left neat and clean. I’m very pleased with the entire experience and would highly recommend them to anyone needing roofing work.","Thank you so much, Biju, for your kind words and for trusting Rapid Roofing with your roof installation in Wantagh.

We are proud to hear that David and our crew delivered the level of professionalism, efficiency, and attention to detail that we strive for on every roofing project. Protecting your property during the roof replacement process and maintaining clear communication from start to finish are priorities for our team.

A proper cleanup is just as important as the installation itself. Making sure no nails or debris are left behind is part of our commitment to safe, high-quality roofing services in Wantagh and throughout Nassau County.

We truly appreciate your recommendation and are grateful you chose Rapid Roofing for your roofing needs. If you ever need roof inspections, maintenance, or emergency roof repair in the future, we are always here to help.

Thank you again for the 5-star review."
"AbFvOqm76B0CMfIZi9XoRbs4CstYVC2UfLabHTlieLzgt_m2QqeUnOjq0w0gA9GMP1O7ZXAiHXhZNQ","2026-02-19T16:38:10.616278Z","5","Wantagh","D Sodano","very professional excellent communication very pleased with quality of work","Thank you so much for your kind words, D Sodano!

We truly appreciate you taking the time to share your experience. Providing professional service, clear communication, and high-quality workmanship is always our goal, so it’s great to hear that you were pleased with the results.

If you ever need roof repairs, maintenance, or anything else in the future, our Wantagh team is always here to help. Thanks again for choosing Rapid Roofing!"
"AbFvOqkXnF-KY-nKY5EAp1Q1BsiHy44VwEOtgt8VAhou-Rtn1Wz5rN0_YMzxY9xCGwS2fuy46pPvAg","2026-02-19T20:11:28.974655Z","5","Wantagh","Ryan Klausz","Fantastic work done replacing some rotten wood and fascia boards. Everything from the sales to install was professional and easy. Very quick turn around time from the first call to the project completion. Couldn't be happier!","Thank you, Ryan, for the detailed review!

We’re glad we could help with the rotten wood and fascia board replacement and get everything completed quickly for you. Storm and wind damage repairs can be stressful, so we work hard to make the process smooth — from the initial call through installation.

We truly appreciate your recognition of our professionalism and turnaround time. If you ever need roof repair or exterior work in the future, Rapid Roofing in Wantagh is always here for you.

Thanks again for trusting us with your home!"
"AbFvOqmRpb6_n7X072ELlbulsIgK6Gyq0RD-Yy1dhdZRTZygdpnMUTwb3flJPlbLg658frloB65etg","2026-02-20T01:56:55.470558Z","5","Port Jefferson Station","Biju Thomas","","Thank you so much for giving us 5 stars. This really means a lot to us. "
"AbFvOqkZD6XFejlz2aW1F-K11l4M96Y2cVDfoUT-a2KbJAq_xKVy2o2iOP3UaFeh_PWIIXvDjBFbxQ","2026-02-28T22:16:02.892109Z","5","Wantagh","michael dimartino","Beautiful job well done no complaints","Thank you, Michael, for taking the time to share your experience with Rapid Roofing in Wantagh. We truly appreciate your feedback.

We are glad to hear you were satisfied with the roof installation and attic venting installation. Proper attic ventilation plays a critical role in extending the life of your roof, improving energy efficiency, and preventing moisture build-up. Combining high quality roofing installation with balanced attic venting helps protect your home year round, especially with Long Island weather conditions.

At Rapid Roofing, we focus on delivering durable roofing solutions at a reasonable price while maintaining the highest standards of workmanship. As trusted roofing contractors in Wantagh and throughout Long Island, our goal is to provide every homeowner with a smooth, professional experience from start to finish.

Thank you again for choosing Rapid Roofing for your roofing project. If you ever need roof repair, roof inspection, siding repair, or gutter protection services in the future, our local roofers are always here to help.

We appreciate your trust and your five star review."
"AbFvOqluG-qAgmZnfrP3owlgXH6SapLpiAkmzzf_Q5Ymx51xYGU2mBhOrjHM_bBXmnpDHOkiEW8CTQ","2026-03-02T23:32:41.372650Z","5","Wantagh","Nancy Petterson","Soo recommend them, there work is emaculate and there crew is very respectful of property. Ask for David he responds to your demands and lets you know if something is needed.","Thank you, Nancy, for the wonderful review and for trusting Rapid Roofing with your project. We truly appreciate your kind words about our team and workmanship. It means a lot to hear that you were happy with the quality of the work and the care our crew showed toward your property.

David and the entire team work hard to make sure every project is completed with attention to detail and clear communication from start to finish. As a trusted Long Island roofing company, we are committed to delivering reliable roof replacement and residential roofing services that homeowners across Nassau County and Suffolk County can depend on.

Thank you again for recommending Rapid Roofing. If you ever need roof repair in Long Island, roof leak repair, or future roofing installation services, our team will always be here to help
"
"AbFvOqk1d4507SPuDpqTdrRmpuM6NwgltOqlyaTAYXvTUOaipdG9VlibImclpbqyyp_QRA3p2_1Ffg","2026-03-04T01:11:49.377878Z","5","Port Jefferson Station","CYNTHIA SILBERMAN","Rapid Roofing is an amazing company to work with.  We had a bad leak in our roof and Mike came quickly to assess the situation and let us know what we needed.  We were also going away in a few days, so we needed the job handled quickly.  We set up an appointment to have the roof repaired before our trip, but that needed to be delayed due to the heavy snow situation.  We had Rapid Roofing do the job while we were away and they did a great  job, continually posting photos of their progress with the job so that we could monitor how it was going.  Ryan did an excellent job as the project manager.  All in all, we would highly recommend using Rapid Roofing for any roofing needs!","Thank you so much, Cynthia, for your thoughtful review and for trusting Rapid Roofing with your home especially with a roof leak right before your trip.

We know how stressful a sudden leak can be, particularly during heavy snow here on Long Island. Providing fast, reliable roof repair in Long Island is something we take very seriously. Mike always makes it a priority to assess situations quickly and clearly explain what’s needed so homeowners can make confident decisions.

Weather delays are sometimes unavoidable, especially with winter storms, but we are proud that our team was able to complete your roof repair service in Long Island while you were away and keep you updated every step of the way. Communication is a big part of what makes us a trusted roofing company in Long Island, and Ryan works hard to ensure each project runs smoothly from start to finish.

Whether it’s a small roof leak repair in Long Island, an urgent situation requiring emergency roof repair on Long Island, or a full roof replacement on Long Island, our goal is always the same and that's fair pricing, quality workmanship, and dependable service.

Thank you again for recommending Rapid Roofing. We truly appreciate your support and are always here for any future roof repair or roof installation in Long Island you may need."
"AbFvOqnZna0kXAt1TOAiR1Ri8TKnAhfIQU1VApFuG81ywtSYi49f70JfDCeatZ1E3w0pvLzN6M_n","2026-03-06T17:41:29.130573Z","5","Wantagh","Francisco Espadas","Absolutely outstanding service, from my initial call to my estimate and to the actual install you can tell this team is professional. The work started on time and the work was done quickly. The crew was definitely experts at their craft. And the cleanup, unless you were there you would never know anyone did work, they left my property spotless. If I could give 10 stars I would.","Thank you very much, Francisco, for taking the time to share such a thoughtful review. We truly appreciate your kind words and your trust in Rapid Roofing for your project.

It is great to hear that your experience was positive from the initial call and estimate all the way through the installation. Our team works hard to deliver reliable service, clear communication, and quality workmanship on every project. Starting work on schedule, completing the job efficiently, and leaving the property clean are all standards we take seriously as a professional Long Island roofing company.

We are also glad that you were happy with the roof repair and attic venting installation. Proper attic ventilation and timely roof repair play an important role in protecting the overall roofing system, improving airflow, and helping extend the life of the roof.

Your feedback about our crew means a lot to us. Our roofing specialists take pride in their craftsmanship and always aim to provide the level of service homeowners expect from a trusted roofing contractor in Long Island.

Thank you again for your support and for recommending Rapid Roofing. If you ever need roof repair, roof replacement, or roofing installation services in the future, our team will always be here to help.
"
"AbFvOqmwXne6c4MrRV-XUxa3pbXJFoGbpE5n0N-NuhBqyHuUv6-Urmn9o0QCY-TynCLHGWp7lqL8eQ","2026-03-07T19:41:24.744179Z","5","Wantagh","Renato Bachet","Very professional crew, friendly from de start to finish. Great experience","Thank you, Renato, for your kind words! We are glad to hear you had a great experience with our team. At Rapid Roofing, we take pride in providing  professional roof installation services with a friendly, reliable crew from start to finish. Your feedback means a lot to us and helps others looking for trusted roofing contractors on Long Island feel confident choosing our team. If you ever need help with roof repairs, roof replacement, or another roofing project, we are always here to help. Thanks again for choosing Rapid Roofing! 
"
"AbFvOqmmrvtQTLGqar3A0zql4ofulQbuzSi-NBxDqCVVRNlcxTZr3mix2yG4jS7OceCT4sxDFufkag","2026-03-11T13:20:31.396414Z","5","Port Jefferson Station","maria renza","","Hi Maria, thank you for the 5-star review! 
We truly appreciate you taking the time to share your experience with Rapid Roofing. Our team works hard to provide Long Island homeowners with reliable roofing service, clear communication, and quality workmanship, so your feedback means a lot to us.

If you ever have questions about your roof in the future, please don’t hesitate to reach out. Thank you again for choosing Rapid Roofing!"
"AbFvOqnPrGXbolwEzccd533bH4CMf21eYCLUoGsYnHfxtJyBus9yb8RMhIj8WktUTzeSJyyoVbD_","2026-03-11T20:32:21.054224Z","5","Wantagh","Paul Osei","Amazing work by the team they did a great job replacing our roof very friendly guys they did an excellent job highly recommend.","Hi Paul, thank you so much for the fantastic review! We are really glad you were happy with the whole process from the roof inspection to the repair and full installation. Our team works hard to deliver quality workmanship and a smooth experience, so it means a lot to hear that you found the crew friendly and that you are happy with the results. We truly appreciate your recommendation and the opportunity to replace your roof. If you ever need anything in the future, we’re always here to help!
"
"AbFvOqlx-ybKTXYpQwkHJ-_T_3f1s3lGNJTQVYEg7DMJnI8MJmCQUGw2I9L9hYe0qVN3xALeE30h_g","2026-03-13T14:23:48.880146Z","5","Port Jefferson Station","Renato Bachet","Very professional company, Francesco inspected and explained how does rapid roofing works. Detailing the whole process….and they give you a 50 year warranty on the roof. Give them a chance…quality doesn’t come cheap but is worth it.","Thank you so much, Renato, for the thoughtful review and for giving us the opportunity to work on your roof. We are really glad to hear that Francesco was able to clearly walk you through the entire process and answer your questions. Taking the time to explain everything and making sure our customers feel confident in their roofing project is very important to us.

We truly appreciate your recognition of the quality and the value behind the work we do, and we are grateful for your trust in Rapid Roofing. Enjoy your new roof and the peace of mind that comes with it, and please don’t hesitate to reach out if you ever need anything in the future!"
"AbFvOqnL3VEGv1Ne2uCKi6x841370fn1C_Q7OzlOpXsVdHg2yWEjr48XnBJ_gMoRLnW-XfaOhO9x-g","2026-03-13T19:34:04.270892Z","5","Port Jefferson Station","Devon Darby","I was able to get a partial roof repair in which Rapid Roofing offered financing for which couldn’t come at a better time for me. Francesco, Ryan, Renz and all the staff honestly were extremely professional, sincere and kind in the whole process. It was explained thoroughly to me all that the process entailed and they emphasized on giving their best presentation of services and leaving the choice for me to do what’s best for me , no pressure at all. Post project , I had a small concern which they came back immediately and resolved . The finish product of the roof was exceptional and I truly would highly recommend them based off their sincere kindness and professionalism alone. Their pristine work was just the icing on the cake. May God keep you and your family in business and stay blessed in the lord Jesus","Thank you so much, Devon, for your incredibly kind and thoughtful words. It truly means a lot to our entire team. We are very glad we were able to help when you needed it most and that the financing option made the repair more manageable for you.

Francesco, Ryan, Renz, and the rest of our team will really appreciate your recognition. We always strive to make sure every homeowner understands the process, feels comfortable with their options, and never feels pressured. It’s also great to hear that we were able to quickly address your concern after the project - standing behind our work is very important to us.

We are grateful for your trust and recommendation, and we truly appreciate your blessings and support. It was a pleasure working with you, and if you ever need anything in the future, Rapid Roofing will always be here for you."
"AbFvOqmZZhWbmtuAIlQ8sCJ7TjErIImmxtnGfNPBZ-DfnXN44aYykwoZ1rG5CqJp1WeNCrzFFbao","2026-03-13T20:46:12.235097Z","5","Wantagh","chris laCorte","The crew was completely awesome and professional. My roof came out great","Thank you, Chris! We really appreciate you taking the time to share your experience. We are glad to hear that our crew made a great impression and that you're happy with how your roof turned out. Delivering professional service and quality results is always our goal. If you ever need anything in the future, the Rapid Roofing team is always here to help!"
"AbFvOqlcHB3FgGmdwDYBufzFmv2eChh9uEvDVYZ1rZf4rx-RWMoVuUdVt0aLzzT8ZE8N3cNGHBKaew","2026-03-14T20:08:52.543611Z","5","Wantagh","Mark Langone","The best of the best David Lema and his crew are amazing and very professional would recommend any time to anyone","Hi Mark, thank you for the fantastic review! We truly appreciate your kind words about David Lema and our crew. Providing professional service and quality workmanship is always our top priority. We are glad you were happy with the skylight repair and installation, and it means a lot that you would recommend us. If you ever need anything in the future, we're always here to help!

— Rapid Roofing Team"
"AbFvOqlq_Niffk1_JQDil0SJJY3MzslHZ7FNEQq7yytp13mgRPIbFPvCeaxnrUN7GRcXOF3silfuog","2026-03-19T21:34:45.591169Z","5","Wantagh","James Gazda","Rapid Roofing lived up to the 5 star ratings they have, every one that i had contact with in the company were great  to  work with. The lead man on the job Kevin was terrific.
Happy Customer in Wading RiverJim Gazda","Thank you so much James for your kind words and for trusting Rapid Roofing!

We’re thrilled to hear that your experience matched the 5-star expectations and that Kevin and the crew took great care of you. Our team works hard to deliver a smooth, professional experience on every project, whether it’s a full roof installation on Long Island or ongoing roof repair services.

As a trusted roofing company in Long Island and a reliable Wantagh roofing contractor, we take pride in providing high-quality workmanship and excellent customer service from start to finish.

We truly appreciate your support and are grateful to have you as a happy customer. If you ever need a roof replacement on Long Island or any future roofing assistance, we are always here to help!

– The Rapid Roofing Team
"
"AbFvOqkPvRRFFAtWDSghDKdPD7a1qndMyKmL9ZFs5EtiLeIQBihr5KjnNO_qGjDRzZ7pBNQl2eIByw","2026-03-19T23:54:42.452875Z","5","Port Jefferson Station","C Grey","Mike was honest and professional. This is the 2nd time we have used this company and I am a lifetime customer.  He answered questions honestly about what my roof needed and I was able to understand my options. I highly recommend!","Thank you so much for your continued trust and for sharing your experience. We truly appreciate your loyalty and are glad to hear that Mike provided honest guidance and clear options for your roofing needs.

At Rapid Roofing, we take pride in delivering reliable roof repair in Port Jefferson Station with transparency and professionalism. It is always our goal to help homeowners make informed decisions, whether it is a minor repair or a larger roofing project.

Your recommendation means a lot to our team. If you ever need help with roof repair, roof inspections, or roofing services anywhere in Long Island, we are always here to assist."
"AbFvOqlGGvlig0l9nLp4JcWLqG2_GNZ8tFAcLIEu9RJfwE_1lh8rQChsOP8Opl7e3FlBl32LwXcHvg","2026-03-21T13:15:20.619956Z","5","Port Jefferson Station","Thomas Dituro","Ended up going with a full roof replacement after some storm damage. They scheduled a job quickly, were professional and left the place clean.","Thank you, Thomas, for your great review!

We are glad we could assist you with your roof replacement on Long Island after the storm damage and get everything scheduled and completed quickly. Our team works hard to provide professional service, fair pricing, and a clean job site from start to finish.

As a reliable roofing contractor in Suffolk County and roofing company near Port Jefferson, we are committed to delivering high-quality roof installation and roof repair services on Long Island that homeowners can depend on.

We truly appreciate your trust in Rapid Roofing and are here whenever you need us in the future!
"
"AbFvOqnH79mGyLgcKT_lThJ5yFO_X9uQL01cVcsoGzmBZ3EHOy9GUZJ1U8s-JOqzpMWSSlFdXmzDvA","2026-03-21T13:48:52.860446Z","5","Port Jefferson Station","Margorie Delmar","After complete installation of gutters, I made a phone call for gutter.repair. after majior snow storm.  Came promptly and addressed the problem to my complete satisfaction.  Thank you","Thank you, Margorie, for your kind feedback!

We are glad we could respond quickly after the storm and take care of your issue to your satisfaction. Providing prompt and reliable gutter repair and emergency roof repair services on Long Island is something we take seriously especially when weather conditions cause unexpected damage.

As a trusted roofing company in Long Island and Suffolk County, we are always here when you need dependable service you can count on.

Thanks again for choosing Rapid Roofing. We truly appreciate your support!
"
"AbFvOqlfw2qlcY0fnKffjtJJywYaSsPovCLllqXCdaJ1HGwUdtWLm-3t2nvVz0JhUbzRrjKJiBFQeQ","2026-03-22T17:29:31.771020Z","5","Port Jefferson Station","V","This is the Tomasevic family and we would like to express how happy we are with our new roof from Rapid Roofing. It is beautiful. We choose the color, Aged Copper. The color goes with our cream/yellow home. Our roof was 22 years old and we had problems with leaks.

Rapid Roofing is a very professional company that provided a worry free experience for us from beginning to completion of the installation. The crew, the foreman, and the project manager, Luis, were wonderful and professional and worked so hard. We were in awe with the heavy trucks, machines, and various equipment they used as they did the job. They left no debris when the job was completed in less than one day. They also displayed great compassion that day when our very sweet old dog of 13 years old had to be rushed to an Emergency Hospital and even carried him to the car for his owner, Valerie. We will always be grateful for their compassion toward our darling dog.

I also want to tell you what made us choose R.R. over others. The Sales/Project Manager, Michael Dietrich came to our home and explained the steps Owens Corning Certified installers must undertake to properly install their roofs. I now see how anyone can throw a roof on your house, but not put on all of the layers and take the steps that are required to do it properly and make it last  for a very long time. They give a lifetime warranty. No one I spoke with provided that warranty. Lastly, I saw that they are family run. I loved speaking with their customer liaisons Kelly Romero who is simply the nicest person ever, and Renz equally as nice and I adore speaking with them and considered them the friendliest, and one of the best assets of the company. They are so welcoming when they speak with people. You can't help adoring them. They are the first contact people have with the company and are a joy to speak with. I also experienced how easy it was to access the top management when I spoke with the VP Michael Meinardus and he was very respectful and kind.

As you can see by this lengthy review, I try to be thorough and cover all bases. We are extremely happy and the initial reason why we had to get a replacement roof has been resolved aesthetically and functionally. Much gratitude, the Tomasevic family.","Thank you so much, Tomasevic family, for taking the time to share such a thoughtful and detailed review. We are truly grateful for your trust in Rapid Roofing.

It’s wonderful to hear how happy you are with your roof replacement on Long Island and your beautiful Aged Copper colour choice—it sounds like a perfect match for your home. We are especially glad we could resolve your leak issues with a high-quality roof installation in Suffolk County NY that will last for years to come.

Our entire team from Michael and Luis to Kelly, Renz, and everyone involved takes great pride in delivering a smooth, worry-free experience. As a roofing company in Port Jefferson and a trusted roofing contractor on Long Island, we focus on doing things the right way, using proper installation methods and premium materials backed by strong warranties.

Your kind words about our team’s compassion truly mean a lot to us. We are honoured to have been there for you not just as a residential roofing service, but as people who genuinely care.

Thank you again for choosing Rapid Roofing. If you ever need roof repair services on Long Island or anything in the future, we are always here for you.
"
"AbFvOqmZfOhYA55eLMgWL3_-VIMa8bWDW0ldiGRkbTi-deDUv1SrxCYNSdLOI-azFn-47p9EcvhyIA","2026-03-24T22:08:20.679704Z","5","Wantagh","Cheyenne Dane","David was great!!! He stayed on site the entire time and checked in with us throughout the entire job. Clean up was great. Very professional people.","Thank you, Cheyenne, for your thoughtful review. We truly appreciate you taking the time to share your experience.

We are glad to hear that David provided consistent communication and stayed on site throughout the project. That level of attention is something we prioritize on every job to ensure everything runs smoothly from start to finish. It is also great to know that the cleanup and professionalism of our team met your expectations.

As a trusted roofing company in Wantagh, we take pride in delivering reliable service and a seamless experience for every homeowner. Feedback like yours reinforces the standard we aim to maintain as a dependable Wantagh roofing contractor.

If you ever need assistance in the future, whether it is roof repair in Wantagh or general roofing support, our team is always here to help."
"AbFvOqkINR7jqQDBltaPluhifPOIkW-94IEF7qJz-BvPV_7OUMm9dthb33y6S87sLLnC0dQB8hKv","2026-03-25T12:55:00.094153Z","5","Port Jefferson Station","annie hoang","Rapid roofing did a great job and reliable","Thank you, Annie, for your kind words and for trusting Rapid Roofing with your project. We are glad to hear you found our team reliable and were happy with your roof repair and roof installation.

Our goal is to provide dependable roof repair in Port Jefferson Station along with high-quality installation services that homeowners can count on long term. It means a lot to be recognized for both the quality of work and the overall experience.

If you ever need assistance in the future, whether it is maintenance or a follow-up roof inspection in Port Jefferson, our team is always here to help."
"AbFvOqln0U7TdUnVc74Hbc-v41WhmaC0UBa0BBcQwC0K8U3MhdkdkJS5IsrXG4gyZRNB8576ySH-6w","2026-03-26T12:16:32.703906Z","5","Port Jefferson Station","Guillermo Torres","they did a quick and great job. looks good and the workers left everything clean. the office staff were pleasant and helpful. thank you","Thank you, Guillermo, for sharing your experience. We truly appreciate your feedback.

We are pleased to hear that you were happy with the speed, quality, and cleanliness of the work, as well as the support from our office team. Providing a smooth experience from start to finish is very important to us as a trusted roofing company in Port Jefferson.

If you ever need help with roof repair in Suffolk County NY or have any questions down the line, our team is always ready to assist."
"AbFvOqmwBv0fXnJAkX4i4Ye6TyfTuXMbgmAnZJB-teEcCvSGUTQlo7LJDe6YoJS6L7VmaeTbRgs-5w","2026-03-26T12:50:37.327086Z","5","Port Jefferson Station","Mark Langone","The team is amazing very professional and affordability is great they work with you as best as they can and very clean","Thank you, Mark, for your thoughtful review and for highlighting the professionalism of our team. We are glad you were satisfied with both the pricing and the overall service.

It is great to hear that your skylight repair was handled smoothly. Skylight issues can often lead to leaks, so addressing them properly is essential. Our team always aims to deliver reliable solutions as a dedicated roof contractor in Port Jefferson.

We appreciate you recognizing our effort to keep the worksite clean and to work closely with homeowners. If you ever need roof leak repair in Long Island or additional roofing support, we are always here to help."
"AbFvOqntApbPk34safNa2EaTv9um8-roCbWkho5VM68fcCB1velhWVxscq1aGf2grHKZ4eJdv3zG","2026-03-26T14:11:28.235810Z","5","Port Jefferson Station","James Gazda","","Thank you, James, for your review and for choosing Rapid Roofing for your gutter repairs.

Proper gutter function plays a key role in protecting your roof and preventing water damage, so we are glad we could assist at the right time and provide great value. Our team takes pride in supporting homeowners with complete residential roofing services in Port Jefferson Station.

If you ever notice signs of water build-up or need roof repair in Port Jefferson Station, feel free to reach out. We are always here to help keep your home protected."
"AbFvOqkJE_iVPhTw9qi-x9BsGz_KMtP0ajpR_ZX8TGEf9RTGwIXUFO---tmJ5UUGgRYKw-rtsPh75Q","2026-03-26T18:30:26.848847Z","5","Wantagh","Bill Pinzon","very professional in all aspects. highly recommend","Thank you so much, Bill, for your kind words and recommendation. We truly appreciate you taking the time to share your experience.

It means a lot to hear that you found our team professional throughout the entire process. As a trusted roofing company in Wantagh, we always aim to deliver reliable service and a smooth experience for every homeowner.

If you ever need assistance in the future, whether it is roof repair in Wantagh or working with a dependable Wantagh roofing contractor, our team is always here to help.

Thanks again for choosing us and for your recommendation."
"AbFvOqnWi3pgyY0cpc6g3mnngMBLmZDnRgFh4v1TEMeMRWkCFLtDH8C-NMwNjWWz1ApRziDos81a9A","2026-03-27T14:31:03.694322Z","5","Port Jefferson Station","Joseph Lore","The staff from Kelly to Mike to Luis and his team were second to none.  They came and did an amazing job not only on my roof but with the amazing clean up as well.  I was very impressed from start to finish and the roof install only took one day !!!!","Thank you so much, Joseph, for your thoughtful review!

We are glad to hear that you had such a great experience with our entire team from Kelly and Mike to Luis and the crew. Delivering a smooth, professional experience from start to finish is exactly what we aim for on every roof installation in Port Jefferson Station.

It’s great to know you were impressed with both the quality of your new roof and the thorough clean-up. Completing a full roof installation in Long Island in just one day while maintaining that level of detail is something our team takes a lot of pride in.

We are also glad we could assist with your skylight repair, ensuring everything was handled properly as part of your project.

As a trusted roofing contractor in Suffolk County, we truly appreciate your confidence in Rapid Roofing. If you ever need anything in the future, whether it’s roof repair services on Long Island or another project, we are always here to help!
"
"AbFvOqlI9ztvkOw8zRDIgHdFcwQlagST6DDCyTC0fLOCtRjyucb--ZbR9S2o36X3arIj_QSgmgUk","2026-03-28T21:26:48.074616Z","5","Port Jefferson Station","James Jankowski","They were great! Roof looks amazing. Did everything in one day, most of all the scraps were picked up. Very happy with the job they did. They also did the roof of my shed with the left over material.","Thank you, James, for your kind feedback!

We are so glad to hear you are happy with how your roof turned out. Providing efficient, high-quality roof installation in Port Jefferson Station while completing the job in just one day is something our team works hard to deliver every time.

It’s also great to know you appreciated the clean-up and attention to detail. Leaving your property spotless is just as important to us as the installation itself.

We are happy we could go the extra step and take care of your shed roof as well—it’s those little things that make the difference.

As a reliable roofing company in Long Island and a trusted roofer in Suffolk County, we truly appreciate your support. If you ever need roof repair in Long Island or future roofing services, we are always here for you!
"
"AbFvOqnqrLBMNas29nx6WVk-_va1llVgz-go6VESNrYHXK9ACgicGK_Mdvun6JOz0YzqdrVQ2HRyIQ","2026-03-30T01:16:59.679653Z","4","Port Jefferson Station","Bozena Dzikowska","Rapid Roofing replaced my aging asphalt shingle roof with a new architectural shingle system by Owens Corning. From the initial inspection to the final cleanup, their process was thorough and professional.
David and his crew were excellent. They arrived promptly at 7 a.m. and worked efficiently, completing the job by the end of the day. Mike provided a detailed estimate for the project; however, due to additional repairs—including chimney work and gutter replacements—the final cost increased substantially from the original quote.
However, the labor and material warranty provide excellent peace of mind.","Thank you, Bozena, for taking the time to share your experience and for trusting Rapid Roofing with your roof replacement in Port Jefferson Station. We truly appreciate your kind words about our team, and we are glad to hear that David, Mike, and the crew delivered a thorough and professional experience from inspection to final cleanup.

Your project is a great example of how a detailed roof inspection can uncover additional areas that need attention, such as chimney and gutter work, to ensure the entire roofing system performs reliably. While these adjustments can impact the final cost, our goal is always to provide long-term protection and avoid future issues for homeowners across Long Island.

As a trusted roofing company in Port Jefferson Station and a certified Owens Corning Platinum Preferred Contractor, we take pride in delivering high-quality roof replacement services backed by strong labor and material warranties for lasting peace of mind.

Thank you again for choosing Rapid Roofing. It was a pleasure working on your home, and we are always here if you need any roof repair, roof inspection, or roofing services in Suffolk County or anywhere in Long Island."
"AbFvOqnvKrt1Zxd478c8NQURq1LijAYIF7j6AEWTFNIlyC74jWBLzUJLzciN1tCfZIdIaWJmJ7OlTA","2026-03-30T21:55:27.773435Z","5","Wantagh","Chris Dippel","A fantastic experience. Rapid Roofing promised and then delivered. Kevin and his crew did a beautiful job. I had some questions about the work and Kevin answered them and set me at ease. The whole team from sales to customer service and installation were all professional and efficient. I would definitely use them again, but with. 50 year warranty, I doubt I will get the chance! I will certainly recommend them to anyone who will listen.","Thank you so much, Chris, for taking the time to share such a thoughtful review. We truly appreciate your trust in Rapid Roofing for your project in Wantagh.

We are glad to hear that you had a fantastic experience and found our pricing reasonable. Delivering quality workmanship at a fair value is something we strive for as a trusted roofing company in Wantagh and across Long Island.

It is great to know that Kevin and his crew met your expectations and completed a beautiful job. Our team takes pride in every roof installation in Long Island, and your recognition means a lot to us.

We also appreciate you mentioning how Kevin addressed your questions and helped put you at ease. Clear communication is an important part of every project, whether it is roof inspection, roof replacement on Long Island, or skylight installation Long Island homeowners rely on.

Your kind words about our entire team, from sales to customer service to installation, truly reflect the standard we aim to maintain as a leading roofing contractor Long Island homeowners can depend on.

And yes, that 50-year warranty is designed to give you long-term peace of mind. While we hope your roof performs perfectly for decades, we are always here if you ever need roof repair in Wantagh or any roofing services in the future.

Thank you again for your recommendation. It means a great deal to us and helps others looking for a reliable roofing company in Long Island feel confident choosing Rapid Roofing."
"AbFvOqlfvnMVqxHQfmA_Qxfy9mUPZQfp1Lok3-ClLlRc6KVVjJXRZjH8a9G4tlo4DSTbkPcYaxxQYw","2026-03-30T23:01:42.386295Z","5","Wantagh","The Hickory Hacker","Fantastic job! We had a huge project that turned out to be much more complicated than we planned but the crew did an outstanding job and we’re very pleased. Don’t hesitate to work with Rapid Roofing!","Thank you so much for your kind words! We truly appreciate you taking the time to share your experience with Rapid Roofing.

We are especially grateful for your trust in us on such a large and complex project. We understand that unexpected challenges can come up, and it means a lot to know that our crew was able to handle everything smoothly and deliver results that left you very pleased.

Your recognition of our team’s hard work and commitment to quality reflects exactly what we strive for as a reliable roofing company in Wantagh and across Long Island. Every project, no matter how complex, is approached with the same level of care, professionalism, and attention to detail.

Thank you as well for recommending Rapid Roofing. Your support helps others looking for a dependable roofing contractor Long Island homeowners can count on feel confident in choosing us.

If you ever need anything in the future, whether it is roof repair in Wantagh, roof replacement on Long Island, or any roofing services, we are always here to help."
"AbFvOqkVB90TWVBnM0upQ28ZVY4waeOcY5MZgzCFPG_0Aw5ck0uxYGMmQkXXvwOuN6s8q2pDDzpgUA","2026-04-01T16:28:27.877474Z","5","Port Jefferson Station","Bill Pinzon","job done quickly and professionally","Thank you, Bill, for your kind words. We truly appreciate it!

We are glad to hear the job was completed quickly and professionally. Our team takes pride in delivering efficient, high-quality roof repair in Port Jefferson Station and across Suffolk County without ever cutting corners.

As a trusted roofing contractor on Long Island, we work hard to make sure every project whether it’s a repair or full roof installation in Long Island is handled with the same level of care and professionalism.

Thanks again for choosing Rapid Roofing. If you ever need roof repair services in Long Island in the future, we are always here to help!
"
"AbFvOqlWFYcZ24v-QyrmlKJkAJJY1wYECaDTNGN_a5AVS5qhsWpvHPsRXHaGmTCQANOapKphO_sKoA","2026-04-02T14:51:08.425422Z","5","Wantagh","Timothy Hogan","Workers were timely and worked well with me.  Highly recommend them.","Thank you, Timothy, for your kind words and for trusting Rapid Roofing for your roof inspection in Wantagh. We truly appreciate your feedback.

Our team always aims to provide timely service, clear communication, and reliable solutions for every homeowner. It is great to hear that your experience reflected the level of professionalism we strive for as a trusted roofing company in Wantagh and across Long Island.

As a long island roofing company, we take pride in offering thorough inspections that help identify potential issues early and prevent costly repairs. Whether it is routine maintenance or urgent concerns, our goal is to deliver dependable roof repair services in Long Island with honesty and attention to detail.

If you ever need assistance with roof repair in Wantagh, roof replacement on Long Island, or are planning a future roof installation in Long Island, our team is always here to help.

Thank you again for your recommendation and for choosing Rapid Roofing, your reliable Wantagh roofing contractor.
"
"AbFvOqn1U27WUzPF14oKzTmTOzY6L-dwZbnPSBahQdXR6i693mURkuNkw-wteJlTcJGbCY-1anykKA","2026-04-02T16:29:59.768812Z","5","Port Jefferson Station","Dominick Fusco","My roof needed a lot of work as it was over 30 years old and had several leaks due to  construction issues on how it was done originally. Rapid roofing came in and addressed all of the issues, removed the old roof, corrected the all of the issues and installed the new roof exactly the way they said they would all in one day with a crew of 14 men. They used all Owen’s Corning products and gave me a 50 year transferable warranty which is amazing peace of mind. The roof looks amazing.","Hi Dominick,

Thank you so much for taking the time to share such a detailed review. We truly appreciate it! We are glad we could help resolve the issues from the original installation and provide you with a complete roof replacement that gives you real peace of mind. For many homeowners in Port Jefferson Station and across Long Island, older roofs (especially 25–30+ years) often come with hidden problems, so it’s great to hear that everything was properly corrected and installed the right way. 

Our team takes pride in delivering high-quality roof installation using trusted materials like Owens Corning, along with proper attic venting repairs and skylight repair to ensure the entire roofing system performs as it should. Completing a full roof replacement in one day while maintaining quality is something our crew works hard to achieve.

We are especially happy you are enjoying the look of your new roof and the added confidence of the 50-year transferable warranty, that’s exactly the kind of long-term value we aim to provide as a trusted roofing company in Long Island.

If you ever need anything in the future whether it’s roof repair, maintenance, or inspections, we are always here to help.

Thanks again for choosing Rapid Roofing!

— Rapid Roofing Team
Port Jefferson Station | Long Island"
"AbFvOql3cIyqexxDwtLsghF7X9ZJJIinxRdRKqTwoMx6fOIhC7RGwtx7STkkidEJJWljPwllsvoZ6w","2026-04-09T23:08:00.722423Z","5","Wantagh","Hammad Ahmad","Michael Dietrich came by for a quote on a job, was very thorough and informative. Didn’t try to force anything, made sure to take his time and really assess everything. Fair pricing, great person!","Thank you, Hammad, for your thoughtful review!

We are glad to hear that Michael took the time to properly assess your roof and provide a clear, honest estimate. At Rapid Roofing, we believe every homeowner deserves a thorough evaluation without any pressure—just the right guidance based on the actual condition of the roof.

As a trusted roofing company in Wantagh and across Long Island, our focus is always on transparency, fair pricing, and helping homeowners make informed decisions whether it’s roof repair, roof installation, or a full roof replacement.

We truly appreciate you recognizing the effort and professionalism. If you ever need help with roof repair in Wantagh, roof replacement in Nassau County, or expert roof installation in Long Island, our team is always here to help.

Thanks again for choosing Rapid Roofing!
"
"AbFvOqkRiTR9Du7hRlYgOMcJVTWsudFs0EjwvFBC6BgK74Y6IMqS_Y0OruPK9deOfd12kGYLWzFv","2026-04-10T17:53:13.096760Z","5","Syosset","NICHOLAS FRENCH","Rapid Restore Roofing did a great job and would definitely recommend them","Thank you, Nicholas, for your review and recommendation! We are glad to hear you were satisfied with the work and found the pricing fair. Providing reliable service at a reasonable cost is something we take seriously for every homeowner in Syosset.

At Rapid Roofing, our goal is to deliver long-term solutions, whether it is roof repair in Syosset or a complete roofing upgrade. Every project is handled with attention to detail so homeowners can feel confident about the safety and durability of their roof.

As a trusted roofing contractor in Syosset and across Long Island, we appreciate you taking the time to share your experience. Your feedback helps other homeowners looking for roof repair services in Long Island make informed decisions. If you ever need assistance again, whether it is roof repair, maintenance, or a full roof replacement, our team is always here to help. Thank you for choosing Rapid Roofing!
"
"AbFvOqkdz--zphquv-1q2lQVftxza14HanHF91IvOTN9M_hch2YCGWL5WQyw-PJNynQaRGdcr6sq","2026-04-15T18:19:31.219972Z","5","Bohemia","James Fritz","Used them for my roof and the team did an amazing job. They walked be through the whole process during the original meeting and answered all my questions. Showed up when they said they would and did an amazing job. Hopefully I won’t need another roof any time soon but if I do they will be my go to.","Thank you, James, for your great feedback and for trusting Rapid Roofing with your project! We’re glad to hear you had a smooth experience from the initial consultation through the completion of your roof installation. 

Our team always aims to provide clear communication and reliable scheduling, along with high-quality roof installation services in Bohemia. It’s great to know everything was explained properly and delivered as promised. If you ever need roof repair, roof replacement, or any roofing services in Bohemia or Long Island, we will be here and ready to help.

Thanks again for choosing Rapid Roofing. We truly appreciate your recommendation!"
"AbFvOqlmLHRy8w3SMKtDUQMW31S0SXstpSewfNBI2di_mU2p9baeBF1cATtYQNZux7F7Q5xRXXkBHA","2026-04-15T19:30:36.802397Z","5","Bohemia","Terry Barna","Highly recommend Rapid Roofing, they did an Amazing job on my roof, shutters and gutters, my 20+ year old house looks brand new. Terrific crew, great clean up, use them you will NOT be disappointed","Thank you so much, Terry, for your kind words and recommendation! We are glad you are happy with the results. It was a pleasure working on your home and completing the roof replacement, shutters, and gutter installation. Our team takes pride in delivering high-quality roofing services in Bohemia, along with clean and efficient project execution. We are especially happy to hear your home looks brand new. That’s exactly the transformation we aim for with every project.

If you or anyone you know is looking for roof repair or roof replacement in Bohemia or Long Island, we are always here to help.

Thanks again for trusting Rapid Roofing!"
"AbFvOqlmz-Jodu1zUWop1PAz5tzosD7JpeedzL7OR3yuSsXIvSpY8fQHBYDilCgfNyB1Wkbtkuizew","2026-04-16T15:56:43.359225Z","5","Port Jefferson Station","Juliana Gries","Responsive and friendly company. Their team was quick and effective in a partial repair project.","Thank you, Juliana, for your kind words and for taking the time to share your experience with our team at Rapid Roofing. We are glad to hear that you found our crew responsive, friendly, and efficient during your partial repair project.

Delivering timely and effective solutions is a priority for us, especially when it comes to roof repair in Long Island and ensuring every project is handled with precision. Whether it is a small fix or a larger concern, our goal as a trusted roofing company in Long Island is to provide dependable service that homeowners can rely on.

If you ever need assistance with future residential roof repairs or a detailed inspection, our team is always here to help."
"AbFvOqlm-sIWhLDv302BKXxyQfBF1U-195E4XDWx6GQX7JV-Qb9yplb1bfBfY96AGHCEBRvLGmhULQ","2026-04-16T17:17:03.886119Z","5","Port Jefferson Station","Stephanie Mendelson","We just had Rapid Roofing here to repair a job that was not done right the first time. They went over everything in detail and were beyond professional. Worked quickly and efficiently. Would highly recommend.","Thank you for your thoughtful review and for trusting Rapid Roofing with your repair project. We understand how frustrating it can be when previous work does not meet expectations, and we are glad our team was able to step in, provide clarity, and complete the job properly.

Our crew takes pride in delivering detailed assessments and high-quality workmanship, which is why we focus on being a reliable roofing contractor in Long Island and a go-to choice for roof repair in Port Jefferson Station. It is great to hear that you found our team professional, efficient, and transparent throughout the process.

We truly appreciate your recommendation. If you ever need further support, whether it is roof leak repair in Long Island or a full roof replacement service, we are always ready to assist."
"AbFvOql5rKErABhovAyZyWv5yL6OR5aZwTtMpm6nU-pxg2MQwOt3X156lgWrfKOO4a5LepOdkyGIxQ","2026-04-21T20:22:07.648331Z","5","Port Jefferson Station","Dan Ryan","Rapid Roof crew were extremely professional and keep me in the loop completely.. we love our new roof.  Highly recommend them.","Thank you, Dan, for your kind words and for trusting Rapid Roofing with your home. We are glad to hear you are happy with your new roof and that our team kept you informed throughout the process.

Clear communication and professionalism are important to us on every project, especially when it comes to new roof installation in Port Jefferson Station and complete residential roof replacement in Suffolk County. It is great to know that our efforts made a positive impact on your experience.

We truly appreciate your recommendation and are proud to be a reliable choice for homeowners looking for experienced roofers in Port Jefferson Station NY. If you ever need anything in the future, we are always here to help."
"AbFvOqnvWqNqsQy1sxwW_EXSrg8ykXEEc8wU4yQOoswjV9gkq7UZRt3-nck__fHkq6THg_RoHllA","2026-04-21T20:31:58.071854Z","5","Port Jefferson Station","Mona Lilavois","","Thank you, Mona, for your 5-star rating. We truly appreciate your support.
At Rapid Roofing, we are committed to providing dependable service and high-quality workmanship for every project. As a trusted Port Jefferson Station roofing company, we focus on delivering results that homeowners can rely on, whether it is roof repair in Port Jefferson Station NY or a complete roofing solution. If you ever need assistance in the future, our team is always here to help."
"AbFvOqlALyMhgKbFP4JLUv5Zp2ndatM9BNO4e-GBA0SMmWi7DujIS8MjQMbIkhSIAVoqBMl9dplFog","2026-04-22T13:04:12.698076Z","4","Port Jefferson Station","M Gerald","David and his crew were very knowledgeable and informative. He sent pictures of every step during the process and when they were finished, he went over everything with me. Any questions that I had were answered and explained in detail. They did a beautiful job.","Hi M Gerald, 
Thank you for your detailed feedback. We truly appreciate you recognizing David and the crew for their communication and professionalism throughout the project.

Keeping our customers informed is a key part of our process, and sharing progress updates helps ensure complete transparency. It is great to hear that you were satisfied with the work, from skylight repair and attic venting installation to roof installation in Port Jefferson Station.

As a licensed roofing contractor in Suffolk County, we strive to deliver consistent quality across every service, whether it is roof repair in Port Jefferson NY or a full roof replacement in Suffolk County. If there is anything we could have done to make your experience a full 5-star one, we would value your feedback."
"AbFvOqn2tg-k8D-Ih7OVqjr2Rn_OCA7ypNary-fYtShhBlQX0e1Ayeatvny27y_jYOZuL2AOW5Kh1w","2026-04-22T21:17:46.524819Z","5","Port Jefferson Station","Jay V","I needed to put in a split unit in my office unit. Rapid roofing was great they came when they said and got the job done!! !00% recommend!","Thank you, Jay, for your great feedback and recommendation. We are glad to hear everything went smoothly and that our team showed up on time and completed your project efficiently.

Even for smaller projects, our goal is to deliver reliable results and a seamless experience. Whether it is a quick fix or a more detailed job, we take pride in being a dependable roofing company in Port Jefferson Station NY known for quality roof repair in Port Jefferson Station NY.

If you ever need help in the future, from maintenance to emergency roof repair in Port Jefferson Station, our team is always ready to assist."
"AbFvOqmBgte_2eFdJ7nby2WOILqKh8iH5poq-0LgVSnavoMDQ1wzW9w4Kgc4ZbV8sIgVvEkwbCgwXw","2026-04-22T23:19:49.973591Z","5","Syosset","Daniel Glantz","They really were rapid. I filled out the online form for a quote and heard back in minutes. Mike came the same day and did an excellent job explaining the whole process. While their prices were higher than other quotes, the services they provided were worth it. David and his team did an excellent job on the installation.","Thank you, Daniel, for your detailed feedback and for choosing Rapid Roofing.

We are glad to hear that our team was able to respond quickly and provide same-day support. Mike will appreciate your kind words about clearly explaining the process, and we are happy that David and the crew delivered an excellent installation.

We understand that investing in a roof or skylight project is a big decision, and we focus on delivering long-term value through quality workmanship. Whether it’s roof replacement in Syosset NY or skylight installation, our goal is to provide results that are worth the investment.

Thank you again for trusting a reliable Syosset roofing company, and we are always here if you need any future roof repair or roofing services in Syosset NY."
"AbFvOqkmc2Spd4XLI_PMNAb3891rOfJpi1jumVYiUOyY5nZDIUyblld3l4lNTAm0QYRi-BtUYtT8mQ","2026-04-23T01:10:29.527208Z","5","Bohemia","Barbara Baier","","Thank you, Barbara, for sharing your experience and for trusting Rapid Roofing with your project. We truly appreciate your feedback on both the pricing and the quality of work.

It is great to know that your skylight installation and roof installation in Bohemia NY were completed to your satisfaction. Our team focuses on delivering long-lasting results, whether it is a new installation or a full residential roof replacement in Suffolk County. As a licensed roofing contractor in NY, we make sure every project is handled with attention to detail, clear communication, and efficient execution.

Being recognized as a dependable roofing company in Bohemia NY means a lot to us. If you ever need assistance in the future, whether it is roof repair in Bohemia NY or expert guidance on your roofing system, our team is always here to help.

Thank you again for choosing Rapid Roofing."
"AbFvOqnFXy7nYRvJwbQdLxoKcSDTrDzvkc7cC3qxgl1_T7MhXlByrYnYGvyCeSg4d-nlv3i5GX62Eg","2026-04-24T01:41:28.558057Z","5","Port Jefferson Station","Jessica Freedman","Great company to work with from the free estimate to the finished roof. Roof looks great and they worked with a local solar power company to take off the solar panels and then replace them. They coordinated everything and it was seamless.","Hi Jessica,
Thank you so much for your thoughtful review. We truly appreciate you taking the time to share your experience. We are glad to hear that everything went smoothly from the initial free roof estimate through to the final installation. Coordinating with your solar panel company is an important part of projects like yours, and our goal is always to make that process as seamless and stress-free as possible for homeowners.

It’s great to know you are happy with how your new roof turned out. Our team takes pride in delivering high-quality roof replacement services in Port Jefferson Station and across Long Island, while also ensuring every detail like scheduling, communication, and coordination is handled professionally. If you ever need anything in the future, whether it’s maintenance, inspections, or any roofing-related questions, we are always here to help.

Thanks again for choosing Rapid Roofing!
— The Rapid Roofing Team"
"AbFvOqlIpM8_5JAIN1kdptGQ8mbOFo4wZEopimlZNIp3sfbjBxO6nb3NYvFMLVbNMa85DnBHEgfGFA","2026-04-28T20:25:51.836727Z","5","Syosset","Rose Andrews","Rapid Roofing installed gutters on my home. The work crew showed up on time and did an amazing job. They also left everything neat and clean. If you’re looking for an efficient and satisfying experience, look no further!","Thank you, Rose, for your thoughtful review.

We’re happy to hear that your gutter installation went smoothly and that our team delivered a clean and efficient experience. Showing up on time and leaving your property neat is just as important to us as the quality of the work itself.

As a local roofing company in Syosset, we strive to provide dependable exterior services that homeowners can count on. We appreciate your recommendation and are always here if you need future roofing or exterior work."
"AbFvOqkykm7PTc2Ur6fm6thc7iMJC0eZCj_u54k9gNIG0QHRThBX7MjX0ppnoU8bqejR-M_pWGFuxg","2026-04-28T21:52:07.453870Z","5","Syosset","Steven Kramer","A pleasure from start to finish. Lived up to the name rapid. Professional, honest and clean.","Thank you, Steven, for sharing your experience with us.

We are glad to hear that everything went smoothly from start to finish and that our team lived up to the name “Rapid.” Providing professional, honest service and maintaining a clean worksite are key parts of every roof installation in Syosset NY we complete.

Your feedback reinforces our commitment to being a trusted roofer in Syosset NY that homeowners can rely on for quality and efficiency. We truly appreciate your support."
"AbFvOqnz1ElU4syGbmFAc22MXLjn-gOQ_iK2u_aGSMijL3jKk4_1iAouG6jBLmq5mBDxqoRRP-kEeQ","2026-04-29T10:15:21.809314Z","5","Port Jefferson Station","Steven Kramer","Was professional from start to finish. Honest, clean and rapid.","Thank you, Steven, for your kind words and for choosing Rapid Roofing for your project.

We’re pleased to hear that you had a smooth experience from start to finish. Our team works hard to deliver honest recommendations, efficient timelines, and a clean job site on every roof installation in Long Island. It’s great to know that our professionalism and straightforward approach made a positive impression.

Providing high-quality residential roof installation at a fair price is something we focus on every day as a trusted roofing contractor in Suffolk County NY. Your feedback reinforces our commitment to being a dependable roofing company in Port Jefferson Station.

If you ever need support in the future, whether it’s a follow-up inspection or roof repair in Suffolk County NY, we’ll be here to assist."
"AbFvOqmQtRKrRllUoj6v1ZQXHjyce8UCuMBpeksLugQLrh9IK9uaMuYMky03MnVQenVXSay6catM6Q","2026-04-29T13:52:32.479255Z","5","Port Jefferson Station","Robert Billings","I just had my new roof installed yesterday. Everything went as promised. They arrived on time and completed the job in one day. They were very professional and David the project manager was great. He showed me exactly what was needed to fix my roof and now I have piece of mind that my roof will last for many years. They promised to clean up after job was done and after it was completed it didn't even look like they were there. Highly recommend this company.","Thank you, Robert, for taking the time to share such a detailed review. We truly appreciate your trust in our team.

We are glad to hear that your roof installation in Port Jefferson Station went exactly as promised. Completing a full project in one day while maintaining quality and cleanliness is something our team takes great pride in. David will be especially happy to know that his guidance and clear explanation of your roofing needs gave you confidence in the process.

Providing homeowners with long-term peace of mind is our goal, whether it’s a roof repair in Long Island or a full residential roof replacement. It’s also great to know that our cleanup met your expectations. Leaving your property spotless is just as important as the work itself.

Thank you again for recommending us as a trusted roofing company in Long Island and a reliable roofer in Port Jefferson Station. If you ever need assistance in the future, whether it’s maintenance, inspections, or roof repair services in Long Island, we’re always here to help."
"AbFvOqnk0qBcBnLmyC-HiD8lWVl8HYzLPJT9R0xzQ7EBK_wo05dnbjHLWVBrO9o3SMK2fV7J8lGnwA","2026-04-29T21:42:29.970958Z","5","Syosset","John Power","Highly recommend Rapid Roofing.  They just installed new roof and I couldn't be happier with the job they did.","Thank you, John, for your recommendation and for trusting us with your home.

We are so glad to hear you are happy with your new roof. Our team works hard to deliver reliable and long-lasting results on every roof installation in Syosset NY, and your feedback means a lot to us.

Being recognized as a dependable Syosset roofing contractor is something we take pride in. If you ever need assistance with future roof repair in Syosset or inspections, we are always here for you."
"AbFvOqkPgpI6EGHzfkm8WpmcL19czX5LAkxeUDC6kyDuctfs2NAVmpL2FbXGx0dt_Xcw4mNXmomd4w","2026-04-29T21:45:17.353732Z","5","Syosset","Michael Hartnagel","Awesime job by Dave and his crew!!! Full roof replacement including sheathing in one day.  When they were finished, you couldn't tell they were herw except for the new roof!!","Thank you, Michael, for your kind words and for recognizing Dave and the crew.

We are glad to hear your full roof replacement in Syosset NY, including new sheathing, was completed efficiently in just one day. Delivering that level of speed while maintaining quality and leaving your property spotless is something we take seriously. It’s great to know the final result exceeded your expectations.

We truly appreciate you choosing Rapid Roofing as your trusted roofing company in Syosset, and if you ever need anything in the future, our team is always here to help."
"AbFvOqn_gT7JuVTBsFO7PXIrLE00STVlXe2pqvViqA4jIuXNJly6CForZ-e6gTjFFoPdmh66msQ0","2026-05-01T22:59:59.081015Z","5","Syosset","Michelle Bochner","We just got our roof and gutters replaced and the team did a great job!They completed the project timely and left the house and property clean. Would definitely recommend them!","Hi Michelle,
Thank you so much for your 5-star review and for sharing your experience.

We are glad to hear that you were happy with the pricing. Providing affordable roofing solutions in Syosset NY without compromising on quality is something we focus on with every project.

It is great to know that your roof and gutters replacement was completed on time and that our team left your home and property clean. We believe that a proper roof installation in Syosset NY should not only deliver long-term performance but also a clean and professional experience from start to finish. Your recommendation means a lot to us, especially as a local roofing company in Syosset.

Thank you again for choosing Rapid Roofing"
"AbFvOqmwTdCyIhsYROznmkMLHtC-WCpw1e9CNpEQ5jpYedfVoty8IQ5WLO7tMQy-FqC4BXSc92EoAg","2026-05-02T23:20:50.750733Z","5","Syosset","J. C.","David and the crew were here today and did an excellent job repairing our roof. The experience far exceeded our previous roofer and contractor experiences and I would recommend them to anyone. Thank you !","Hi James,
Thank you for the 5-star review, it truly means a lot to our entire team.

We are especially glad to hear that David and the crew made such a strong impression and that your experience exceeded your past roofing and contractor experiences. That is exactly the standard we aim to set as a trusted roofing company in Syosset NY.

Your mention of the roof repair being done efficiently and professionally is greatly appreciated. We take pride in delivering reliable roof repair and roof installation services in Syosset that homeowners can feel confident about. Thank you as well for your recommendation, it goes a long way for a growing local business like ours. We appreciate your trust and support."
"AbFvOqkutBIRDhn8UB6UT_p7oX2ZUZzX_u9fbpYYULU4j_244hsAViMbosaNnLvLpYqskuLP9WIgXQ","2026-05-03T22:26:13.422783Z","4","Syosset","Timothy Quinn","Construction crew was professional, courteous and did a great job","Hi Timothy,
Thank you for taking the time to share your feedback and for the 4-star rating, we truly appreciate it.

We are glad to hear that you found our construction crew professional and courteous throughout your roof installation. Delivering a smooth and respectful experience on every project is something we take seriously as a roofing contractor in Syosset, and it is great to know that came through during your project.

If there is anything we could have done to make your experience a full 5-star one, we would genuinely value your input. We are always looking to improve and provide the best possible residential roofing service in Syosset NY.

Thank you again for trusting Rapid Roofing with your project."
"AbFvOqnDgu3AOPBgKv_4A2rJL8Kktu4pitsCxRUuBn0X-AXTLthzslrT5owwm8MUFFDJkyMU_jsX","2026-05-06T16:43:40.010072Z","5","Syosset","Robert Billings","I just had my new roof installed yesterday. Everything went as promised. They arrived on time and completed the job in one day. They were very professional and ***** the project manager was great. He showed me exactly what was needed to fix my roof and now I have piece of mind that my roof will last for many years. They promised to clean up after job was done and after it was completed it didn't even look like they were there. Highly recommend this company.","Thank you, Robert, for your kind words and for trusting Rapid Roofing with your new roof installation in Syosset. We are glad to hear everything went exactly as promised and that our team delivered a smooth, one-day installation experience.

Our goal is always to provide clear guidance from the start, so it is great to know the project manager helped you understand exactly what your roof needed. That peace of mind is what every homeowner deserves when investing in a new roof.

We also take pride in being a reliable roofing contractor in Syosset that respects your time, your property, and your expectations. Completing the job efficiently while maintaining a clean site is just as important as the quality of the roof itself.

If you or anyone in your neighborhood ever needs roof installation, roof replacement, or roof repair in Syosset NY, our team is always here to help. Thank you again for the recommendation. We truly appreciate your support."
"AbFvOqmri6az5-wm6Oe7mWe7jTjClzdh4iQAI-f0dZMMxIvYQj1nEijeHBP5SnHBdHfcWKsuZ0xnjw","2026-05-08T13:04:39.639820Z","5","Bohemia","chung kim","Great job","Thank you, Chung, for your kind words and for choosing Rapid Roofing for your project in Bohemia.

We are glad to hear you were satisfied with the work and found our pricing reasonable. Whether it’s a small repair or a larger project, our team always aims to deliver reliable results with the same level of care and attention.

As a trusted roofing company in Bohemia and across Suffolk County, we take pride in providing dependable roof repair services, honest recommendations, and clean, efficient workmanship. If you ever need assistance in the future, whether it’s maintenance, inspections, or any residential roofing service, our team is always here to help.

We truly appreciate your support and your recommendation."
"AbFvOqnxpmvK50zbJy-3R6s4sZEyE_cH33dBQBOZjNw17mPrheCiSPOvYsPT9YrBXdL93TAt3d_gxQ","2026-05-11T23:05:07.335965Z","5","Bohemia","James Galasso","I am very satisfied with the whole crew. They did a great job very clean very efficient. I’m very happy with the job and would recommend them to anybody","Thank you, James, for your kind words and for trusting Rapid Roofing with your project.

We are glad to hear you were satisfied with the pricing, workmanship, and the professionalism of our crew. Delivering clean, efficient work is something we take seriously on every project, whether it is gutter repair in Bohemia NY, gutter installation, or a full new roof installation in Bohemia.

As a licensed roofing contractor in Bohemia NY and a trusted local roofing company in Bohemia NY, our goal is always to provide reliable service and long-term solutions for every homeowner. It is great to know the results met your expectations.

Your recommendation means a lot to our team. If you ever need assistance with roof repair in Bohemia NY, roof inspections, or even emergency roofing services in Bohemia, we are always here to help.

Thank you again for choosing Rapid Roofing."
"AbFvOqlN8g-l4ycp3B-afu3vXyGvdfTkgB0VolmYk8J_uMtfgO2Bi8pz3ln5_jMEmS31G7qLAw-8_A","2026-05-13T23:05:12.568314Z","5","Bohemia","Nabin Shrestha","Very good experience from start to finish. Mike D was very helpful explaining the additional benefits from using rapid roofing.  I received estimates that were lower but believe using rapid roofing was worth it given the warranty etc. David the pm was very good keeping me updated throughout the project and the crew did a good job on the install and just as important, the cleanup.","Thank you, Nabin, for taking the time to share your experience with us. We truly appreciate your kind words and your trust in Rapid Roofing.

We are glad to hear that you had a smooth experience from start to finish. Mike takes pride in helping homeowners understand the long-term value of choosing a reliable roofing company in Bohemia NY, especially when it comes to warranty coverage and quality materials. While lower estimates are common, investing in a properly installed roofing system often makes a significant difference over time.

It is also great to know that David kept you consistently informed throughout the project. Clear communication is a key part of what we aim to deliver as a licensed roofing contractor in Bohemia NY, so homeowners always feel confident during their new roof installation in Bohemia.

We appreciate your feedback about the crew as well. Delivering a clean, professional install along with thorough cleanup is something we take seriously on every residential roof installation in Bohemia NY. If you ever need assistance in the future, whether it is maintenance, a roof inspection in Bohemia NY, or even urgent support like emergency roof repair in Bohemia, our team is always here to help.

Thank you again for choosing Rapid Roofing. We are grateful to be considered among the top rated roofers in Bohemia."
"AbFvOqkT9ros4g9MAbLqNgQ7W0UBLB8bK-MqokENazyQiKwSPt1K21LuhFeG-S56Xpnt9qoQkqdV","2026-05-16T22:43:35.036057Z","5","Bohemia","vanessa perez","We could not be happier with the incredible job done by Rapid Roofers from start to finish! Their professionalism, communication, and attention to detail truly exceeded our expectations.

A special thank you to David, the project manager, who made the entire experience smooth and stress-free. He kept us informed every step of the way, answered all of our questions promptly, and continuously checked in to ensure we were completely satisfied with the work being done. His professionalism, patience, and dedication to customer satisfaction truly stood out and made us feel valued throughout the entire project.

We would also like to sincerely thank Kelly, Ryan, and Mike, along with the entire behind-the-scenes team that helped make this project possible. From scheduling and coordination to customer support and logistics, it was clear that there was an amazing team working together to ensure everything ran efficiently and professionally. Their hard work, communication, and dedication did not go unnoticed and played a huge role in making this such a positive experience.

The crew worked efficiently, respectfully, and took great pride in their work. Not only does our roof look amazing, but they also made sure the property was thoroughly cleaned up afterward, leaving everything spotless as if they were never even there.

It’s rare to find a company that combines quality workmanship with outstanding communication and genuine customer care. We highly recommend Rapid Roofers to anyone looking for reliable, honest, and skilled roofing professionals. Thank you again to David, Kelly, Ryan, Mike, and the entire Rapid Roofers team for an outstanding job! 👏🏽🏠","Vanessa, wow! Thank you so much for taking the time to share such a thoughtful and detailed review. Reading your kind words truly means the world to our entire Rapid Roofing team here in Bohemia.

We are beyond grateful that you trusted us with your home, and we are so happy to hear that the entire experience from start to finish exceeded your expectations. Providing clear communication, quality workmanship, and genuine customer care is exactly what we strive for every day, so hearing that reflected in your experience is incredibly rewarding.

David will be especially appreciative of your recognition. He takes great pride in making every project smooth, transparent, and stress-free for homeowners, and we’re thrilled to hear how much his communication, patience, and dedication stood out throughout the process.

We also sincerely appreciate you recognizing Kelly, Ryan, Mike, and our behind-the-scenes team. Roofing projects truly take a full team effort, and your acknowledgment of the scheduling, coordination, customer support, and logistics means so much to everyone involved. We’ll be sure to share your kind words with the entire crew.

It’s wonderful to hear that the installation team’s professionalism, efficiency, and attention to detail left such a positive impression and that your property was left spotless afterward. We always want our customers to feel cared for not only during the project, but after we leave as well.

Thank you again for your trust, your recommendation, and your incredibly kind feedback. It was truly our pleasure working with you, and we are honored to have been part of improving your home. If you ever need anything in the future, the Rapid Roofing family is always here for you! 
"
"AbFvOqkVpgCoZ_K2spFA7MaVlibroIRMP4HlfSuPMbfEEsTUiXtuB9rF47KLIbDpc8GSzHP-cn8Z","2026-05-17T10:15:47.117614Z","5","Bohemia","Robert Donigian","The team at Rapid Roofing was found at the home show and was asked if they could install flashing around my chimney. Not a very big job, but they came (on time), gave me a reasonable estimate and returned to accomplish it. I also signed up for an inspection, cleaning of roof shingles and gutters. David - the one that did the work was a pleasure to deal with and even returned to follow up with an additional issue. He took before and after shots. I included the important one","Robert, thank you so much for your wonderful review and for trusting Rapid Roofing with your home improvement needs!

We are so glad you stopped by and connected with us at the home show, and even happier that we could help with your chimney flashing project. No job is ever “too small” for our team. We believe every homeowner deserves prompt service, honest pricing, and quality workmanship, no matter the size of the project.

It’s great to hear that our team arrived on time, provided a reasonable estimate, and followed through exactly as promised. We are also happy you took advantage of the roof inspection and roof/gutter cleaning services to help keep your home protected and maintained.

David will especially appreciate your kind words. He truly cares about making sure every customer feels informed and taken care of throughout the process. From documenting the work with before-and-after photos to returning to address an additional issue, your feedback perfectly reflects the level of service we strive to provide every day.

Thank you again for your support, your trust, and for sharing your experience. We truly appreciate your recommendation and look forward to being here whenever you need us in the future!
"
"AbFvOqnr54A-aQ-9mB15Bz9r-1a6kqLtX4MX5vxvufs3YqmCBlBcMGZ5aC_9hgmo3SbfeFzBCvTRAA","2026-05-22T21:02:35.716660Z","5","Port Jefferson Station","Nabin Shrestha","","Thank you, Nabin, for the 5-star rating. We truly appreciate your support and are glad you chose Rapid Roofing in Port Jefferson Station. If you ever need help with roof repair, full roof replacement, or a roof inspection, Rapid Roofing's experienced team is always here to help you. "
"AbFvOqnNMu_x3Tyuv7YJMFSH3oJ_sxjxjNzGp0fL8ppqKVJt5fnwgtijNNTEcAKG1ryNYsrR838C","2026-05-25T03:10:21.129630Z","5","Port Jefferson Station","joseph mcnally","","Thank you so much for giving us 5 stars. This really means a lot to us. "
"AbFvOql7HWZPG7qdyMfM4bKDlspdo-JJB4_jDZDeTBD2Uc2GnfwLEu3KbFERP95HxkPLHxKlwAc1SA","2026-05-26T21:26:28.524689Z","5","Bohemia","junior morrison","Great job","Thank you so much for the 5 star review and for trusting Rapid Roofing with your attic venting repair project in Bohemia! We are grateful for the opportunity to help improve your roof ventilation system and overall roof performance."
"AbFvOqmr6yvEWjg81xnR83N9VieiAQ0Sal1wFny5bO_bXU3Kgeadxh5vlBMv0BAE6UIloxQqxZfMhg","2026-05-27T15:56:44.754067Z","5","Bohemia","Bassil A","Rapid Roof did an excellent job on our roof. The team was fast, clean, and highly professional from start to finish. The quality of the work exceeded expectations, and the whole process was smooth and stress-free. I would highly recommend them to anyone looking for a reliable roofing company!","Thank you so much, Bassil, for your thoughtful review and recommendation! We are incredibly grateful you chose Rapid Roofing for your roofing project in Bohemia. Our goal is always to provide fast, professional, and stress free roofing services while delivering long lasting workmanship and dependable results.

It is great to hear that you were happy with the quality of the roof installation and the professionalism of our crew from start to finish. We take pride in helping homeowners across Bohemia, Patchogue, Holtsville, Ronkonkoma, and surrounding Long Island areas with trusted roof replacement, roof repair, and emergency roofing services.

Thank you again for your support and for recommending our local roofing company to others looking for reliable and affordable roofing contractors!
"
"AbFvOqkK8rlJgIw26NKSGfxX8IjtYQiq03E0-ILUjpm7sJyHYy9UpI-dka2FalnrNbBmRFVPOXia","2026-05-27T21:17:31.100183Z","5","Bohemia","Maryann Campanella","Amazing job done by all the guys today! Looks awesome","Hi Maryann, thank you so much for the wonderful review! We truly appreciate your trust in Rapid Roofing for your roofing project in Bohemia. Our entire team works hard to deliver high quality roof replacement and roof repair services, so it means a lot to hear that you are happy with how everything turned out.

We are grateful for the opportunity to help homeowners throughout Bohemia, Ronkonkoma, Holbrook, Sayville, and nearby Long Island communities with reliable roofing solutions. Thank you again for choosing our local roofing company and for supporting our team!
"
"AbFvOqmVd1YAi86g6DmnU_9hf0OuadIlz4S4PkxD5jevuGD8LaPNHN-msGx-KqG9bWke9Vfg8UJ0rA","2026-05-28T22:05:00.323578Z","5","Port Jefferson Station","Kevin Reynolds","The staff begin the scenes and workers were all friendly and did great work. I would definitely Recommend.","Thank you so much, Kevin, for taking the time to share your experience and for trusting Rapid Roofing with your roof installation, gutter installation, and roof inspection project in Port Jefferson Station.

We truly appreciate your kind words about both our office staff and roofing crew. Providing friendly communication, professional service, and quality workmanship from the initial inspection through project completion is something we take great pride in. We are especially glad to hear that you felt the entire process was positive and that our team delivered great work at a reasonable price.

Our goal is to provide homeowners throughout Port Jefferson Station, Mount Sinai, Selden, Terryville, and surrounding Long Island communities with reliable roof replacement services, expert gutter installation, thorough roof inspections, and long lasting roofing solutions that protect their homes for years to come.

Thank you again for your recommendation and for choosing Rapid Roofing as your local roofing contractor. We are grateful for your support and look forward to being here whenever you need roofing or gutter services in the future.
"
"AbFvOqndgdGTwN-O3FFg0VSsDAWLmZ5uSSIUzLdxjZwDkcngfexCEqGTq9OJVSlGYbiF9a4lXaBkJw","2026-05-29T04:28:07.874044Z","1","Syosset","jay","Terrible service, manager/ owner was all over the place. I think he had something wrong with him. Didn’t give me an actual quote for the work. Wanted to wait until after the job was done.",""
"AbFvOqnoGQSqkiCbGa7k2F38ebukU_G0l1NqRwyjYwZtv2y8ZxfXFKnsB87sKkv4f0BnwlX_Uk5bFg","2026-05-29T20:06:08.878863Z","5","Oceanside","Suratana C","Satisfied with the work. David the project manager was very knowledgeable.","Thank you very much for your review, Suratana!

We are grateful for the opportunity to assist you and are pleased to hear that you were satisfied with the work completed. We especially appreciate your recognition of David's knowledge and professionalism throughout the process.

A thorough roof inspection is one of the most important steps in identifying roofing issues early and helping homeowners make informed decisions about repairs or roof replacement. We are glad David was able to provide the guidance and expertise you needed.

At Rapid Roofing, we are committed to delivering honest recommendations, detailed roof inspections, and dependable roofing services for homeowners throughout Oceanside, Hempstead, Rockville Centre, Baldwin, Freeport, and all other nearby Long Island communities.

Thank you again for your trust and for choosing Rapid Roofing. We truly appreciate your support and look forward to helping you with any future roofing needs.
"
"AbFvOqmOWcrps5Ahq5osQIKEjKptSmxgWFREE6b5QMif-_2gsFXuQbNSG5ZyKGkYeRSCMM5jH_iiuQ","2026-06-01T23:54:26.652576Z","5","Oceanside","John Fitzgerald","David and the crew were professional, clean and hard working.   Photos along the day were great.  Constant communication and answered all my questions.  Highly recommend Rapid Roofing.","Thank you so much for your kind words, John! We truly appreciate you choosing Rapid Roofing for your roof replacement project in Oceanside.

We are delighted to hear that David and the crew provided the professionalism, cleanliness, and hard work that we strive for on every roofing project. Keeping homeowners informed with progress photos, maintaining constant communication, and making sure all questions are answered are important parts of the customer experience we aim to deliver.

Your recommendation means a great deal to our team. Thank you for trusting us with your home and for recognizing our commitment to quality roofing services, customer care, and a smooth installation process. If you ever need a roof inspection, roofing repairs, or any future roofing services in Oceanside, Rockville Centre, Baldwin, or the surrounding areas, we are always here to help.

Thank you again for your support, John, and enjoy your new roof!
"
"AbFvOqlVtA7Y-nGJl-8t4M2gLUhnI9DlVm-fv6Vtq2g0RcuDb0ZszOAFbqpcPg2wvhfQgSVgU_-M9Q","2026-06-03T20:25:32.980870Z","5","Syosset","Chris O.","Ryan was my project manager and he and the entire crew did an amazing job. Best quality money can buy. I can not thank rapid roofing enough. Completely stress free. They took care of everything. My new roof looks amazing! Thanks guys. Rapid roofing is the contractor you want to hire, especially if you have solar panels.","Hi Chris,

Thank you for taking the time to share your experience with us. We truly appreciate your kind words and your trust in our team.

It is great to hear that Ryan and the entire crew delivered an amazing experience for your roof installation in Syosset. Providing top quality workmanship while keeping the process completely stress free is exactly what we aim for on every full roof installation or roof replacement project. We are especially glad everything was handled smoothly for you, including working around your solar panels, which requires careful planning and attention to detail.

Your feedback about the quality and overall experience means a lot to us. Whether it is a full roof replacement, roof repair, or supporting services like gutter installation, gutter replacement, chimney repair, chimney replacement, or even skylight repair and skylight replacement, our goal is always to take care of everything so homeowners can feel confident and worry free.

We are  so happy to hear that your new roof looks amazing and that you felt supported throughout the entire process.

Thank you again, Chris, for choosing Rapid Roofing in Syosset."
"AbFvOqlYyISyU2Cxgn9Vrr-yPGzLB5GdDNsA5McXSxLYFOk0w8D6jzVCXtlkzjXlT3zmK4JeL8Is4A","2026-06-05T12:36:48.634745Z","5","Port Jefferson Station","Hal Usher","I called three recommended companies for an estimate on my new roof.  I was totally impressed by the professionalism of everyone I dealt with from Rapid Roofing, from Kelly in the office, to Michael who gave me a prompt and very inclusive estimate, to the workers who did the work.
As a businessman myself I have always followed the principle ""Under promise and over deliver.""  Rapid Roofing exceeded my expectations in every way in this respect.  Professional installation, immaculate cleanup, prompt courteous from all members of the team.
You wouldn't think getting a new roof would be a nice experience.  It was!","Thank you so much for the wonderful review, Hal!
It was truly a pleasure working with you on your new roof installation in Port Jefferson Station. We are incredibly grateful that you took the time to share your experience and recognize the efforts of Kelly, Michael, and our entire roofing team.

As a fellow business owner, your comments about our commitment to under promising and over delivering mean a great deal to us. We take pride in providing detailed roof replacement estimates, clear communication, professional workmanship, and exceptional customer service from start to finish.

We are delighted that your new roof replacement project exceeded your expectations and that you were pleased with the installation process, immaculate cleanup, and the professionalism of every team member involved. Creating a smooth and stress free experience for homeowners is always our goal.

Thank you again for trusting Rapid Roofing with your roof replacement in Port Jefferson Station. Whether you ever need roof repair, gutter installation, gutter replacement, chimney repair, chimney replacement, skylight repair, or skylight replacement services in the future, we will always be here to help.

We sincerely appreciate your business and your recommendation, Hal. Enjoy your beautiful new roof!
"
"AbFvOqmNrXIPKk5z-pHYyvC-fUuUs2ALHSh5zKqVvZiGiJtSOcPaDxVGKWBbqSnaXbXpXowBixsptg","2026-06-05T16:08:14.946943Z","5","Oceanside","Maryann Campanella","If anyone is in need of a roofing company I highly recommend Rapid Roofing, They were amazing from start to finish they listened to all of my needs and concerns it couldn’t have gone any better  I truly enjoyed working with this company, thank you all so much for, Joe, Kelly, David and all of the rest of the crew you guys are wonderful!!","Thank you so much for your wonderful review, Maryann!

We truly appreciate your recommendation and are honored that you chose Rapid Roofing for your roofing project in Port Jefferson Station. It means a lot to hear that everything went smoothly from start to finish and that our team took the time to listen to your needs and concerns throughout the process.

Joe, Kelly, David, and the entire crew will be super happy to know they made such a positive impression. We believe that great communication, attention to detail, and putting our customers first are just as important as delivering high quality roofing services.

We are especially grateful for your trust and confidence in our team. Whether it is a roof inspection, full roof replacement, roof repair, gutter installation, gutter replacement, gutter repair, chimney repair, chimney replacement, skylight repair, or skylight replacement, our goal is always to provide homeowners in Port Jefferson Station with exceptional workmanship and a stress free experience.

Thank you again, Maryann, for your kind words and support. It was a pleasure working with you, and we are always here whenever you need a trusted local roofing company in Port Jefferson Station.

The Rapid Roofing Team
"
"AbFvOqlkiwtoCFNPQQ1iddFtZK998ZEiS6oFUdxo3sQ2HqkH0bVuUcUBzeTYcmdguBfJBFOSpiBObQ","2026-06-05T21:40:51.387651Z","5","Oceanside","Brittani Landro","Very satisfied with the crew and the work. Everyone was very professional and courteous. Wonderful job would highly recommend.","Thank you so much for the wonderful review, Brittani!

We truly appreciate you taking the time to share your experience with Rapid Roofing in Port Jefferson Station. It is great to hear that you were very satisfied with both our crew and the quality of the work completed. Providing professional, courteous service and delivering exceptional results are things we take great pride in every day.

We are especially happy that your roof inspection and skylight installation project met your expectations. Our team works hard to ensure every homeowner receives clear communication, quality craftsmanship, and a smooth experience from start to finish.

Your recommendation means a great deal to us. Whether homeowners need a new skylight installation, skylight replacement, skylight repair, full roof replacement, roof repair, gutter installation, gutter replacement, gutter repair, chimney repair, or chimney replacement, our goal is always to provide dependable service and lasting results throughout Port Jefferson Station.

Thank you again, Brittani, for your trust and kind words. It was a pleasure working with you, and we look forward to being here whenever you need roofing or skylight services in the future.

The Rapid Roofing Team
"
"AbFvOqmim7y4SQOziqYu6T3FIlDOf09dfEd-1V5bvBZRdsT_Yt3hVzp9UbiKQ97poHF7TbAb1jZQUw","2026-06-07T22:07:28.929151Z","5","Bohemia","Lisa Meinardus","Rapid Roofing did an excellent job on our roof after we added onto our home. It looks beautiful, and the whole process was smooth from start to finish. They delivered exactly what they promised, completed the work on time, and stayed on budget. I highly recommend them. Full disclosure: one of the principals is a family member.","Hi Lisa,
Thank you for taking the time to share your experience and for your kind words. We truly appreciate your support.

We are glad to hear that your roof turned out exactly as expected after your home addition. Projects like these require careful planning and coordination, so it means a lot to know the process felt smooth from start to finish and that everything was completed on time and within budget.

At our Bohemia location, we focus on delivering reliable roof replacement and roof installation services that homeowners can feel confident about, especially when upgrading or expanding their homes. It is great to know that the final result met your expectations and looks beautiful.

Your recommendation means a great deal to our entire team. Whether it is full roof replacement, roof repair, gutter installation, gutter repair, chimney repair, chimney replacement, or skylight services, we are always here to help homeowners across Bohemia and surrounding areas with dependable solutions.

Thank you again, Lisa. We truly appreciate your trust in Rapid Roofing."
"AbFvOqlxJQdZ6F79imuMhr00JKT5FjBWSW9HTbyrmRne_nwgPG5yr9CpusH2GJw0-SlI6o7QIE7V3w","2026-06-10T18:16:19.866560Z","5","Port Jefferson Station","Dave McIntyre","I honestly can’t say enough good things about my experience using Rapid Roofing for complete roof replacement at my new home. The initial inspection and sales meeting was very transparent and informative and made it an easy decision to choose Rapid Roofing for this project. Everyone on the team was extremely helpful and easy to communicate with as the scope of the project grew unexpectedly. And I was provided real time picture and video updates as the job went on. They had a dedicated project manager for my specific job so it made questions and changes easy to address. They also offer an amazing financing program which made things even easier. I would highly recommend Joey and his whole team for anyone looking for any roofing projects large or small. Definitely 10/10 start to finish","Hi Dave,
Thank you so much for taking the time to share such a detailed review. We truly appreciate your trust in Rapid Roofing for the full roof replacement at your new home.

It is wonderful to hear that the initial roof inspection and consultation gave you the transparency and confidence you needed to move forward with such an important investment. We believe homeowners deserve clear information and honest recommendations when considering a roof replacement, so your feedback means a lot to our team.

We are especially grateful for your kind words about Joe, your dedicated project manager, and the entire crew. As the scope of your roofing project expanded, we were happy to help navigate the changes and keep communication simple and efficient. Providing real-time photo and video updates is something we value because it allows homeowners to stay informed and confident throughout the roof installation process.

We are also glad that our financing options helped make the project more manageable. A full roof replacement and gutter installation are major improvements to any home, and we work hard to provide solutions that make the process as smooth as possible from start to finish.

Dave, thank you again for recognizing the professionalism, communication, and customer care that our team strives to deliver every day. Reviews like yours motivate us to continue providing high-quality roof replacement, roof repair, gutter installation, gutter replacement, gutter repair, chimney repair, chimney replacement, skylight repair, and skylight replacement services for homeowners throughout Port Jefferson Station, Port Jefferson and the surrounding Long Island communities.

We truly appreciate your recommendation and are honored to have been part of improving your new home. Enjoy your beautiful new roof, and please know we are always here whenever you need us in the future.

The Rapid Roofing Team
"
"AbFvOqlnwZ-SaWzwcE_WbBmBLgiSqwFIicyrdz9yv_LKvYwsjlI7jAk2X7R1pWM5RgMTFjEWjhVaaw","2026-06-10T18:28:50.682344Z","5","Oceanside","Chris O.","Rapid roofing did an amazing job on my roof. Very impressive workmanship. The best warranty and roof money can buy. Rapid roofing is the company you wanna hire. It only took them one day to completely replace my roof.","Hi Chris,
Thank you so much for your fantastic review and for trusting Rapid Roofing Oceanside with your roofing project.

We are glad to hear that you were impressed with the workmanship, pricing, and overall experience. A full roof replacement is a major investment, and it means a lot to know that our team delivered the quality, value, and peace of mind you were looking for.

We are especially glad you highlighted the warranty coverage and the efficiency of the installation. Completing your roof replacement in just one day while maintaining the highest standards of craftsmanship is something our team takes great pride in. We know how important it is for Oceanside homeowners to have a durable roofing system installed quickly and professionally without sacrificing quality.

Thank you as well for mentioning the roof inspection process. We believe that every successful roofing project starts with a thorough inspection and honest recommendations so homeowners can make informed decisions about their property.

Chris, your recommendation means the world to our entire team. Whether homeowners need a full roof replacement, roof repair, gutter installation, gutter replacement, gutter repair, chimney repair, chimney replacement, skylight repair, or skylight replacement, our goal is always to provide exceptional service, premium materials, and long-lasting results.

Thank you again for your kind words and for choosing Rapid Roofing Oceanside. We truly appreciate your support and are honored to have earned your trust. Enjoy your beautiful new roof for many years to come.

The Rapid Roofing Oceanside Team
"
"AbFvOqkhaDkKvbvyTdAHEKulRwMDzcBSdAlOSAoENSR_zpu9ElHR3gL0tHDiN-tujiSMN4OYKumUyA","2026-06-11T12:54:17.666061Z","5","Port Jefferson Station","Chris O.","Rapid roofing provided me outstanding service, excellent workmanship, and peace of mind. It only took them one day to replace my roof and they were extremely thorough. Every part of the project was documented. Thanks for everything Rapid Roofing!","Hi Chris,
Thank you so much for your fantastic review and for trusting Rapid Roofing with your roof replacement project.

We are so happy to hear that you received outstanding service, excellent workmanship, and the peace of mind that every homeowner deserves when investing in a new roofing system. It is great to know that our team completed your roof installation in just one day while maintaining the thorough attention to detail that we pride ourselves on. We are also glad that the project documentation helped keep you informed and confident throughout the process.

At Rapid Roofing, we believe transparency and communication are just as important as quality craftsmanship. Whether homeowners need a full roof replacement, roof repair, gutter installation, gutter replacement, chimney repair, chimney replacement, skylight repair, or skylight replacement, we strive to deliver professional results and an exceptional customer experience from beginning to end.

Thank you again, Chris, for your kind words and recommendation. We truly appreciate your support and are honored to have earned your trust.

Enjoy your beautiful new roof!"
"AbFvOqmWIJQEtYC8u5xwCaN01P25GpUBDnGrptkZfTyP2QKPU4j23iqlIfYwSA8ggbiEk4RNIswaOA","2026-06-11T18:00:47.903244Z","5","Port Jefferson Station","Andrew Hoffman","Full replacement of plywood,  shingles,  powered ventilation","Hi Andrew,
Thank you for taking the time to leave us a 5-star review. We truly appreciate your trust in Rapid Roofing.

We are glad to hear that you were happy with the value and quality of your project. A full roof replacement that includes new plywood decking, architectural shingles, and powered roof ventilation is a major investment, so it means a lot to know that the experience met your expectations. Our team works hard to ensure every roofing system is built for long-term performance, energy efficiency, and protection.

Whether it is a complete roof replacement, roof repair, gutter installation, gutter replacement, chimney repair, chimney replacement, skylight repair, or skylight replacement, our goal is always to provide homeowners with dependable workmanship and a smooth experience from start to finish.

Thank you again, Andrew, for choosing Rapid Roofing. We are grateful for the opportunity to serve you and hope you enjoy your new roof for many years to come."
"AbFvOqmq-VooL4GZx9I3RDLXn2MB-DG7gMUoUNnuh9xYK3op9oqvj7hXIhBa7cn59kZjtIFqLkNKiw","2026-06-13T00:34:34.694491Z","5","Port Jefferson Station","catherine gallego","I had a great experience with Rapid Roofers! Michael and the crew were prompt, professional and knowledgeable.  Definitely recommend.","Hi Catherine,
Thank you so much for your 5-star review and for choosing Rapid Roofing for your roof repair project. We truly appreciate your kind words and are glad to hear that you had a great experience with our team.

Michael and the crew take great pride in providing prompt, professional, and knowledgeable service, so it is wonderful to know that their dedication made a positive impression. We understand how important it is to address roofing issues quickly and correctly, and we are glad we could deliver a smooth and stress-free experience for you.

Whether it is a roof repair, full roof replacement, gutter repair, gutter installation, gutter replacement, chimney repair, chimney replacement, skylight repair, or skylight replacement, our goal is always to provide Long Island homeowners with quality workmanship, honest communication, and lasting results.

Thank you again, Catherine, for your recommendation and trust in Rapid Roofing. It was our pleasure to serve you, and we are always here if you need any future roofing or exterior home improvement services.

The Rapid Roofing Team
"
"AbFvOqlu8oQKzv-50_cCSBwZt8yL4A9eVEEZsrt6qUdcoSJMzqxTU5K2E4okfUAJR19wunnd18I1XQ","2026-06-15T23:58:04.600332Z","5","Oceanside","Jason Wood","Professional thorough crew from start to finish.","Thank you, Jason, for taking the time to share your experience with Rapid Roofing. We truly appreciate your 5-star review and are grateful for the opportunity to work on your roofing project.

It is great to hear that our crew delivered professional and thorough service from start to finish. At Rapid Roofing, we take pride in providing detailed roof inspections, clear communication, quality workmanship, and a smooth experience throughout every project.

Whether homeowners need a full roof replacement, roof repair, gutter installation, gutter replacement, gutter repair, chimney repair, chimney replacement, skylight repair, or skylight replacement, our goal is always to provide dependable solutions and lasting results.

Thank you again, Jason, for trusting Rapid Roofing. We appreciate your support and recommendation, and we look forward to helping with any future roofing needs.
"
"AbFvOqmMdGkioQvB2Cip1kNWXH0cpsNflpXlm4Z2wh2fLZW4Ifr3pyut4PsRUyt-DGX9Q2kKWFoYWQ","2026-06-19T23:12:23.876739Z","5","Port Jefferson Station","Yi-Chin Lin","We had a wonderful experience with them, from consultation (Mike), order processing (Ryan), to execution of roof and gutter replacement (Kevin). We trusted them, and they really delivered the extremely professional and respectful services! Highly recommended!","Thank you so much, Yi-Chin, for your thoughtful review and for trusting Rapid Roofing with your roofing and gutter project.

We are delighted to hear that you had a wonderful experience from start to finish. Mike, Ryan, and Kevin will be especially happy to know that their professionalism, communication, and dedication made such a positive impression throughout the consultation, order processing, and installation phases of your project.

Your trust means a great deal to our team, and we are grateful for the opportunity to complete your roof repair and gutter installation. We work hard to provide homeowners with dependable roofing solutions, quality craftsmanship, and respectful service on every project, whether it involves a full roof replacement, roof repair, gutter replacement, gutter repair, chimney repair, chimney replacement, skylight repair, or skylight replacement.

Thank you again, Yi-Chin, for your recommendation and kind words. It was a pleasure serving you, and we appreciate the confidence you placed in Rapid Roofing. If you ever need roofing or gutter services in the future, our team will be here to help."
"AbFvOqmHaBGu7Ux_58LipfxwVlyclq0dAhUWihOCmE2aZ6OhC9yDy67ybyT3_j8LLw5HfsydUX48","2026-06-22T19:22:01.109279Z","5","Port Jefferson Station","Anna Zack","Great company, great people highly recommend.

Dennis from Dix Hills","Hi Anna,

Thank you so much for your 5-star review and recommendation. We truly appreciate your kind words about our company and team.

It was a pleasure helping with your roof installation project, and we are delighted to hear that you had a great experience with us. Providing quality workmanship, honest communication, and professional service is something our entire team takes great pride in every day.

We are especially grateful to have earned the trust of homeowners like Dennis from Dix Hills. Whether it is a full roof replacement, new roof installation, roof repair, gutter installation, gutter replacement, chimney repair, chimney replacement, skylight repair, or skylight replacement, our goal is always to deliver lasting results and a stress-free experience.

Thank you again, Anna, for taking the time to share your feedback and for recommending Rapid Roofing. We appreciate your support and look forward to helping with any future roofing needs.

The Rapid Roofing Team | Port Jefferson Station"
"AbFvOql1dLBMJTU-XUtPBKWiXOmV07Uslqv2c3m_aqR7_727h76vLmgDPYtHWlnFuZ0Orvq9MJAJlQ","2026-06-23T17:20:06.390367Z","5","Port Jefferson Station","Kaiser Alam","Great Job","Thank you, Kaiser, for the 5-star review! We are super glad to hear you were happy with your roof installation and the value we provided. Our Port Jefferson Station team is committed to delivering high-quality roofing services and excellent customer care. We appreciate your business and thank you for choosing Rapid Roofing!"
"AbFvOqkn5N0xiyxerVwyXOOExokEHY9X317Dg5z9S-JBB6sl0do6dr0bJLiumK7o0xjNQ2Ybz_lvEw","2026-06-25T21:30:42.610569Z","5","Oceanside","Mary Lilienkamp","Roof looks great. Guys did a great job tearing down and replacing the roof.","Hi Mary,
Thank you so much for taking the time to leave us a wonderful 5-star review! We truly appreciate your trust in Rapid Roofing for your roof replacement project in Oceanside.

We're delighted to hear that you felt the price was reasonable and that you're happy with how your new roof looks. It also means a great deal to know our crew made a positive impression while carefully tearing off your old roof and completing the replacement. We take pride in delivering quality workmanship, maintaining a clean job site, and making every residential roofing project as smooth as possible.

Your recommendation means everything to our team. Thank you for choosing Rapid Roofing as your trusted roofing contractor in Oceanside. Whether you or your neighbors ever need roof repair in Oceanside, a roof replacement service, or a reliable roofing company in Long Island, we are always here to help.

Thank you again, Mary, for your kind words and support. We hope you enjoy your beautiful new roof for many years to come!

– The Rapid Roofing Team
"
"AbFvOqmHP_5xHe-tQ41r6YknfvmLPoZTjTqCLWK5GTviX4A1QGTG0JRNneyQn_cDzOZuAa4kB-jx","2026-06-30T12:13:31.016242Z","2","Port Jefferson Station","Stuart Stauber, MD","Mixed","Hi Dr. Stuart Stauber,
Thank you for taking the time to leave a review and for choosing Rapid Roofing Port Jefferson Station. We sincerely appreciate your feedback.

We are sorry to learn that your experience did not fully meet your expectations. Seeing that you described your experience as ""Mixed"" tells us that there were aspects of the project that could have been better, and we would genuinely like the opportunity to understand what happened.

At Rapid Roofing, we take great pride in providing excellent customer service, clear communication, and quality workmanship on every project, whether it involves a full roof replacement, roof repair, gutter installation, gutter replacement, gutter repair, chimney repair, chimney replacement, skylight repair, or skylight replacement. We understand that every homeowner deserves an outstanding experience from the initial consultation through the final walkthrough.

Dr. Stauber, your feedback is important to us, and we would appreciate the opportunity to speak with you directly so we can better understand your concerns and work toward a resolution. Please feel free to contact our office at your convenience. We are always committed to learning from our customers and improving wherever possible.

Thank you again for your feedback and for giving Rapid Roofing Port Jefferson Station the opportunity to serve you. We hope to have the chance to restore your confidence in our team.
"
"AbFvOqmqUrceb7yf861DlZ__ME8rHtWmIwvSJJjwi97dovw1MbTuFUJ5IJJkc3XWeyTrgwXparT_GA","2026-06-30T19:43:36.963413Z","5","Oceanside","Louise Barber","David and his crew were very efficient, hard workers completing the work quickly. They cleaned up the area when they were finished for the day. David and his crew were respectful to me and my property. I would highly recommend them.","Hi Louise,

Thank you so much for your wonderful 5-star review and for trusting our Oceanside roofing team with your skylight installation project. We truly appreciate you taking the time to share your experience.

We're delighted to hear that David and his crew were efficient, hardworking, and completed your project quickly while maintaining the highest standards of workmanship. It's especially rewarding to know that our team cleaned up thoroughly at the end of each day and treated both you and your property with the respect and care every homeowner deserves.

Your recommendation means a great deal to us. Whether it's skylight installation, roof replacement, roof repair, or other residential roofing services in Oceanside, our goal is always to deliver quality craftsmanship, clear communication, and a hassle-free experience from start to finish.

Thank you again for choosing Rapid Roofing. We wish you many years of enjoying your new skylight, and we're always here if you need a trusted roofing company in Oceanside in the future."
"AbFvOqnpRwiRr5fOnqwGDRHUSshNk2swEebhpV1My9IzilRcnwRL8NypPL453pQpNIBIavFwFQvwAA","2026-07-03T18:13:55.287227Z","5","Port Jefferson Station","Anthony","Had my gutters replaced guys were on time and did a great job even worked though a torrential downpour to get the job done. Also clean up nicely I didn’t have to do anything after and looks great.","Hi Anthony,
Thank you so much for taking the time to share your experience and for choosing Rapid Roofing for your gutter replacement project in Port Jefferson Station.

We are so happy to hear that our team arrived on time, completed your gutter installation with professionalism, and left your property spotless. Working through a torrential downpour while maintaining quality workmanship is a testament to our crew's dedication, and we appreciate you recognizing their commitment. We also believe that a complete cleanup is just as important as the installation itself, so it is wonderful to know you did not have to do anything after we finished and that you are happy with the final result.

Your feedback means a great deal to us because we strive to deliver dependable service and lasting results on every project, whether it is gutter replacement, gutter repair, gutter installation, full roof replacement, roof repair, chimney repair, chimney replacement, skylight repair, or skylight replacement.

Thank you again, Anthony, for your recommendation and your trust in Rapid Roofing Port Jefferson Station. We truly appreciate your support and look forward to helping you with any future roofing or gutter needs.
"
"AbFvOqlptwbXRL2GxbdV3LAPOQzm39ySZoL7FOnADTs-BSlkGToznmkRG-xWarx2n2zY6a3YQ1JnfA","2026-07-06T17:29:38.385311Z","5","Port Jefferson Station","Steve H","Great company. A little more $$ than some others but worth every penny for higher end shingles, workmanship and customer service. Also did my gutters and they corrected some issues I've had since the house was built. Was tested and passed with the recent super storm not a leak or missing shingle. Highly recommend Rapid Roofing from Joe the salesman to Kevin the project manager and all the guys on the crews!! Bonus they literally left my yard spotless, haven't found one nail or old shingle they spent hours cleaning up and putting back all my furniture and outside decorations 👍👍👍","Hi Steve,

Thank you so much for taking the time to share such a thoughtful review and for trusting Rapid Roofing Port Jefferson Station with your home improvement project.

We truly appreciate your recognition of the quality of our premium roofing materials, workmanship, and customer service. We understand that a full roof replacement and gutter installation are significant investments, so it means a great deal to hear that you feel the value was worth every penny.

We are especially happy that our team was able to correct the gutter issues that had been present since your home was built. Knowing that your new roof, attic venting repairs, and gutter installation performed flawlessly during the recent major storm with no leaks and no missing shingles is exactly the peace of mind we strive to deliver for every homeowner.

Thank you as well for recognizing Joe, Kevin, and every member of our roofing crews. We will be sure to share your kind words with them. Our entire team takes great pride in providing clear communication, professional project management, and expert craftsmanship from the initial consultation through the final walkthrough.

Your comments about our cleanup mean just as much to us. Leaving your yard spotless, carefully removing every nail and old shingle, and putting your outdoor furniture and decorations back in place are all part of the level of service we believe every customer deserves.

Steve, your recommendation means the world to us. Whether homeowners need a full roof replacement, roof installation, attic venting repairs, gutter installation, roof repair, gutter replacement, chimney repair, skylight replacement, or skylight repair, our goal is always to provide long-lasting solutions and an exceptional customer experience.

Thank you again for choosing Rapid Roofing. We are honored to have earned your trust and look forward to being here whenever you need us in the future.
"
"AbFvOqlT4UsDF6x2tfk5qsep3WkZ-C7StdR5su4yEu_D3hUpprlEy70r2qcCUQmlkOguSyNt17bFTw","2026-07-13T21:58:37.948427Z","4","Oceanside","Shannon Leonie","Rapid Roofing did an amazing job from start to finish replacing the roof. The entire process was seamless, professional, and the results came out beautifully.","Hi Shannon, thank you for taking the time to share your experience and for trusting Rapid Roofing with your project. We are delighted to hear that your roof replacement in Oceanside was seamless from start to finish and that you were pleased with the professionalism of our team and the final result. We also appreciate you mentioning your roof inspection, as we believe clear communication and thorough planning are key to every successful project.

We noticed we earned 4 stars, and while we are grateful for your kind words, we are always striving to provide a 5-star experience. If there is anything we could have done better, we would truly appreciate your feedback so we can continue improving. Thank you again for choosing Rapid Roofing. If you ever need a roof repair in Oceanside or another roof inspection in Oceanside, we are always here to help."
"AbFvOqm_jMtwVNJRKWHsITlyMZPoPSR6N1CEpSVOasLePBwmKL0u347cCQfrT1C0gv2UOx-u0uWzmg","2026-07-15T21:14:50.647093Z","5","Bohemia","Raafat El-Maghrabi","Outstanding job and crew: quick, careful, considerate and VERY CAPABLE! Finished the BIG job in one day, excellent consideration of front and back yards, and of course ROOF REPLACEMENT.","Hi Raafat, thank you for your fantastic 5-star review and for trusting Rapid Roofing with your roof replacement in Bohemia. We are delighted to hear that our crew's speed, attention to detail, and respect for your property exceeded your expectations. Completing a large roof installation in just one day while protecting your front and back yards is something our team takes great pride in. We also appreciate you recognizing our work on your roof damage repair. 

Thank you again for choosing Rapid Roofing. It was a pleasure serving you, and we are always here if you need a trusted roofing contractor in Bohemia, NY in the future."
"AbFvOqnK1pYqg82EDxZ_x3SoX6m4B114cWDCuUnGTsn98_2n9Jk6hAsWautdF4abtB0ZwVqMFaFN4g","2026-07-16T16:01:52.423507Z","5","Port Jefferson Station","Justine Levee","We had a great experience with Rapid Roofing from start to finish. The team was professional, knowledgeable, and communicated clearly throughout the entire process. They arrived on time, completed the work efficiently, and left my property clean when they were finished.

The quality of the workmanship exceeded my expectations, and they made the entire experience stress-free.

I highly recommend this company to anyone looking for honest, reliable, and high-quality roofing services. Thank you for a job well done!","Hi Justine, thank you so much for your wonderful 5-star review and for choosing Rapid Roofing. We are glad to hear that you had a great experience from start to finish. Providing clear communication, arriving on time, delivering quality workmanship, and leaving every property spotless are standards our team works hard to uphold on every project.

It means a great deal to know we exceeded your expectations and made the entire process stress-free. Your recommendation is truly appreciated and is the highest compliment we can receive. Thank you for trusting Rapid Roofing, and if you ever need a roof repair in Port Jefferson Station, a roof replacement in Port Jefferson Station, or a reliable roofer in Port Jefferson Station, we will be here to help. Enjoy your new roof, and thanks again for your support!"
"AbFvOqlv2pwqyOJt2FE1c3y6d_OJ5Gr8vIMVJ-z8HnwP9uX0Ib0ySJeBxXYdl1NnqePNF-DlUwr8","2026-07-17T12:11:22.106584Z","5","Port Jefferson Station","Justin Colon","","Hi Justin, thank you for the 5-star review and for choosing Rapid Roofing! We are glad we could provide quality roofing services at a reasonable price. Our team is committed to delivering dependable workmanship, honest pricing, and a smooth experience on every project. We truly appreciate your support, and if you ever need a roof repair in Port Jefferson Station, a roof replacement in Port Jefferson Station, or a trusted roofer in Port Jefferson Station, we will be here to help. Thanks again for your recommendation!"
"AbFvOqkSs2BFNENOe98wsQ5mg5ZBnHSh7l6Fy6v0uLqX1DvxUETbKINDozoDRcxK38wAFoGUu4GmgQ","2026-07-19T12:24:42.786107Z","5","Port Jefferson Station","Mark Tyrrell","I thought my project would never get done between having leaks under the solar panels. They came in very professionally, took care of the solar panels. The leaks I was extremely happy. They did an outstanding job would definitely recommend them to anybody.","Hi Mark, thank you for your outstanding 5-star review and for trusting Rapid Roofing with your project. We understand how frustrating roof leaks can be, especially when they are located beneath solar panels, so we are thrilled our team was able to resolve the issue professionally and give you peace of mind. It means a lot to hear that you were extremely happy with the results and our workmanship. Your recommendation is truly appreciated. If you ever need roof repair in Port Jefferson Station or are looking for a dependable roofing company in Port Jefferson Station, our team will be here to help. Thank you again for choosing Rapid Roofing!"
"AbFvOqnsdcXLwd2Qhzaa1oDWmE1cWQABfzJVQdu9z7ZZ-k9rIwtKVxa3sXXDN1d80qZa8_NQWl90_w","2026-07-19T16:16:28.801967Z","5","Port Jefferson Station","EJ","I had a great experience with Rapid Roofing from start to finish. The team was professional, honest, and easy to work with throughout the entire process. They showed up on time, kept me informed, and completed the job with excellent attention to detail. The crew left my property spotless when they were finished, and the quality of the workmanship really stands out. If you’re looking for a reliable roofing company that takes pride in its work, I highly recommend Rapid Roofing.","Hi EJ, thank you so much for your wonderful 5-star review! We truly appreciate you taking the time to share your experience. We are delighted to hear that our team made the entire process smooth with clear communication, honest service, and attention to every detail. It's great to know you were happy with your roof inspection and gutter installation in Port Jefferson Station, and that our crew left your property spotless after the job was completed. Your recommendation means a great deal to us, and we are grateful you chose Rapid Roofing. Whenever you need a trusted roofer in Port Jefferson Station or a reliable roofing company in Port Jefferson Station, we'll be ready to help. Thank you again for your support!"
"AbFvOqlTCz1euSMouVMmwQfxO3YxwLcmY7prN-pN1ntBnYrHoE-z-8bdlyF83h54xS00pWIT9YJkew","2026-07-21T12:56:59.638962Z","5","Port Jefferson Station","Dan Ryan","Rapid Roofing was awesome.. They did everything they promised and then some. When we had a small issue they came asap and addressed the problem.   I highly recommend them. FIVE STARS","Hi Dan, thank you so much for your fantastic 5-star review and recommendation! We are super happy to hear that your experience with Rapid Roofing lived up to our promises. Providing reliable roofing service, fair pricing, and standing behind our work are values our team takes seriously, so we are especially glad we could respond quickly and resolve the issue to your satisfaction.

We truly appreciate your trust in Rapid Roofing. If you ever need a roof repair in Port Jefferson Station, a roof replacement in Port Jefferson or a dependable roof contractor in North Shore & Central, Suffolk County, we are always here to help. Thank you again for your support and for choosing Rapid Roofing!"
"AbFvOqkyTcsV7be1zQc443FQqEa0joEE9Ab6eFAt7AokTrP53tJ7UxWla46UiMucXoUl3FWJLULK","2026-07-24T21:05:14.051505Z","5","Oceanside","Tyler Bailey","The crew was efficient, speedy, answered all our questions and we are very happy with the color, service and cleanliness around the job site!","Thank you, Tyler, for your wonderful 5-star review! We truly appreciate you taking the time to share your experience with Rapid Roofing.

We are delighted to hear you were happy with our reasonable pricing, efficient crew, and the way our team kept you informed by answering all your questions throughout the project. It's also great to know you are pleased with your new skylight and that our attention to job site cleanliness made a positive impression.

Whether it's skylight replacement Oceanside, roof repair Oceanside, or a complete roofing project, our goal is to deliver quality workmanship and a smooth experience for every homeowner. Thank you for trusting our roofer Oceanside team. It was a pleasure serving you and your home in Oceanside and the South-West/Coastal Nassau area. We appreciate your recommendation and are always here whenever you need a trusted roof contractor Oceanside or professional roofing services in Nassau County."
"AbFvOqk7fTsC45da3O-SBXRFnDrb62-6iwcMrXyC5T_EbLx04loG536BnJdYuQwNjq1ioL6atB3UdA","2026-07-25T18:16:57.423592Z","5","Port Jefferson Station","Karen Hinckson","From start to finish, the entire experience was professional, honest, and exceptional. The presentation and quality of work were beyond reproach. The owner went above and beyond by personally contacting me after the job was completed to let me know I had been overcharged and promptly returned the difference.

Throughout the entire process, I was kept informed with videos and pictures, which showed the transparency and care put into the work. It is rare to find someone who operates with this level of integrity and professionalism. I highly recommend their services and truly appreciate the outstanding experience.","Thank you so much, Karen, for your thoughtful 5-star review and for trusting Rapid Roofing with your project. Your kind words truly mean a great deal to our entire team.

We're grateful you recognized the professionalism and quality of our work from start to finish. We believe every homeowner deserves honest recommendations, clear communication, and craftsmanship they can feel confident about.

Thank you for mentioning the follow-up regarding the billing adjustment. Doing the right thing is simply part of how we operate, and we are pleased we could quickly resolve it for you. We also appreciate your feedback about the progress videos and photos. Keeping homeowners informed throughout the project is an important part of the experience and helps ensure complete transparency from beginning to end.

It was our pleasure to serve you as your roofer Port Jefferson Station. Whether homeowners need roof repair Port Jefferson Station, a trusted roof contractor Port Jefferson Station, or a reliable roofing company Port Jefferson Station, our goal is always to deliver exceptional workmanship with honesty and integrity. Thank you again for your recommendation, and for choosing Rapid Roofing. We look forward to being here whenever you need us in Port Jefferson Station and the surrounding Long Island communities."
"AbFvOqkM0suxvy6G0KXb4mum1_NtTGFegAqzXZlSxZZunRIBJfAE64QikCX0ohJtFjMDRlixNpwkrw","2026-07-25T19:04:37.447411Z","5","Port Jefferson Station","Cole Cornell","","Hi Cole, thank you for the 5-star rating! We truly appreciate you choosing Rapid Roofing and taking the time to support our team. It means a lot to us. If you ever need a trusted roofer in Port Jefferson Station, whether it's for roof repair in Port Jefferson Station, a roof inspection, or a future roofing project, we are always here to help. Thanks again for choosing Rapid Roofing!"
"AbFvOqlV-rHw4UivqYdHeYaKzFqtBT78VjSD8GZDsJjC4twnNNd76YSX1G4YkbqkY-tTi0PotlSjPg","2026-07-25T20:05:58.896762Z","5","Wantagh","Chris Guarnieri","""I couldn't be happier with the service I received from Rapid Roofing! From the initial quote to the final cleanup, their team was professional, prompt, and exceptionally thorough. They completed the work on schedule, communicated clearly every step of the way, and left my property spotless. If you need reliable roofing work done right, I highly recommend calling Rapid Roofing!"" Chris G: West Babylon NY","Thank you so much, Chris, for your wonderful 5-star review and for trusting Rapid Roofing with your roofing project! It means a lot to hear that you were happy with every stage of the process, from the initial quote through the final cleanup.

We are especially grateful that you recognized our team's professionalism, clear communication, and commitment to completing the work on schedule while leaving your property clean and tidy. Providing homeowners with a smooth, stress-free experience is something we take great pride in.

Although your home is in West Babylon, we are super happy you chose our Wantagh roofing contractor team for your project. Whether homeowners need roof repair Wantagh, a dependable roofer Wantagh, or a trusted roofing company Wantagh, our goal is always to deliver quality craftsmanship, honest service, and lasting results.

Thank you again for your recommendation and for taking the time to share your experience. Everyone at Rapid Roofing truly appreciates your support, and we are always here whenever you need a reliable roof contractor Wantagh or professional roofing services throughout Wantagh and the surrounding Long Island communities."
"AbFvOqnxN6GRxPh4mbqeTZBfHBqPY2xyOORTetnkmz3eMDEqvxtfZb_i06PAG7yojHjcuMtYXWYB","2026-07-28T02:04:42.039921Z","5","Wantagh","John Gaiso","Rapid Roofing did an excellent job on our roof replacement. From the initial meeting with Mike to project completion with Project Manager Dave, every team member was knowledgeable, professional, and genuinely customer-focused — no pushy sales tactics, no rushing.

Our roof is quite complex, but the crew worked seamlessly together to complete the large roof on our main house plus two smaller structures, all in a single day. Impressive coordination and efficiency.

Highly recommend Rapid Roofing for any roofing replacement or construction project. Professional, efficient, and well-run from start to finish!","Hi John, thank you for your incredible 5-star review and for taking the time to share such a detailed account of your experience. We are super happy to hear that Mike, Dave, and the entire team provided the knowledgeable, professional, and customer-focused service you were looking for from the very first meeting through project completion.

Your home's complex roof made this a significant project, so it's especially rewarding to know our crew's coordination and efficiency stood out by completing the roof replacement in Wantagh for your main home and two additional structures in just one day. We take great pride in delivering quality workmanship without high-pressure sales tactics, and we are glad that approach made a positive impression.

Thank you for your trust and your recommendation. It was a pleasure completing your new roof installation in Wantagh, and we truly appreciate the opportunity to be your trusted roofing contractor in Wantagh. If you ever need roofing services in the future, our Rapid Roofing team will be here to help."
"AbFvOqkrvpSk5tTaoxE9nsBHh0koP8lNgnjC0vjLjopyN3Ip3N_LjOnLhy-JIGQNu0cOFIYjXzPm","2026-08-01T21:10:01.189961Z","5","Port Jefferson Station","Mitch Furnan","We had to get estimates and approvals as the work was done at a VFW hall. Michael Dietrich Responded very quickly and got the quote to me immediately. He was extremely knowledgeable and professional and their pricing was very competitive. They came “rapidly” as the name implies and completed the work as promised.
I highly recommend Rapid Roofing!","Hi Mitch, thank you for your fantastic 5-star review and for taking the time to share your experience! We are delighted to hear that Michael was able to provide a prompt estimate, answer your questions, and help make the approval process for the VFW hall as smooth as possible. We know commercial and community projects often require quick communication and accurate documentation, so we're glad we could deliver.

It's also great to know our team lived up to the Rapid Roofing name by completing the roof repair in Port Jefferson Station on time and as promised. Your recommendation means a great deal to us. Thank you for trusting Rapid Roofing. If you ever need a reliable roofing company in Port Jefferson Station or a dependable roof contractor in Port Jefferson Station for future projects, we will be ready to help."
"AbFvOqnPHVQ_tlpJmumyNtr4IcNz8-9QwRqCd1Fi7c7c2qPvKdIAE0LWAemBQQJxUoR_t02mFSxC8w","2026-08-05T21:10:23.753656Z","5","Oceanside","Joseph Collins","Professional, Friendly and highly skilled crew. David did an awesome job throughout the day managing the Project and keeping me informed. Incredible job by the entire team!","Hi Joseph, thank you for your outstanding 5-star review and for choosing Rapid Roofing! We are delighted to hear that you had such a positive experience with our team. It means a lot to know you found our crew professional, friendly, and highly skilled. We will be sure to share your kind words with David, who takes great pride in keeping homeowners informed and ensuring every project runs smoothly from start to finish.

We are also glad we could provide the quality skylight repair in Oceanside that you were looking for. Delivering expert workmanship, clear communication, and dependable service is what we strive for on every project. Thank you again for your trust and recommendation. If you ever need a roof repair in Oceanside, a roof inspection in Oceanside, or an experienced roof contractor in Oceanside, the Rapid Roofing team will be here to help."
"AbFvOqnZZDpVhQj3r5sdrpr2DZdFLf8y8bpfp2VyWMQ3kojJVTpUuWUvPoQft4Z-raL6-n3Kj_6I","2026-08-06T20:53:01.205512Z","5","Oceanside","Michaela Keimig","Great experience with this company! Appreciate all the work from David and his crew. So efficient and done in a day!","Thank you so much, Michaela, for your wonderful 5-star review! We truly appreciate you taking the time to share your experience with Rapid Roofing.

We are happy to hear that David and his crew provided such efficient service and completed your project in just one day. Our team works hard to deliver high-quality workmanship while minimizing disruption to our customers, so it's great to know that commitment made a positive impression.

Thank you for trusting us with your roof replacement in Oceanside. Whether homeowners need a new roof installation Oceanside, roof repair Oceanside, or a professional roof inspection Oceanside, our goal is always to provide dependable service, honest communication, and lasting results.

We sincerely appreciate your recommendation and look forward to helping you, your family, and your friends with any future roofing needs in Oceanside. Enjoy your beautiful new roof!"
"AbFvOqk3boR-CTTCdbIqM9LzkdpHNeD-5v3pdcyZgql3Tfs8ly6cSF8q4FMUmaw9Btw5akBY8wi7","2026-08-07T10:05:32.125401Z","5","Port Jefferson Station","Mohammed Dar","Joseph came to give us a estimate, price was very reasonable.  All work was done professionally and fast.","Hi Mohammed, thank you for the 5-star review and for choosing Rapid Roofing! We are glad Joseph provided a clear estimate and that you found our pricing reasonable. It’s equally rewarding to hear that the work was completed professionally and efficiently. Our goal with every roof inspection in Port Jefferson Station is to give homeowners a clear understanding of what their roof needs before recommending the appropriate solution. We truly appreciate the opportunity to handle your roof repair in Port Jefferson Station and are grateful for your trust in our team. Thank you again for choosing Rapid Roofing!"
"AbFvOqmuRcsAUCVigjKZodmRVrWpij_tbhqe05x6-k7Oh5bFBEozN3cJoPOi-ULHS4wPV_-crvRGtg","2026-08-07T13:01:42.382010Z","1","Port Jefferson Station","Joseph Bifalco","",""
"AbFvOqn4QPL66YrGEFSC--4WdgP83FD8o_KEG6uQaNzloKeSgb_LZ1Ja6TDj3yvipNM-wHevQMai6Q","2026-08-07T14:19:43.639096Z","5","Port Jefferson Station","Ralph Andal","Great guys! Great work!
From scheduling estimate/assessment, scheduling the work and the actual work that was done on our roof. Everything went smoothly, timely and stress free. Special thanks to both Joe and Renz for this great experience.","Hi Ralph, thank you for the fantastic 5-star review! We really appreciate you sharing your experience with Rapid Roofing. From scheduling the initial roof assessment and estimate to coordinating the project and completing the work, we are thrilled to hear that everything was timely, smooth, and stress-free. That is exactly the experience our team strives to provide.

We will be sure to pass your special thanks along to Joe and Renz. They will be happy to know their professionalism and service made such a positive impression. Thank you for trusting Rapid Roofing as your roofing contractor in Port Jefferson Station. Whenever you need a roof inspection, roof repair, or other roofing services in Port Jefferson Station, our team will be ready to help."
"AbFvOqnmT8ZnOjhu7kpK4eRdx60bRQfE6qz7cgTsUV-3_YaMfb3hGNChLdij0G4essx0s7DR36d5YA","2026-08-10T14:52:13.700222Z","5","Oceanside","Mohammed Dar","Had a leak coming from my roof. Joseph came to inspect. Gave me estimate which was very reasonable.  Work was done in a very professional way and now everything is good.","Hi Mohammed, thank you for your detailed 5-star review and for trusting Rapid Roofing with your roof leak. We are glad Joseph was able to inspect the issue, explain what was needed, and provide a reasonable estimate. Most importantly, we are happy to hear that the work was completed professionally and that the problem has been resolved. Thank you for choosing us for your roof inspection and skylight repair in Oceanside. We truly appreciate your trust in our team and are always here if you need help with future roofing concerns."
"AbFvOqnzS9dPpxFtGsnwoFCNe6lAIWf8BIBp1HNevIhTeFHRHF0SuHAq3StnHyUJ-V0D7QPyFEGysQ","2026-08-10T23:04:27.853302Z","5","Oceanside","Andrew Goodman","The crew was great.  Honest.  Reliable. Clean.  Explained all details.  Extremely happy with the whole process.  Very easy from start to finish.","Hi Andrew, thank you for the outstanding 5-star review. We are very grateful you took the time to share your experience with our team. It means a lot to hear that you found the crew honest, reliable, clean, and thorough in explaining the details of the project. Making the entire process easy and stress-free from start to finish is exactly what we strive for. We are delighted that you were extremely happy with the experience, and we truly appreciate you choosing Rapid Roofing in Oceanside."
"AbFvOqkBHwdzJigxQf-2DZ67c7J1YVBPBvfI9FbZ9TntuksfyquB5f_WJ4vSa21TaKQEpmJOoGugIA","2026-08-11T13:57:13.686546Z","5","Oceanside","Dan Doyle","Very professional and responsive. Quality work.","Hi Dan, thank you for the 5-star review and for choosing Rapid Roofing. We truly appreciate your kind words about our professionalism, responsiveness, and quality workmanship. Our team works hard to make every roofing project as smooth and dependable as possible, so it is great to hear that reflected in your experience. Thank you again for your trust and support. If you ever need roofing services in Oceanside, we will be here to help."
"AbFvOqneP5L6rfdjaI-2VLXx_58JSJlDXjP4XANjMdyz4nibzjYRJNaogOe-PoToUK1Ly7t6Zp8mMQ","2026-08-12T19:09:02.829033Z","5","Port Jefferson Station","Charlie","I called Rapid Roofing to take care of a leak that had been an ongoing problem for me. They came out, found the issue, and solved the problem. With all the heavy rain we’ve been getting recently, I keep checking and no more leak!

I really appreciated their straightforward pricing and the options they gave me. They were professional, easy to work with, and most importantly, they did the job right the first time. I would definitely recommend.","Thank you so much for your wonderful 5-star review, Charlie! We truly appreciate you choosing Rapid Roofing to take care of your roof leak. We are glad our team was able to identify the source of the problem, provide a lasting solution, and give you peace of mind especially with all the recent heavy rain. Knowing your roof has stayed leak-free is exactly the outcome we strive for.

We are also grateful for your kind words about our transparent pricing, professional service, and the repair options we provided. As a trusted roofer in Port Jefferson Station and roofing company in Port Jefferson Station, we take pride in delivering dependable roof repair in Port Jefferson Station that is done right the first time. Thank you for recommending us and trusting our team. If you ever need a roof inspection in Port Jefferson Station, emergency roof repair in Port Jefferson Station, NY, or a roof replacement in Port Jefferson Station, we will be here to help. We truly appreciate your support!
"
"AbFvOqmc-Aa5z_7G3Y-Is24EoScHu2JNTMfuMxVMyGiqRk8bcECivk20SsfjYpojZTU02gatDSjk","2026-08-14T12:33:57.073829Z","5","Syosset","Sean Martin","From start to finish the team was amazing. Everything that was promised was delivered and exceeded expectations. To get a call from my insurance company telling me they were going to drop me after 20 years was hard. Mike and the team were amazing. The crew was professional and you would never have know I had a complete roof replaced after they left. They cleaned up everything and the roof looks amazing. Thank you. I could not thank them enough. Great team, great employees, great company. Thank you again.","Thank you so much for your thoughtful 5-star review, Sean! We truly appreciate you trusting Rapid Roofing with your roof installation project. We understand how stressful it must have been to receive that notice from your insurance company after 20 years, and we're grateful that Mike and our team could help make the entire process as smooth and worry-free as possible.

It's wonderful to hear that we exceeded your expectations and that our crew's professionalism, attention to detail, and thorough cleanup left such a positive impression. As a trusted  roofing contractor in Syosset, NY, we take pride in delivering high-quality roof replacement and roof installation services that protect our customers' homes and provide lasting peace of mind.

Thank you again for your kind words and recommendation. If you ever need a roof inspection in Syosset, NY, roof leak repair, gutter replacement, or any other roofing services in the future, our team will always be here to help. We truly appreciate your support and wish you many years of enjoying your beautiful new roof!
"
"AbFvOqkJWg-v3cGsMmUpciuZgzOeAOQh1VbT5TEp5YTRqLN9wN2WfGytEunSFr7YsyVOpnO_vA2lEw","2026-08-14T13:18:28.690185Z","5","Port Jefferson Station","Tyler Nuss","","Thank you, Tyler, for your 5-star rating! We truly appreciate you choosing Rapid Roofing and taking the time to support our team. It means a great deal to know you had a positive experience with us.

As a trusted roofer in Port Jefferson Station, roofing company in Port Jefferson Station, and roof contractor in Port Jefferson Station, we are committed to providing exceptional workmanship, honest communication, and reliable service on every project. Whether you need roof repair in Port Jefferson Station, roof replacement in Port Jefferson Station, roof installation in Port Jefferson Station, or a professional roof inspection in Port Jefferson Station, our experienced team is always here to help.

Thank you again for your support and for choosing Rapid Roofing. We look forward to serving you again whenever you need a dependable roofing contractor on Long Island!
"
"AbFvOqnqINY5SEcix_AzzM4D9zPtyhg8hXmpKcXgmg2-H2T-PI5QbfD9EalAihR5o_sB2YHzq6P64Q","2026-08-22T22:40:51.548922Z","5","Bohemia","Maria Waldeck","The crew was informative, thorough, professional and cleaned the yard after job completed. Would highly recommend.","Maria, thank you so much for your wonderful 5-star review and for highly recommending Rapid Roofing! We truly appreciate you trusting our Port Jefferson Station roofing team with your home.

We’re especially glad to hear that you found the pricing reasonable and that our crew was informative, thorough, and professional throughout the project. Clear communication and careful workmanship are extremely important to us, particularly when a project involves multiple improvements such as roof installation, gutter installation, skylight installation, and attic venting installation.

We are also happy you mentioned the cleanup. Our crew takes great care to clean the property and yard thoroughly once the roofing work is complete, because we believe the way we leave a homeowner’s property is just as important as the work itself.

Thank you again, Maria, for choosing Rapid Roofing as your roofing contractor in Port Jefferson Station and for taking the time to recommend our team. We sincerely appreciate your trust and support!
"
"AbFvOqnWijjxffywx_ouAS-fWqff93co4pNtMmRNxxGQER--9cvAoMfqPlfts0T_9GurtJ0Mc2W_","2026-08-26T17:03:21.026243Z","5","Port Jefferson Station","Dustin Bartley","Really imposed with this company. Joe, Renz, and Kevin made it an easy process. Joe explained everything clearly and helped us understand what would be done to make sure the roof quality was impeccable. Once we signed on, Renz stayed in touch with us as we worked to secure our financing for this and a couple of other home projects, but he was never overbearing or pushy - just politely checking in. He was quick to respond if we had any questions or updates. Kevin and his crew showed up right on time and worked incredibly efficiently and nearly. We unfortunately had a lot of rotted thin plywood underneath our shingles - Kevin gently explained the added cost and made the arrangements to get it done. Despite the unexpected need for an enter re-deck, the crew got everything done within the day and cleaned up beautifully. The ability to see regular progress updates from their photography of the project was extremely helpful, especially the video demonstrating why the redecking was necessary. There was a small mishap with ceiling panel in the garage due to a rotted piece of plywood, and Kevin had a crew out the very next morning to patch and repair. I would highly recommend these guys - they live up to their name, but don’t cut any corners in getting it done fast.","Dustin, thank you so much for taking the time to leave such a thoughtful and detailed 5-star review! We truly appreciate you trusting Rapid Roofing with your roof installation and are grateful for your recommendation.

We are especially glad to hear that Joe, Renz, and Kevin each helped make the process a positive one. From Joe clearly explaining the scope of work and what would be needed to achieve a high-quality roofing system, to Renz staying in touch while you arranged financing without ever making you feel pressured and being readily available for questions and updates, that is exactly the level of communication we want our homeowners to experience.

We also appreciate you recognizing Kevin and the crew. Discovering extensive rotted, thin plywood beneath the existing shingles and ultimately needing a full re-deck was certainly an unexpected development. We know additional work and cost can be concerning, so it was important to us that Kevin clearly explain what was found, why the additional work was necessary, and what needed to be done before moving forward. We are very happy that the project photos, regular progress updates, and video documentation helped you see exactly why the re-decking was required.

Getting the additional decking work and new roof installation completed within the same day, while still maintaining careful workmanship and leaving the property thoroughly cleaned, is something our entire crew can be proud of.

We also appreciate you mentioning the garage ceiling panel issue. Even with the underlying rotted plywood contributing to the mishap, we believe that when something needs attention, it should be addressed promptly. We are glad Kevin was able to have a crew back the very next morning to patch and repair it for you.

Most of all, your comment that Rapid Roofing worked quickly without cutting corners means a great deal to our team. Thank you again, Dustin, for choosing Rapid Roofing as your roofing contractor in Port Jefferson Station, for recognizing the efforts of Joe, Renz, Kevin, and the entire crew, and for recommending us to others. We sincerely appreciate your trust and support!
"
"AbFvOqkKkHjB8BZAOuRMNC4YEB1IYF3V8gGB58YJQOyD4jYgypcJ2dB0UWpleq6m5mxafL00Xk4WeQ","2026-09-03T15:26:40.282327Z","5","Bohemia","Will K","Great company to work with, Joe was extremely professional and helpful with the entire process, the installation crew was exceptional as well, they were very thorough with clean up and keeping me informed with pictures/videos throughout the project.","Thank you so much, Will, for choosing Rapid Roofing and taking the time to share your experience. We truly appreciate your kind words and are glad you found our team great to work with.

Thank you especially for recognizing Joe’s professionalism and helpfulness throughout the entire process. We are also pleased to hear that our installation crew delivered an exceptional experience, kept you informed with photos and videos as the project progressed, and was thorough with the cleanup afterward.

Clear communication, quality workmanship, and respect for the property are all important parts of the experience we want homeowners to have when working with our roofing company in Bohemia. Thank you again for trusting Rapid Roofing, Will. If you ever need a roofer in Bohemia, NY, our team will be happy to help!"
"AbFvOqn2r7_gS4EEh1WSWbms1eet9zKbJPFflmRsYAduljbLyfxlQH45a7wIXH5qvrxKvzJG2aSM","2026-09-03T15:41:52.118388Z","5","Port Jefferson Station","Johlin Scalice","A friend recommended Rapid Roofing to us. We are extremely pleased with our new roof and the company.
From the start their communication was excellent. We were kept apprised of every detail from the estimate, timelines, to the project managers who would be handling our job.
Rapidly Roofing is a platinum dealer for Owens Corning. Not only do we receive a guarantee from RR, we receive one from Owens Corning.
Francesco, the senior project manager assessed our job and made solid recommendations. The pricing was fair and our roof was scheduled to be replaced within days.
The roofers arrived on time. They were professional, courteous, and hard working. David, the project manager on-site was wonderful. At every stage he checked in with us, answering our questions and sending us photos from the roof so we could see the work in progress.
We have a great many plants on our property and near the house. Great care was taken by the crew to move whatever they could away from the house and they covered  everything else with tarps. In order to remove the old roof they placed additional tarps on a diagonal from the roof to the ground so that nothing landed on the plants. Their clean up was fantastic! They removed all the materials that had fallen on the ground, they swept the ground with magnets to pickup any stray nails, and replaced the flowerpots to where they had been.
The roof was completed in one day. The gutters were installed the following day and the electrician arrived to hook up the roof fan.
It was not until everything was completed that we were asked for payment.
I recommend Rapid Roofing with no hesitation and with great enthusiasm.","Thank you so much, Johlin, for taking the time to share such a detailed review and for trusting Rapid Roofing after your friend’s recommendation. We are thrilled to hear how pleased you are with your new roof and your overall experience with our team.

We especially appreciate your comments about the communication from the initial estimate through scheduling and project completion. Keeping homeowners informed about timelines, who will be managing the project, and what to expect at each stage is extremely important to us.

Thank you for recognizing Francesco and David by name. We are glad Francesco provided a thorough assessment, helpful recommendations, and fair pricing, and that we were able to schedule your roof replacement quickly. It is equally wonderful to hear that David stayed in close communication during installation, answered your questions, and provided progress photos so you could see what was happening on the roof throughout the day.

We also appreciate you mentioning our Owens Corning Platinum Preferred Contractor status and the warranty protection available with your roofing system. Helping homeowners understand the products being installed and the warranty coverage behind their investment is an important part of our process.

Your comments about the installation crew mean a great deal as well. Arriving on time and working professionally, courteously, and efficiently are expectations we set for every project. We are particularly happy to hear how carefully the team protected your plants and landscaping with tarps, moved what could safely be moved, and created additional protection while removing the old roofing materials.

Thank you for noticing the cleanup too. Removing project debris, using magnets to help collect stray nails, and putting your flowerpots back in place may seem like small details, but respecting a homeowner’s property is part of completing the job properly.

We are glad the roof was completed in one day, followed by the gutter installation the next day and the electrical connection for the roof fan. We also appreciate you mentioning that payment was not requested until the work was completed.

For anyone considering a roof replacement in Port Jefferson Station, feedback like yours helps explain the level of communication, property protection, workmanship, and project management we strive to provide as a local roofer in Port Jefferson Station. We are also grateful you trusted us with your gutter installation in Port Jefferson Station as part of the project.

Johlin, thank you again for your trust and for recommending Rapid Roofing without hesitation and with such enthusiasm. Francesco, David, and the entire Rapid Roofing team truly appreciate your kind words. We hope you enjoy your new roof for many years to come!"
"AbFvOqmpkl0jOoNXmI27Fh4StxpCsYNIEn3-ceQNPb9O0Mj1h97PBfWPmzdxDnCtq0v56PuXTl5HzA","2026-09-04T12:49:47.879960Z","5","Port Jefferson Station","Maria Waldeck","We were completely happy with Rapid Roofing and their work. They explained the process of Owens Corning roof installation and warranty. During the installation they were very professional.","Thank you so much, Maria, for sharing your experience and for choosing Rapid Roofing. We are very happy to hear that you were completely satisfied with both our team and the work completed on your home.

We especially appreciate you mentioning the explanation of the Owens Corning roof installation process and warranty. A new roof is a significant investment, and we believe homeowners should clearly understand the roofing system being installed, what the process involves, and the warranty protection available to them.

Thank you as well for recognizing our team’s professionalism throughout the installation. We truly appreciate the opportunity to complete your roof installation, gutter installation, skylight installation, and attic venting installation.

Our entire Port Jefferson Station team is grateful for your trust. If you ever need a roofer in Port Jefferson Station again, we will be happy to help. Thank you, Maria, for choosing Rapid Roofing and taking the time to leave us such a wonderful review!"
"AbFvOql7TfsepbpBIW-IALjsB37uYjJMNbSkgHkZNz47XFRjXV7QH-SCrLJ-UKT0leYzx7gsCFoX","2026-09-04T17:49:36.255188Z","5","Port Jefferson Station","Jon Linder","I had a great experience dealing with Rapid Roofing. Every single person I interacted with at the company was an absolute pleasure to work with. They were professional, extremely thorough and detail-oriented, and their communication was excellent throughout the entire process.

They took the time to answer all of my questions, explain everything clearly, and were always responsive and easy to deal with. I was very impressed with the professionalism of their entire team and would highly recommend Rapid Roofing to anyone considering a roofing project.","Thank you so much, Jon, for taking the time to share such a thoughtful review and for recommending Rapid Roofing. We truly appreciate you trusting our team with your roofing project.

It means a great deal to hear that every member of our team made your experience a positive one. We especially appreciate you recognizing their professionalism, thorough attention to detail, clear communication, and responsiveness throughout the entire process.

Making sure homeowners have the opportunity to ask questions and clearly understand the work being discussed is very important to us. We are glad our team took the time to answer your questions, explain everything clearly, and remain easy to reach whenever you needed us.

Your recommendation means a lot to our entire Port Jefferson Station team. We know homeowners have choices when selecting a roofer in Port Jefferson Station, and we are grateful you chose Rapid Roofing for your project. Thank you again, Jon, for your trust, kind words, and recommendation. It was a pleasure working with you!"
"AbFvOqnBWeH5y3GgsvZXg66yWOktOC9qFEmJPT0mk-9lkyk5G9ofBAY0Zn8W5On45wvP6NyXTh6qyw","2026-09-06T13:51:21.890866Z","5","Port Jefferson Station","Bob Graham","I highly recommend Rapid Roofing. They gave us an honest and fair estimate and had the job done two days later. Their team worked fast and clean. Everyone I spoke to was friendly and helpful. They were very respectful of my home, covering all surrounding surfaces so that nothing would get damaged. Clean up was very thorough. After the job was done and they left, you would never have known they were here except for the beautiful new roof they left behind. Great job Rapid Roofing!","Thank you, Bob, for the 5-star review and for highly recommending Rapid Roofing. We truly appreciate you trusting our team with your roof inspection and roof installation.

We are especially pleased that you found the estimate honest, fair, and reasonably priced, and that we were able to complete the work just two days later. Your comments about our crew working efficiently, protecting the surrounding areas of your home, communicating in a friendly and helpful manner, and leaving the property thoroughly clean mean a great deal to our entire team.

Hearing that the only evidence we left behind was a beautiful new roof is exactly the kind of experience we work hard to provide.

Thank you again for choosing Rapid Roofing. We are proud to be a roofer in Port Jefferson Station homeowners can turn to for careful roof inspections and professional roof installation in Port Jefferson Station. We hope you enjoy your new roof for many years to come!"
"AbFvOqmRUYcj78rPWZWWQxyagRfa9G65W0siMaP3Xap0HvzPyUNf9f89hvVuefgD6KIwOeii1-kcUw","2026-09-09T02:14:44.574323Z","5","Port Jefferson Station","Len Kalman","Excellent service, staff showed up on time and cleaned up. Financing was very easy","Thank you, Len, for taking the time to share your experience with Rapid Roofing. We truly appreciate you trusting our team with your roofing project.

We are pleased to hear that our crew arrived on time, provided excellent service, and made sure everything was thoroughly cleaned up once the work was complete. We also appreciate you mentioning the easy financing process. We want homeowners to feel comfortable and informed throughout the entire project, from planning and financing through the completed work.

Thank you for choosing Rapid Roofing for your roof repair and roof installation in Port Jefferson Station. It means a great deal to our team to be your trusted roofer in Port Jefferson Station, and we appreciate your recommendation and support."
"AbFvOqlon5E8T_Pbg48jGxfZmyGCkZCkUcgEJCcMvpw_hLBZpMIcdMYT75VUg2CF1AoM9-2FKZJyMA","2026-09-11T12:12:14.986325Z","5","Port Jefferson Station","Linda Scalice","We had a roof replaced by Rapid Roofing a few weeks ago. Every step related to the process was exceptional!
The company is extremely professional. They returned calls, were on time for all appointments, communicated promptly through each step of the process. The pricing was fair.
The roofers were excellent. The job was done in a day with men working hard. They were respectful of our home and landscaping and covered all of our plants. The cleanup was perfect and our property was left as they found it-in fact in some places better as they blew the leaves from the gardens.
I recommend Rapid Roofing without hesitation.","Thank you so much, Linda, for taking the time to share such a thoughtful review and for trusting Rapid Roofing with your roof replacement in Port Jefferson Station.

We are especially pleased to hear that every stage of your project was handled professionally, from returning calls and arriving on time for appointments to keeping you informed throughout the process. Clear communication and fair, transparent pricing are important parts of the experience we want every homeowner to have.

Thank you as well for recognizing the hard work of our roofing crew. Completing your new roof in one day while carefully protecting your home, landscaping, and plants was important to us. We are glad the thorough cleanup stood out too, right down to leaving your property as clean, or even cleaner, than we found it.

Your recommendation without hesitation means a great deal to everyone at Rapid Roofing. Thank you again for choosing us as your roofing company in Port Jefferson Station. We truly appreciate your confidence in our team and are grateful to have earned your recommendation."
"AbFvOqnNhEyQSz8RpQbbKto_BApNFW94mVYdKw6m-uaLUKVdjMABvlpvxOM8XzE_FS_LH5UE62oE_A","2026-09-11T13:11:27.298459Z","5","Bohemia","John Scalice","Rapid is an appropriate name

It was time to strip and reroof our 90+ year old house. Rapid Roofing was recommended to my wife. We checked them online and they had an outstanding rating. We contacted them, but circumstances prevented the project for a time. Rapid checked in regularly, but not in a pesky way.
When we were finally ready, Francesco visited us, inspected our roof and made recommendations and options. We chose a roof, and decided to update our ventilation. He also told us the flat roof on an extension was fine and needed no work.
Also for 30 years we have had issues with gutter sag and leak, despite 2 replacements. Francesco did more checking and found the fascia board was thin plywood that would not bear the weight of the gutters. He recommended replacing the fascia with 1” material.
He assured us it could all be done in one day. I was skeptical but we signed a contract. The scheduler told us there was an opening in two days, on a Sunday. No money down, payment after completion.
Well the material was delivered next,day. A crew of 12 showed up Sunday morning with site manager David. They immediately get to work two, men cleaning as the roof was stripped.
To make a long story short, the roof was stripped, soft decking replaced, fascia replaced, vent fan and ridge vent installed and new shingling done all by late afternoon. The crew cleaned up and were gone before dinner.
Six inch gutters wit guards were installed next day, with downspouts to carry water well away from foundation. We also had gutter guards installed on the old gutters. We have had two storms since and we are snug and dry.
We could not be happier with the work that was done.","Thank you, John, for taking the time to share such a detailed account of your experience with Rapid Roofing. We truly appreciate you and your wife trusting our Bohemia team with the roofing, ventilation, and gutter needs of your 90+ year-old home.

We are glad our team stayed in touch while you had to postpone the project, without making you feel pressured. When the timing was right, Francesco was able to thoroughly inspect the roof, explain the available options, and recommend only the work your home actually needed. We especially appreciate you mentioning that he found the flat roof on your extension was still in good condition and did not recommend unnecessary work.

Your long-standing gutter issue is another important part of this project. After years of gutter sagging and leaking, even following two previous replacements, Francesco took a closer look and identified the thin plywood fascia as the underlying problem. Replacing that fascia with stronger material gave the new gutter installation a more suitable foundation. The six-inch gutters, gutter guards, and downspouts were then installed to help move rainwater safely away from your home and foundation.

We also appreciate you highlighting the roofing work itself. David and the 12-person crew completed an extensive amount of work in one day, including stripping the existing roof, replacing soft decking, completing necessary roof repairs, installing the new roofing system, replacing fascia, and improving the home's ventilation with a vent fan and ridge vent. We are pleased that the attic venting installation and ventilation improvements could be completed as part of the overall project.

Just as importantly, the crew continuously cleaned while the work was underway and left the property clean before finishing for the day. Hearing that your new roof and gutter system have already been through two storms and that your home has remained snug and dry is especially rewarding.

Thank you again for choosing Rapid Roofing for your roof installation, roof repair, attic ventilation, gutter repairs, and gutter installation in Bohemia. Knowing that you “could not be happier” with the completed work means a great deal to Francesco, David, and the entire Rapid Roofing team. We are grateful for the opportunity to work on your home and for the confidence you placed in us."
"AbFvOqlW0WIWrtNGYyOG9UCl_ic-07W3xa6iL900lHUy4AcH5k_sf4HjmVeicVTRB5d7wStfam3eug","2026-09-11T21:48:10.520099Z","5","Oceanside","Patrice Vreeburg","Excellent work crew. Very respectful. Will recommend this company.","Thank you, Patrice, for your wonderful review and for choosing Rapid Roofing. We truly appreciate your trust in our team and are pleased to hear that you found our crew’s work excellent.

We are especially grateful that you recognized how respectful the crew was while working at your home. Providing quality workmanship while treating our customers and their properties with care is an important part of every project we complete.

Thank you as well for mentioning the reasonable pricing and, most importantly, for being willing to recommend Rapid Roofing. Your recommendation means a great deal to our entire Oceanside roofing team, and we’re grateful to have earned your confidence."
"AbFvOql7o6gTIDITI9STMzW-8nLxgyVXz29HcXis-vqPz_ocVXlNpcLANENPCrZdMrWqSpCCChVX-Q","2026-09-16T19:02:13.424049Z","5","Syosset","Linda Maria Frank","","Thank you so much, Linda, for the 5-star rating and for choosing Rapid Roofing. We truly appreciate your trust in our team and are glad you felt the pricing for your project was reasonable.

Providing homeowners with clear, fair pricing and a professional experience is very important to us. We are grateful you chose our roofing company in Syosset, and we sincerely appreciate your support.

Thank you again, Linda, for your business and your 5-star review!"
"AbFvOqnQfgvAlCKgev9-xrJINiCip-kq0MfVKAoydygYNdlNFvh9daFGOp16Y9Mkf6gpKkq_v6J_NA","2026-09-17T23:18:33.396260Z","5","Oceanside","Robert Rebmann","David and his crew did a fantastic job. Very attentive to details and any questions or concerns I had. Very happy with the overall job","Thank you so much, Robert, for choosing Rapid Roofing and taking the time to share your experience. We truly appreciate your kind words.

We are very happy to hear that David and his crew did a fantastic job and that you were pleased with the overall project. Thank you especially for recognizing the team’s attention to detail and their willingness to address your questions and concerns throughout the process. Making sure homeowners feel informed and comfortable with the work being completed is very important to us.

David and the entire crew will greatly appreciate your feedback. We are grateful you trusted Rapid Roofing as your roofing contractor in Oceanside.

Thank you again, Robert. It was a pleasure working with you, and we are delighted to know you are happy with the finished job!"
"AbFvOqmd7Lmmj4-E0G1rcTbezfs6bFBcoyMbWhsUucRveKkAlKlXMYLIEXM8ej0gmIH3lQN1HvSQ","2026-09-18T12:48:24.218093Z","5","Syosset","Marilyn Rodriguez","","Thank you so much, Linda, for the 5-star rating and for choosing Rapid Roofing. We truly appreciate your trust in our team and are glad you felt the pricing for your project was reasonable. Providing homeowners with clear, fair pricing and a professional experience is very important to us. We are grateful you chose our roofing company in Syosset, and we sincerely appreciate your support. Thank you again, Linda, for your business and your 5-star review!"
"AbFvOqmNfCAYMJRAgwey-wEvbW0lTh6G8361n4P2ryLp2ZmVuBN60aw5sJN8aD-LdibmXIAkM8QF","2026-09-19T22:48:40.163311Z","5","Syosset","Kelly D'A","We had a wonderful experience with Rapid Roofing! David, the project manager, was professional, helpful, and made the entire process smooth and easy. The crew was efficient and did an amazing job. Their cleanup was exceptional—you wouldn’t even know they had been here!

We are so happy with the quality of the work and our new roof. Thank you, David and the entire Rapid Roofing crew! Highly recommend!","Thank you so much, Kelly, for your wonderful review and for trusting Rapid Roofing with your new roof! We truly appreciate your recommendation and are thrilled to hear that you are so happy with the finished work and your overall experience.

Thank you especially for recognizing David. We are glad his professionalism and helpfulness made the entire process smooth and easy. We also appreciate your kind words about our crew and their efficiency, quality workmanship, and exceptional cleanup. Hearing that you could hardly tell the crew had been there afterward means a great deal to our team.

We are especially happy to know you are pleased with the quality of your new roof. Providing a professional roof replacement in Syosset, NY, while taking great care of the homeowner’s property throughout the project, is exactly the experience we strive to deliver.

Thank you again, Kelly, for choosing Rapid Roofing and recommending our roofing company in Syosset. David and the entire crew sincerely appreciate your trust and kind words!"
"AbFvOqnLCab-2ws7kQrVhb2z6qtLYNRQETPBGt_a1eKBCCf0MnNKUAiFddmGynek0ev6OfmVKV8GHA","2026-09-21T22:00:27.772965Z","5","Oceanside","Daniel Martin","We are very happy with our experience with Rapid Roofing. Michael took the time to answer every question when providing the estimate. He performed a proper inspection of the roof and found things that representatives from other companies did not find, such as having 3 layers of asphalt and 86 year old cedar shakes underneath.

The day of getting the work done began right on time. Kevin was in constant communication with me and gave me a link to see progress photos. The property was protected and the crew got right to work. It was a long day, but they did it all. Cleanup was performed and the debris was removed with only a handful of nails remaining.

A couple of post caps on our deck were damaged. I provided Ryan with measurements and a picture, and he was quick to bring them to me.","Thank you so much, Daniel, for taking the time to share such a detailed review and for choosing Rapid Roofing. We truly appreciate your trust and are very happy to hear that you had a positive experience and found the pricing reasonable.

Thank you especially for recognizing Michael. We are glad he took the time to answer every question during the estimate and carefully evaluate the existing roofing system. A thorough roof inspection in Oceanside can uncover conditions that may not be obvious from the surface, and we are pleased Michael identified the three existing layers of asphalt roofing as well as the 86-year-old cedar shakes underneath.

We also appreciate you highlighting how the project itself was handled. Starting on time, protecting your property, and keeping you informed throughout the work are all important to our team. We are glad Kevin maintained constant communication and provided access to progress photos so you could follow what was happening on the roof during the project.

It was certainly a long day, and we appreciate your recognition of how hard the crew worked to get everything completed. Thank you as well for mentioning the cleanup and debris removal. We also appreciate your honest feedback that a handful of nails remained afterward, as details like this help us continue improving our process.

We are sorry that a couple of deck post caps were damaged during the work. At the same time, we are glad Ryan responded quickly once you sent the photo and measurements and was able to bring the replacement caps to you. When an issue occurs, we believe responding promptly and making it right is an important part of taking care of our customers.

Thank you again, Daniel, for trusting Rapid Roofing with your roof replacement in Oceanside. Michael, Kevin, Ryan, and the entire crew sincerely appreciate your detailed feedback, your 5-star rating, and the opportunity to work on your home!"
"AbFvOqlIr-2YfWuTmVW1y1o3NjTXviZS0yRg97ipYlWncUx3VYyMN-1frL1SJdFcg_MBghVUkooIVw","2026-09-22T19:04:56.615745Z","5","Oceanside","Leese","Work done was awesome. My roof looks great. David and his crew were so professional. I highly recommend them. My windows and yard were covered in a tarp while they worked, and cleaned multiple times once they finished. It is left spotless!","Thank you so much, Leese, for your wonderful 5-star review and for choosing Rapid Roofing! We truly appreciate your recommendation and are very happy to hear that you had such a positive experience with our team.

It is especially rewarding to know that you think the work turned out awesome and that your roof looks great. Thank you as well for recognizing David and his crew for their professionalism throughout the project. We will be sure to share your kind words with them.

We also appreciate you mentioning the cleanup. Leaving your yard spotless after the roofing work is an important part of respecting your home and property, and we are glad the crew delivered that level of care.

Thank you again for trusting Rapid Roofing as your roofer in Oceanside. Your recommendation means a great deal to David, the crew, and our entire team. We sincerely appreciate your business and are delighted that you are happy with the finished roof!"
"AbFvOqnY8iskWI8DtiUnbY-Ksgo1tCHtdCW54Fj6ExoLRqIbjRxMZqRbeFdFjXe_5gDF1se_24om","2026-09-26T13:56:13.014914Z","5","Port Jefferson Station","Shelley Scotto","My best friend just used your team (Veterans) professionals to replace her roof in East Hampton. Your service is unbelievable from the salesman to the team lead to the workers on the roof and then the owner. Not only was the price fair they video taped while working  the job and also meticulously cover your shrubs and decks.They keep you in the loop, at the finish go into your home to make sure no cracks or issues. The owner reached out to make sure she was pleased. I have been a realtor for almost forty years and have never seen anything like this.  Rapid restore roofing is now at the top of my list.  I am so happy they also do Nassau county Manhasset, Port Washington & Sands point areas.   Shelley Scotto","Thank you so much, Shelley, for taking the time to share such a thoughtful and detailed review of your best friend’s experience with Rapid Roofing. Your comments mean a great deal to our entire team, especially coming from someone with nearly 40 years of experience as a realtor.
We are so glad to hear that you were impressed with the level of service throughout her roof replacement, from the initial salesperson and project leadership to the roofing crew and follow-up from our owner. We also truly appreciate you recognizing the fair pricing and professionalism of everyone involved.
Thank you for highlighting the communication and documentation during the project as well. Providing progress videos and keeping homeowners informed helps them understand what is happening on their roof rather than being left wondering about the work taking place above them.
We are equally glad you noticed the care taken to protect the property, including covering the shrubs and deck during the roofing work. Thorough protection, careful cleanup, and checking the home after completion for any concerns are important parts of how we approach a roofing project, not simply what happens on the roof itself.
It also means a lot that you mentioned our owner personally reaching out afterward to make sure your friend was pleased. We want homeowners to know there is accountability behind the work from beginning to end.
Your statement that, after nearly four decades in real estate, you have never seen anything like this is an incredible compliment. Thank you for placing Rapid Roofing at the top of your list and for your confidence in recommending our team.
We are also happy to serve homeowners throughout Long Island, including the Nassau County communities you mentioned such as Manhasset, Port Washington, and Sands Point. And for homeowners looking for a trusted roofer in Port Jefferson Station and surrounding Suffolk County communities, our local Rapid Roofing team is here to help.
Thank you again, Shelley, for your recommendation, your kind words about our entire team, and for taking the time to share your perspective. We sincerely appreciate your support!"
"AbFvOqkARbl8ijBeMxovLD1Y0se78G3s2m8FBvCQEjCzxs7HVyp8t78VOfkvkcurKpKWZxYjtdc9dQ","2026-09-30T01:48:12.871295Z","5","Oceanside","Brandon","","Thank you, Brandon, for the 5-star rating! We truly appreciate you taking the time to support Rapid Roofing."
"AbFvOqk2XYcJOOVL-aKMMKxlS77e8dsG7zmB98Rh2Bc6ZLTb1XnmW09c8FqmNXMV7Aw-VLRfCAY49A","2026-10-02T02:56:21.779328Z","5","Bohemia","Jeremy Barnett","They were awesome all around. Great communication, super quick and clean, and worked with us financially. High recommendation!","Thank you so much, Jeremy, for the five-star review and for trusting Rapid Roofing with your roof installation and roof damage repair in Bohemia. We truly appreciate you taking the time to share your experience and are grateful to hear that you felt our team was awesome all around.

We are especially pleased that our communication stood out throughout the project. Keeping homeowners informed and making the roofing process straightforward is extremely important to us. We are also glad you recognized how quickly and efficiently the crew completed the work while maintaining a clean job site and taking care of your property.

Thank you as well for mentioning the reasonable pricing and that our team was able to work with you financially. We understand that a roofing project is a significant investment, and we appreciate the opportunity to help make the process manageable for you.
Most of all, thank you for your high recommendation. We are grateful you chose Rapid Roofing as your roofing company in Bohemia for your roof installation and roof damage repair, and your confidence in our team means a great deal to all of us."
"AbFvOqlaoK9xA7NUkBoZQKmudtyrK4Q9l9-vVReMax12ljtq1jt9Dr2BQUXMz-pP0H6weXGlmoc7vw","2026-10-02T12:19:27.485174Z","5","Port Jefferson Station","Harshad Dudakia","I had a great experience with this roofing company. The team was professional, reliable, and did a great job from start to finish. They explained everything clearly, completed the work on time, and left the area clean. I’m very happy with the quality of their work and would definitely recommend them to other","Thank you so much, Harshad, for taking the time to share your experience and for trusting Rapid Roofing with your roof installation in Port Jefferson Station. We truly appreciate your five-star review and are especially pleased to hear that you felt you received great value for your investment.

It means a great deal to us that you found our team professional and reliable throughout the entire project. From the beginning, our goal is to clearly explain the roofing work so homeowners understand what is being done and can feel confident in the process. We are glad that communication stood out during your experience.

We also appreciate you recognizing that the project was completed on time and that our crew left the work area clean afterward. Quality workmanship, dependable scheduling, and a thorough cleanup are all important parts of every roof installation we complete.

Most importantly, we are delighted that you are very happy with the quality of your new roof. Thank you again for choosing Rapid Roofing as your roofing company in Port Jefferson Station and for recommending our team to other homeowners. Your trust and recommendation mean a great deal to everyone at Rapid Roofing."
"AbFvOqkDmbBUO--v--k5874YF3h1t819BWNvP15IXs22jtWVk2ZurW6l4E97c4iwMMQiCqBFkOlHZg","2026-10-03T14:05:15.918562Z","5","Syosset","Harshad Dudakia","","Thank you so much, Harshad, for the five-star rating and for choosing Rapid Roofing. We truly appreciate your support and are grateful that you took the time to rate your experience with our team.

We are especially pleased to see that you selected reasonable price for your project. Providing homeowners with quality roofing work and strong value for their investment is very important to us.

Thank you again for placing your confidence in Rapid Roofing in Syosset. Your five-star support means a great deal to our entire team, and we sincerely appreciate the opportunity to serve you."
"AbFvOqkK0r5eQH5uB7FZhCuMDzc4n9YaP2PqRMFc0VVwWZngX4TOkZxMDQHJs0ws1RNr6iMHBjIVDg","2026-10-03T14:16:51.811092Z","5","Syosset","Leese","Excellent roofing company. My project manager was awesome and my property was left spotless! Very happy with our new roof.","Thank you so much, Leese, for your wonderful five-star review and for choosing Rapid Roofing for your new roof. We truly appreciate your trust in our team and are grateful that you consider us an excellent roofing company in Syosset.

We are especially pleased to hear that you had such a positive experience with your project manager. Providing attentive project management and keeping homeowners informed throughout their roofing project are very important to us, so your recognition means a great deal.

Thank you as well for mentioning how clean your property was when the work was finished. Our crew takes property protection and thorough cleanup seriously, and we’re delighted that your home was left spotless after the roof installation was completed.

Most importantly, we are very happy to hear how pleased you are with your new roof. Thank you again for trusting Rapid Roofing for your roof installation in Syosset, NY. We sincerely appreciate your support and the confidence you placed in our team."
"AbFvOqkUbNn2Kz8EHZLNqMJ0bd8I5Jc8St7Zdcoucrje9YdCztFT9hi_BBopE2SR7w69f1yHqBHAzw","2026-10-04T04:06:06.604626Z","5","Port Jefferson Station","Deyun WANG","I had a leaked flat kitchen roof. The manager came and inspected the roof, and showed a picture of the roof, explained the exact issue, then provided a professional solution for the roof with real sample materials to demonstrate its function. Rapid roof offered very reasonable price. After that, a team came and replaced the roof in one day. The work is very professional, neat, and complete. They cleaned all the garbage and debris. My roof is completely fixed and no more leak. Given their professional and nice work, I highly recommend Rapid Roof.","Thank you so much, Deyun, for taking the time to share such a detailed five-star review and for choosing Rapid Roofing for your flat roof repair in Port Jefferson Station. We truly appreciate your trust in our team and are very happy to hear that your leaking kitchen roof has been completely fixed with no further leaks.

We are especially grateful that you highlighted the initial inspection and consultation. Our goal is to help homeowners understand exactly what is happening with their roof, so we are pleased that our manager was able to inspect the problem area, show you photos of what was found, clearly explain the source of the leak, and walk you through the recommended solution. We are also glad that seeing actual roofing material samples helped demonstrate how the proposed system would work for your home.

Thank you as well for mentioning that you found our pricing very reasonable. Providing a professional solution along with clear information and good value is important to us.

We are delighted that the crew was able to complete your roof replacement and roof installation in Port Jefferson Station in just one day. Hearing that you found the finished work professional, neat, and complete means a great deal to our entire team. We also appreciate you recognizing the crew’s cleanup efforts and that all roofing debris and garbage were removed when the project was finished.

Most importantly, we are super happy that the roof is now fully repaired and the leak has been resolved. Thank you again for trusting Rapid Roofing for your roof repair and roof installation in Port Jefferson Station, and for highly recommending our team based on the quality and professionalism of our work. Your recommendation and confidence in Rapid Roofing are sincerely appreciated."
"AbFvOqkFoqfDULtk2yJGjOMg5ylJbWAFxdxTqKQhXoRKfXHJXBWR6ikk6Akao1-iJkSCrBSRsjtArA","2026-10-08T13:50:06.675756Z","5","Port Jefferson Station","Josh Poolat","This team did an outstanding job. The salesman (Mike) even came to tarp off a portion of my roof on a Sunday so that I'd be covered during upcoming rain. The installation team was clean, efficient, and very thorough. All the guys were very nice and the point person (Luis) was very communicative and was flexible when I asked to take care of a few other things. They checked my property for debris probably 10 different times, even walking around with a giant magnet which was very appreciated because we have two small kids. This was not the cheapest quote I got, but I have no doubt that they did the best possible job and gave me an top tier warranty. I will for sure be recommending Rapid to anyone who asks.","Thank you so much, Josh, for taking the time to share such a detailed review and for trusting Rapid Roofing with your roof installation and attic venting installation in Port Jefferson Station. We sincerely appreciate your confidence in our team and are grateful for the opportunity to work on your home.
We are especially glad you mentioned Mike’s efforts before the project even began. With rain approaching, Mike coming out on a Sunday to tarp the vulnerable portion of your roof reflects the level of care and responsiveness we want homeowners to experience. Knowing that your home was protected ahead of the upcoming weather was important to us.
Thank you as well for recognizing our installation crew for being clean, efficient, thorough, and friendly. We’re pleased that Luis kept you well informed throughout the project and was flexible when you asked the team to take care of a few additional items. Clear communication and attention to the homeowner’s needs are important parts of every roofing project we complete.
We particularly appreciate you highlighting the extensive cleanup. Having the crew repeatedly check your property for debris and use a large magnetic sweeper to locate stray nails is an important safety step. Knowing that you have two small children makes us even more grateful that those cleanup efforts gave you additional peace of mind.
We also truly appreciate your comments regarding the investment. We understand that we were not the lowest roofing estimate you received, which makes your confidence in the quality of our workmanship even more meaningful. Our goal is to provide homeowners with lasting value through professional installation, careful attention to detail, and strong warranty protection.
Most importantly, thank you for saying that you would recommend Rapid Roofing to others. Your recommendation means a great deal to Mike, Luis, the installation crew, and our entire team. Thank you again for choosing Rapid Roofing for your roof installation and attic ventilation in Port Jefferson Station. We’re grateful to have earned your trust and recommendation."
"AbFvOqlQ-TLM0iK32d_tx1zHovqL-Jl9WjXwfM_Gqb5_QTN7kuJpoGWPRhmPU4YWQsNh1N-6FSoI","2026-10-08T22:26:05.216510Z","5","Port Jefferson Station","lynne lap","Rapid Roofing is the best!!
Not only did they give us the best price !
They were very professional , clean & very fast .
They respond to any questions you have promptly !","Thank you so much, Lynne, for the wonderful five-star review and for choosing Rapid Roofing! We truly appreciate your kind words and are grateful to hear that you had such a positive experience with our team.
It means a great deal that you felt Rapid Roofing provided the best price for your project while still delivering the level of service you expected. We’re equally pleased that you found our team professional, clean, and fast. Working efficiently while respecting the homeowner’s property and maintaining a clean work area is extremely important to us.
We also appreciate you recognizing our responsiveness. Roofing and gutter projects naturally come with questions, and we want our customers to receive clear, prompt answers whenever they need them.
Thank you as well for trusting Rapid Roofing with your gutter repairs and gutter installation in Port Jefferson Station. Most of all, hearing you say, “Rapid Roofing is the best!!” is an incredible compliment to our entire team. Thank you again for your trust, your support, and for taking the time to recommend your experience with Rapid Roofing."
"AbFvOqmx3VB6x0p6tth-OYDwnPO17asU3yY5pzv0wCyH8ktM5oX-eykb3t4JX7vuk7etSjooRtrVig","2026-10-10T16:15:07.323971Z","5","Port Jefferson Station","ranthisway","We had an excellent experience with Rapid Roofing from our very first meeting through the completion of a large roofing project. They have clearly developed an extremely efficient, well-organized process, and everything was handled professionally from start to finish.

In addition to replacing the roof, they installed three new skylights and a complete gutter system, and they also corrected two noticeable bumps in the roof that had been caused by misaligned rafters. The quality of the work was excellent throughout, and the cleanup at the end of the project was equally impressive.

Communication was good, the entire process went smoothly, and everyone we dealt with was professional and pleasant to work with. Their pricing was also very fair and competitive. In fact, their estimate was better than the other roofing estimate we received.

Overall, we are extremely satisfied with both the workmanship and the entire experience. It was genuinely a pleasure working with Rapid Roofing, and we would highly recommend them to anyone looking for a roofing company.",""
