Job Number,Payment Type,Payment Amount,To/Method,Check Number/Reference,Memo/Notes,Job Value,Balance Due,Paid in Full,Work Type,Trade Type,Job Category,Additional Expenses,Total Expenses,Job Number Url
RR-3144,Paid,1350.00,Labor CASH Flawless Roofing Dump,,,25392.29,0.00,Yes,New,Roofing,Residential,2060.17,17151.81,https://my.acculynx.com/jobs/fc482bb9-eaa9-4037-9e48-483d9051fb40
RR-3144,Paid,1300.00,Labor All About Gutters,,,25392.29,0.00,Yes,New,Roofing,Residential,2060.17,17151.81,https://my.acculynx.com/jobs/fc482bb9-eaa9-4037-9e48-483d9051fb40
RR-3144,Paid,4495.00,Labor CASH Flawless Roofing Pay,,,25392.29,0.00,Yes,New,Roofing,Residential,2060.17,17151.81,https://my.acculynx.com/jobs/fc482bb9-eaa9-4037-9e48-483d9051fb40
RR-3144,Paid,100.00,AMEX Roofr Report,,,25392.29,0.00,Yes,New,Roofing,Residential,2060.17,17151.81,https://my.acculynx.com/jobs/fc482bb9-eaa9-4037-9e48-483d9051fb40
RR-3144,Paid,150.00,AMEX Marketing Advertisement,,,25392.29,0.00,Yes,New,Roofing,Residential,2060.17,17151.81,https://my.acculynx.com/jobs/fc482bb9-eaa9-4037-9e48-483d9051fb40
RR-3144,Paid,278.40,Platinum Warranty,,,25392.29,0.00,Yes,New,Roofing,Residential,2060.17,17151.81,https://my.acculynx.com/jobs/fc482bb9-eaa9-4037-9e48-483d9051fb40
RR-3144,Paid,271.88,Material ACCOUNT National Shop,,(2) BX Gutter Guards,25392.29,0.00,Yes,New,Roofing,Residential,2060.17,17151.81,https://my.acculynx.com/jobs/fc482bb9-eaa9-4037-9e48-483d9051fb40
RR-3144,Paid,619.92,Material AMEX Home Depot,H1206-474964,,25392.29,0.00,Yes,New,Roofing,Residential,2060.17,17151.81,https://my.acculynx.com/jobs/fc482bb9-eaa9-4037-9e48-483d9051fb40
RR-3144,Paid,1269.61,Dealer CC Fee,,Dealer CC Fee,25392.29,0.00,Yes,New,Roofing,Residential,2060.17,17151.81,https://my.acculynx.com/jobs/fc482bb9-eaa9-4037-9e48-483d9051fb40
RR-3144,Paid,5401.19,Material ACCOUNT National,0046737780-001,,25392.29,0.00,Yes,New,Roofing,Residential,2060.17,17151.81,https://my.acculynx.com/jobs/fc482bb9-eaa9-4037-9e48-483d9051fb40
RR-3144,Paid,32.34,Material AMEX Home Depot,H1206-475037,,25392.29,0.00,Yes,New,Roofing,Residential,2060.17,17151.81,https://my.acculynx.com/jobs/fc482bb9-eaa9-4037-9e48-483d9051fb40
RR-3144,Additional,2060.17,Michael Dietrich Commission,,T,25392.29,0.00,No,New,Roofing,Residential,2060.17,17151.81,https://my.acculynx.com/jobs/fc482bb9-eaa9-4037-9e48-483d9051fb40
RR-3144,Paid,-176.70,Material ACCOUNT National Returns,,(4) BD Shingles,25392.29,0.00,Yes,New,Roofing,Residential,2060.17,17151.81,https://my.acculynx.com/jobs/fc482bb9-eaa9-4037-9e48-483d9051fb40
RR-3068,Paid,8.75,Material ACCOUNT National Shop,,(1) Silicone,0.00,0.00,Yes,Repair,Call Back,Residential,0.00,51.17,https://my.acculynx.com/jobs/2b445672-662c-4dc3-b84b-3df499a7c2d0
RR-3068,Paid,56.18,Material ACCOUNT National,0045977563-001,,0.00,0.00,Yes,Repair,Call Back,Residential,0.00,51.17,https://my.acculynx.com/jobs/2b445672-662c-4dc3-b84b-3df499a7c2d0
RR-3068,Paid,-13.76,Material ACCOUNT National Returns,,(1) box nails,0.00,0.00,Yes,Repair,Call Back,Residential,0.00,51.17,https://my.acculynx.com/jobs/2b445672-662c-4dc3-b84b-3df499a7c2d0
RR-3138,Additional,1.10,Commission Adjustment ,,,26426.70,0.00,No,New,Siding,Residential,1664.05,14450.30,https://my.acculynx.com/jobs/4aec2248-36d3-46f0-9db4-19947d833f21
RR-3138,Paid,200.00,Project Management,,,26426.70,0.00,Yes,New,Siding,Residential,1664.05,14450.30,https://my.acculynx.com/jobs/4aec2248-36d3-46f0-9db4-19947d833f21
RR-3138,Paid,-167.75,Material ACCOUNT National Returns,,(15) J Channel (1) Corner Post,26426.70,0.00,Yes,New,Siding,Residential,1664.05,14450.30,https://my.acculynx.com/jobs/4aec2248-36d3-46f0-9db4-19947d833f21
RR-3138,Paid,3538.84,Material ACCOUNT National,0046693689-001,,26426.70,0.00,Yes,New,Siding,Residential,1664.05,14450.30,https://my.acculynx.com/jobs/4aec2248-36d3-46f0-9db4-19947d833f21
RR-3138,Paid,7700.00,Labor JQ Home Improvement Inc,,,26426.70,0.00,Yes,New,Siding,Residential,1664.05,14450.30,https://my.acculynx.com/jobs/4aec2248-36d3-46f0-9db4-19947d833f21
RR-3138,Paid,150.00,AMEX Marketing Advertisement,,,26426.70,0.00,Yes,New,Siding,Residential,1664.05,14450.30,https://my.acculynx.com/jobs/4aec2248-36d3-46f0-9db4-19947d833f21
RR-3138,Paid,100.00,AMEX Roofr Report,,,26426.70,0.00,Yes,New,Siding,Residential,1664.05,14450.30,https://my.acculynx.com/jobs/4aec2248-36d3-46f0-9db4-19947d833f21
RR-3138,Paid,778.52,Material ACCOUNT National,0046715643-001,,26426.70,0.00,Yes,New,Siding,Residential,1664.05,14450.30,https://my.acculynx.com/jobs/4aec2248-36d3-46f0-9db4-19947d833f21
RR-3138,Additional,1662.95,Francesco Ambrosio Commission CASH,,10% + 300 (T) Transferred,26426.70,0.00,No,New,Siding,Residential,1664.05,14450.30,https://my.acculynx.com/jobs/4aec2248-36d3-46f0-9db4-19947d833f21
RR-3138,Paid,486.64,Material ACCOUNT National,0046693689-002,,26426.70,0.00,Yes,New,Siding,Residential,1664.05,14450.30,https://my.acculynx.com/jobs/4aec2248-36d3-46f0-9db4-19947d833f21
RR-3104,Paid,78.88,Labor CASH Crew Snack Lunch,,Burger King. Paid via apple payReimburse Ryan,0.00,0.00,Yes,Repair,Call Back,Residential,0.00,1833.76,https://my.acculynx.com/jobs/d5cba823-a0f9-48d8-972d-bf4b5002b32c
RR-3104,Paid,1350.00,Labor CASH V&D Family Home Remodeling Corp Pay,,,0.00,0.00,Yes,Repair,Call Back,Residential,0.00,1833.76,https://my.acculynx.com/jobs/d5cba823-a0f9-48d8-972d-bf4b5002b32c
RR-3104,Paid,8.75,Material ACCOUNT National Shop,,(1) Silicone,0.00,0.00,Yes,Repair,Call Back,Residential,0.00,1833.76,https://my.acculynx.com/jobs/d5cba823-a0f9-48d8-972d-bf4b5002b32c
RR-3104,Paid,17.58,Labor CASH Crew Snack Lunch,,Dunkin. paid with debit.Reimburse Ryan,0.00,0.00,Yes,Repair,Call Back,Residential,0.00,1833.76,https://my.acculynx.com/jobs/d5cba823-a0f9-48d8-972d-bf4b5002b32c
RR-3104,Paid,-81.56,Material ACCOUNT National Returns,,(3) Flex J-Channel,0.00,0.00,Yes,Repair,Call Back,Residential,0.00,1833.76,https://my.acculynx.com/jobs/d5cba823-a0f9-48d8-972d-bf4b5002b32c
RR-3104,Paid,64.90,Material ACCOUNT National,0046396697-001,,0.00,0.00,Yes,Repair,Call Back,Residential,0.00,1833.76,https://my.acculynx.com/jobs/d5cba823-a0f9-48d8-972d-bf4b5002b32c
RR-3104,Paid,332.57,Material ACCOUNT National,0046380845-001,,0.00,0.00,Yes,Repair,Call Back,Residential,0.00,1833.76,https://my.acculynx.com/jobs/d5cba823-a0f9-48d8-972d-bf4b5002b32c
RR-3104,Paid,62.64,Material ACCOUNT National,0046392394-001,,0.00,0.00,Yes,Repair,Call Back,Residential,0.00,1833.76,https://my.acculynx.com/jobs/d5cba823-a0f9-48d8-972d-bf4b5002b32c
RR-3067,Paid,5660.00,Labor CASH V&D Family Home Remodeling Corp Pay,,,26000.00,0.00,Yes,New,Roofing,Residential,1975.50,17098.00,https://my.acculynx.com/jobs/41b264ef-2209-4b5f-a127-4c500444496f
RR-3067,Paid,1068.00,Labor CASH V&D Family Home Remodeling Corp Dump,,,26000.00,0.00,Yes,New,Roofing,Residential,1975.50,17098.00,https://my.acculynx.com/jobs/41b264ef-2209-4b5f-a127-4c500444496f
RR-3067,Paid,6959.71,Material ACCOUNT National ,0045891918-001,,26000.00,0.00,Yes,New,Roofing,Residential,1975.50,17098.00,https://my.acculynx.com/jobs/41b264ef-2209-4b5f-a127-4c500444496f
RR-3067,Paid,374.10,Platinum Warranty,,,26000.00,0.00,Yes,New,Roofing,Residential,1975.50,17098.00,https://my.acculynx.com/jobs/41b264ef-2209-4b5f-a127-4c500444496f
RR-3067,Paid,-148.61,Material ACCOUNT National Returns,,(1) BD Shingles(4) Plywood,26000.00,0.00,Yes,New,Roofing,Residential,1975.50,17098.00,https://my.acculynx.com/jobs/41b264ef-2209-4b5f-a127-4c500444496f
RR-3067,Paid,1209.30,Material AMEX Lowes,S11890QL,,26000.00,0.00,Yes,New,Roofing,Residential,1975.50,17098.00,https://my.acculynx.com/jobs/41b264ef-2209-4b5f-a127-4c500444496f
RR-3067,Additional,1975.50,Jacob Giannelli Commission,,T,26000.00,0.00,No,New,Roofing,Residential,1975.50,17098.00,https://my.acculynx.com/jobs/41b264ef-2209-4b5f-a127-4c500444496f
RR-3130,Paid,337.50,Labor CASH V&D Family Home Remodeling Corp Pay,,,1007.00,0.00,Yes,New,Gutters & Soffits,Residential,106.71,580.15,https://my.acculynx.com/jobs/5ee7cc1d-ec24-4c28-a1a3-1252c3bdc9fe
RR-3130,Paid,135.94,Material ACCOUNT National Shop,,(1) BX Gutter guards,1007.00,0.00,Yes,New,Gutters & Soffits,Residential,106.71,580.15,https://my.acculynx.com/jobs/5ee7cc1d-ec24-4c28-a1a3-1252c3bdc9fe
RR-3130,Additional,106.71,Matt Pesko Commission,,t,1007.00,0.00,No,New,Gutters & Soffits,Residential,106.71,580.15,https://my.acculynx.com/jobs/5ee7cc1d-ec24-4c28-a1a3-1252c3bdc9fe
RR-3069,Paid,1501.50,Dealer CC Fee,,Dealer Fee,28245.00,0.00,Yes,New,Roofing,Residential,695.77,24461.92,https://my.acculynx.com/jobs/0b0264f7-b96b-4c1c-83a7-bae768a919a0
RR-3069,Paid,589.96,Material ACCOUNT National ,0046013637-003,,28245.00,0.00,Yes,New,Roofing,Residential,695.77,24461.92,https://my.acculynx.com/jobs/0b0264f7-b96b-4c1c-83a7-bae768a919a0
RR-3069,Paid,455.56,Material ACCOUNT National,0046013637-002,,28245.00,0.00,Yes,New,Roofing,Residential,695.77,24461.92,https://my.acculynx.com/jobs/0b0264f7-b96b-4c1c-83a7-bae768a919a0
RR-3069,Paid,157.68,Material ACCOUNT National,0046013637-005,,28245.00,0.00,Yes,New,Roofing,Residential,695.77,24461.92,https://my.acculynx.com/jobs/0b0264f7-b96b-4c1c-83a7-bae768a919a0
RR-3069,Paid,9600.49,Material ACCOUNT National,0046013637-001,,28245.00,0.00,Yes,New,Roofing,Residential,695.77,24461.92,https://my.acculynx.com/jobs/0b0264f7-b96b-4c1c-83a7-bae768a919a0
RR-3069,Additional,695.77,Jacob Giannelli Commission,,T,28245.00,0.00,No,New,Roofing,Residential,695.77,24461.92,https://my.acculynx.com/jobs/0b0264f7-b96b-4c1c-83a7-bae768a919a0
RR-3069,Paid,1250.00,Labor All About Gutters,,,28245.00,0.00,Yes,New,Roofing,Residential,695.77,24461.92,https://my.acculynx.com/jobs/0b0264f7-b96b-4c1c-83a7-bae768a919a0
RR-3069,Paid,8375.00,Labor CASH Flawless Roofing Pay,,,28245.00,0.00,Yes,New,Roofing,Residential,695.77,24461.92,https://my.acculynx.com/jobs/0b0264f7-b96b-4c1c-83a7-bae768a919a0
RR-3069,Paid,1033.13,Material AMEX American Chimney,,,28245.00,0.00,Yes,New,Roofing,Residential,695.77,24461.92,https://my.acculynx.com/jobs/0b0264f7-b96b-4c1c-83a7-bae768a919a0
RR-3069,Paid,1717.50,Labor CASH Flawless Roofing Dump,,,28245.00,0.00,Yes,New,Roofing,Residential,695.77,24461.92,https://my.acculynx.com/jobs/0b0264f7-b96b-4c1c-83a7-bae768a919a0
RR-3069,Paid,745.07,Material ACCOUNT National Shop,,(2) Rolls Base sheet(4) Bundles Open Shingles(2) Bundles Starters(3) Lifetime Pipe Flanges,28245.00,0.00,Yes,New,Roofing,Residential,695.77,24461.92,https://my.acculynx.com/jobs/0b0264f7-b96b-4c1c-83a7-bae768a919a0
RR-3069,Paid,17.89,Material ACCOUNT National,0046013637-004,,28245.00,0.00,Yes,New,Roofing,Residential,695.77,24461.92,https://my.acculynx.com/jobs/0b0264f7-b96b-4c1c-83a7-bae768a919a0
RR-3069,Paid,-1677.63,Material ACCOUNT National Returns,,(31) Bundles shingles(2) Bundles Starters(1) Bundle Hip & Ridge(1) Bath & Dryer Vent,28245.00,0.00,Yes,New,Roofing,Residential,695.77,24461.92,https://my.acculynx.com/jobs/0b0264f7-b96b-4c1c-83a7-bae768a919a0
RR-3124,Paid,1257.90,Dealer CC Fee,,Dealer Fee,29657.91,0.00,Yes,New,Roofing,Residential,3675.06,14957.65,https://my.acculynx.com/jobs/a3424379-0f5b-4d1e-9ab0-061a7400e515
RR-3124,Paid,271.88,Material ACCOUNT National Shop,,(2) BX Gutter Guards,29657.91,0.00,Yes,New,Roofing,Residential,3675.06,14957.65,https://my.acculynx.com/jobs/a3424379-0f5b-4d1e-9ab0-061a7400e515
RR-3124,Paid,725.00,Labor CASH Flawless Roofing Dump,,,29657.91,0.00,Yes,New,Roofing,Residential,3675.06,14957.65,https://my.acculynx.com/jobs/a3424379-0f5b-4d1e-9ab0-061a7400e515
RR-3124,Paid,3115.00,Labor CASH Flawless Roofing Pay,,,29657.91,0.00,Yes,New,Roofing,Residential,3675.06,14957.65,https://my.acculynx.com/jobs/a3424379-0f5b-4d1e-9ab0-061a7400e515
RR-3124,Paid,150.00,AMEX Marketing Advertisement,,,29657.91,0.00,Yes,New,Roofing,Residential,3675.06,14957.65,https://my.acculynx.com/jobs/a3424379-0f5b-4d1e-9ab0-061a7400e515
RR-3124,Paid,100.00,AMEX Roofr Report,,,29657.91,0.00,Yes,New,Roofing,Residential,3675.06,14957.65,https://my.acculynx.com/jobs/a3424379-0f5b-4d1e-9ab0-061a7400e515
RR-3124,Paid,900.00,Labor All About Gutters,,,29657.91,0.00,Yes,New,Roofing,Residential,3675.06,14957.65,https://my.acculynx.com/jobs/a3424379-0f5b-4d1e-9ab0-061a7400e515
RR-3124,Paid,-339.31,Material ACCOUNT National Returns,,(3) BD Duration Shingles(1) RL OC VentSure Rigid Roll Ridge Vent with Weather PROtector(3) BD ¾” Plywood,29657.91,0.00,Yes,New,Roofing,Residential,3675.06,14957.65,https://my.acculynx.com/jobs/a3424379-0f5b-4d1e-9ab0-061a7400e515
RR-3124,Paid,206.63,Platinum Warranty,,,29657.91,0.00,Yes,New,Roofing,Residential,3675.06,14957.65,https://my.acculynx.com/jobs/a3424379-0f5b-4d1e-9ab0-061a7400e515
RR-3124,Paid,559.95,Material ACCOUNT ABC,77669475,,29657.91,0.00,Yes,New,Roofing,Residential,3675.06,14957.65,https://my.acculynx.com/jobs/a3424379-0f5b-4d1e-9ab0-061a7400e515
RR-3124,Paid,4335.54,Material ACCOUNT National,0046465021-001,,29657.91,0.00,Yes,New,Roofing,Residential,3675.06,14957.65,https://my.acculynx.com/jobs/a3424379-0f5b-4d1e-9ab0-061a7400e515
RR-3124,Additional,3675.06,Christopher Byrnes Commission,,T,29657.91,0.00,No,New,Roofing,Residential,3675.06,14957.65,https://my.acculynx.com/jobs/a3424379-0f5b-4d1e-9ab0-061a7400e515
RR-3086,Paid,575.86,Material ACCOUNT National,,,3600.00,0.00,Yes,Repair,Roofing,Residential,356.11,2645.34,https://my.acculynx.com/jobs/82b1d702-f476-4997-90ca-6c4146a82e9d
RR-3086,Paid,-132.69,Material ACCOUNT National Returns,,(3) Bundles OC Onyx Black Shingles - National ,3600.00,0.00,Yes,Repair,Roofing,Residential,356.11,2645.34,https://my.acculynx.com/jobs/82b1d702-f476-4997-90ca-6c4146a82e9d
RR-3086,Paid,1350.00,Labor CASH V&D Family Home Remodeling Corp Pay,,,3600.00,0.00,Yes,Repair,Roofing,Residential,356.11,2645.34,https://my.acculynx.com/jobs/82b1d702-f476-4997-90ca-6c4146a82e9d
RR-3086,Additional,356.11,Michael Dietrich Commission,,T,3600.00,0.00,No,Repair,Roofing,Residential,356.11,2645.34,https://my.acculynx.com/jobs/82b1d702-f476-4997-90ca-6c4146a82e9d
RR-3086,Paid,26.26,Material ACCOUNT National Shop,,(3) Silicone Tubes,3600.00,0.00,Yes,Repair,Roofing,Residential,356.11,2645.34,https://my.acculynx.com/jobs/82b1d702-f476-4997-90ca-6c4146a82e9d
RR-3086,Paid,535.74,Material ACCOUNT ABC,77267292,,3600.00,0.00,No,Repair,Roofing,Residential,356.11,2645.34,https://my.acculynx.com/jobs/82b1d702-f476-4997-90ca-6c4146a82e9d
RR-3086,Paid,-65.94,Material ACCOUNT ABC Returns,77278093,,3600.00,0.00,No,Repair,Roofing,Residential,356.11,2645.34,https://my.acculynx.com/jobs/82b1d702-f476-4997-90ca-6c4146a82e9d
RR-3046,Paid,750.00,Labor CASH V&D Family Home Remodeling Corp Pay,,,2131.63,0.00,Yes,Repair,Roofing,Residential,185.60,1389.23,https://my.acculynx.com/jobs/1a5152d2-7148-4317-bb6a-d6b1347bf210
RR-3046,Paid,-45.31,Material ACCOUNT National Returns,,(1) BD GAF SHINGLE,2131.63,0.00,Yes,Repair,Roofing,Residential,185.60,1389.23,https://my.acculynx.com/jobs/1a5152d2-7148-4317-bb6a-d6b1347bf210
RR-3046,Additional,185.60,Michael Dietrich Commission,,t,2131.63,0.00,No,Repair,Roofing,Residential,185.60,1389.23,https://my.acculynx.com/jobs/1a5152d2-7148-4317-bb6a-d6b1347bf210
RR-3046,Paid,294.91,Material ACCOUNT National,0045711149-001,,2131.63,0.00,Yes,Repair,Roofing,Residential,185.60,1389.23,https://my.acculynx.com/jobs/1a5152d2-7148-4317-bb6a-d6b1347bf210
RR-3046,Paid,186.52,Sales Tax,,,2131.63,0.00,Yes,Repair,Roofing,Residential,185.60,1389.23,https://my.acculynx.com/jobs/1a5152d2-7148-4317-bb6a-d6b1347bf210
RR-3046,Paid,17.51,Material ACCOUNT National Shop,,(2) Silicon,2131.63,0.00,Yes,Repair,Roofing,Residential,185.60,1389.23,https://my.acculynx.com/jobs/1a5152d2-7148-4317-bb6a-d6b1347bf210
RR-3106,Additional,244.21, Kelly Romero Commission,,Mike D gave commission to KellyT,2032.00,0.00,No,Repair,Roofing,Residential,244.21,1055.15,https://my.acculynx.com/jobs/499e57bc-8825-45f6-b635-39b5c8dce139
RR-3106,Paid,135.94,Material ACCOUNT National,0046321875-001,,2032.00,0.00,Yes,Repair,Roofing,Residential,244.21,1055.15,https://my.acculynx.com/jobs/499e57bc-8825-45f6-b635-39b5c8dce139
RR-3106,Paid,675.00,Labor CASH V&D Family Home Remodeling Corp Pay,,,2032.00,0.00,Yes,Repair,Roofing,Residential,244.21,1055.15,https://my.acculynx.com/jobs/499e57bc-8825-45f6-b635-39b5c8dce139
RR-3050,Paid,74.90,Sales Tax,,,856.00,0.00,Yes,Repair,Roofing,Residential,13.05,803.81,https://my.acculynx.com/jobs/2750ec9d-fba8-404a-8b8a-34b200786a62
RR-3050,Paid,-32.10,Material AMEX Home Depot Returns,,(6) Karnak Tubes,856.00,0.00,Yes,Repair,Roofing,Residential,13.05,803.81,https://my.acculynx.com/jobs/2750ec9d-fba8-404a-8b8a-34b200786a62
RR-3050,Paid,64.21,Material AMEX Home Depot,H1265-346988,,856.00,0.00,Yes,Repair,Roofing,Residential,13.05,803.81,https://my.acculynx.com/jobs/2750ec9d-fba8-404a-8b8a-34b200786a62
RR-3050,Paid,8.75,Material ACCOUNT National Shop,,(1) Silicone,856.00,0.00,Yes,Repair,Roofing,Residential,13.05,803.81,https://my.acculynx.com/jobs/2750ec9d-fba8-404a-8b8a-34b200786a62
RR-3050,Paid,675.00,Labor CASH V&D Family Home Remodeling Corp Pay,,,856.00,0.00,Yes,Repair,Roofing,Residential,13.05,803.81,https://my.acculynx.com/jobs/2750ec9d-fba8-404a-8b8a-34b200786a62
RR-3050,Additional,13.05,Michael Dietrich Commission,,T,856.00,0.00,No,Repair,Roofing,Residential,13.05,803.81,https://my.acculynx.com/jobs/2750ec9d-fba8-404a-8b8a-34b200786a62
RR-3176,Paid,500.00,Labor V&D Family Home Remodeling Corp Pay,,,2339.83,0.00,Yes,Repair,Siding,Residential,280.70,1217.01,https://my.acculynx.com/jobs/9b5c8fa5-04a8-4658-a921-1af8e0899688
RR-3176,Paid,82.05,Dealer CC Fee,,,2339.83,0.00,Yes,Repair,Siding,Residential,280.70,1217.01,https://my.acculynx.com/jobs/9b5c8fa5-04a8-4658-a921-1af8e0899688
RR-3176,Paid,149.52,Material ACCOUNT National ,0047099559-001,,2339.83,0.00,Yes,Repair,Siding,Residential,280.70,1217.01,https://my.acculynx.com/jobs/9b5c8fa5-04a8-4658-a921-1af8e0899688
RR-3176,Paid,204.74,Sales Tax,,,2339.83,0.00,Yes,Repair,Siding,Residential,280.70,1217.01,https://my.acculynx.com/jobs/9b5c8fa5-04a8-4658-a921-1af8e0899688
RR-3176,Additional,280.70,Francesco Ambrosio Commission,,New Sales Manager Commission Structure (T),2339.83,0.00,No,Repair,Siding,Residential,280.70,1217.01,https://my.acculynx.com/jobs/9b5c8fa5-04a8-4658-a921-1af8e0899688
RR-3099,Paid,350.00,Labor V&D Family Home Remodeling Corp Dump,,,7600.00,0.00,Yes,Repair,Roofing,Residential,846.63,4213.50,https://my.acculynx.com/jobs/b1176df2-dd49-4e20-acf3-856621ed09bd
RR-3099,Paid,1350.00,Labor V&D Family Home Remodeling Corp Pay,,,7600.00,0.00,Yes,Repair,Roofing,Residential,846.63,4213.50,https://my.acculynx.com/jobs/b1176df2-dd49-4e20-acf3-856621ed09bd
RR-3099,Paid,1666.87,Material ACCOUNT National,,0046273637-001,7600.00,0.00,Yes,Repair,Roofing,Residential,846.63,4213.50,https://my.acculynx.com/jobs/b1176df2-dd49-4e20-acf3-856621ed09bd
RR-3099,Additional,846.63,Michael Dietrich Commission,,T,7600.00,0.00,No,Repair,Roofing,Residential,846.63,4213.50,https://my.acculynx.com/jobs/b1176df2-dd49-4e20-acf3-856621ed09bd
RR-3078,Paid,-265.86,Material ACCOUNT National Returns,,(1 ) 1/2 Plywood(2) BD GAF SHINGLES(1) Silicone(1) BX Coil Nails (1) RL IWS,3610.17,0.00,Yes,Repair,Roofing,Residential,500.74,1607.22,https://my.acculynx.com/jobs/41b19591-7f05-493d-8ea6-0168629a5b7d
RR-3078,Paid,675.00,Labor CASH V&D Family Home Remodeling Corp Pay,,,3610.17,0.00,Yes,Repair,Roofing,Residential,500.74,1607.22,https://my.acculynx.com/jobs/41b19591-7f05-493d-8ea6-0168629a5b7d
RR-3078,Paid,381.45,Material ACCOUNT National ,0046043079-002,,3610.17,0.00,Yes,Repair,Roofing,Residential,500.74,1607.22,https://my.acculynx.com/jobs/41b19591-7f05-493d-8ea6-0168629a5b7d
RR-3078,Additional,500.74,Michael Dietrich Commission,,T,3610.17,0.00,No,Repair,Roofing,Residential,500.74,1607.22,https://my.acculynx.com/jobs/41b19591-7f05-493d-8ea6-0168629a5b7d
RR-3078,Paid,315.89,Sales Tax,,,3610.17,0.00,Yes,Repair,Roofing,Residential,500.74,1607.22,https://my.acculynx.com/jobs/41b19591-7f05-493d-8ea6-0168629a5b7d
RR-3110,Paid,3000.00,Labor Brentwood Roofing And Contracting Inc,,,7970.86,0.00,Yes,Repair,"Call Back, Roofing",Commercial,0.00,4242.20,https://my.acculynx.com/jobs/8957531e-b170-473b-8531-2102a59a8ba7
RR-3110,Paid,1242.20,Material ACCOUNT National,,,7970.86,0.00,Yes,Repair,"Call Back, Roofing",Commercial,0.00,4242.20,https://my.acculynx.com/jobs/8957531e-b170-473b-8531-2102a59a8ba7
RR-3153,Paid,2000.00,Labor Flawless Roofing Pay,,,5785.60,0.00,Yes,Repair,Roofing,Residential,0.00,4611.56,https://my.acculynx.com/jobs/ea2da3e4-c87a-49f7-bb14-476111fa974f
RR-3153,Paid,73.22,Material ACCOUNT National,0046907022-002,,5785.60,0.00,Yes,Repair,Roofing,Residential,0.00,4611.56,https://my.acculynx.com/jobs/ea2da3e4-c87a-49f7-bb14-476111fa974f
RR-3153,Paid,200.00,Project Management,,,5785.60,0.00,Yes,Repair,Roofing,Residential,0.00,4611.56,https://my.acculynx.com/jobs/ea2da3e4-c87a-49f7-bb14-476111fa974f
RR-3153,Paid,267.30,Material ACCOUNT National,0046907022-001,,5785.60,0.00,Yes,Repair,Roofing,Residential,0.00,4611.56,https://my.acculynx.com/jobs/ea2da3e4-c87a-49f7-bb14-476111fa974f
RR-3153,Paid,100.00,AMEX Roofr Report,,,5785.60,0.00,Yes,Repair,Roofing,Residential,0.00,4611.56,https://my.acculynx.com/jobs/ea2da3e4-c87a-49f7-bb14-476111fa974f
RR-3153,Paid,150.00,AMEX Marketing Advertisement,,,5785.60,0.00,Yes,Repair,Roofing,Residential,0.00,4611.56,https://my.acculynx.com/jobs/ea2da3e4-c87a-49f7-bb14-476111fa974f
RR-3153,Paid,1821.04,Material ACCOUNT National,0046821114-001,,5785.60,0.00,Yes,Repair,Roofing,Residential,0.00,4611.56,https://my.acculynx.com/jobs/ea2da3e4-c87a-49f7-bb14-476111fa974f
RR-3129,Paid,675.00,Labor CASH V&D Family Home Remodeling Corp Pay,,,3400.00,0.00,Yes,Repair,Roofing,Residential,519.35,1322.62,https://my.acculynx.com/jobs/84d528cf-81a3-4292-afff-bda53572c496
RR-3129,Paid,93.25,Material ACCOUNT ABC,77607528,,3400.00,0.00,Yes,Repair,Roofing,Residential,519.35,1322.62,https://my.acculynx.com/jobs/84d528cf-81a3-4292-afff-bda53572c496
RR-3129,Paid,35.02,Material ACCOUNT National Shop,,(4) Silione,3400.00,0.00,Yes,Repair,Roofing,Residential,519.35,1322.62,https://my.acculynx.com/jobs/84d528cf-81a3-4292-afff-bda53572c496
RR-3129,Additional,519.35,Michael Dietrich Commission,,t,3400.00,0.00,No,Repair,Roofing,Residential,519.35,1322.62,https://my.acculynx.com/jobs/84d528cf-81a3-4292-afff-bda53572c496
RR-3040,Paid,4015.00,Labor CASH V&D Family Home Remodeling Corp Pay,,,19868.05,0.00,Yes,New,Roofing,Residential,1272.92,13776.37,https://my.acculynx.com/jobs/c13f1f71-cb2f-42ed-a524-ddc9b25bccf2
RR-3040,Paid,1033.00,Labor CASH V&D Family Home Remodeling Corp Dump,,,19868.05,0.00,Yes,New,Roofing,Residential,1272.92,13776.37,https://my.acculynx.com/jobs/c13f1f71-cb2f-42ed-a524-ddc9b25bccf2
RR-3040,Paid,242.51,Platinum Warranty,,,19868.05,0.00,Yes,New,Roofing,Residential,1272.92,13776.37,https://my.acculynx.com/jobs/c13f1f71-cb2f-42ed-a524-ddc9b25bccf2
RR-3040,Paid,815.63,Material AMEX American Chimney,44361,,19868.05,0.00,Yes,New,Roofing,Residential,1272.92,13776.37,https://my.acculynx.com/jobs/c13f1f71-cb2f-42ed-a524-ddc9b25bccf2
RR-3040,Paid,-26.09,Material ACCOUNT National Returns,,(1) Plywood,19868.05,0.00,Yes,New,Roofing,Residential,1272.92,13776.37,https://my.acculynx.com/jobs/c13f1f71-cb2f-42ed-a524-ddc9b25bccf2
RR-3040,Paid,6423.40,Material ACCOUNT National, 0045804231-001,,19868.05,0.00,Yes,New,Roofing,Residential,1272.92,13776.37,https://my.acculynx.com/jobs/c13f1f71-cb2f-42ed-a524-ddc9b25bccf2
RR-3040,Additional,1272.92,Mike Masciale commission ,,T,19868.05,0.00,No,New,Roofing,Residential,1272.92,13776.37,https://my.acculynx.com/jobs/c13f1f71-cb2f-42ed-a524-ddc9b25bccf2
RR-2845,Paid,8.75,Material ACCOUNT National Shop,,(1) Silicone,1650.00,0.00,Yes,Repair,Roofing,Residential,139.90,1090.40,https://my.acculynx.com/jobs/987ed3c2-9773-4cb6-b73b-0b719ee4359d
RR-2845,Paid,266.75,Material ACCOUNT Beacon,558984,,1650.00,0.00,Yes,Repair,Roofing,Residential,139.90,1090.40,https://my.acculynx.com/jobs/987ed3c2-9773-4cb6-b73b-0b719ee4359d
RR-2845,Paid,675.00,Labor CASH V&D Family Home Remodeling Corp Pay,,,1650.00,0.00,Yes,Repair,Roofing,Residential,139.90,1090.40,https://my.acculynx.com/jobs/987ed3c2-9773-4cb6-b73b-0b719ee4359d
RR-2845,Additional,139.90,Michael Dietrich Commission,,T,1650.00,0.00,No,Repair,Roofing,Residential,139.90,1090.40,https://my.acculynx.com/jobs/987ed3c2-9773-4cb6-b73b-0b719ee4359d
RR-3098,Paid,950.00,Labor All About Gutters,,,32211.00,0.00,Yes,New,Roofing,Residential,3420.47,18529.10,https://my.acculynx.com/jobs/09c23920-46c9-42c6-b3c4-5e22bc62c542
RR-3098,Paid,1050.00,Labor V&D Family Home Remodeling Corp Dump,,,32211.00,0.00,Yes,New,Roofing,Residential,3420.47,18529.10,https://my.acculynx.com/jobs/09c23920-46c9-42c6-b3c4-5e22bc62c542
RR-3098,Paid,4110.00,Labor V&D Family Home Remodeling Corp Pay,,,32211.00,0.00,Yes,New,Roofing,Residential,3420.47,18529.10,https://my.acculynx.com/jobs/09c23920-46c9-42c6-b3c4-5e22bc62c542
RR-3098,Paid,150.00,AMEX Marketing Advertisement,,,32211.00,0.00,Yes,New,Roofing,Residential,3420.47,18529.10,https://my.acculynx.com/jobs/09c23920-46c9-42c6-b3c4-5e22bc62c542
RR-3098,Paid,100.00,AMEX Roofr Report,,,32211.00,0.00,Yes,New,Roofing,Residential,3420.47,18529.10,https://my.acculynx.com/jobs/09c23920-46c9-42c6-b3c4-5e22bc62c542
RR-3098,Paid,350.18,Platinum Warranty,,,32211.00,0.00,Yes,New,Roofing,Residential,3420.47,18529.10,https://my.acculynx.com/jobs/09c23920-46c9-42c6-b3c4-5e22bc62c542
RR-3098,Paid,402.40,Material ACCOUNT National,0046251557-002,,32211.00,0.00,Yes,New,Roofing,Residential,3420.47,18529.10,https://my.acculynx.com/jobs/09c23920-46c9-42c6-b3c4-5e22bc62c542
RR-3098,Paid,7137.39,Material ACCOUNT National,0046251557-001      ,,32211.00,0.00,Yes,New,Roofing,Residential,3420.47,18529.10,https://my.acculynx.com/jobs/09c23920-46c9-42c6-b3c4-5e22bc62c542
RR-3098,Paid,-751.89,Material ACCOUNT National Returns,,(17) Bundle of Shingles,32211.00,0.00,Yes,New,Roofing,Residential,3420.47,18529.10,https://my.acculynx.com/jobs/09c23920-46c9-42c6-b3c4-5e22bc62c542
RR-3098,Additional,3420.47,Christopher Byrnes Commission,,T,32211.00,0.00,No,New,Roofing,Residential,3420.47,18529.10,https://my.acculynx.com/jobs/09c23920-46c9-42c6-b3c4-5e22bc62c542
RR-3098,Paid,1610.55,Dealer CC Fee,,,32211.00,0.00,Yes,New,Roofing,Residential,3420.47,18529.10,https://my.acculynx.com/jobs/09c23920-46c9-42c6-b3c4-5e22bc62c542
RR-3024,Paid,3430.00,Labor CASH V&D Family Home Remodeling Corp Pay,,,20731.90,0.00,Yes,New,Roofing,Residential,1743.35,12758.49,https://my.acculynx.com/jobs/f06c8833-ebfe-4554-845d-2691a130e48a
RR-3024,Paid,654.00,Labor CASH V&D Family Home Remodeling Corp Dump,,,20731.90,0.00,Yes,New,Roofing,Residential,1743.35,12758.49,https://my.acculynx.com/jobs/f06c8833-ebfe-4554-845d-2691a130e48a
RR-3024,Paid,266.44,Platinum Warranty,,,20731.90,0.00,Yes,New,Roofing,Residential,1743.35,12758.49,https://my.acculynx.com/jobs/f06c8833-ebfe-4554-845d-2691a130e48a
RR-3024,Paid,-671.46,Material ACCOUNT National Returns,,(9) BD Shingles(1) Pro edge(7) Plywood,20731.90,0.00,Yes,New,Roofing,Residential,1743.35,12758.49,https://my.acculynx.com/jobs/f06c8833-ebfe-4554-845d-2691a130e48a
RR-3024,Paid,50.51,Material ACCOUNT Beacon,TG62523,,20731.90,0.00,Yes,New,Roofing,Residential,1743.35,12758.49,https://my.acculynx.com/jobs/f06c8833-ebfe-4554-845d-2691a130e48a
RR-3024,Paid,217.42,Material AMEX Riverhead Building Supply,502683,,20731.90,0.00,Yes,New,Roofing,Residential,1743.35,12758.49,https://my.acculynx.com/jobs/f06c8833-ebfe-4554-845d-2691a130e48a
RR-3024,Paid,74.82,Material AMEX Riverhead Building Supply,414194,,20731.90,0.00,Yes,New,Roofing,Residential,1743.35,12758.49,https://my.acculynx.com/jobs/f06c8833-ebfe-4554-845d-2691a130e48a
RR-3024,Paid,20.94,Material AMEX Lowes,S2612ATG,,20731.90,0.00,Yes,New,Roofing,Residential,1743.35,12758.49,https://my.acculynx.com/jobs/f06c8833-ebfe-4554-845d-2691a130e48a
RR-3024,Paid,5922.47,Material ACCOUNT National ,0045798449-001,,20731.90,0.00,Yes,New,Roofing,Residential,1743.35,12758.49,https://my.acculynx.com/jobs/f06c8833-ebfe-4554-845d-2691a130e48a
RR-3024,Additional,1743.35,Michael Dietrich Commission,,T,20731.90,0.00,No,New,Roofing,Residential,1743.35,12758.49,https://my.acculynx.com/jobs/f06c8833-ebfe-4554-845d-2691a130e48a
RR-3024,Paid,1050.00,Labor All About Gutters,,,20731.90,0.00,Yes,New,Roofing,Residential,1743.35,12758.49,https://my.acculynx.com/jobs/f06c8833-ebfe-4554-845d-2691a130e48a
RR-3062,Paid,-1133.95,Material ACCOUNT National Returns,,(5) Deckeseal  Capsheet(2) Deckseal Base(5) C45 Drip edge,5000.00,0.00,Yes,New,Gutters & Soffits,Residential,0.00,6069.72,https://my.acculynx.com/jobs/9ba80fb0-6d54-4dd8-ae8f-87dd32b36c2e
RR-3062,Paid,53.75,Material AMEX Home Depot,H1213-432439,,5000.00,0.00,Yes,New,Gutters & Soffits,Residential,0.00,6069.72,https://my.acculynx.com/jobs/9ba80fb0-6d54-4dd8-ae8f-87dd32b36c2e
RR-3062,Paid,-93.08,Material ACCOUNT Beacon Returns,,(1)  Brown trim coi,5000.00,0.00,Yes,New,Gutters & Soffits,Residential,0.00,6069.72,https://my.acculynx.com/jobs/9ba80fb0-6d54-4dd8-ae8f-87dd32b36c2e
RR-3062,Paid,1350.00,Labor CASH V&D Family Home Remodeling Corp Pay,,Full day labor,5000.00,0.00,Yes,New,Gutters & Soffits,Residential,0.00,6069.72,https://my.acculynx.com/jobs/9ba80fb0-6d54-4dd8-ae8f-87dd32b36c2e
RR-3062,Paid,1694.48,Material ACCOUNT National,0045846728-001,,5000.00,0.00,Yes,New,Gutters & Soffits,Residential,0.00,6069.72,https://my.acculynx.com/jobs/9ba80fb0-6d54-4dd8-ae8f-87dd32b36c2e
RR-3062,Paid,93.08,Material ACCOUNT Beacon,TF95738,,5000.00,0.00,Yes,New,Gutters & Soffits,Residential,0.00,6069.72,https://my.acculynx.com/jobs/9ba80fb0-6d54-4dd8-ae8f-87dd32b36c2e
RR-3062,Paid,330.44,Material AMEX Home Depot,H1216-332116,,5000.00,0.00,Yes,New,Gutters & Soffits,Residential,0.00,6069.72,https://my.acculynx.com/jobs/9ba80fb0-6d54-4dd8-ae8f-87dd32b36c2e
RR-3062,Paid,3275.00,Labor All About Gutters,,,5000.00,0.00,Yes,New,Gutters & Soffits,Residential,0.00,6069.72,https://my.acculynx.com/jobs/9ba80fb0-6d54-4dd8-ae8f-87dd32b36c2e
RR-3062,Paid,500.00,Labor Cash GC Stucco,,,5000.00,0.00,No,New,Gutters & Soffits,Residential,0.00,6069.72,https://my.acculynx.com/jobs/9ba80fb0-6d54-4dd8-ae8f-87dd32b36c2e
RR-3158,Paid,100.00,AMEX Roofr Report,,,4929.12,0.00,Yes,Repair,Roofing,Commercial,271.93,2481.75,https://my.acculynx.com/jobs/43c05f1a-4dc8-48f7-919b-bea933b06536
RR-3158,Paid,200.00,Project Management ,,,4929.12,0.00,Yes,Repair,Roofing,Commercial,271.93,2481.75,https://my.acculynx.com/jobs/43c05f1a-4dc8-48f7-919b-bea933b06536
RR-3158,Paid,150.00,AMEX Marketing Advertisement,,,4929.12,0.00,Yes,Repair,Roofing,Commercial,271.93,2481.75,https://my.acculynx.com/jobs/43c05f1a-4dc8-48f7-919b-bea933b06536
RR-3158,Additional,271.93,Francesco Ambrosio Commission,,T,4929.12,0.00,No,Repair,Roofing,Commercial,271.93,2481.75,https://my.acculynx.com/jobs/43c05f1a-4dc8-48f7-919b-bea933b06536
RR-3158,Paid,959.82,Material ACCOUNT National,0046867024-001,,4929.12,0.00,Yes,Repair,Roofing,Commercial,271.93,2481.75,https://my.acculynx.com/jobs/43c05f1a-4dc8-48f7-919b-bea933b06536
RR-3158,Paid,800.00,Labor CASH Brentwood Roofing And Contracting Inc,,,4929.12,0.00,Yes,Repair,Roofing,Commercial,271.93,2481.75,https://my.acculynx.com/jobs/43c05f1a-4dc8-48f7-919b-bea933b06536
RR-3126,Paid,2000.00,Labor All About Gutters,,130' leaders150' gutters1 leader head,4650.00,0.00,Yes,Upsell / Change Order,Gutters & Soffits,Residential,465.00,2697.50,https://my.acculynx.com/jobs/04f90e78-775f-4dd2-adcf-1b65a80ac97a
RR-3126,Paid,232.50,Dealer CC Fee,,Dealer Fee,4650.00,0.00,Yes,Upsell / Change Order,Gutters & Soffits,Residential,465.00,2697.50,https://my.acculynx.com/jobs/04f90e78-775f-4dd2-adcf-1b65a80ac97a
RR-3126,Additional,465.00,Commission CASH Flawless Roofing Pay,,t,4650.00,0.00,No,Upsell / Change Order,Gutters & Soffits,Residential,465.00,2697.50,https://my.acculynx.com/jobs/04f90e78-775f-4dd2-adcf-1b65a80ac97a
RR-3157,Additional,620.00,Kevin Vanegas Commissions,,T,6200.00,0.00,No,Upsell / Change Order,Roofing,Residential,620.00,3476.50,https://my.acculynx.com/jobs/70688db0-a22d-4cba-ba9a-47180586eff7
RR-3157,Paid,2500.00,Labor Flawless Roofing Pay,,Labor+ Chimney Materials,6200.00,0.00,Yes,Upsell / Change Order,Roofing,Residential,620.00,3476.50,https://my.acculynx.com/jobs/70688db0-a22d-4cba-ba9a-47180586eff7
RR-3157,Paid,356.50,Dealer CC Fee,,Dealer fee,6200.00,0.00,Yes,Upsell / Change Order,Roofing,Residential,620.00,3476.50,https://my.acculynx.com/jobs/70688db0-a22d-4cba-ba9a-47180586eff7
RR-3148,Paid,1420.07,Material ACCOUNT National,0046772001-001,,7107.71,0.00,Yes,Upsell / Change Order,Siding,Commercial,710.77,4339.23,https://my.acculynx.com/jobs/7377937a-509d-4998-8651-2a1afdf5066f
RR-3148,Paid,1853.00,Labor CASH Flawless Roofing Pay,,,7107.71,0.00,Yes,Upsell / Change Order,Siding,Commercial,710.77,4339.23,https://my.acculynx.com/jobs/7377937a-509d-4998-8651-2a1afdf5066f
RR-3148,Paid,355.39,Dealer CC Fee,,Dealer Fee,7107.71,0.00,Yes,Upsell / Change Order,Siding,Commercial,710.77,4339.23,https://my.acculynx.com/jobs/7377937a-509d-4998-8651-2a1afdf5066f
RR-3148,Additional,710.77,Flawless Roofing Commission,,T,7107.71,0.00,No,Upsell / Change Order,Siding,Commercial,710.77,4339.23,https://my.acculynx.com/jobs/7377937a-509d-4998-8651-2a1afdf5066f
RR-3151,Additional,400.00,Flawless Roofing Commission,,T,4000.00,0.00,No,Upsell / Change Order,Roofing,Residential,400.00,1800.87,https://my.acculynx.com/jobs/c694cd5e-060c-4267-beab-1a4b2ab31c18
RR-3151,Paid,200.00,Dealer CC Fee,,Dealer Fee,4000.00,0.00,Yes,Upsell / Change Order,Roofing,Residential,400.00,1800.87,https://my.acculynx.com/jobs/c694cd5e-060c-4267-beab-1a4b2ab31c18
RR-3151,Paid,387.49,Material ACCOUNT ABC,77669502,,4000.00,0.00,Yes,Upsell / Change Order,Roofing,Residential,400.00,1800.87,https://my.acculynx.com/jobs/c694cd5e-060c-4267-beab-1a4b2ab31c18
RR-3151,Paid,113.38,Material ACCOUNT ABC,77670030,,4000.00,0.00,Yes,Upsell / Change Order,Roofing,Residential,400.00,1800.87,https://my.acculynx.com/jobs/c694cd5e-060c-4267-beab-1a4b2ab31c18
RR-3151,Paid,700.00,Labor CASH Flawless Roofing Pay,,,4000.00,0.00,Yes,Upsell / Change Order,Roofing,Residential,400.00,1800.87,https://my.acculynx.com/jobs/c694cd5e-060c-4267-beab-1a4b2ab31c18
RR-3074,Additional,400.00,Flawless Roofing Commission,,t,4000.00,0.00,No,Upsell / Change Order,Roofing,Residential,400.00,2123.00,https://my.acculynx.com/jobs/75a9691e-4907-4c0d-a991-58653e081afa
RR-3074,Paid,1573.00,Material ACCOUNT National,0045821354-002,,4000.00,0.00,Yes,Upsell / Change Order,Roofing,Residential,400.00,2123.00,https://my.acculynx.com/jobs/75a9691e-4907-4c0d-a991-58653e081afa
RR-3074,Paid,150.00,Labor CASH Flawless Roofing Pay,,Labor for replacing three skylights.,4000.00,0.00,Yes,Upsell / Change Order,Roofing,Residential,400.00,2123.00,https://my.acculynx.com/jobs/75a9691e-4907-4c0d-a991-58653e081afa
RR-3136,Paid,1567.79,Material ACCOUNT National,,0046702493-001,17000.00,0.00,Yes,Upsell / Change Order,Roofing,Residential,1700.00,7540.64,https://my.acculynx.com/jobs/4475cecb-7593-40af-b030-f499f727120a
RR-3136,Paid,3430.00,Labor CASH Flawless Roofing Pay,,,17000.00,0.00,Yes,Upsell / Change Order,Roofing,Residential,1700.00,7540.64,https://my.acculynx.com/jobs/4475cecb-7593-40af-b030-f499f727120a
RR-3136,Paid,97.12,Material ACCOUNT National,0046462431-003,,17000.00,0.00,Yes,Upsell / Change Order,Roofing,Residential,1700.00,7540.64,https://my.acculynx.com/jobs/4475cecb-7593-40af-b030-f499f727120a
RR-3136,Paid,590.66,Material ACCOUNT National,0046655002-001,,17000.00,0.00,Yes,Upsell / Change Order,Roofing,Residential,1700.00,7540.64,https://my.acculynx.com/jobs/4475cecb-7593-40af-b030-f499f727120a
RR-3136,Paid,155.07,Material ACCOUNT National,46702493,,17000.00,0.00,Yes,Upsell / Change Order,Roofing,Residential,1700.00,7540.64,https://my.acculynx.com/jobs/4475cecb-7593-40af-b030-f499f727120a
RR-3136,Additional,1700.00,Flawless Commission,,Commission CASH Flawless Roofing Payt,17000.00,0.00,No,Upsell / Change Order,Roofing,Residential,1700.00,7540.64,https://my.acculynx.com/jobs/4475cecb-7593-40af-b030-f499f727120a
RR-3134,Paid,294.99,Material ACCOUNT National,0046615438,,5000.00,0.00,Yes,Upsell / Change Order,Roofing,Residential,500.00,1633.32,https://my.acculynx.com/jobs/f2241f3c-40d5-48dc-915c-d5be3b6de305
RR-3134,Paid,765.00,Labor CASH Flawless Roofing Pay,,$500 Labor for Chimney / $265 for fascia metal labor,5000.00,0.00,Yes,Upsell / Change Order,Roofing,Residential,500.00,1633.32,https://my.acculynx.com/jobs/f2241f3c-40d5-48dc-915c-d5be3b6de305
RR-3134,Paid,73.33,Material AMEX Home Depot,H1267-369227,,5000.00,0.00,Yes,Upsell / Change Order,Roofing,Residential,500.00,1633.32,https://my.acculynx.com/jobs/f2241f3c-40d5-48dc-915c-d5be3b6de305
RR-3134,Additional,500.00,Flawless Commission,,T,5000.00,0.00,No,Upsell / Change Order,Roofing,Residential,500.00,1633.32,https://my.acculynx.com/jobs/f2241f3c-40d5-48dc-915c-d5be3b6de305
RR-3108,Paid,337.50,Labor CASH V&D Family Home Remodeling Corp Pay,,,0.00,0.00,Yes,Repair,Call Back,Residential,0.00,565.08,https://my.acculynx.com/jobs/73845c3b-2138-4a54-8c75-4a4423f17e37
RR-3108,Paid,-45.32,Material ACCOUNT National Returns,,(1) Bundle GAF Shingle,0.00,0.00,Yes,Repair,Call Back,Residential,0.00,565.08,https://my.acculynx.com/jobs/73845c3b-2138-4a54-8c75-4a4423f17e37
RR-3108,Paid,82.58,Material ACCOUNT National Shop,,(1) 5 Gal Bucket Karnak (1) Silicone Tube(1) Karnak Tube,0.00,0.00,Yes,Repair,Call Back,Residential,0.00,565.08,https://my.acculynx.com/jobs/73845c3b-2138-4a54-8c75-4a4423f17e37
RR-3108,Paid,190.32,Material ACCOUNT National,0046300544-001,,0.00,0.00,Yes,Repair,Call Back,Residential,0.00,565.08,https://my.acculynx.com/jobs/73845c3b-2138-4a54-8c75-4a4423f17e37
RR-3125,Paid,1023.02,Material ACCOUNT National,,0046511301-001,10300.00,0.00,Yes,Upsell / Change Order,"Gutters & Soffits, Roofing",Residential,1030.00,5733.44,https://my.acculynx.com/jobs/ec91276b-b3f1-4fd2-8194-fbd20591ba99
RR-3125,Paid,1550.00,Labor CASH V&D Family Home Remodeling Corp Pay,,Upsell labor + reinforcements travel to montauk,10300.00,0.00,Yes,Upsell / Change Order,"Gutters & Soffits, Roofing",Residential,1030.00,5733.44,https://my.acculynx.com/jobs/ec91276b-b3f1-4fd2-8194-fbd20591ba99
RR-3125,Paid,1700.00,Labor All About Gutters,,,10300.00,0.00,Yes,Upsell / Change Order,"Gutters & Soffits, Roofing",Residential,1030.00,5733.44,https://my.acculynx.com/jobs/ec91276b-b3f1-4fd2-8194-fbd20591ba99
RR-3125,Paid,292.86,Material ACCOUNT National Shop,,(2) boxes gutter guards(1) silicone(1) box brown trim nails,10300.00,0.00,Yes,Upsell / Change Order,"Gutters & Soffits, Roofing",Residential,1030.00,5733.44,https://my.acculynx.com/jobs/ec91276b-b3f1-4fd2-8194-fbd20591ba99
RR-3125,Paid,500.12,Material ACCOUNT National,,0046511301-002,10300.00,0.00,Yes,Upsell / Change Order,"Gutters & Soffits, Roofing",Residential,1030.00,5733.44,https://my.acculynx.com/jobs/ec91276b-b3f1-4fd2-8194-fbd20591ba99
RR-3125,Paid,-374.79,Material ACCOUNT National Returns,,(7) 6"X12" Cedar V joint(3) bundles oc shingles - driftwood(1) 1"x8"-12 white pine,10300.00,0.00,Yes,Upsell / Change Order,"Gutters & Soffits, Roofing",Residential,1030.00,5733.44,https://my.acculynx.com/jobs/ec91276b-b3f1-4fd2-8194-fbd20591ba99
RR-3125,Paid,12.23,Material ACCOUNT National,,0046514670-001,10300.00,0.00,Yes,Upsell / Change Order,"Gutters & Soffits, Roofing",Residential,1030.00,5733.44,https://my.acculynx.com/jobs/ec91276b-b3f1-4fd2-8194-fbd20591ba99
RR-3125,Additional,1030.00,V&D Commission,,T,10300.00,0.00,No,Upsell / Change Order,"Gutters & Soffits, Roofing",Residential,1030.00,5733.44,https://my.acculynx.com/jobs/ec91276b-b3f1-4fd2-8194-fbd20591ba99
RR-3059,Paid,40.32,Material AMEX Home Depot,H1213-441359,,0.00,0.00,Yes,New,Call Back,Residential,0.00,3223.67,https://my.acculynx.com/jobs/62c25c8f-5423-450a-ba5e-f07983deeafc
RR-3059,Paid,60.51,Material AMEX Home Depot,H1213-441381,,0.00,0.00,Yes,New,Call Back,Residential,0.00,3223.67,https://my.acculynx.com/jobs/62c25c8f-5423-450a-ba5e-f07983deeafc
RR-3059,Paid,1350.00,Labor CASH V&D Family Home Remodeling Corp Pay,,,0.00,0.00,Yes,New,Call Back,Residential,0.00,3223.67,https://my.acculynx.com/jobs/62c25c8f-5423-450a-ba5e-f07983deeafc
RR-3059,Paid,1772.84,Material ACCOUNT National,0045574342-001,,0.00,0.00,Yes,New,Call Back,Residential,0.00,3223.67,https://my.acculynx.com/jobs/62c25c8f-5423-450a-ba5e-f07983deeafc
RR-3085,Paid,17.51,Material ACCOUNT National Shop,,(2) Silicone,0.00,0.00,Yes,Repair,Call Back,Residential,0.00,1367.51,https://my.acculynx.com/jobs/69cc3275-1465-4990-852a-f6830aa534b9
RR-3085,Paid,1350.00,Labor CASH V&D Family Home Remodeling Corp Pay,,,0.00,0.00,Yes,Repair,Call Back,Residential,0.00,1367.51,https://my.acculynx.com/jobs/69cc3275-1465-4990-852a-f6830aa534b9
RR-2925,Paid,350.00,Labor All About Gutters,,,0.00,0.00,Yes,Repair,Call Back,Residential,0.00,350.00,https://my.acculynx.com/jobs/173857d4-37c9-49cf-ad1b-710836a0ab01
RR-3066,Paid,3890.00,Labor Flawless Roofing Pay,,,23846.51,0.00,Yes,New,Roofing,Residential,1895.66,16263.86,https://my.acculynx.com/jobs/fab6038a-a9c6-405b-b3cc-6780493f7b96
RR-3066,Paid,1260.00,Labor All About Gutters,,,23846.51,0.00,Yes,New,Roofing,Residential,1895.66,16263.86,https://my.acculynx.com/jobs/fab6038a-a9c6-405b-b3cc-6780493f7b96
RR-3066,Paid,150.00,AMEX Marketing Advertisement,,,23846.51,0.00,Yes,New,Roofing,Residential,1895.66,16263.86,https://my.acculynx.com/jobs/fab6038a-a9c6-405b-b3cc-6780493f7b96
RR-3066,Paid,314.29,Platinum Warranty,OC-2025-WR-2207206,,23846.51,0.00,Yes,New,Roofing,Residential,1895.66,16263.86,https://my.acculynx.com/jobs/fab6038a-a9c6-405b-b3cc-6780493f7b96
RR-3066,Paid,786.00,Labor Flawless Roofing Dump,,,23846.51,0.00,Yes,New,Roofing,Residential,1895.66,16263.86,https://my.acculynx.com/jobs/fab6038a-a9c6-405b-b3cc-6780493f7b96
RR-3066,Paid,100.00,AMEX Roofr Report,,,23846.51,0.00,Yes,New,Roofing,Residential,1895.66,16263.86,https://my.acculynx.com/jobs/fab6038a-a9c6-405b-b3cc-6780493f7b96
RR-3066,Paid,34.20,Material AMEX Home Depot,H1285-236540,,23846.51,0.00,Yes,New,Roofing,Residential,1895.66,16263.86,https://my.acculynx.com/jobs/fab6038a-a9c6-405b-b3cc-6780493f7b96
RR-3066,Paid,352.89,Material ACCOUNT National Shop,,(1) Lifettime Bathroom Vent(2) Boxes Gutter Guards,23846.51,0.00,Yes,New,Roofing,Residential,1895.66,16263.86,https://my.acculynx.com/jobs/fab6038a-a9c6-405b-b3cc-6780493f7b96
RR-3066,Paid,568.44,Material ACCOUNT National, 0046075783-002,,23846.51,0.00,Yes,New,Roofing,Residential,1895.66,16263.86,https://my.acculynx.com/jobs/fab6038a-a9c6-405b-b3cc-6780493f7b96
RR-3066,Paid,-733.44,Material ACCOUNT National Returns,,(3) Bundles Shingles(2) Bundles Ridge Caps(3) Rolls Ridge Vent,23846.51,0.00,Yes,New,Roofing,Residential,1895.66,16263.86,https://my.acculynx.com/jobs/fab6038a-a9c6-405b-b3cc-6780493f7b96
RR-3066,Paid,1050.00,Dealer CC Fee,,"5% of $21,000.00",23846.51,0.00,Yes,New,Roofing,Residential,1895.66,16263.86,https://my.acculynx.com/jobs/fab6038a-a9c6-405b-b3cc-6780493f7b96
RR-3066,Paid,6595.82,Material ACCOUNT National, 0046075783-001,,23846.51,0.00,Yes,New,Roofing,Residential,1895.66,16263.86,https://my.acculynx.com/jobs/fab6038a-a9c6-405b-b3cc-6780493f7b96
RR-3066,Additional,1895.66,Michael Dietrich Commission,,T,23846.51,0.00,No,New,Roofing,Residential,1895.66,16263.86,https://my.acculynx.com/jobs/fab6038a-a9c6-405b-b3cc-6780493f7b96
RR-3052,Paid,42.96,Material AMEX Home Depot,H1216-332966,,3529.99,0.00,Yes,Repair,Roofing,Residential,456.40,1704.39,https://my.acculynx.com/jobs/7d65f48d-8b61-4db5-b5ba-d8755c32cc9c
RR-3052,Additional,456.40,Michael Dietrich Commission,,T,3529.99,0.00,No,Repair,Roofing,Residential,456.40,1704.39,https://my.acculynx.com/jobs/7d65f48d-8b61-4db5-b5ba-d8755c32cc9c
RR-3052,Paid,35.02,Material ACCOUNT National Shop,,(4) Silicone Tubes,3529.99,0.00,Yes,Repair,Roofing,Residential,456.40,1704.39,https://my.acculynx.com/jobs/7d65f48d-8b61-4db5-b5ba-d8755c32cc9c
RR-3052,Paid,-124.16,Material ACCOUNT National Returns,,(1) RL IWS (1) BD GAF Shingle,3529.99,0.00,Yes,Repair,Roofing,Residential,456.40,1704.39,https://my.acculynx.com/jobs/7d65f48d-8b61-4db5-b5ba-d8755c32cc9c
RR-3052,Paid,619.17,Material ACCOUNT National,0045798462-001,,3529.99,0.00,Yes,Repair,Roofing,Residential,456.40,1704.39,https://my.acculynx.com/jobs/7d65f48d-8b61-4db5-b5ba-d8755c32cc9c
RR-3052,Paid,675.00,Labor CASH V&D Family Home Remodeling Corp Pay,,,3529.99,0.00,Yes,Repair,Roofing,Residential,456.40,1704.39,https://my.acculynx.com/jobs/7d65f48d-8b61-4db5-b5ba-d8755c32cc9c
RR-3097,Paid,150.00,Labor CASH Flawless Roofing Pay,,,3500.00,0.00,Yes,Upsell / Change Order,Roofing,Residential,350.00,2034.38,https://my.acculynx.com/jobs/d515b967-7ff9-45b3-9140-5c9012a7d1dc
RR-3097,Paid,1359.38,Material AMEX American Chimney,44439,,3500.00,0.00,Yes,Upsell / Change Order,Roofing,Residential,350.00,2034.38,https://my.acculynx.com/jobs/d515b967-7ff9-45b3-9140-5c9012a7d1dc
RR-3097,Paid,175.00,Dealer CC Fee,,"5% of 3,500.00",3500.00,0.00,Yes,Upsell / Change Order,Roofing,Residential,350.00,2034.38,https://my.acculynx.com/jobs/d515b967-7ff9-45b3-9140-5c9012a7d1dc
RR-3097,Additional,350.00,Flawless Roofing Commission,,T,3500.00,0.00,No,Upsell / Change Order,Roofing,Residential,350.00,2034.38,https://my.acculynx.com/jobs/d515b967-7ff9-45b3-9140-5c9012a7d1dc
RR-3079,Paid,150.00,AMEX Marketing Advertisement,,,24290.00,0.00,No,New,Roofing,Residential,2208.03,15457.86,https://my.acculynx.com/jobs/3ed70efc-86fa-4bf3-b227-31607fffd3d3
RR-3079,Additional,-90.00,Christopher Byrnes Commission Adjustment,,,24290.00,0.00,No,New,Roofing,Residential,2208.03,15457.86,https://my.acculynx.com/jobs/3ed70efc-86fa-4bf3-b227-31607fffd3d3
RR-3061,Additional,252.43,Michael Dietrich Commission,,T,2000.00,0.00,No,Repair,Roofing,Residential,252.43,990.30,https://my.acculynx.com/jobs/e8bc32ac-d64c-48cc-be64-c75b78bdd050
RR-3061,Paid,675.00,Labor CASH V&D Family Home Remodeling Corp Pay,,,2000.00,0.00,Yes,Repair,Roofing,Residential,252.43,990.30,https://my.acculynx.com/jobs/e8bc32ac-d64c-48cc-be64-c75b78bdd050
RR-3061,Paid,-10.45,Material ACCOUNT National Returns,,(1) bundle tamako shingle,2000.00,0.00,Yes,Repair,Roofing,Residential,252.43,990.30,https://my.acculynx.com/jobs/e8bc32ac-d64c-48cc-be64-c75b78bdd050
RR-3061,Paid,73.32,Material ACCOUNT National,0045842322-001,,2000.00,0.00,Yes,Repair,Roofing,Residential,252.43,990.30,https://my.acculynx.com/jobs/e8bc32ac-d64c-48cc-be64-c75b78bdd050
RR-3093,Paid,189.39,Material AMEX Home Depot,H1285-236981,,7619.95,0.00,Yes,Repair,Roofing,Residential,971.91,3732.31,https://my.acculynx.com/jobs/6333876e-ed16-40f2-9883-05936fdf0b1c
RR-3093,Additional,971.91,Michael Dietrich Commission,,T,7619.95,0.00,No,Repair,Roofing,Residential,971.91,3732.31,https://my.acculynx.com/jobs/6333876e-ed16-40f2-9883-05936fdf0b1c
RR-3093,Paid,1216.70,Material ACCOUNT National,0046227962-001,,7619.95,0.00,Yes,Repair,Roofing,Residential,971.91,3732.31,https://my.acculynx.com/jobs/6333876e-ed16-40f2-9883-05936fdf0b1c
RR-3093,Paid,14.10,Material ACCOUNT National Shop,,(1) Silicone tube(1) Karnak tube,7619.95,0.00,Yes,Repair,Roofing,Residential,971.91,3732.31,https://my.acculynx.com/jobs/6333876e-ed16-40f2-9883-05936fdf0b1c
RR-3093,Paid,-9.79,Material ACCOUNT National Returns,,(1) Pipe Flashing,7619.95,0.00,Yes,Repair,Roofing,Residential,971.91,3732.31,https://my.acculynx.com/jobs/6333876e-ed16-40f2-9883-05936fdf0b1c
RR-3093,Paid,1350.00,Labor CASH V&D Family Home Remodeling Corp Pay,,,7619.95,0.00,Yes,Repair,Roofing,Residential,971.91,3732.31,https://my.acculynx.com/jobs/6333876e-ed16-40f2-9883-05936fdf0b1c
RR-2909,Paid,475.00,Labor CASH Carlos,,line 374 CCS,0.00,0.00,Yes,New,Call Back,Residential,0.00,475.00,https://my.acculynx.com/jobs/3224a619-c36a-449e-9a70-657507000a9b
RR-3147,Paid,588.00,Labor Flawless Roofing Dump,,,20021.20,21.20,Yes,New,Roofing,Residential,1873.70,12526.40,https://my.acculynx.com/jobs/ccb5e224-8954-4c7e-a878-42e1796b21aa
RR-3147,Paid,100.00,AMEX Roofr Report,,,20021.20,21.20,Yes,New,Roofing,Residential,1873.70,12526.40,https://my.acculynx.com/jobs/ccb5e224-8954-4c7e-a878-42e1796b21aa
RR-3147,Paid,150.00,AMEX Marketing Advertisement,,,20021.20,21.20,Yes,New,Roofing,Residential,1873.70,12526.40,https://my.acculynx.com/jobs/ccb5e224-8954-4c7e-a878-42e1796b21aa
RR-3147,Paid,3565.00,Labor Flawless Roofing Pay,,,20021.20,21.20,Yes,New,Roofing,Residential,1873.70,12526.40,https://my.acculynx.com/jobs/ccb5e224-8954-4c7e-a878-42e1796b21aa
RR-3147,Paid,-63.74,Material ACCOUNT National Returns,,(1) BD Shingle (2) Lifetime Flashing,20021.20,21.20,Yes,New,Roofing,Residential,1873.70,12526.40,https://my.acculynx.com/jobs/ccb5e224-8954-4c7e-a878-42e1796b21aa
RR-3147,Paid,218.59,Platinum Warranty,,,20021.20,21.20,Yes,New,Roofing,Residential,1873.70,12526.40,https://my.acculynx.com/jobs/ccb5e224-8954-4c7e-a878-42e1796b21aa
RR-3147,Paid,81.02,Material ACCOUNT National Shop,,(1) Lifetime Bath & Dryer Vent,20021.20,21.20,Yes,New,Roofing,Residential,1873.70,12526.40,https://my.acculynx.com/jobs/ccb5e224-8954-4c7e-a878-42e1796b21aa
RR-3147,Paid,244.34,Material AMEX Home Depot,H1274-346066,,20021.20,21.20,Yes,New,Roofing,Residential,1873.70,12526.40,https://my.acculynx.com/jobs/ccb5e224-8954-4c7e-a878-42e1796b21aa
RR-3147,Paid,4769.49,Material ACCOUNT National,0046780250-001,,20021.20,21.20,Yes,New,Roofing,Residential,1873.70,12526.40,https://my.acculynx.com/jobs/ccb5e224-8954-4c7e-a878-42e1796b21aa
RR-3147,Additional,1873.70,Michael Dietrich Commission,,T,20021.20,21.20,No,New,Roofing,Residential,1873.70,12526.40,https://my.acculynx.com/jobs/ccb5e224-8954-4c7e-a878-42e1796b21aa
RR-3147,Paid,1000.00,Dealer CC Fee,,Dealer fee ,20021.20,21.20,Yes,New,Roofing,Residential,1873.70,12526.40,https://my.acculynx.com/jobs/ccb5e224-8954-4c7e-a878-42e1796b21aa
RR-3137,Paid,450.00,Labor CASH V&D Family Home Remodeling Corp Dump,,,12400.00,0.00,Yes,Repair,Roofing,Residential,1100.86,7995.55,https://my.acculynx.com/jobs/b6ff2d72-076a-4e6a-a067-bbb880bf1293
RR-3137,Paid,1650.00,Labor CASH V&D Family Home Remodeling Corp Pay,,,12400.00,0.00,Yes,Repair,Roofing,Residential,1100.86,7995.55,https://my.acculynx.com/jobs/b6ff2d72-076a-4e6a-a067-bbb880bf1293
RR-3137,Paid,-228.82,Material ACCOUNT National Returns,0046839930-001,,12400.00,0.00,Yes,Repair,Roofing,Residential,1100.86,7995.55,https://my.acculynx.com/jobs/b6ff2d72-076a-4e6a-a067-bbb880bf1293
RR-3137,Paid,66.26,Material ACCOUNT ABC,77679664,,12400.00,0.00,Yes,Repair,Roofing,Residential,1100.86,7995.55,https://my.acculynx.com/jobs/b6ff2d72-076a-4e6a-a067-bbb880bf1293
RR-3137,Paid,200.00,Project Management,,,12400.00,0.00,Yes,Repair,Roofing,Residential,1100.86,7995.55,https://my.acculynx.com/jobs/b6ff2d72-076a-4e6a-a067-bbb880bf1293
RR-3137,Paid,17.51,Material ACCOUNT National Shop,,(2) Silicone,12400.00,0.00,Yes,Repair,Roofing,Residential,1100.86,7995.55,https://my.acculynx.com/jobs/b6ff2d72-076a-4e6a-a067-bbb880bf1293
RR-3137,Paid,100.00,AMEX Roofr Report,,,12400.00,0.00,Yes,Repair,Roofing,Residential,1100.86,7995.55,https://my.acculynx.com/jobs/b6ff2d72-076a-4e6a-a067-bbb880bf1293
RR-3137,Paid,150.00,AMEX Marketing Advertisement,,,12400.00,0.00,Yes,Repair,Roofing,Residential,1100.86,7995.55,https://my.acculynx.com/jobs/b6ff2d72-076a-4e6a-a067-bbb880bf1293
RR-3137,Paid,2339.74,Material ACCOUNT National ,46719620,,12400.00,0.00,Yes,Repair,Roofing,Residential,1100.86,7995.55,https://my.acculynx.com/jobs/b6ff2d72-076a-4e6a-a067-bbb880bf1293
RR-3137,Additional,1531.06,Michael Dietrich Commission,,T,12400.00,0.00,No,Repair,Roofing,Residential,1100.86,7995.55,https://my.acculynx.com/jobs/b6ff2d72-076a-4e6a-a067-bbb880bf1293
RR-3137,Paid,2150.00,RenewUSA Solar,,,12400.00,0.00,Yes,Repair,Roofing,Residential,1100.86,7995.55,https://my.acculynx.com/jobs/b6ff2d72-076a-4e6a-a067-bbb880bf1293
RR-3137,Additional,-430.20,Michael Dietrich Commission,,Renew detach and reset,12400.00,0.00,No,Repair,Roofing,Residential,1100.86,7995.55,https://my.acculynx.com/jobs/b6ff2d72-076a-4e6a-a067-bbb880bf1293
RR-3080,Paid,8.75,Material ACCOUNT National Shop,,(4) Silicone Tubes,2975.20,0.00,Yes,Repair,Roofing,Residential,342.22,1606.33,https://my.acculynx.com/jobs/ae235ad5-8848-42c8-abdf-a5dd883ca1b7
RR-3080,Paid,675.00,Labor CASH V&D Family Home Remodeling Corp Pay,,,2975.20,0.00,Yes,Repair,Roofing,Residential,342.22,1606.33,https://my.acculynx.com/jobs/ae235ad5-8848-42c8-abdf-a5dd883ca1b7
RR-3080,Paid,260.33,Sales Tax,,,2975.20,0.00,Yes,Repair,Roofing,Residential,342.22,1606.33,https://my.acculynx.com/jobs/ae235ad5-8848-42c8-abdf-a5dd883ca1b7
RR-3080,Paid,154.52,Dealer CC Fee,,CC Fee,2975.20,0.00,Yes,Repair,Roofing,Residential,342.22,1606.33,https://my.acculynx.com/jobs/ae235ad5-8848-42c8-abdf-a5dd883ca1b7
RR-3080,Paid,99.70,Material ACCOUNT National,0046051086-001,,2975.20,0.00,Yes,Repair,Roofing,Residential,342.22,1606.33,https://my.acculynx.com/jobs/ae235ad5-8848-42c8-abdf-a5dd883ca1b7
RR-3080,Additional,342.22,Michael Dietrich Commission,,T,2975.20,0.00,No,Repair,Roofing,Residential,342.22,1606.33,https://my.acculynx.com/jobs/ae235ad5-8848-42c8-abdf-a5dd883ca1b7
RR-3080,Paid,65.81,Material AMEX Home Depot,H1206-460490,,2975.20,0.00,Yes,Repair,Roofing,Residential,342.22,1606.33,https://my.acculynx.com/jobs/ae235ad5-8848-42c8-abdf-a5dd883ca1b7
RR-3060,Paid,-134.85,Material ACCOUNT National Returns,,(1) BD GAF Shingle(1) BX Framing Nails,5500.00,0.00,Yes,Repair,Roofing,Residential,601.51,3093.95,https://my.acculynx.com/jobs/137de914-9789-4e4d-96b5-d05aba99c675
RR-3060,Paid,234.92,Material CASH ABC,13522977,,5500.00,0.00,Yes,Repair,Roofing,Residential,601.51,3093.95,https://my.acculynx.com/jobs/137de914-9789-4e4d-96b5-d05aba99c675
RR-3060,Paid,147.20,Material ACCOUNT Beacon,TG14927,,5500.00,0.00,Yes,Repair,Roofing,Residential,601.51,3093.95,https://my.acculynx.com/jobs/137de914-9789-4e4d-96b5-d05aba99c675
RR-3060,Additional,601.51,Michael Dietrich Commission,,T,5500.00,0.00,No,Repair,Roofing,Residential,601.51,3093.95,https://my.acculynx.com/jobs/137de914-9789-4e4d-96b5-d05aba99c675
RR-3060,Paid,1350.00,Labor CASH V&D Family Home Remodeling Corp Pay,,,5500.00,0.00,Yes,Repair,Roofing,Residential,601.51,3093.95,https://my.acculynx.com/jobs/137de914-9789-4e4d-96b5-d05aba99c675
RR-3060,Paid,877.66,Material ACCOUNT National,0045845382-001,,5500.00,0.00,Yes,Repair,Roofing,Residential,601.51,3093.95,https://my.acculynx.com/jobs/137de914-9789-4e4d-96b5-d05aba99c675
RR-3060,Paid,17.51,Material ACCOUNT National Shop,,(2) Silicone,5500.00,0.00,Yes,Repair,Roofing,Residential,601.51,3093.95,https://my.acculynx.com/jobs/137de914-9789-4e4d-96b5-d05aba99c675
RR-3122,Additional,619.61,Christopher Byrnes Commission,,t,5500.00,0.00,No,New,Gutters & Soffits,Residential,619.61,3021.57,https://my.acculynx.com/jobs/e58a8a8b-a2a9-4320-9f29-6097715ea06c
RR-3122,Paid,2350.00,Labor All About Gutters,,,5500.00,0.00,Yes,New,Gutters & Soffits,Residential,619.61,3021.57,https://my.acculynx.com/jobs/e58a8a8b-a2a9-4320-9f29-6097715ea06c
RR-3122,Paid,51.96,Material AMEX Lowes,,,5500.00,0.00,Yes,New,Gutters & Soffits,Residential,619.61,3021.57,https://my.acculynx.com/jobs/e58a8a8b-a2a9-4320-9f29-6097715ea06c
RR-3111,Paid,675.00,Labor CASH V&D Family Home Remodeling Corp Pay,,,1100.00,0.00,Yes,Repair,Gutters & Soffits,Residential,23.94,884.50,https://my.acculynx.com/jobs/7c605624-ef47-4703-ad5f-47a80f6b224d
RR-3111,Paid,150.13,Material ACCOUNT National Shop,,(1) roll trim coil(1) Silicone,1100.00,0.00,Yes,Repair,Gutters & Soffits,Residential,23.94,884.50,https://my.acculynx.com/jobs/7c605624-ef47-4703-ad5f-47a80f6b224d
RR-3111,Paid,92.30,Material ACCOUNT National,0046342084-001,,1100.00,0.00,Yes,Repair,Gutters & Soffits,Residential,23.94,884.50,https://my.acculynx.com/jobs/7c605624-ef47-4703-ad5f-47a80f6b224d
RR-3111,Additional,23.94,Francesco Ambrosio Commission,,T,1100.00,0.00,No,Repair,Gutters & Soffits,Residential,23.94,884.50,https://my.acculynx.com/jobs/7c605624-ef47-4703-ad5f-47a80f6b224d
RR-3111,Paid,-56.87,Material ACCOUNT National Returns,,(3) 1X6 Fascia Board,1100.00,0.00,Yes,Repair,Gutters & Soffits,Residential,23.94,884.50,https://my.acculynx.com/jobs/7c605624-ef47-4703-ad5f-47a80f6b224d
RR-3159,Paid,145.02,Material ACCOUNT National,0046883398-001,,0.00,0.00,No,New,Call Back,Residential,0.00,145.02,https://my.acculynx.com/jobs/3c1df3a3-326e-4401-9fc1-ea5a11a86c54
RR-3095,Paid,8900.00,Labor V&D Family Home Remodeling Corp Pay,,,28000.00,0.00,Yes,New,Signature Roofing,Residential,473.40,23739.43,https://my.acculynx.com/jobs/2544c6ce-cf51-443a-8f3f-f90e28da6579
RR-3095,Paid,150.00,AMEX Marketing Advertisement,,,28000.00,0.00,Yes,New,Signature Roofing,Residential,473.40,23739.43,https://my.acculynx.com/jobs/2544c6ce-cf51-443a-8f3f-f90e28da6579
RR-3095,Paid,650.00,Labor V&D Family Home Remodeling Corp Dump,,,28000.00,0.00,Yes,New,Signature Roofing,Residential,473.40,23739.43,https://my.acculynx.com/jobs/2544c6ce-cf51-443a-8f3f-f90e28da6579
RR-3095,Paid,1050.00,Dealer CC Fee,,Dealer Fee,28000.00,0.00,Yes,New,Signature Roofing,Residential,473.40,23739.43,https://my.acculynx.com/jobs/2544c6ce-cf51-443a-8f3f-f90e28da6579
RR-3095,Paid,13574.96,Material ACCOUNT National,0046260687-001,,28000.00,0.00,Yes,New,Signature Roofing,Residential,473.40,23739.43,https://my.acculynx.com/jobs/2544c6ce-cf51-443a-8f3f-f90e28da6579
RR-3095,Paid,100.00,AMEX Roofr Report,,,28000.00,0.00,Yes,New,Signature Roofing,Residential,473.40,23739.43,https://my.acculynx.com/jobs/2544c6ce-cf51-443a-8f3f-f90e28da6579
RR-3095,Paid,73.66,Material AMEX Home Depot,H1211-279630,,28000.00,0.00,Yes,New,Signature Roofing,Residential,473.40,23739.43,https://my.acculynx.com/jobs/2544c6ce-cf51-443a-8f3f-f90e28da6579
RR-3095,Additional,473.40,Francesco Ambrosio Commission,,T,28000.00,0.00,No,New,Signature Roofing,Residential,473.40,23739.43,https://my.acculynx.com/jobs/2544c6ce-cf51-443a-8f3f-f90e28da6579
RR-3095,Paid,-1232.59,Material ACCOUNT National Returns,,(2) sheets of copper for returns (4) bundles of cedar,28000.00,0.00,Yes,New,Signature Roofing,Residential,473.40,23739.43,https://my.acculynx.com/jobs/2544c6ce-cf51-443a-8f3f-f90e28da6579
RR-3109,Paid,456.00,Labor V&D Family Home Remodeling Corp Dump,,,15673.53,0.00,Yes,New,Roofing,Residential,1146.79,8352.38,https://my.acculynx.com/jobs/3fc63896-045a-47a0-8096-b95c36bcda56
RR-3109,Paid,100.00,AMEX Roofr Report,,,15673.53,0.00,Yes,New,Roofing,Residential,1146.79,8352.38,https://my.acculynx.com/jobs/3fc63896-045a-47a0-8096-b95c36bcda56
RR-3109,Paid,150.00,AMEX Marketing Advertisement,,,15673.53,0.00,Yes,New,Roofing,Residential,1146.79,8352.38,https://my.acculynx.com/jobs/3fc63896-045a-47a0-8096-b95c36bcda56
RR-3109,Paid,-521.65,Material ACCOUNT National Returns,,(8) BD OC Oakridge(2) RL Top Shield Synthetic,15673.53,0.00,Yes,New,Roofing,Residential,1146.79,8352.38,https://my.acculynx.com/jobs/3fc63896-045a-47a0-8096-b95c36bcda56
RR-3109,Additional,1146.79,Francesco Ambrosio Commission,,10% - $846.79 + 300$ over 40% GP (T) ,15673.53,0.00,No,New,Roofing,Residential,1146.79,8352.38,https://my.acculynx.com/jobs/3fc63896-045a-47a0-8096-b95c36bcda56
RR-3109,Paid,3699.68,Material ACCOUNT National,0046463611-001,,15673.53,0.00,Yes,New,Roofing,Residential,1146.79,8352.38,https://my.acculynx.com/jobs/3fc63896-045a-47a0-8096-b95c36bcda56
RR-3109,Paid,81.56,Material ACCOUNT Beacon,558984,,15673.53,0.00,Yes,New,Roofing,Residential,1146.79,8352.38,https://my.acculynx.com/jobs/3fc63896-045a-47a0-8096-b95c36bcda56
RR-3109,Paid,3240.00,Labor V&D Family Home Remodeling Corp Pay,,,15673.53,0.00,Yes,New,Roofing,Residential,1146.79,8352.38,https://my.acculynx.com/jobs/3fc63896-045a-47a0-8096-b95c36bcda56
RR-3120,Paid,900.00,Labor All About Gutters,,,2697.90,0.00,Yes,New,Gutters & Soffits,Residential,303.45,1484.08,https://my.acculynx.com/jobs/39bedffc-a050-4ef9-8208-2be84a71ce19
RR-3120,Paid,280.63,Material ACCOUNT National Shop,,(2) boxes of gutter guards(1) silicone,2697.90,0.00,Yes,New,Gutters & Soffits,Residential,303.45,1484.08,https://my.acculynx.com/jobs/39bedffc-a050-4ef9-8208-2be84a71ce19
RR-3120,Additional,303.45,Michael Dietrich Commission,,T,2697.90,0.00,No,New,Gutters & Soffits,Residential,303.45,1484.08,https://my.acculynx.com/jobs/39bedffc-a050-4ef9-8208-2be84a71ce19
RR-3091,Paid,5300.00,Labor CASH Flawless Roofing Pay,,,26750.00,0.00,Yes,New,Signature Roofing,Residential,1506.95,16187.47,https://my.acculynx.com/jobs/f9eac309-c130-4b39-bc34-5bebe278f60c
RR-3091,Paid,1564.20,Labor Land Resource Dump,13119,,26750.00,0.00,Yes,New,Signature Roofing,Residential,1506.95,16187.47,https://my.acculynx.com/jobs/f9eac309-c130-4b39-bc34-5bebe278f60c
RR-3091,Paid,697.00,Other Job Expense Permit,,,26750.00,0.00,Yes,New,Signature Roofing,Residential,1506.95,16187.47,https://my.acculynx.com/jobs/f9eac309-c130-4b39-bc34-5bebe278f60c
RR-3091,Paid,278.40,Platinum Warranty,,,26750.00,0.00,Yes,New,Signature Roofing,Residential,1506.95,16187.47,https://my.acculynx.com/jobs/f9eac309-c130-4b39-bc34-5bebe278f60c
RR-3091,Paid,100.00,AMEX Roofr Report,,,26750.00,0.00,Yes,New,Signature Roofing,Residential,1506.95,16187.47,https://my.acculynx.com/jobs/f9eac309-c130-4b39-bc34-5bebe278f60c
RR-3091,Paid,150.00,AMEX Marketing Advertisement,,,26750.00,0.00,Yes,New,Signature Roofing,Residential,1506.95,16187.47,https://my.acculynx.com/jobs/f9eac309-c130-4b39-bc34-5bebe278f60c
RR-3091,Paid,1337.50,Dealer CC Fee,,Dealer Fee,26750.00,0.00,Yes,New,Signature Roofing,Residential,1506.95,16187.47,https://my.acculynx.com/jobs/f9eac309-c130-4b39-bc34-5bebe278f60c
RR-3091,Paid,104.36,Material ACCOUNT National Shop,,(4) 1/2 plywood,26750.00,0.00,Yes,New,Signature Roofing,Residential,1506.95,16187.47,https://my.acculynx.com/jobs/f9eac309-c130-4b39-bc34-5bebe278f60c
RR-3091,Paid,-564.40,Material ACCOUNT National Returns,,(3) Duration Peppercorn(1) Ridge Cap(1) Brown Coil(2) Ice & water,26750.00,0.00,Yes,New,Signature Roofing,Residential,1506.95,16187.47,https://my.acculynx.com/jobs/f9eac309-c130-4b39-bc34-5bebe278f60c
RR-3091,Paid,41.58,Material AMEX Home Depot,,,26750.00,0.00,Yes,New,Signature Roofing,Residential,1506.95,16187.47,https://my.acculynx.com/jobs/f9eac309-c130-4b39-bc34-5bebe278f60c
RR-3091,Paid,5124.80,Material ACCOUNT National,0046395946-001,,26750.00,0.00,Yes,New,Signature Roofing,Residential,1506.95,16187.47,https://my.acculynx.com/jobs/f9eac309-c130-4b39-bc34-5bebe278f60c
RR-3091,Paid,547.08,Material ACCOUNT National,,0046524756-001,26750.00,0.00,Yes,New,Signature Roofing,Residential,1506.95,16187.47,https://my.acculynx.com/jobs/f9eac309-c130-4b39-bc34-5bebe278f60c
RR-3091,Additional,1506.95,Francesco Ambrosio Commission,,10% 1206.95 + 300$ over 40% GP T,26750.00,0.00,No,New,Signature Roofing,Residential,1506.95,16187.47,https://my.acculynx.com/jobs/f9eac309-c130-4b39-bc34-5bebe278f60c
RR-3175,Additional,100.00,Christopher Byrnes Commission,,T,500.00,0.00,No,Inspection,Roofing,Residential,100.00,100.00,https://my.acculynx.com/jobs/140cf1fd-6281-40e9-b621-3ad241b02923
RR-3107,Additional,1092.60,Christopher Byrnes Commission,,T,6623.00,0.00,No,New,Gutters & Soffits,Residential,1092.60,2252.60,https://my.acculynx.com/jobs/779a6efa-46e3-4152-b372-02111f5f7272
RR-3107,Paid,1160.00,Labor All About Gutters,,,6623.00,0.00,Yes,New,Gutters & Soffits,Residential,1092.60,2252.60,https://my.acculynx.com/jobs/779a6efa-46e3-4152-b372-02111f5f7272
RR-3054,Paid,440.00,Labor All About Gutters,,,16676.00,0.00,Yes,New,Roofing,Residential,1786.05,9752.03,https://my.acculynx.com/jobs/740bfd2b-5b06-4148-8e4f-7315fb209f1f
RR-3054,Paid,459.00,Labor V&D Family Home Remodeling Corp Dump,,,16676.00,0.00,Yes,New,Roofing,Residential,1786.05,9752.03,https://my.acculynx.com/jobs/740bfd2b-5b06-4148-8e4f-7315fb209f1f
RR-3054,Paid,150.00,AMEX Marketing Advertisement,,,16676.00,0.00,Yes,New,Roofing,Residential,1786.05,9752.03,https://my.acculynx.com/jobs/740bfd2b-5b06-4148-8e4f-7315fb209f1f
RR-3054,Paid,2285.00,Labor V&D Family Home Remodeling Corp Pay,,,16676.00,0.00,Yes,New,Roofing,Residential,1786.05,9752.03,https://my.acculynx.com/jobs/740bfd2b-5b06-4148-8e4f-7315fb209f1f
RR-3054,Paid,100.00,AMEX Roofr Report,,,16676.00,0.00,Yes,New,Roofing,Residential,1786.05,9752.03,https://my.acculynx.com/jobs/740bfd2b-5b06-4148-8e4f-7315fb209f1f
RR-3054,Paid,182.70,Platinum Warranty,,,16676.00,0.00,Yes,New,Roofing,Residential,1786.05,9752.03,https://my.acculynx.com/jobs/740bfd2b-5b06-4148-8e4f-7315fb209f1f
RR-3054,Paid,544.29,Material ACCOUNT National Shop,,(13) Plywood,16676.00,0.00,Yes,New,Roofing,Residential,1786.05,9752.03,https://my.acculynx.com/jobs/740bfd2b-5b06-4148-8e4f-7315fb209f1f
RR-3054,Paid,-88.46,Material ACCOUNT National Returns,,(2) Bundle Shingles,16676.00,0.00,Yes,New,Roofing,Residential,1786.05,9752.03,https://my.acculynx.com/jobs/740bfd2b-5b06-4148-8e4f-7315fb209f1f
RR-3054,Paid,3673.23,Material ACCOUNT National,0046218128-001,,16676.00,0.00,Yes,New,Roofing,Residential,1786.05,9752.03,https://my.acculynx.com/jobs/740bfd2b-5b06-4148-8e4f-7315fb209f1f
RR-3054,Additional,893.02,Jake Gianelli Commission,,T,16676.00,0.00,No,New,Roofing,Residential,1786.05,9752.03,https://my.acculynx.com/jobs/740bfd2b-5b06-4148-8e4f-7315fb209f1f
RR-3054,Additional,893.03,Bryan Natole Commission,,T,16676.00,0.00,No,New,Roofing,Residential,1786.05,9752.03,https://my.acculynx.com/jobs/740bfd2b-5b06-4148-8e4f-7315fb209f1f
RR-3054,Paid,220.22,Material ACCOUNT National,0046218128-002,,16676.00,0.00,No,New,Roofing,Residential,1786.05,9752.03,https://my.acculynx.com/jobs/740bfd2b-5b06-4148-8e4f-7315fb209f1f
RR-3051,Paid,150.00,AMEX Marketing Advertisement,,,19015.37,0.00,Yes,New,Roofing,Residential,1078.94,12304.95,https://my.acculynx.com/jobs/ed7809f4-e01b-4e2f-aa88-1139cc325d49
RR-3051,Paid,4232.06,Material ACCOUNT National,0045805024-001,,19015.37,0.00,Yes,New,Roofing,Residential,1078.94,12304.95,https://my.acculynx.com/jobs/ed7809f4-e01b-4e2f-aa88-1139cc325d49
RR-3051,Paid,558.50,Labor CASH V&D Family Home Remodeling Corp Dump,,,19015.37,0.00,Yes,New,Roofing,Residential,1078.94,12304.95,https://my.acculynx.com/jobs/ed7809f4-e01b-4e2f-aa88-1139cc325d49
RR-3051,Paid,3424.00,Labor CASH V&D Family Home Remodeling Corp Pay,,,19015.37,0.00,Yes,New,Roofing,Residential,1078.94,12304.95,https://my.acculynx.com/jobs/ed7809f4-e01b-4e2f-aa88-1139cc325d49
RR-3051,Paid,700.00,Labor All About Gutters,,,19015.37,0.00,Yes,New,Roofing,Residential,1078.94,12304.95,https://my.acculynx.com/jobs/ed7809f4-e01b-4e2f-aa88-1139cc325d49
RR-3051,Paid,1260.70,Dealer CC Fee,,Dealer Fee (Aqua),19015.37,0.00,Yes,New,Roofing,Residential,1078.94,12304.95,https://my.acculynx.com/jobs/ed7809f4-e01b-4e2f-aa88-1139cc325d49
RR-3051,Paid,100.00,AMEX Roofr Report,,,19015.37,0.00,Yes,New,Roofing,Residential,1078.94,12304.95,https://my.acculynx.com/jobs/ed7809f4-e01b-4e2f-aa88-1139cc325d49
RR-3051,Paid,-400.96,Material ACCOUNT National Returns,,(11) J Channels(5) 1x6(2) Pc of soffit(2) BD of shingle(3) Plywood,19015.37,0.00,Yes,New,Roofing,Residential,1078.94,12304.95,https://my.acculynx.com/jobs/ed7809f4-e01b-4e2f-aa88-1139cc325d49
RR-3051,Paid,815.63,Material AMEX American Chimney,44358,,19015.37,0.00,Yes,New,Roofing,Residential,1078.94,12304.95,https://my.acculynx.com/jobs/ed7809f4-e01b-4e2f-aa88-1139cc325d49
RR-3051,Paid,170.74,Platinum Warranty,,,19015.37,0.00,Yes,New,Roofing,Residential,1078.94,12304.95,https://my.acculynx.com/jobs/ed7809f4-e01b-4e2f-aa88-1139cc325d49
RR-3051,Additional,1028.94,Francesco Ambrosio Commission,,10%- $728.94 + 300$ over 40% GPT,19015.37,0.00,No,New,Roofing,Residential,1078.94,12304.95,https://my.acculynx.com/jobs/ed7809f4-e01b-4e2f-aa88-1139cc325d49
RR-3051,Paid,215.34,Material ACCOUNT National ,0045805024-002,,19015.37,0.00,Yes,New,Roofing,Residential,1078.94,12304.95,https://my.acculynx.com/jobs/ed7809f4-e01b-4e2f-aa88-1139cc325d49
RR-3051,Additional,50.00,Francesco Ambrosio Commission Adjustment,,,19015.37,0.00,No,New,Roofing,Residential,1078.94,12304.95,https://my.acculynx.com/jobs/ed7809f4-e01b-4e2f-aa88-1139cc325d49
RR-3149,Additional,1503.32,Francesco Ambrosio Commission,,10% + 5% - 1245.49 + 300$ Over 40% GP (T) Frankie Self Gen Lead,15944.97,0.00,No,New,Roofing,Residential,1503.32,9426.14,https://my.acculynx.com/jobs/9c359150-9242-4cdf-8bb3-224e9476e5a3
RR-3149,Paid,281.11,Material ACCOUNT Beacon,,TS15627,15944.97,0.00,Yes,New,Roofing,Residential,1503.32,9426.14,https://my.acculynx.com/jobs/9c359150-9242-4cdf-8bb3-224e9476e5a3
RR-3149,Paid,150.00,AMEX Marketing Advertisement,,,15944.97,0.00,Yes,New,Roofing,Residential,1503.32,9426.14,https://my.acculynx.com/jobs/9c359150-9242-4cdf-8bb3-224e9476e5a3
RR-3149,Paid,194.66,Platinum Warranty,,,15944.97,0.00,Yes,New,Roofing,Residential,1503.32,9426.14,https://my.acculynx.com/jobs/9c359150-9242-4cdf-8bb3-224e9476e5a3
RR-3149,Paid,916.84,Dealer CC Fee,,Dealer fee,15944.97,0.00,Yes,New,Roofing,Residential,1503.32,9426.14,https://my.acculynx.com/jobs/9c359150-9242-4cdf-8bb3-224e9476e5a3
RR-3149,Paid,3372.21,Material ACCOUNT National,0046800010-001,,15944.97,0.00,Yes,New,Roofing,Residential,1503.32,9426.14,https://my.acculynx.com/jobs/9c359150-9242-4cdf-8bb3-224e9476e5a3
RR-3149,Paid,100.00,AMEX Roofr Report,,,15944.97,0.00,Yes,New,Roofing,Residential,1503.32,9426.14,https://my.acculynx.com/jobs/9c359150-9242-4cdf-8bb3-224e9476e5a3
RR-3149,Paid,2455.00,Labor V&D Family Home Remodeling Corp Pay,,,15944.97,0.00,Yes,New,Roofing,Residential,1503.32,9426.14,https://my.acculynx.com/jobs/9c359150-9242-4cdf-8bb3-224e9476e5a3
RR-3149,Paid,453.00,Labor V&D Family Home Remodeling Corp Dump,,,15944.97,0.00,Yes,New,Roofing,Residential,1503.32,9426.14,https://my.acculynx.com/jobs/9c359150-9242-4cdf-8bb3-224e9476e5a3
RR-3100,Paid,438.00,Labor V&D Family Home Remodeling Corp Dump,,,14907.22,0.00,Yes,New,Roofing,Residential,1460.15,9066.61,https://my.acculynx.com/jobs/cdd7b5f8-4c4f-4fb5-a108-758dcd943652
RR-3100,Paid,-560.11,Material ACCOUNT National Returns,,(3) Duration Shingle bundles(16) plywood,14907.22,0.00,Yes,New,Roofing,Residential,1460.15,9066.61,https://my.acculynx.com/jobs/cdd7b5f8-4c4f-4fb5-a108-758dcd943652
RR-3100,Paid,2910.00,Labor V&D Family Home Remodeling Corp Pay,,,14907.22,0.00,Yes,New,Roofing,Residential,1460.15,9066.61,https://my.acculynx.com/jobs/cdd7b5f8-4c4f-4fb5-a108-758dcd943652
RR-3100,Paid,-1420.38,Material ACCOUNT National Returns,0046519948-001,,14907.22,0.00,Yes,New,Roofing,Residential,1460.15,9066.61,https://my.acculynx.com/jobs/cdd7b5f8-4c4f-4fb5-a108-758dcd943652
RR-3100,Paid,150.00,AMEX Marketing Advertisement,,,14907.22,0.00,Yes,New,Roofing,Residential,1460.15,9066.61,https://my.acculynx.com/jobs/cdd7b5f8-4c4f-4fb5-a108-758dcd943652
RR-3100,Paid,52.18,Material ACCOUNT National Shop,,(2) 1/2 Plywood,14907.22,0.00,Yes,New,Roofing,Residential,1460.15,9066.61,https://my.acculynx.com/jobs/cdd7b5f8-4c4f-4fb5-a108-758dcd943652
RR-3100,Paid,4038.58,Material ACCOUNT National,,0046274203-001,14907.22,0.00,Yes,New,Roofing,Residential,1460.15,9066.61,https://my.acculynx.com/jobs/cdd7b5f8-4c4f-4fb5-a108-758dcd943652
RR-3100,Paid,242.51,Platinum Warranty,,,14907.22,0.00,Yes,New,Roofing,Residential,1460.15,9066.61,https://my.acculynx.com/jobs/cdd7b5f8-4c4f-4fb5-a108-758dcd943652
RR-3100,Paid,100.00,AMEX Roofr Report,,,14907.22,0.00,Yes,New,Roofing,Residential,1460.15,9066.61,https://my.acculynx.com/jobs/cdd7b5f8-4c4f-4fb5-a108-758dcd943652
RR-3100,Paid,239.26,Material ACCOUNT National,,0046500559-001,14907.22,0.00,Yes,New,Roofing,Residential,1460.15,9066.61,https://my.acculynx.com/jobs/cdd7b5f8-4c4f-4fb5-a108-758dcd943652
RR-3100,Paid,1416.42,Material ACCOUNT National,,0046274203-002,14907.22,0.00,Yes,New,Roofing,Residential,1460.15,9066.61,https://my.acculynx.com/jobs/cdd7b5f8-4c4f-4fb5-a108-758dcd943652
RR-3100,Additional,1460.15,Michael Dietrich Commission,,T,14907.22,0.00,No,New,Roofing,Residential,1460.15,9066.61,https://my.acculynx.com/jobs/cdd7b5f8-4c4f-4fb5-a108-758dcd943652
RR-3021,Paid,2630.00,Labor CASH Flawless Roofing Pay,,,19714.54,0.00,Yes,New,Roofing,Residential,2168.71,10039.68,https://my.acculynx.com/jobs/8895e4c2-ecfd-4b8e-ac88-f7d86e176872
RR-3021,Paid,486.00,Labor CASH Flawless Roofing Dump,,,19714.54,0.00,Yes,New,Roofing,Residential,2168.71,10039.68,https://my.acculynx.com/jobs/8895e4c2-ecfd-4b8e-ac88-f7d86e176872
RR-3021,Paid,4362.94,Material ACCOUNT National ,0045821354-001,,19714.54,0.00,Yes,New,Roofing,Residential,2168.71,10039.68,https://my.acculynx.com/jobs/8895e4c2-ecfd-4b8e-ac88-f7d86e176872
RR-3021,Paid,218.59,Platinum Warranty,,,19714.54,0.00,Yes,New,Roofing,Residential,2168.71,10039.68,https://my.acculynx.com/jobs/8895e4c2-ecfd-4b8e-ac88-f7d86e176872
RR-3021,Paid,-265.50,Material ACCOUNT National Returns,,(6) BD Shingles Sand Dune,19714.54,0.00,Yes,New,Roofing,Residential,2168.71,10039.68,https://my.acculynx.com/jobs/8895e4c2-ecfd-4b8e-ac88-f7d86e176872
RR-3021,Paid,350.00,Labor Zion Electrical Contracting INC,,,19714.54,0.00,Yes,New,Roofing,Residential,2168.71,10039.68,https://my.acculynx.com/jobs/8895e4c2-ecfd-4b8e-ac88-f7d86e176872
RR-3021,Additional,2168.71,Michael Dietrich Commission,,T,19714.54,0.00,No,New,Roofing,Residential,2168.71,10039.68,https://my.acculynx.com/jobs/8895e4c2-ecfd-4b8e-ac88-f7d86e176872
RR-3021,Paid,88.94,Material ACCOUNT National Shop,,(2) 3/4 Plywood,19714.54,0.00,Yes,New,Roofing,Residential,2168.71,10039.68,https://my.acculynx.com/jobs/8895e4c2-ecfd-4b8e-ac88-f7d86e176872
RR-3032,Paid,1350.00,Labor CASH V&D Family Home Remodeling Corp Pay,,,30826.56,0.00,Yes,New,Roofing,Residential,2527.61,20566.12,https://my.acculynx.com/jobs/f28f6054-cfe0-4916-b8d5-71f296d562f6
RR-3032,Paid,-546.03,Material ACCOUNT National Returns,,(2) RL IWS(1) RL Pro Armor(2) BD OC Shingles(1) BX Coil Nails(1) BX Staples(4) 1/2 Plywood,30826.56,0.00,Yes,New,Roofing,Residential,2527.61,20566.12,https://my.acculynx.com/jobs/f28f6054-cfe0-4916-b8d5-71f296d562f6
RR-3032,Paid,17.51,Material ACCOUNT National Shop,,(2) Silicone,30826.56,0.00,Yes,New,Roofing,Residential,2527.61,20566.12,https://my.acculynx.com/jobs/f28f6054-cfe0-4916-b8d5-71f296d562f6
RR-3032,Paid,1573.75,Material ACCOUNT National,0045759304-001,,30826.56,0.00,Yes,New,Roofing,Residential,2527.61,20566.12,https://my.acculynx.com/jobs/f28f6054-cfe0-4916-b8d5-71f296d562f6
RR-3032,Paid,9000.00,Labor ERS Roofing and Siding,,,30826.56,0.00,Yes,New,Roofing,Residential,2527.61,20566.12,https://my.acculynx.com/jobs/f28f6054-cfe0-4916-b8d5-71f296d562f6
RR-3032,Paid,77.17,Material AMEX Home Depot,H1213-431191,,30826.56,0.00,Yes,New,Roofing,Residential,2527.61,20566.12,https://my.acculynx.com/jobs/f28f6054-cfe0-4916-b8d5-71f296d562f6
RR-3032,Paid,40.00,Check To Customer,,tool homeowner came out of pocket for,30826.56,0.00,Yes,New,Roofing,Residential,2527.61,20566.12,https://my.acculynx.com/jobs/f28f6054-cfe0-4916-b8d5-71f296d562f6
RR-3032,Paid,-104.24,Material ACCOUNT National Returns,0045844994-001,,30826.56,0.00,Yes,New,Roofing,Residential,2527.61,20566.12,https://my.acculynx.com/jobs/f28f6054-cfe0-4916-b8d5-71f296d562f6
RR-3032,Paid,-710.08,Material ACCOUNT ABC Returns,77320663,,30826.56,0.00,Yes,New,Roofing,Residential,2527.61,20566.12,https://my.acculynx.com/jobs/f28f6054-cfe0-4916-b8d5-71f296d562f6
RR-3032,Paid,184.67,Material ACCOUNT National,0046162121-001,,30826.56,0.00,Yes,New,Roofing,Residential,2527.61,20566.12,https://my.acculynx.com/jobs/f28f6054-cfe0-4916-b8d5-71f296d562f6
RR-3032,Paid,930.00,Labor All About Gutters,,,30826.56,0.00,Yes,New,Roofing,Residential,2527.61,20566.12,https://my.acculynx.com/jobs/f28f6054-cfe0-4916-b8d5-71f296d562f6
RR-3032,Paid,150.00,AMEX Marketing Advertisement,,,30826.56,0.00,Yes,New,Roofing,Residential,2527.61,20566.12,https://my.acculynx.com/jobs/f28f6054-cfe0-4916-b8d5-71f296d562f6
RR-3032,Paid,1179.85,Material ACCOUNT ABC,,,30826.56,0.00,Yes,New,Roofing,Residential,2527.61,20566.12,https://my.acculynx.com/jobs/f28f6054-cfe0-4916-b8d5-71f296d562f6
RR-3032,Paid,4504.23,Material ACCOUNT ABC,77128653,,30826.56,0.00,Yes,New,Roofing,Residential,2527.61,20566.12,https://my.acculynx.com/jobs/f28f6054-cfe0-4916-b8d5-71f296d562f6
RR-3032,Additional,2527.61,Michael Dietrich Commission,,T,30826.56,0.00,No,New,Roofing,Residential,2527.61,20566.12,https://my.acculynx.com/jobs/f28f6054-cfe0-4916-b8d5-71f296d562f6
RR-3032,Paid,291.68,Material ACCOUNT Beacon,TJ60622,,30826.56,0.00,Yes,New,Roofing,Residential,2527.61,20566.12,https://my.acculynx.com/jobs/f28f6054-cfe0-4916-b8d5-71f296d562f6
RR-3032,Paid,100.00,AMEX Roofr Report,,,30826.56,0.00,Yes,New,Roofing,Residential,2527.61,20566.12,https://my.acculynx.com/jobs/f28f6054-cfe0-4916-b8d5-71f296d562f6
RR-3092,Paid,1885.00,Labor CASH Andyman Gutters,,,4600.00,0.00,Yes,Upsell / Change Order,Roofing,Residential,460.00,2345.00,https://my.acculynx.com/jobs/c53e807a-4120-46be-b62a-8eaf0afd057f
RR-3092,Additional,460.00,Flawless Roofing Commission,,T,4600.00,0.00,No,Upsell / Change Order,Roofing,Residential,460.00,2345.00,https://my.acculynx.com/jobs/c53e807a-4120-46be-b62a-8eaf0afd057f
RR-3142,Paid,421.86,Sales Tax,,,4821.29,0.00,Yes,Repair,Roofing,Residential,198.68,3033.18,https://my.acculynx.com/jobs/c81566bc-5d0f-4d65-8602-3724fc446e75
RR-3142,Paid,150.00,AMEX Marketing Advertisement,,,4821.29,0.00,Yes,Repair,Roofing,Residential,198.68,3033.18,https://my.acculynx.com/jobs/c81566bc-5d0f-4d65-8602-3724fc446e75
RR-3142,Paid,250.32,Dealer CC Fee,,Cc Fee ,4821.29,0.00,Yes,Repair,Roofing,Residential,198.68,3033.18,https://my.acculynx.com/jobs/c81566bc-5d0f-4d65-8602-3724fc446e75
RR-3142,Paid,200.00,Project Management,,,4821.29,0.00,Yes,Repair,Roofing,Residential,198.68,3033.18,https://my.acculynx.com/jobs/c81566bc-5d0f-4d65-8602-3724fc446e75
RR-3142,Paid,100.00,AMEX Roofr Report,,,4821.29,0.00,Yes,Repair,Roofing,Residential,198.68,3033.18,https://my.acculynx.com/jobs/c81566bc-5d0f-4d65-8602-3724fc446e75
RR-3142,Paid,1033.13,Material AMEX American Chimney,44554,,4821.29,0.00,Yes,Repair,Roofing,Residential,198.68,3033.18,https://my.acculynx.com/jobs/c81566bc-5d0f-4d65-8602-3724fc446e75
RR-3142,Paid,4.19,Material AMEX Home Depot,H1285-239488,,4821.29,0.00,Yes,Repair,Roofing,Residential,198.68,3033.18,https://my.acculynx.com/jobs/c81566bc-5d0f-4d65-8602-3724fc446e75
RR-3142,Additional,198.68,Francesco Ambrosio Commission CASH,,T,4821.29,0.00,No,Repair,Roofing,Residential,198.68,3033.18,https://my.acculynx.com/jobs/c81566bc-5d0f-4d65-8602-3724fc446e75
RR-3142,Paid,675.00,Labor CASH V&D Family Home Remodeling Corp Pay,,,4821.29,0.00,Yes,Repair,Roofing,Residential,198.68,3033.18,https://my.acculynx.com/jobs/c81566bc-5d0f-4d65-8602-3724fc446e75
RR-3132,Additional,2332.48,Michael Dietrich Commission,,T,18000.00,0.00,No,New,Roofing,Residential,2341.32,8634.74,https://my.acculynx.com/jobs/7f44404c-3fe2-4a51-8e27-b61a0377862e
RR-3132,Paid,620.00,Labor All About Gutters,,,18000.00,0.00,Yes,New,Roofing,Residential,2341.32,8634.74,https://my.acculynx.com/jobs/7f44404c-3fe2-4a51-8e27-b61a0377862e
RR-3132,Paid,363.00,Labor CASH Flawless Roofing Dump,,,18000.00,0.00,Yes,New,Roofing,Residential,2341.32,8634.74,https://my.acculynx.com/jobs/7f44404c-3fe2-4a51-8e27-b61a0377862e
RR-3132,Paid,100.00,AMEX Roofr Report,,,18000.00,0.00,Yes,New,Roofing,Residential,2341.32,8634.74,https://my.acculynx.com/jobs/7f44404c-3fe2-4a51-8e27-b61a0377862e
RR-3132,Paid,2808.34,Material ACCOUNT National,0046577340-001,,18000.00,0.00,Yes,New,Roofing,Residential,2341.32,8634.74,https://my.acculynx.com/jobs/7f44404c-3fe2-4a51-8e27-b61a0377862e
RR-3132,Paid,150.00,AMEX Marketing Advertisement,,,18000.00,0.00,Yes,New,Roofing,Residential,2341.32,8634.74,https://my.acculynx.com/jobs/7f44404c-3fe2-4a51-8e27-b61a0377862e
RR-3132,Paid,2090.00,Labor CASH Flawless Roofing Pay,,,18000.00,0.00,Yes,New,Roofing,Residential,2341.32,8634.74,https://my.acculynx.com/jobs/7f44404c-3fe2-4a51-8e27-b61a0377862e
RR-3132,Paid,135.94,Material ACCOUNT National Shop,,1 BX Gutter Guards ,18000.00,0.00,Yes,New,Roofing,Residential,2341.32,8634.74,https://my.acculynx.com/jobs/7f44404c-3fe2-4a51-8e27-b61a0377862e
RR-3132,Paid,158.78,Platinum Warranty,,,18000.00,0.00,Yes,New,Roofing,Residential,2341.32,8634.74,https://my.acculynx.com/jobs/7f44404c-3fe2-4a51-8e27-b61a0377862e
RR-3132,Paid,-88.46,Material ACCOUNT National Returns ,,(2) BD OC Shingles,18000.00,0.00,Yes,New,Roofing,Residential,2341.32,8634.74,https://my.acculynx.com/jobs/7f44404c-3fe2-4a51-8e27-b61a0377862e
RR-3132,Paid,-44.18,Material ACCOUNT National Returns,0046675725-001,,18000.00,0.00,No,New,Roofing,Residential,2341.32,8634.74,https://my.acculynx.com/jobs/7f44404c-3fe2-4a51-8e27-b61a0377862e
RR-3132,Additional,8.84,Commission Adjustment ,,,18000.00,0.00,No,New,Roofing,Residential,2341.32,8634.74,https://my.acculynx.com/jobs/7f44404c-3fe2-4a51-8e27-b61a0377862e
RR-2932,Paid,314.29,Platinum Warranty,,,21043.04,0.00,Yes,New,Roofing,Residential,1842.99,13671.10,https://my.acculynx.com/jobs/d094cfed-7a04-4e5f-a518-d50dd9edc800
RR-2932,Paid,60.00,Material ACCOUNT National Shop,,(2) 1/2 Plywood,21043.04,0.00,Yes,New,Roofing,Residential,1842.99,13671.10,https://my.acculynx.com/jobs/d094cfed-7a04-4e5f-a518-d50dd9edc800
RR-2932,Paid,780.00,Labor CASH Flawless Roofing Dump,,,21043.04,0.00,Yes,New,Roofing,Residential,1842.99,13671.10,https://my.acculynx.com/jobs/d094cfed-7a04-4e5f-a518-d50dd9edc800
RR-2932,Paid,536.67,Material ACCOUNT National,0046462431-002,,21043.04,0.00,Yes,New,Roofing,Residential,1842.99,13671.10,https://my.acculynx.com/jobs/d094cfed-7a04-4e5f-a518-d50dd9edc800
RR-2932,Paid,4241.00,Labor CASH Flawless Roofing Pay,,includes $296 plywood repayment$200 PM Fee,21043.04,0.00,Yes,New,Roofing,Residential,1842.99,13671.10,https://my.acculynx.com/jobs/d094cfed-7a04-4e5f-a518-d50dd9edc800
RR-2932,Paid,790.00,Labor All About Gutters,,,21043.04,0.00,Yes,New,Roofing,Residential,1842.99,13671.10,https://my.acculynx.com/jobs/d094cfed-7a04-4e5f-a518-d50dd9edc800
RR-2932,Paid,150.00,AMEX Marketing Advertisement,,,21043.04,0.00,Yes,New,Roofing,Residential,1842.99,13671.10,https://my.acculynx.com/jobs/d094cfed-7a04-4e5f-a518-d50dd9edc800
RR-2932,Paid,5488.81,Material ACCOUNT National,0046462431-001,,21043.04,0.00,Yes,New,Roofing,Residential,1842.99,13671.10,https://my.acculynx.com/jobs/d094cfed-7a04-4e5f-a518-d50dd9edc800
RR-2932,Paid,100.00,AMEX Roofr Report,,,21043.04,0.00,Yes,New,Roofing,Residential,1842.99,13671.10,https://my.acculynx.com/jobs/d094cfed-7a04-4e5f-a518-d50dd9edc800
RR-2932,Paid,-695.24,Material ACCOUNT National Returns,,(5) 3/4" J-Channel (standard)(12)  J-Channel(1) BX Vented Soffits(1) Ridge Caps(10) Duration Shingles,21043.04,0.00,Yes,New,Roofing,Residential,1842.99,13671.10,https://my.acculynx.com/jobs/d094cfed-7a04-4e5f-a518-d50dd9edc800
RR-2932,Paid,62.58,Material AMEX Home Depot,H1206-472583,,21043.04,0.00,Yes,New,Roofing,Residential,1842.99,13671.10,https://my.acculynx.com/jobs/d094cfed-7a04-4e5f-a518-d50dd9edc800
RR-2932,Additional,1842.99,Michael Dietrich Commission,,t,21043.04,0.00,No,New,Roofing,Residential,1842.99,13671.10,https://my.acculynx.com/jobs/d094cfed-7a04-4e5f-a518-d50dd9edc800
RR-3088,Paid,34.23,Material AMEX Home Depot,H1267-359678,,23534.28,0.00,Yes,New,Roofing,Residential,2396.96,13946.46,https://my.acculynx.com/jobs/98c712fe-45bc-41bc-811d-8ae04abda222
RR-3088,Paid,350.00,Labor Zion Electrical Contracting INC,,,23534.28,0.00,Yes,New,Roofing,Residential,2396.96,13946.46,https://my.acculynx.com/jobs/98c712fe-45bc-41bc-811d-8ae04abda222
RR-3088,Additional,2396.96,Christopher Byrnes Commission,,T,23534.28,0.00,No,New,Roofing,Residential,2396.96,13946.46,https://my.acculynx.com/jobs/98c712fe-45bc-41bc-811d-8ae04abda222
RR-3088,Paid,81.02,Material ACCOUNT National,0046160200-001,,23534.28,0.00,Yes,New,Roofing,Residential,2396.96,13946.46,https://my.acculynx.com/jobs/98c712fe-45bc-41bc-811d-8ae04abda222
RR-3088,Paid,3740.00,Labor Flawless Roofing Pay,,,23534.28,0.00,Yes,New,Roofing,Residential,2396.96,13946.46,https://my.acculynx.com/jobs/98c712fe-45bc-41bc-811d-8ae04abda222
RR-3088,Paid,1085.00,Labor Flawless Roofing Dump,,,23534.28,0.00,Yes,New,Roofing,Residential,2396.96,13946.46,https://my.acculynx.com/jobs/98c712fe-45bc-41bc-811d-8ae04abda222
RR-3088,Paid,100.00,AMEX Roofr Report,,,23534.28,0.00,Yes,New,Roofing,Residential,2396.96,13946.46,https://my.acculynx.com/jobs/98c712fe-45bc-41bc-811d-8ae04abda222
RR-3088,Paid,218.59,Platinum Warranty ,OC-2025-WR-2205408,,23534.28,0.00,Yes,New,Roofing,Residential,2396.96,13946.46,https://my.acculynx.com/jobs/98c712fe-45bc-41bc-811d-8ae04abda222
RR-3088,Paid,150.00,AMEX Marketing Advertisement,,,23534.28,0.00,Yes,New,Roofing,Residential,2396.96,13946.46,https://my.acculynx.com/jobs/98c712fe-45bc-41bc-811d-8ae04abda222
RR-3088,Paid,5621.27,Material ACCOUNT National, 0046117525-001,,23534.28,0.00,Yes,New,Roofing,Residential,2396.96,13946.46,https://my.acculynx.com/jobs/98c712fe-45bc-41bc-811d-8ae04abda222
RR-3088,Paid,-746.72,Material ACCOUNT National Returns,,(3) Duration Shingles (bundle)(2) GAF Seal-A-Ridge Ridge Cap Shingles(2) 1/2" Plywood(16) TopShield Aluminum C45 Drip Edge(12)TopShield Aluminum C45 Drip Edge(1) Lifetime Ultimate Pipe Flashing for Shingle Roofs with Kynar Base,23534.28,0.00,Yes,New,Roofing,Residential,2396.96,13946.46,https://my.acculynx.com/jobs/98c712fe-45bc-41bc-811d-8ae04abda222
RR-3088,Paid,916.11,Material ACCOUNT National Shop,,(2) OC hip & ridge (bundle)(2) TopShield EG Coil Roofing Nails(28) DRIP EDGE(2) Gutter guards (box),23534.28,0.00,Yes,New,Roofing,Residential,2396.96,13946.46,https://my.acculynx.com/jobs/98c712fe-45bc-41bc-811d-8ae04abda222
RR-3065,Paid,374.10,Platinum Warranty,,,44039.07,0.00,Yes,New,Roofing,Residential,3014.36,30981.65,https://my.acculynx.com/jobs/14722e49-fd38-433e-be3b-bafa773752f7
RR-3065,Paid,1426.50,Labor CASH V&D Family Home Remodeling Corp Dump,,,44039.07,0.00,Yes,New,Roofing,Residential,3014.36,30981.65,https://my.acculynx.com/jobs/14722e49-fd38-433e-be3b-bafa773752f7
RR-3065,Paid,14189.64,Material ACCOUNT National ,0045865782-001,,44039.07,0.00,Yes,New,Roofing,Residential,3014.36,30981.65,https://my.acculynx.com/jobs/14722e49-fd38-433e-be3b-bafa773752f7
RR-3065,Paid,7470.00,Labor CASH V&D Family Home Remodeling Corp Pay,,,44039.07,0.00,Yes,New,Roofing,Residential,3014.36,30981.65,https://my.acculynx.com/jobs/14722e49-fd38-433e-be3b-bafa773752f7
RR-3065,Paid,-364.47,Material ACCOUNT National Returns,,(2) BD Shingles(2) Plywood(1) 4x8 PVC Sheet,44039.07,0.00,Yes,New,Roofing,Residential,3014.36,30981.65,https://my.acculynx.com/jobs/14722e49-fd38-433e-be3b-bafa773752f7
RR-3065,Paid,3330.00,Labor All About Gutters,,,44039.07,0.00,Yes,New,Roofing,Residential,3014.36,30981.65,https://my.acculynx.com/jobs/14722e49-fd38-433e-be3b-bafa773752f7
RR-3065,Paid,1541.52,Dealer CC Fee,,,44039.07,0.00,Yes,New,Roofing,Residential,3014.36,30981.65,https://my.acculynx.com/jobs/14722e49-fd38-433e-be3b-bafa773752f7
RR-3065,Additional,3014.36,Jacob Giannelli Commission,,T,44039.07,0.00,No,New,Roofing,Residential,3014.36,30981.65,https://my.acculynx.com/jobs/14722e49-fd38-433e-be3b-bafa773752f7
RR-3121,Paid,1987.10,Material ACCOUNT National,0046453248-003,,33198.36,0.00,Yes,New,Roofing,Residential,3670.79,18515.24,https://my.acculynx.com/jobs/036401d2-ef98-4a7c-af14-f3645e733981
RR-3121,Paid,326.25,Platinum Warranty,,,33198.36,0.00,Yes,New,Roofing,Residential,3670.79,18515.24,https://my.acculynx.com/jobs/036401d2-ef98-4a7c-af14-f3645e733981
RR-3121,Paid,6826.28,Material ACCOUNT National,0046453248-001,,33198.36,0.00,Yes,New,Roofing,Residential,3670.79,18515.24,https://my.acculynx.com/jobs/036401d2-ef98-4a7c-af14-f3645e733981
RR-3121,Paid,166.65,Material ACCOUNT National,0046453248-002,,33198.36,0.00,Yes,New,Roofing,Residential,3670.79,18515.24,https://my.acculynx.com/jobs/036401d2-ef98-4a7c-af14-f3645e733981
RR-3121,Paid,150.00,AMEX Marketing Advertisement,,,33198.36,0.00,Yes,New,Roofing,Residential,3670.79,18515.24,https://my.acculynx.com/jobs/036401d2-ef98-4a7c-af14-f3645e733981
RR-3121,Paid,100.00,AMEX Roofr Report,,,33198.36,0.00,Yes,New,Roofing,Residential,3670.79,18515.24,https://my.acculynx.com/jobs/036401d2-ef98-4a7c-af14-f3645e733981
RR-3121,Paid,1020.00,Labor Flawless Roofing Dump,,,33198.36,0.00,Yes,New,Roofing,Residential,3670.79,18515.24,https://my.acculynx.com/jobs/036401d2-ef98-4a7c-af14-f3645e733981
RR-3121,Paid,5000.00,Labor Flawless Roofing Pay,,,33198.36,0.00,Yes,New,Roofing,Residential,3670.79,18515.24,https://my.acculynx.com/jobs/036401d2-ef98-4a7c-af14-f3645e733981
RR-3121,Additional,3670.79,Michael Dietrich Commission,,T,33198.36,0.00,No,New,Roofing,Residential,3670.79,18515.24,https://my.acculynx.com/jobs/036401d2-ef98-4a7c-af14-f3645e733981
RR-3121,Paid,-731.83,Material ACCOUNT National Returns,,(12) Bundles Duration Driftwood(1) Bundle Starter(5) sheets 1/2 Plywood,33198.36,0.00,Yes,New,Roofing,Residential,3670.79,18515.24,https://my.acculynx.com/jobs/036401d2-ef98-4a7c-af14-f3645e733981
RR-3053,Paid,5335.00,Labor CASH Flawless Roofing Pay,,PM Included,26202.00,0.00,Yes,New,Roofing,Residential,1635.11,14236.03,https://my.acculynx.com/jobs/43a34180-e70e-4412-8ecc-9194af1654ef
RR-3053,Paid,-128.32,Material ACCOUNT National Returns,,,26202.00,0.00,Yes,New,Roofing,Residential,1635.11,14236.03,https://my.acculynx.com/jobs/43a34180-e70e-4412-8ecc-9194af1654ef
RR-3053,Paid,5953.30,Material ACCOUNT National ,45769511,,26202.00,0.00,Yes,New,Roofing,Residential,1635.11,14236.03,https://my.acculynx.com/jobs/43a34180-e70e-4412-8ecc-9194af1654ef
RR-3053,Paid,1440.94,Labor Land Resource Dump,,,26202.00,0.00,Yes,New,Roofing,Residential,1635.11,14236.03,https://my.acculynx.com/jobs/43a34180-e70e-4412-8ecc-9194af1654ef
RR-3053,Additional,1635.11,Francesco Ambrosio Commission,,10% - $1335.11 + 300$ bonus over 40% GP  T,26202.00,0.00,No,New,Roofing,Residential,1635.11,14236.03,https://my.acculynx.com/jobs/43a34180-e70e-4412-8ecc-9194af1654ef
RR-3094,Paid,3975.00,Labor Flawless Roofing Pay,,,19089.94,0.00,Yes,New,Roofing,Residential,1582.92,12758.26,https://my.acculynx.com/jobs/10343cf5-b128-4311-ad8d-a5bce6358742
RR-3094,Paid,990.50,Labor Flawless Roofing Dump,,,19089.94,0.00,Yes,New,Roofing,Residential,1582.92,12758.26,https://my.acculynx.com/jobs/10343cf5-b128-4311-ad8d-a5bce6358742
RR-3094,Paid,230.55,Platinum Warranty,,,19089.94,0.00,Yes,New,Roofing,Residential,1582.92,12758.26,https://my.acculynx.com/jobs/10343cf5-b128-4311-ad8d-a5bce6358742
RR-3094,Paid,150.00,AMEX Marketing Advertisement,,,19089.94,0.00,Yes,New,Roofing,Residential,1582.92,12758.26,https://my.acculynx.com/jobs/10343cf5-b128-4311-ad8d-a5bce6358742
RR-3094,Paid,100.00,AMEX Roofr Report,,,19089.94,0.00,Yes,New,Roofing,Residential,1582.92,12758.26,https://my.acculynx.com/jobs/10343cf5-b128-4311-ad8d-a5bce6358742
RR-3094,Paid,-376.82,Material ACCOUNT National Returns, 0046348959-001,,19089.94,0.00,Yes,New,Roofing,Residential,1582.92,12758.26,https://my.acculynx.com/jobs/10343cf5-b128-4311-ad8d-a5bce6358742
RR-3094,Paid,4747.28,Material ACCOUNT National,0046203975-001,,19089.94,0.00,Yes,New,Roofing,Residential,1582.92,12758.26,https://my.acculynx.com/jobs/10343cf5-b128-4311-ad8d-a5bce6358742
RR-3094,Paid,-411.01,Material ACCOUNT National Returns,,(2) Duration Shingles (bundle)(1) 3 inch EasySleeve(11) TopShield Aluminum F55 Drip Edge(11) TopShield Aluminum C45 Drip Edge,19089.94,0.00,Yes,New,Roofing,Residential,1582.92,12758.26,https://my.acculynx.com/jobs/10343cf5-b128-4311-ad8d-a5bce6358742
RR-3094,Paid,297.92,Material ACCOUNT National,0046203975-003,,19089.94,0.00,Yes,New,Roofing,Residential,1582.92,12758.26,https://my.acculynx.com/jobs/10343cf5-b128-4311-ad8d-a5bce6358742
RR-3094,Paid,288.30,Material ACCOUNT National,0046203975-004,,19089.94,0.00,Yes,New,Roofing,Residential,1582.92,12758.26,https://my.acculynx.com/jobs/10343cf5-b128-4311-ad8d-a5bce6358742
RR-3094,Paid,148.10,Material AMEX Home Depot,H8958-176272,,19089.94,0.00,Yes,New,Roofing,Residential,1582.92,12758.26,https://my.acculynx.com/jobs/10343cf5-b128-4311-ad8d-a5bce6358742
RR-3094,Paid,81.02,Material ACCOUNT National,0046203975-005,,19089.94,0.00,Yes,New,Roofing,Residential,1582.92,12758.26,https://my.acculynx.com/jobs/10343cf5-b128-4311-ad8d-a5bce6358742
RR-3094,Additional,1582.92,Christopher Byrnes Commission,,T,19089.94,0.00,No,New,Roofing,Residential,1582.92,12758.26,https://my.acculynx.com/jobs/10343cf5-b128-4311-ad8d-a5bce6358742
RR-3094,Paid,954.50,Dealer CC Fee,,,19089.94,0.00,Yes,New,Roofing,Residential,1582.92,12758.26,https://my.acculynx.com/jobs/10343cf5-b128-4311-ad8d-a5bce6358742
RR-3117,Paid,82.50,Material AMEX Home Depot,H1206-474966,,10187.49,0.00,Yes,Repair,Roofing,Residential,631.76,7660.98,https://my.acculynx.com/jobs/f9c0baae-86b7-431b-9466-3387c5109de1
RR-3117,Paid,54.30,Material ACCOUNT ABC,77655668,,10187.49,0.00,Yes,Repair,Roofing,Residential,631.76,7660.98,https://my.acculynx.com/jobs/f9c0baae-86b7-431b-9466-3387c5109de1
RR-3117,Paid,321.52,Material ACCOUNT ABC,77658418,,10187.49,0.00,Yes,Repair,Roofing,Residential,631.76,7660.98,https://my.acculynx.com/jobs/f9c0baae-86b7-431b-9466-3387c5109de1
RR-3117,Paid,141.41,Material ACCOUNT National,0046739332-001,,10187.49,0.00,Yes,Repair,Roofing,Residential,631.76,7660.98,https://my.acculynx.com/jobs/f9c0baae-86b7-431b-9466-3387c5109de1
RR-3117,Paid,2040.86,Material ACCOUNT National,0046675645-001,,10187.49,0.00,Yes,Repair,Roofing,Residential,631.76,7660.98,https://my.acculynx.com/jobs/f9c0baae-86b7-431b-9466-3387c5109de1
RR-3117,Paid,509.37,Dealer CC Fee,,Dealer Fee,10187.49,0.00,Yes,Repair,Roofing,Residential,631.76,7660.98,https://my.acculynx.com/jobs/f9c0baae-86b7-431b-9466-3387c5109de1
RR-3117,Paid,150.00,AMEX Marketing Advertisement,,,10187.49,0.00,Yes,Repair,Roofing,Residential,631.76,7660.98,https://my.acculynx.com/jobs/f9c0baae-86b7-431b-9466-3387c5109de1
RR-3117,Paid,200.00,Project Management,,,10187.49,0.00,Yes,Repair,Roofing,Residential,631.76,7660.98,https://my.acculynx.com/jobs/f9c0baae-86b7-431b-9466-3387c5109de1
RR-3117,Paid,1850.00,Labor CASH V&D Family Home Remodeling Corp Pay,,,10187.49,0.00,Yes,Repair,Roofing,Residential,631.76,7660.98,https://my.acculynx.com/jobs/f9c0baae-86b7-431b-9466-3387c5109de1
RR-3117,Paid,2000.00,Labor Ian Renew USA solar,,,10187.49,0.00,Yes,Repair,Roofing,Residential,631.76,7660.98,https://my.acculynx.com/jobs/f9c0baae-86b7-431b-9466-3387c5109de1
RR-3117,Additional,631.76,Michael Dietrich Commission,,T,10187.49,0.00,No,Repair,Roofing,Residential,631.76,7660.98,https://my.acculynx.com/jobs/f9c0baae-86b7-431b-9466-3387c5109de1
RR-3117,Paid,100.00,AMEX Roofr Report,,,10187.49,0.00,Yes,Repair,Roofing,Residential,631.76,7660.98,https://my.acculynx.com/jobs/f9c0baae-86b7-431b-9466-3387c5109de1
RR-3117,Paid,-420.74,Material ACCOUNT National Returns,,(8) BD GAF Shingles (2) RL Keene Viper Ridge Vent,10187.49,0.00,Yes,Repair,Roofing,Residential,631.76,7660.98,https://my.acculynx.com/jobs/f9c0baae-86b7-431b-9466-3387c5109de1
RR-3112,Paid,1000.00,Labor All About Gutters,,,16170.00,0.00,Yes,New,Roofing,Residential,1460.64,10327.45,https://my.acculynx.com/jobs/de3d8a70-a5b7-4557-830e-62ba5fce7067
RR-3112,Paid,100.00,AMEX Roofr Report,,,16170.00,0.00,Yes,New,Roofing,Residential,1460.64,10327.45,https://my.acculynx.com/jobs/de3d8a70-a5b7-4557-830e-62ba5fce7067
RR-3112,Paid,150.00,AMEX Marketing Advertisement,,,16170.00,0.00,Yes,New,Roofing,Residential,1460.64,10327.45,https://my.acculynx.com/jobs/de3d8a70-a5b7-4557-830e-62ba5fce7067
RR-3112,Paid,206.63,Platinum Warranty,,,16170.00,0.00,Yes,New,Roofing,Residential,1460.64,10327.45,https://my.acculynx.com/jobs/de3d8a70-a5b7-4557-830e-62ba5fce7067
RR-3112,Paid,664.50,Labor V&D Family Home Remodeling Corp Dump,,,16170.00,0.00,Yes,New,Roofing,Residential,1460.64,10327.45,https://my.acculynx.com/jobs/de3d8a70-a5b7-4557-830e-62ba5fce7067
RR-3112,Paid,4060.68,Material ACCOUNT National,0046343161-001,,16170.00,0.00,Yes,New,Roofing,Residential,1460.64,10327.45,https://my.acculynx.com/jobs/de3d8a70-a5b7-4557-830e-62ba5fce7067
RR-3112,Paid,2685.00,Labor V&D Family Home Remodeling Corp Pay,,,16170.00,0.00,Yes,New,Roofing,Residential,1460.64,10327.45,https://my.acculynx.com/jobs/de3d8a70-a5b7-4557-830e-62ba5fce7067
RR-3112,Additional,1460.64,Michael Dietrich Commission,,T,16170.00,0.00,No,New,Roofing,Residential,1460.64,10327.45,https://my.acculynx.com/jobs/de3d8a70-a5b7-4557-830e-62ba5fce7067
RR-3079,Paid,4232.50,Labor CASH Flawless Roofing Pay,,,24290.00,0.00,Yes,New,Roofing,Residential,2208.03,15457.86,https://my.acculynx.com/jobs/3ed70efc-86fa-4bf3-b227-31607fffd3d3
RR-3079,Paid,1214.50,Dealer CC Fee,,Dealer Fee,24290.00,0.00,Yes,New,Roofing,Residential,2208.03,15457.86,https://my.acculynx.com/jobs/3ed70efc-86fa-4bf3-b227-31607fffd3d3
RR-3079,Paid,780.00,Labor CASH Flawless Roofing Dump,,,24290.00,0.00,Yes,New,Roofing,Residential,2208.03,15457.86,https://my.acculynx.com/jobs/3ed70efc-86fa-4bf3-b227-31607fffd3d3
RR-3079,Paid,290.36,Platinum Warranty,,,24290.00,0.00,Yes,New,Roofing,Residential,2208.03,15457.86,https://my.acculynx.com/jobs/3ed70efc-86fa-4bf3-b227-31607fffd3d3
RR-3079,Paid,5860.45,Material ACCOUNT National,0046051168-001,,24290.00,0.00,Yes,New,Roofing,Residential,2208.03,15457.86,https://my.acculynx.com/jobs/3ed70efc-86fa-4bf3-b227-31607fffd3d3
RR-3079,Paid,319.62,Material ACCOUNT National Shop,,(10) 1/2" Plywood(1) Lifetime Ultimate Pipe Flashing for Shingle Roofs with Kynar Base,24290.00,0.00,Yes,New,Roofing,Residential,2208.03,15457.86,https://my.acculynx.com/jobs/3ed70efc-86fa-4bf3-b227-31607fffd3d3
RR-3079,Paid,-247.60,Material ACCOUNT National Returns,,(4) Duration Shingles (bundle)(1) OC Starter Strip Plus,24290.00,0.00,Yes,New,Roofing,Residential,2208.03,15457.86,https://my.acculynx.com/jobs/3ed70efc-86fa-4bf3-b227-31607fffd3d3
RR-3079,Additional,2298.03,Christopher Byrnes Commission,,T,24290.00,0.00,No,New,Roofing,Residential,2208.03,15457.86,https://my.acculynx.com/jobs/3ed70efc-86fa-4bf3-b227-31607fffd3d3
RR-3079,Paid,550.00,Labor Zion Electrical Contracting INC,,,24290.00,0.00,Yes,New,Roofing,Residential,2208.03,15457.86,https://my.acculynx.com/jobs/3ed70efc-86fa-4bf3-b227-31607fffd3d3
RR-3079,Paid,100.00,AMEX Roofr Report,,,24290.00,0.00,No,New,Roofing,Residential,2208.03,15457.86,https://my.acculynx.com/jobs/3ed70efc-86fa-4bf3-b227-31607fffd3d3
RR-3164,Paid,200.00,Project Management,,,4110.00,0.00,Yes,Repair,Gutters & Soffits,Residential,487.62,2159.50,https://my.acculynx.com/jobs/e72e9fe5-74ac-44dd-aee2-9617904201ca
RR-3164,Paid,950.00,Labor All About Gutters,,,4110.00,0.00,Yes,Repair,Gutters & Soffits,Residential,487.62,2159.50,https://my.acculynx.com/jobs/e72e9fe5-74ac-44dd-aee2-9617904201ca
RR-3164,Paid,100.00,AMEX Roofr Report,,,4110.00,0.00,Yes,Repair,Gutters & Soffits,Residential,487.62,2159.50,https://my.acculynx.com/jobs/e72e9fe5-74ac-44dd-aee2-9617904201ca
RR-3164,Additional,487.62,Christopher Byrnes Commission,,t,4110.00,0.00,No,Repair,Gutters & Soffits,Residential,487.62,2159.50,https://my.acculynx.com/jobs/e72e9fe5-74ac-44dd-aee2-9617904201ca
RR-3164,Paid,150.00,AMEX Marketing Advertisement,,,4110.00,0.00,Yes,Repair,Gutters & Soffits,Residential,487.62,2159.50,https://my.acculynx.com/jobs/e72e9fe5-74ac-44dd-aee2-9617904201ca
RR-3164,Paid,271.88,Material ACCOUNT National Shop,,(2) BX Gutter Guards,4110.00,0.00,Yes,Repair,Gutters & Soffits,Residential,487.62,2159.50,https://my.acculynx.com/jobs/e72e9fe5-74ac-44dd-aee2-9617904201ca
RR-2961,Paid,9.50,Dealer CC Fee,,CC FEE,500.00,0.00,Yes,Inspection,Roofing,Residential,100.00,109.50,https://my.acculynx.com/jobs/8307f6d5-605d-4729-ba9a-1db926374138
RR-2961,Additional,100.00,Michael Dietrich commission,,T,500.00,0.00,No,Inspection,Roofing,Residential,100.00,109.50,https://my.acculynx.com/jobs/8307f6d5-605d-4729-ba9a-1db926374138
RR-3116,Paid,1900.23,Material ACCOUNT National,0046203975-002,,7450.00,0.00,Yes,Upsell / Change Order,Roofing,Residential,745.00,5417.73,https://my.acculynx.com/jobs/917dc0d2-8a0a-4675-ac6b-d620e496a891
RR-3116,Additional,745.00,Flawless Roofing Commission,,T,7450.00,0.00,No,Upsell / Change Order,Roofing,Residential,745.00,5417.73,https://my.acculynx.com/jobs/917dc0d2-8a0a-4675-ac6b-d620e496a891
RR-3116,Paid,2400.00,Labor Flawless Roofing Pay,,Labor for Rebuild Chimney and Full plywood install,7450.00,0.00,Yes,Upsell / Change Order,Roofing,Residential,745.00,5417.73,https://my.acculynx.com/jobs/917dc0d2-8a0a-4675-ac6b-d620e496a891
RR-3116,Paid,372.50,Dealer CC Fee,,,7450.00,0.00,Yes,Upsell / Change Order,Roofing,Residential,745.00,5417.73,https://my.acculynx.com/jobs/917dc0d2-8a0a-4675-ac6b-d620e496a891
RR-3162,Paid,337.50,Labor CASH V&D Family Home Remodeling Corp Pay,,,0.00,0.00,Yes,Repair,Call Back,Residential,0.00,363.76,https://my.acculynx.com/jobs/0cc898b6-5108-4c6c-82e2-355cd5188839
RR-3162,Paid,26.26,Material ACCOUNT National Shop,,(3) Silicone,0.00,0.00,Yes,Repair,Call Back,Residential,0.00,363.76,https://my.acculynx.com/jobs/0cc898b6-5108-4c6c-82e2-355cd5188839
RR-3064,Paid,150.00,Labor CASH Flawless Roofing Pay,,,1000.00,0.00,Yes,Repair,Gutters & Soffits,Residential,107.15,571.41,https://my.acculynx.com/jobs/02003e6f-c697-4e12-9fb2-51d2acf5c48d
RR-3064,Paid,300.00,Material ACCOUNT National Shop,,,1000.00,0.00,Yes,Repair,Gutters & Soffits,Residential,107.15,571.41,https://my.acculynx.com/jobs/02003e6f-c697-4e12-9fb2-51d2acf5c48d
RR-3064,Paid,14.26,Material AMEX Home Depot,,,1000.00,0.00,Yes,Repair,Gutters & Soffits,Residential,107.15,571.41,https://my.acculynx.com/jobs/02003e6f-c697-4e12-9fb2-51d2acf5c48d
RR-3064,Additional,107.15,Michael Dietrich Commission,,T,1000.00,0.00,No,Repair,Gutters & Soffits,Residential,107.15,571.41,https://my.acculynx.com/jobs/02003e6f-c697-4e12-9fb2-51d2acf5c48d
RR-3128,Paid,337.50,Labor CASH V&D Family Home Remodeling Corp Pay,,,1200.00,0.00,Yes,New,Gutters & Soffits,Residential,72.66,546.10,https://my.acculynx.com/jobs/addb12b6-ee22-443d-9876-0a09a0159e30
RR-3128,Paid,135.94,Material ACCOUNT National Shop,,(1) bx Gutter Guards,1200.00,0.00,Yes,New,Gutters & Soffits,Residential,72.66,546.10,https://my.acculynx.com/jobs/addb12b6-ee22-443d-9876-0a09a0159e30
RR-3128,Additional,72.66,Francesco Ambrosio Commission,,t,1200.00,0.00,No,New,Gutters & Soffits,Residential,72.66,546.10,https://my.acculynx.com/jobs/addb12b6-ee22-443d-9876-0a09a0159e30
RR-3057,Paid,384.17,Material AMEX Home Depot,H1258-345114,,0.00,0.00,Yes,New,Call Back,Residential,0.00,384.17,https://my.acculynx.com/jobs/e12e1f50-924b-4d5b-8c70-82996a5d0d28
RR-3160,Paid,3604.67,Material ACCOUNT National,0046920137-002,,48500.00,0.00,Yes,New,Roofing,Residential,1200.00,34126.70,https://my.acculynx.com/jobs/68965bea-e0e0-47cf-9e7e-3890845933c3
RR-3160,Paid,15900.00,Labor Flawless Roofing Pay,,,48500.00,0.00,Yes,New,Roofing,Residential,1200.00,34126.70,https://my.acculynx.com/jobs/68965bea-e0e0-47cf-9e7e-3890845933c3
RR-3160,Additional,1200.00,Michael Dietrich Commission,,$1400 removed to pay for Henry videos (T) Flat rate commission,48500.00,0.00,No,New,Roofing,Residential,1200.00,34126.70,https://my.acculynx.com/jobs/68965bea-e0e0-47cf-9e7e-3890845933c3
RR-3160,Paid,421.95,Platinum Warranty,,,48500.00,0.00,Yes,New,Roofing,Residential,1200.00,34126.70,https://my.acculynx.com/jobs/68965bea-e0e0-47cf-9e7e-3890845933c3
RR-3160,Paid,597.44,Other Job Expenses Land Resource Dump,,10 Yard Container,48500.00,0.00,Yes,New,Roofing,Residential,1200.00,34126.70,https://my.acculynx.com/jobs/68965bea-e0e0-47cf-9e7e-3890845933c3
RR-3160,Paid,-1500.00,Material ACCOUNT National Returns,,reference missing ( Credit Memo - National ) ,48500.00,0.00,Yes,New,Roofing,Residential,1200.00,34126.70,https://my.acculynx.com/jobs/68965bea-e0e0-47cf-9e7e-3890845933c3
RR-3160,Paid,-108.39,Material ACCOUNT National Shop Returns,,(8) 1x4x12(1) 1x4x16(1) 1x4x14,48500.00,0.00,Yes,New,Roofing,Residential,1200.00,34126.70,https://my.acculynx.com/jobs/68965bea-e0e0-47cf-9e7e-3890845933c3
RR-3160,Paid,2044.87,Other Job Expenses Land Resource Dump,,40 Yard Container,48500.00,0.00,Yes,New,Roofing,Residential,1200.00,34126.70,https://my.acculynx.com/jobs/68965bea-e0e0-47cf-9e7e-3890845933c3
RR-3160,Paid,-310.89,Material AMEX Home Depot Returns,303873811,,48500.00,0.00,Yes,New,Roofing,Residential,1200.00,34126.70,https://my.acculynx.com/jobs/68965bea-e0e0-47cf-9e7e-3890845933c3
RR-3160,Paid,212.86,Labor CASH Ryan Crew Snacks Lunch,,LAS GEMELAS DELI,48500.00,0.00,Yes,New,Roofing,Residential,1200.00,34126.70,https://my.acculynx.com/jobs/68965bea-e0e0-47cf-9e7e-3890845933c3
RR-3160,Paid,252.83,Labor AMEX Crew Snacks Lunch,,Taco El Chingon,48500.00,0.00,Yes,New,Roofing,Residential,1200.00,34126.70,https://my.acculynx.com/jobs/68965bea-e0e0-47cf-9e7e-3890845933c3
RR-3160,Paid,236.81,Labor AMEX Crew Snacks Lunch,,Great China Kitchen,48500.00,0.00,Yes,New,Roofing,Residential,1200.00,34126.70,https://my.acculynx.com/jobs/68965bea-e0e0-47cf-9e7e-3890845933c3
RR-3160,Paid,900.44,Material ACCOUNT National,0047152419-001,,48500.00,0.00,Yes,New,Roofing,Residential,1200.00,34126.70,https://my.acculynx.com/jobs/68965bea-e0e0-47cf-9e7e-3890845933c3
RR-3160,Paid,157.07,Material ACCOUNT National,0047152419-002,,48500.00,0.00,Yes,New,Roofing,Residential,1200.00,34126.70,https://my.acculynx.com/jobs/68965bea-e0e0-47cf-9e7e-3890845933c3
RR-3160,Paid,11800.57,Material ACCOUNT National,0046920137-001,,48500.00,0.00,Yes,New,Roofing,Residential,1200.00,34126.70,https://my.acculynx.com/jobs/68965bea-e0e0-47cf-9e7e-3890845933c3
RR-3160,Paid,466.33,Material AMEX Home Depot,H1206-482888,,48500.00,0.00,Yes,New,Roofing,Residential,1200.00,34126.70,https://my.acculynx.com/jobs/68965bea-e0e0-47cf-9e7e-3890845933c3
RR-3160,Paid,-1611.20,Material ACCOUNT National Returns,0047316178-001,,48500.00,0.00,No,New,Roofing,Residential,1200.00,34126.70,https://my.acculynx.com/jobs/68965bea-e0e0-47cf-9e7e-3890845933c3
RR-3160,Paid,-138.66,Material ACCOUNT National Returns,0047359711-001,,48500.00,0.00,No,New,Roofing,Residential,1200.00,34126.70,https://my.acculynx.com/jobs/68965bea-e0e0-47cf-9e7e-3890845933c3
RR-3166,Additional,4225.66,Christopher Byrnes Commission,,T,32982.97,0.00,No,New,Roofing,Residential,4225.66,16580.32,https://my.acculynx.com/jobs/17871312-b71f-4877-91ec-7c52489e6274
RR-3166,Paid,1083.50,Labor V&D Family Home Remodeling Corp Dump,,,32982.97,0.00,Yes,New,Roofing,Residential,4225.66,16580.32,https://my.acculynx.com/jobs/17871312-b71f-4877-91ec-7c52489e6274
RR-3166,Paid,-132.69,Material ACCOUNT National Shop Returns,,(3) BD Shingles,32982.97,0.00,Yes,New,Roofing,Residential,4225.66,16580.32,https://my.acculynx.com/jobs/17871312-b71f-4877-91ec-7c52489e6274
RR-3166,Paid,4625.00,Labor V&D Family Home Remodeling Corp Pay,,,32982.97,0.00,Yes,New,Roofing,Residential,4225.66,16580.32,https://my.acculynx.com/jobs/17871312-b71f-4877-91ec-7c52489e6274
RR-3166,Paid,302.33,Platinum Warranty,,OC-2026-WR-2247058,32982.97,0.00,Yes,New,Roofing,Residential,4225.66,16580.32,https://my.acculynx.com/jobs/17871312-b71f-4877-91ec-7c52489e6274
RR-3166,Paid,-260.90,Material ACCOUNT National Returns,0047169204-001,,32982.97,0.00,Yes,New,Roofing,Residential,4225.66,16580.32,https://my.acculynx.com/jobs/17871312-b71f-4877-91ec-7c52489e6274
RR-3166,Paid,182.62,Material ACCOUNT National Shop,,(7) 1/2 Plywood,32982.97,0.00,Yes,New,Roofing,Residential,4225.66,16580.32,https://my.acculynx.com/jobs/17871312-b71f-4877-91ec-7c52489e6274
RR-3166,Paid,125.06,Material ACCOUNT National,0047169204-001,,32982.97,0.00,Yes,New,Roofing,Residential,4225.66,16580.32,https://my.acculynx.com/jobs/17871312-b71f-4877-91ec-7c52489e6274
RR-3166,Paid,5929.74,Material ACCOUNT National,0046981050-001,,32982.97,0.00,Yes,New,Roofing,Residential,4225.66,16580.32,https://my.acculynx.com/jobs/17871312-b71f-4877-91ec-7c52489e6274
RR-3166,Paid,500.00,Labor Zion Electrical Contracting INC,,transferred 02/25,32982.97,0.00,Yes,New,Roofing,Residential,4225.66,16580.32,https://my.acculynx.com/jobs/17871312-b71f-4877-91ec-7c52489e6274
RR-3171,Paid,19750.00,Labor JMAB Construction Pay,,,36146.40,0.00,Yes,New,Roofing,Residential,3279.28,23029.28,https://my.acculynx.com/jobs/09204857-39aa-488d-9307-3ebda365ff77
RR-3171,Additional,3279.28,Michael Dietrich Commission,,T,36146.40,0.00,No,New,Roofing,Residential,3279.28,23029.28,https://my.acculynx.com/jobs/09204857-39aa-488d-9307-3ebda365ff77
RR-3170,Additional,2602.57,Michael Dietrich Commission,,T,23094.46,0.00,No,New,Roofing,Residential,2537.75,12943.44,https://my.acculynx.com/jobs/f117ac04-e380-4227-8b64-05f64e2635ec
RR-3170,Paid,266.44,Platinum Warranty,,OC-2026-WR-2245387,23094.46,0.00,Yes,New,Roofing,Residential,2537.75,12943.44,https://my.acculynx.com/jobs/f117ac04-e380-4227-8b64-05f64e2635ec
RR-3170,Paid,56.53,Labor V&D Crew Snacks Lunch,,Dunkin donut/ Coffee,23094.46,0.00,Yes,New,Roofing,Residential,2537.75,12943.44,https://my.acculynx.com/jobs/f117ac04-e380-4227-8b64-05f64e2635ec
RR-3170,Paid,3110.00,Labor V&D Family Home Remodeling Corp Pay,,,23094.46,0.00,Yes,New,Roofing,Residential,2537.75,12943.44,https://my.acculynx.com/jobs/f117ac04-e380-4227-8b64-05f64e2635ec
RR-3170,Paid,618.00,Labor V&D Family Home Remodeling Corp Dump,,,23094.46,0.00,Yes,New,Roofing,Residential,2537.75,12943.44,https://my.acculynx.com/jobs/f117ac04-e380-4227-8b64-05f64e2635ec
RR-3170,Paid,-263.13,Material ACCOUNT National Returns,,(3) Duration Shingles(5) 1/2" Plywood,23094.46,0.00,Yes,New,Roofing,Residential,2537.75,12943.44,https://my.acculynx.com/jobs/f117ac04-e380-4227-8b64-05f64e2635ec
RR-3170,Paid,1154.72,Dealer CC Fee,,Dealer Fee ,23094.46,0.00,Yes,New,Roofing,Residential,2537.75,12943.44,https://my.acculynx.com/jobs/f117ac04-e380-4227-8b64-05f64e2635ec
RR-3170,Paid,-104.36,Material ACCOUNT National Shop Returns,,(4) Plywoods,23094.46,0.00,Yes,New,Roofing,Residential,2537.75,12943.44,https://my.acculynx.com/jobs/f117ac04-e380-4227-8b64-05f64e2635ec
RR-3170,Paid,5243.41,Material ACCOUNT National,0047079242-001,,23094.46,0.00,Yes,New,Roofing,Residential,2537.75,12943.44,https://my.acculynx.com/jobs/f117ac04-e380-4227-8b64-05f64e2635ec
RR-3170,Paid,324.08,Material ACCOUNT National,0047079242-002,,23094.46,0.00,Yes,New,Roofing,Residential,2537.75,12943.44,https://my.acculynx.com/jobs/f117ac04-e380-4227-8b64-05f64e2635ec
RR-3170,Additional,-64.82,Commission Adjustment ,,,23094.46,0.00,No,New,Roofing,Residential,2537.75,12943.44,https://my.acculynx.com/jobs/f117ac04-e380-4227-8b64-05f64e2635ec
RR-3264,Paid,366.45,Material ACCOUNT National,47931396,,2500.00,0.00,Yes,Upsell / Change Order,Roofing,Residential,250.00,1213.95,https://my.acculynx.com/jobs/fbac4465-41e7-41a7-a47b-7c0c12de9468
RR-3264,Paid,472.50,Labor Flawless Roofing Pay,,Upsell Labor,2500.00,0.00,Yes,Upsell / Change Order,Roofing,Residential,250.00,1213.95,https://my.acculynx.com/jobs/fbac4465-41e7-41a7-a47b-7c0c12de9468
RR-3264,Additional,250.00,Flawless Commission,,T,2500.00,0.00,No,Upsell / Change Order,Roofing,Residential,250.00,1213.95,https://my.acculynx.com/jobs/fbac4465-41e7-41a7-a47b-7c0c12de9468
RR-3264,Paid,125.00,Dealer CC Fee,,,2500.00,0.00,Yes,Upsell / Change Order,Roofing,Residential,250.00,1213.95,https://my.acculynx.com/jobs/fbac4465-41e7-41a7-a47b-7c0c12de9468
RR-3233,Paid,1400.00,Labor All About Gutters,,,9500.00,0.00,Yes,Upsell / Change Order,Roofing,Residential,950.00,4032.54,https://my.acculynx.com/jobs/5f8ce5f4-1bc1-43e7-b98b-07d5a596ff25
RR-3233,Additional,950.00,Commission CASH Flawless Roofing Pay,,T,9500.00,0.00,No,Upsell / Change Order,Roofing,Residential,950.00,4032.54,https://my.acculynx.com/jobs/5f8ce5f4-1bc1-43e7-b98b-07d5a596ff25
RR-3233,Paid,1032.00,Labor CASH Flawless Roofing Pay,,,9500.00,0.00,Yes,Upsell / Change Order,Roofing,Residential,950.00,4032.54,https://my.acculynx.com/jobs/5f8ce5f4-1bc1-43e7-b98b-07d5a596ff25
RR-3233,Paid,650.54,Material ACCOUNT National,"0047648221-001,,9500.00,0.00,Yes,Upsell / Change Order,Roofing,Residential,950.00,4032.54,https://my.acculynx.com/jobs/5f8ce5f4-1bc1-43e7-b98b-07d5a596ff25
RR-3232,Paid,737.50,Dealer CC Fee,,Dealer fee,5000.00,0.00,Yes,Upsell / Change Order,Roofing,Residential,500.00,3085.50,https://my.acculynx.com/jobs/cef2d60d-98ca-455f-9ebf-e6a6ddeba9ac
RR-3232,Paid,1848.00,Labor All About Gutters,,,5000.00,0.00,Yes,Upsell / Change Order,Roofing,Residential,500.00,3085.50,https://my.acculynx.com/jobs/cef2d60d-98ca-455f-9ebf-e6a6ddeba9ac
RR-3232,Additional,500.00,Commission CASH Flawless Roofing Pay,,T,5000.00,0.00,No,Upsell / Change Order,Roofing,Residential,500.00,3085.50,https://my.acculynx.com/jobs/cef2d60d-98ca-455f-9ebf-e6a6ddeba9ac
RR-3219,Paid,500.00,Labor Flawless Roofing Pay,,,3500.00,0.00,Yes,Upsell / Change Order,Roofing,Residential,350.00,1025.00,https://my.acculynx.com/jobs/4318288f-fbd3-474b-b30a-746febea37c9
RR-3219,Additional,350.00,Commission CASH Flawless Roofing Pay,,T,3500.00,0.00,No,Upsell / Change Order,Roofing,Residential,350.00,1025.00,https://my.acculynx.com/jobs/4318288f-fbd3-474b-b30a-746febea37c9
RR-3219,Paid,175.00,Dealer CC Fee,,,3500.00,0.00,Yes,Upsell / Change Order,Roofing,Residential,350.00,1025.00,https://my.acculynx.com/jobs/4318288f-fbd3-474b-b30a-746febea37c9
RR-3201,Paid,950.00,Dealer CC Fee,,Dealer Fee,19000.00,0.00,Yes,Upsell / Change Order,Roofing,Residential,1900.00,12110.86,https://my.acculynx.com/jobs/5095b24d-0389-46f9-b631-33801c3c370a
RR-3201,Paid,1228.39,Material ACCOUNT National,0047353656-001,,19000.00,0.00,Yes,Upsell / Change Order,Roofing,Residential,1900.00,12110.86,https://my.acculynx.com/jobs/5095b24d-0389-46f9-b631-33801c3c370a
RR-3201,Paid,406.16,Material AMEX Home Depot,H1272-287689,,19000.00,0.00,Yes,Upsell / Change Order,Roofing,Residential,1900.00,12110.86,https://my.acculynx.com/jobs/5095b24d-0389-46f9-b631-33801c3c370a
RR-3201,Paid,147.00,Material AMEX Home Depot,H6167-213004,,19000.00,0.00,Yes,Upsell / Change Order,Roofing,Residential,1900.00,12110.86,https://my.acculynx.com/jobs/5095b24d-0389-46f9-b631-33801c3c370a
RR-3201,Paid,6565.00,Labor Flawless Roofing Pay,,3000 for rafters2000 for chimney900 for fascia board630 for plywood,19000.00,0.00,Yes,Upsell / Change Order,Roofing,Residential,1900.00,12110.86,https://my.acculynx.com/jobs/5095b24d-0389-46f9-b631-33801c3c370a
RR-3201,Paid,299.33,Material ACCOUNT National,0047384305-001,,19000.00,0.00,Yes,Upsell / Change Order,Roofing,Residential,1900.00,12110.86,https://my.acculynx.com/jobs/5095b24d-0389-46f9-b631-33801c3c370a
RR-3201,Paid,614.98,Material ACCOUNT National,0047354940-001,,19000.00,0.00,Yes,Upsell / Change Order,Roofing,Residential,1900.00,12110.86,https://my.acculynx.com/jobs/5095b24d-0389-46f9-b631-33801c3c370a
RR-3201,Additional,1900.00,Flawless Roofing Commission,,T,19000.00,0.00,No,Upsell / Change Order,Roofing,Residential,1900.00,12110.86,https://my.acculynx.com/jobs/5095b24d-0389-46f9-b631-33801c3c370a
RR-3178,Additional,190.00,V&D Commission,,T,1900.00,0.00,No,Upsell / Change Order,Roofing,Residential,190.00,674.58,https://my.acculynx.com/jobs/413de3ab-bdd4-4478-82e1-1e0387a4ba47
RR-3178,Paid,139.58,Material ACCOUNT National,47120835,,1900.00,0.00,Yes,Upsell / Change Order,Roofing,Residential,190.00,674.58,https://my.acculynx.com/jobs/413de3ab-bdd4-4478-82e1-1e0387a4ba47
RR-3178,Paid,250.00,Labor V&D Family Home Remodeling Corp Pay,,,1900.00,0.00,Yes,Upsell / Change Order,Roofing,Residential,190.00,674.58,https://my.acculynx.com/jobs/413de3ab-bdd4-4478-82e1-1e0387a4ba47
RR-3178,Paid,95.00,Dealer CC Fee,,,1900.00,0.00,Yes,Upsell / Change Order,Roofing,Residential,190.00,674.58,https://my.acculynx.com/jobs/413de3ab-bdd4-4478-82e1-1e0387a4ba47
RR-3192,Paid,222.00,Labor Flawless Roofing Dump,,,12500.00,0.00,Yes,Upsell / Change Order,Roofing,Residential,1250.00,7142.36,https://my.acculynx.com/jobs/fee191f0-7d0f-4a9c-ae6a-f5bd9c55dc2c
RR-3192,Paid,815.69,Material AMEX American Chimney,44648,,12500.00,0.00,Yes,Upsell / Change Order,Roofing,Residential,1250.00,7142.36,https://my.acculynx.com/jobs/fee191f0-7d0f-4a9c-ae6a-f5bd9c55dc2c
RR-3192,Paid,3644.67,Material ACCOUNT National,0047147430-002,,12500.00,0.00,Yes,Upsell / Change Order,Roofing,Residential,1250.00,7142.36,https://my.acculynx.com/jobs/fee191f0-7d0f-4a9c-ae6a-f5bd9c55dc2c
RR-3192,Paid,1210.00,Labor Flawless Roofing Pay,,,12500.00,0.00,Yes,Upsell / Change Order,Roofing,Residential,1250.00,7142.36,https://my.acculynx.com/jobs/fee191f0-7d0f-4a9c-ae6a-f5bd9c55dc2c
RR-3192,Additional,1250.00,Flawless Roofing Commission,,T,12500.00,0.00,No,Upsell / Change Order,Roofing,Residential,1250.00,7142.36,https://my.acculynx.com/jobs/fee191f0-7d0f-4a9c-ae6a-f5bd9c55dc2c
RR-3241,Paid,49.15,Dealer CC Fee,,CC Fee,1400.00,0.00,Yes,Upsell / Change Order,Roofing,Residential,140.00,786.19,https://my.acculynx.com/jobs/32e0b996-e1f5-408d-b905-9ce48261869d
RR-3241,Paid,597.04,Material ACCOUNT ABC,2006672532,,1400.00,0.00,Yes,Upsell / Change Order,Roofing,Residential,140.00,786.19,https://my.acculynx.com/jobs/32e0b996-e1f5-408d-b905-9ce48261869d
RR-3241,Additional,140.00,Ryan Romero Commission ,,T,1400.00,0.00,No,Upsell / Change Order,Roofing,Residential,140.00,786.19,https://my.acculynx.com/jobs/32e0b996-e1f5-408d-b905-9ce48261869d
RR-3249,Paid,200.00,Labor Flawless Roofing Pay,,,3000.00,0.00,Yes,Upsell / Change Order,Roofing,Residential,300.00,1465.63,https://my.acculynx.com/jobs/19a586ae-e590-495a-846a-da9bf68ba103
RR-3249,Paid,150.00,Dealer CC Fee,,Dealer Fee,3000.00,0.00,Yes,Upsell / Change Order,Roofing,Residential,300.00,1465.63,https://my.acculynx.com/jobs/19a586ae-e590-495a-846a-da9bf68ba103
RR-3249,Additional,300.00,Flawless Roofing Commission,,T,3000.00,0.00,No,Upsell / Change Order,Roofing,Residential,300.00,1465.63,https://my.acculynx.com/jobs/19a586ae-e590-495a-846a-da9bf68ba103
RR-3249,Paid,815.63,Material AMEX American Chimney,44730,,3000.00,0.00,Yes,Upsell / Change Order,Roofing,Residential,300.00,1465.63,https://my.acculynx.com/jobs/19a586ae-e590-495a-846a-da9bf68ba103
RR-3278,Paid,150.00,Labor All About Gutters,,,0.00,0.00,Yes,New,Call Back,Residential,0.00,150.00,https://my.acculynx.com/jobs/d2322895-3d40-4b5f-82bb-4beb9ee1b4e5
RR-3284,Paid,350.00,Labor All About Gutters,,,450.00,0.00,Yes,Repair,Call Back,Residential,0.00,350.00,https://my.acculynx.com/jobs/3f25cc77-93b5-4c4c-bfdb-3df2c9aa6b4c
RR-3258,Paid,14.63,Material ACCOUNT National Shop,,(1) Pipe Flange(1) Karnak Tube,0.00,0.00,Yes,New,Call Back,Residential,0.00,14.63,https://my.acculynx.com/jobs/efc8f657-b0a5-4906-b9f9-465f82aa670a
RR-3277,Paid,390.00,Labor Flawless Roofing Pay,,,6300.00,0.00,Yes,Upsell / Change Order,Roofing,Residential,630.00,2164.60,https://my.acculynx.com/jobs/bf55f5be-4454-4c8a-8360-582eafead1f0
RR-3277,Additional,630.00,Flawless Roofing Commission,,T,6300.00,0.00,No,Upsell / Change Order,Roofing,Residential,630.00,2164.60,https://my.acculynx.com/jobs/bf55f5be-4454-4c8a-8360-582eafead1f0
RR-3277,Paid,1054.88,Material AMEX American Chimney,44747,,6300.00,0.00,Yes,Upsell / Change Order,Roofing,Residential,630.00,2164.60,https://my.acculynx.com/jobs/bf55f5be-4454-4c8a-8360-582eafead1f0
RR-3277,Paid,89.72,Material ACCOUNT National,0047981228-001,This was split from the main file.-pine boards,6300.00,0.00,Yes,Upsell / Change Order,Roofing,Residential,630.00,2164.60,https://my.acculynx.com/jobs/bf55f5be-4454-4c8a-8360-582eafead1f0
RR-3047,Paid,6142.00,Labor CASH V&D Family Home Remodeling Corp Pay,,PM Fee included,28610.89,0.00,Yes,New,Roofing,Residential,2212.46,19511.04,https://my.acculynx.com/jobs/bd99d6a1-93a9-4f2a-9c60-1f9c5a398858
RR-3047,Paid,36.15,Material CASH V&D Payback,,,28610.89,0.00,Yes,New,Roofing,Residential,2212.46,19511.04,https://my.acculynx.com/jobs/bd99d6a1-93a9-4f2a-9c60-1f9c5a398858
RR-3047,Paid,54.22,Material AMEX Home Depot,H1211-276566,,28610.89,0.00,Yes,New,Roofing,Residential,2212.46,19511.04,https://my.acculynx.com/jobs/bd99d6a1-93a9-4f2a-9c60-1f9c5a398858
RR-3047,Paid,586.07,Material ACCOUNT National,,Second Skylight,28610.89,0.00,Yes,New,Roofing,Residential,2212.46,19511.04,https://my.acculynx.com/jobs/bd99d6a1-93a9-4f2a-9c60-1f9c5a398858
RR-3047,Paid,586.07,Material ACCOUNT National,0045733218-001,,28610.89,0.00,Yes,New,Roofing,Residential,2212.46,19511.04,https://my.acculynx.com/jobs/bd99d6a1-93a9-4f2a-9c60-1f9c5a398858
RR-3047,Paid,-521.78,Material ACCOUNT National Returns,0045794849-001,(20) Plywood,28610.89,0.00,Yes,New,Roofing,Residential,2212.46,19511.04,https://my.acculynx.com/jobs/bd99d6a1-93a9-4f2a-9c60-1f9c5a398858
RR-3047,Paid,124.41,Material AMEX Riverhead Building Supply,V7731/00,,28610.89,0.00,Yes,New,Roofing,Residential,2212.46,19511.04,https://my.acculynx.com/jobs/bd99d6a1-93a9-4f2a-9c60-1f9c5a398858
RR-3047,Paid,831.00,Labor CASH V&D Family Home Remodeling Corp Dump,,,28610.89,0.00,Yes,New,Roofing,Residential,2212.46,19511.04,https://my.acculynx.com/jobs/bd99d6a1-93a9-4f2a-9c60-1f9c5a398858
RR-3047,Paid,84.01,Material ACCOUNT National,0045797348-001,,28610.89,0.00,Yes,New,Roofing,Residential,2212.46,19511.04,https://my.acculynx.com/jobs/bd99d6a1-93a9-4f2a-9c60-1f9c5a398858
RR-3047,Paid,759.05,Material ACCOUNT National Shop,,(2) Pro Armor (2) Plywood(4) IWS(1) Trim Coil Black,28610.89,0.00,Yes,New,Roofing,Residential,2212.46,19511.04,https://my.acculynx.com/jobs/bd99d6a1-93a9-4f2a-9c60-1f9c5a398858
RR-3047,Paid,300.16,Material ACCOUNT National ,0045764817-003,,28610.89,0.00,Yes,New,Roofing,Residential,2212.46,19511.04,https://my.acculynx.com/jobs/bd99d6a1-93a9-4f2a-9c60-1f9c5a398858
RR-3047,Paid,7181.42,Material ACCOUNT National ,0045764817-001,,28610.89,0.00,Yes,New,Roofing,Residential,2212.46,19511.04,https://my.acculynx.com/jobs/bd99d6a1-93a9-4f2a-9c60-1f9c5a398858
RR-3047,Paid,-1092.94,Material ACCOUNT National Returns,,(8) BD Shingles(2) Topshiled Underlayment(4) Rhino IWS(1) Weatherblock,28610.89,0.00,Yes,New,Roofing,Residential,2212.46,19511.04,https://my.acculynx.com/jobs/bd99d6a1-93a9-4f2a-9c60-1f9c5a398858
RR-3047,Paid,1059.48,Material ACCOUNT National ,0045764817-002,,28610.89,0.00,Yes,New,Roofing,Residential,2212.46,19511.04,https://my.acculynx.com/jobs/bd99d6a1-93a9-4f2a-9c60-1f9c5a398858
RR-3047,Additional,2212.46,Jacob Giannelli Commission,,T,28610.89,0.00,No,New,Roofing,Residential,2212.46,19511.04,https://my.acculynx.com/jobs/bd99d6a1-93a9-4f2a-9c60-1f9c5a398858
RR-3047,Paid,1169.26,Material AMEX Riverhead Building Supply,U7632-00,,28610.89,0.00,Yes,New,Roofing,Residential,2212.46,19511.04,https://my.acculynx.com/jobs/bd99d6a1-93a9-4f2a-9c60-1f9c5a398858
RR-3089,Paid,810.00,Labor V&D Family Home Remodeling Corp Dump,,,33326.87,0.00,Yes,New,Roofing,Residential,3340.87,19963.40,https://my.acculynx.com/jobs/2f33ee31-4898-4ff8-956c-a8325ce48ef1
RR-3089,Paid,4150.00,Labor V&D Family Home Remodeling Corp Pay,,,33326.87,0.00,Yes,New,Roofing,Residential,3340.87,19963.40,https://my.acculynx.com/jobs/2f33ee31-4898-4ff8-956c-a8325ce48ef1
RR-3089,Paid,100.00,AMEX Roofr Report,,,33326.87,0.00,Yes,New,Roofing,Residential,3340.87,19963.40,https://my.acculynx.com/jobs/2f33ee31-4898-4ff8-956c-a8325ce48ef1
RR-3089,Paid,150.00,AMEX Marketing Advertisement,,,33326.87,0.00,Yes,New,Roofing,Residential,3340.87,19963.40,https://my.acculynx.com/jobs/2f33ee31-4898-4ff8-956c-a8325ce48ef1
RR-3089,Paid,221.86,Material ACCOUNT National,0046128748-002,,33326.87,0.00,Yes,New,Roofing,Residential,3340.87,19963.40,https://my.acculynx.com/jobs/2f33ee31-4898-4ff8-956c-a8325ce48ef1
RR-3089,Paid,-486.51,Material ACCOUNT National Returns,,(11) Bundle of Shingles,33326.87,0.00,Yes,New,Roofing,Residential,3340.87,19963.40,https://my.acculynx.com/jobs/2f33ee31-4898-4ff8-956c-a8325ce48ef1
RR-3089,Paid,314.29,Platinum Warranty,OC-2025-WR-2206361,,33326.87,0.00,Yes,New,Roofing,Residential,3340.87,19963.40,https://my.acculynx.com/jobs/2f33ee31-4898-4ff8-956c-a8325ce48ef1
RR-3089,Paid,1200.00,Labor CASH Carlos,,interior work to be completed 11/03,33326.87,0.00,Yes,New,Roofing,Residential,3340.87,19963.40,https://my.acculynx.com/jobs/2f33ee31-4898-4ff8-956c-a8325ce48ef1
RR-3089,Paid,137.02,Material ACCOUNT National, 0046159095-001,,33326.87,0.00,Yes,New,Roofing,Residential,3340.87,19963.40,https://my.acculynx.com/jobs/2f33ee31-4898-4ff8-956c-a8325ce48ef1
RR-3089,Paid,9675.87,Material ACCOUNT National,0046128748-001,,33326.87,0.00,Yes,New,Roofing,Residential,3340.87,19963.40,https://my.acculynx.com/jobs/2f33ee31-4898-4ff8-956c-a8325ce48ef1
RR-3089,Paid,350.00,Labor Zion Electrical Contracting INC,,,33326.87,0.00,Yes,New,Roofing,Residential,3340.87,19963.40,https://my.acculynx.com/jobs/2f33ee31-4898-4ff8-956c-a8325ce48ef1
RR-3089,Additional,3340.87,Christopher Byrnes Commission,,T,33326.87,0.00,No,New,Roofing,Residential,3340.87,19963.40,https://my.acculynx.com/jobs/2f33ee31-4898-4ff8-956c-a8325ce48ef1
RR-3152,Additional,675.19,Michael Dietrich Commission,,T,6091.93,0.00,No,Repair,Roofing,Residential,589.37,3734.44,https://my.acculynx.com/jobs/fb6d0a9c-542e-498f-bfd4-26cf31cfc762
RR-3152,Paid,200.00,Project Management,,,6091.93,0.00,Yes,Repair,Roofing,Residential,589.37,3734.44,https://my.acculynx.com/jobs/fb6d0a9c-542e-498f-bfd4-26cf31cfc762
RR-3152,Paid,100.00,AMEX Roofr Report,,,6091.93,0.00,Yes,Repair,Roofing,Residential,589.37,3734.44,https://my.acculynx.com/jobs/fb6d0a9c-542e-498f-bfd4-26cf31cfc762
RR-3152,Paid,150.00,AMEX Marketing Advertisement,,,6091.93,0.00,Yes,Repair,Roofing,Residential,589.37,3734.44,https://my.acculynx.com/jobs/fb6d0a9c-542e-498f-bfd4-26cf31cfc762
RR-3152,Paid,-236.79,Material ACCOUNT National Returns,,(4) PC 1/2" Plywood(1) RL OC BAse,6091.93,0.00,Yes,Repair,Roofing,Residential,589.37,3734.44,https://my.acculynx.com/jobs/fb6d0a9c-542e-498f-bfd4-26cf31cfc762
RR-3152,Paid,111.06,Material ACCOUNT National Shop,,(1) GAL Karnak (4) Silicone(1) BX Masonry nails,6091.93,0.00,Yes,Repair,Roofing,Residential,589.37,3734.44,https://my.acculynx.com/jobs/fb6d0a9c-542e-498f-bfd4-26cf31cfc762
RR-3152,Paid,140.68,Material ACCOUNT National,0046799574-002,,6091.93,0.00,Yes,Repair,Roofing,Residential,589.37,3734.44,https://my.acculynx.com/jobs/fb6d0a9c-542e-498f-bfd4-26cf31cfc762
RR-3152,Paid,687.68,Material ACCOUNT National,0046821122-001,,6091.93,0.00,Yes,Repair,Roofing,Residential,589.37,3734.44,https://my.acculynx.com/jobs/fb6d0a9c-542e-498f-bfd4-26cf31cfc762
RR-3152,Paid,213.37,Dealer CC Fee,,CC Fee,6091.93,0.00,Yes,Repair,Roofing,Residential,589.37,3734.44,https://my.acculynx.com/jobs/fb6d0a9c-542e-498f-bfd4-26cf31cfc762
RR-3152,Paid,1350.00,Labor CASH V&D Family Home Remodeling Corp Pay,,,6091.93,0.00,Yes,Repair,Roofing,Residential,589.37,3734.44,https://my.acculynx.com/jobs/fb6d0a9c-542e-498f-bfd4-26cf31cfc762
RR-3152,Additional,-85.82,Michael Dietrich Commissions Adj,,,6091.93,0.00,No,Repair,Roofing,Residential,589.37,3734.44,https://my.acculynx.com/jobs/fb6d0a9c-542e-498f-bfd4-26cf31cfc762
RR-3152,Paid,429.07,Material ACCOUNT ABC,2004964505-001,,6091.93,0.00,Yes,Repair,Roofing,Residential,589.37,3734.44,https://my.acculynx.com/jobs/fb6d0a9c-542e-498f-bfd4-26cf31cfc762
RR-3289,Paid,150.00,Labor All About Gutters,,,0.00,0.00,Yes,New,Call Back,Residential,0.00,150.00,https://my.acculynx.com/jobs/43bf39b3-23fc-4cde-9f3b-56067d3fcb7c
RR-3288,Paid,600.00,Labor JMAB Construction Pay,,,0.00,0.00,Yes,New,Call Back,Residential,0.00,600.00,https://my.acculynx.com/jobs/ea1a69e7-0e73-4646-850f-2a541f6f3f20
RR-3180,Paid,840.00,Labor Flawless Roofing Dump,,,34740.29,0.00,Yes,New,Roofing,Residential,3778.04,19628.14,https://my.acculynx.com/jobs/ade1b59d-d0c7-40a9-a70f-f75f3597277b
RR-3180,Paid,4030.00,Labor Flawless Roofing Pay,,,34740.29,0.00,Yes,New,Roofing,Residential,3778.04,19628.14,https://my.acculynx.com/jobs/ade1b59d-d0c7-40a9-a70f-f75f3597277b
RR-3180,Paid,-260.90,Material ACCOUNT National Returns,,(10) 1/2 Plywood,34740.29,0.00,Yes,New,Roofing,Residential,3778.04,19628.14,https://my.acculynx.com/jobs/ade1b59d-d0c7-40a9-a70f-f75f3597277b
RR-3180,Paid,326.25,Platinum Warranty,OC-2026-WR-2248859,,34740.29,0.00,Yes,New,Roofing,Residential,3778.04,19628.14,https://my.acculynx.com/jobs/ade1b59d-d0c7-40a9-a70f-f75f3597277b
RR-3180,Paid,81.02,Material ACCOUNT National Shop,,(1) lifetime bath & vent,34740.29,0.00,Yes,New,Roofing,Residential,3778.04,19628.14,https://my.acculynx.com/jobs/ade1b59d-d0c7-40a9-a70f-f75f3597277b
RR-3180,Paid,5124.19,Dealer CC Fee,,Dealer fee,34740.29,0.00,Yes,New,Roofing,Residential,3778.04,19628.14,https://my.acculynx.com/jobs/ade1b59d-d0c7-40a9-a70f-f75f3597277b
RR-3180,Paid,5856.70,Material ACCOUNT National,0047147430-001,,34740.29,0.00,Yes,New,Roofing,Residential,3778.04,19628.14,https://my.acculynx.com/jobs/ade1b59d-d0c7-40a9-a70f-f75f3597277b
RR-3180,Additional,3778.04,Christopher Byrnes Commission,,T,34740.29,0.00,No,New,Roofing,Residential,3778.04,19628.14,https://my.acculynx.com/jobs/ade1b59d-d0c7-40a9-a70f-f75f3597277b
RR-3180,Paid,-147.16,Material ACCOUNT National Returns ,,(1)Lifetime Ultimate Pipe Flashing for Shingle Roofs with Kynar Base(2) BD Duration Shingles,34740.29,0.00,Yes,New,Roofing,Residential,3778.04,19628.14,https://my.acculynx.com/jobs/ade1b59d-d0c7-40a9-a70f-f75f3597277b
RR-2237,Additional,1392.72,Michael Dietrich Commission,,,19000.00,0.00,No,New,Roofing,Residential,1392.72,13429.10,https://my.acculynx.com/jobs/a92db55e-c15b-4aec-bd86-f4e047d5c36e
RR-2237,Paid,1350.00,Labor All About Gutters,,,19000.00,0.00,Yes,New,Roofing,Residential,1392.72,13429.10,https://my.acculynx.com/jobs/a92db55e-c15b-4aec-bd86-f4e047d5c36e
RR-2237,Paid,3350.00,Labor V&D Family Home Remodeling Corp Pay,,,19000.00,0.00,Yes,New,Roofing,Residential,1392.72,13429.10,https://my.acculynx.com/jobs/a92db55e-c15b-4aec-bd86-f4e047d5c36e
RR-2237,Paid,726.00,Labor V&D Family Home Remodeling Corp Dump,,,19000.00,0.00,Yes,New,Roofing,Residential,1392.72,13429.10,https://my.acculynx.com/jobs/a92db55e-c15b-4aec-bd86-f4e047d5c36e
RR-2237,Paid,150.00,AMEX Marketing Advertisement,,,19000.00,0.00,Yes,New,Roofing,Residential,1392.72,13429.10,https://my.acculynx.com/jobs/a92db55e-c15b-4aec-bd86-f4e047d5c36e
RR-2237,Paid,100.00,AMEX Roofr Report,,,19000.00,0.00,Yes,New,Roofing,Residential,1392.72,13429.10,https://my.acculynx.com/jobs/a92db55e-c15b-4aec-bd86-f4e047d5c36e
RR-2237,Paid,290.36,Platinum Warranty,,,19000.00,0.00,Yes,New,Roofing,Residential,1392.72,13429.10,https://my.acculynx.com/jobs/a92db55e-c15b-4aec-bd86-f4e047d5c36e
RR-2237,Paid,63.08,Material ACCOUNT ABC,1269385,,19000.00,0.00,Yes,New,Roofing,Residential,1392.72,13429.10,https://my.acculynx.com/jobs/a92db55e-c15b-4aec-bd86-f4e047d5c36e
RR-2237,Paid,950.00,Dealer CC Fee,,Dealer Fee,19000.00,0.00,Yes,New,Roofing,Residential,1392.72,13429.10,https://my.acculynx.com/jobs/a92db55e-c15b-4aec-bd86-f4e047d5c36e
RR-2237,Paid,-600.05,Material ACCOUNT National Returns,,(23) Plywood,19000.00,0.00,Yes,New,Roofing,Residential,1392.72,13429.10,https://my.acculynx.com/jobs/a92db55e-c15b-4aec-bd86-f4e047d5c36e
RR-2237,Paid,5656.99,Material ACCOUNT National,0046780084-001,,19000.00,0.00,Yes,New,Roofing,Residential,1392.72,13429.10,https://my.acculynx.com/jobs/a92db55e-c15b-4aec-bd86-f4e047d5c36e
RR-3177,Paid,4022.00,Labor Flawless Roofing Pay,,,27419.00,0.00,Yes,New,Roofing,Residential,1589.73,20991.37,https://my.acculynx.com/jobs/dc51804d-4fcc-4867-8042-552178c664f6
RR-3177,Paid,337.82,Platinum Warranty,,,27419.00,0.00,Yes,New,Roofing,Residential,1589.73,20991.37,https://my.acculynx.com/jobs/dc51804d-4fcc-4867-8042-552178c664f6
RR-3177,Paid,6227.92,Material ACCOUNT National,47114989,,27419.00,0.00,Yes,New,Roofing,Residential,1589.73,20991.37,https://my.acculynx.com/jobs/dc51804d-4fcc-4867-8042-552178c664f6
RR-3177,Paid,57.64,Material AMEX Home Depot,H1208-502508,,27419.00,0.00,Yes,New,Roofing,Residential,1589.73,20991.37,https://my.acculynx.com/jobs/dc51804d-4fcc-4867-8042-552178c664f6
RR-3177,Paid,4044.30,Dealer CC Fee,,Dealer Fee,27419.00,0.00,Yes,New,Roofing,Residential,1589.73,20991.37,https://my.acculynx.com/jobs/dc51804d-4fcc-4867-8042-552178c664f6
RR-3177,Paid,120.00,Material ACCOUNT National Shop,,(3) 1/2 Plywood(1) 3/4 Plywood,27419.00,0.00,Yes,New,Roofing,Residential,1589.73,20991.37,https://my.acculynx.com/jobs/dc51804d-4fcc-4867-8042-552178c664f6
RR-3177,Paid,-379.44,Material ACCOUNT National Returns,,(7) BD Onyx Black Shingles(1) RL Vent Sure,27419.00,0.00,Yes,New,Roofing,Residential,1589.73,20991.37,https://my.acculynx.com/jobs/dc51804d-4fcc-4867-8042-552178c664f6
RR-3177,Additional,2503.53,Michael Dietrich Commissions Adj,,T,27419.00,0.00,No,New,Roofing,Residential,1589.73,20991.37,https://my.acculynx.com/jobs/dc51804d-4fcc-4867-8042-552178c664f6
RR-3177,Additional,-913.80,temp,,,27419.00,0.00,No,New,Roofing,Residential,1589.73,20991.37,https://my.acculynx.com/jobs/dc51804d-4fcc-4867-8042-552178c664f6
RR-3177,Paid,732.00,Labor Flawless Roofing Dump,,,27419.00,0.00,Yes,New,Roofing,Residential,1589.73,20991.37,https://my.acculynx.com/jobs/dc51804d-4fcc-4867-8042-552178c664f6
RR-3177,Paid,-260.60,Material ACCOUNT National Returns,,(10) Plywood - sent back on  national truck,27419.00,0.00,Yes,New,Roofing,Residential,1589.73,20991.37,https://my.acculynx.com/jobs/dc51804d-4fcc-4867-8042-552178c664f6
RR-3177,Paid,4500.00,Labor RenewUSA Solar,,,27419.00,0.00,Yes,New,Roofing,Residential,1589.73,20991.37,https://my.acculynx.com/jobs/dc51804d-4fcc-4867-8042-552178c664f6
RR-3131,Paid,1350.00,Labor CASH V&D Family Home Remodeling Corp Pay,,Full day labor,7441.16,0.00,Yes,Repair,Roofing,Residential,450.60,3385.72,https://my.acculynx.com/jobs/0bda97bf-a6a9-4078-962f-0a2d81805bef
RR-3131,Paid,-226.56,Material ACCOUNT National Returns,,(5) BD GAF Shingles,7441.16,0.00,Yes,Repair,Roofing,Residential,450.60,3385.72,https://my.acculynx.com/jobs/0bda97bf-a6a9-4078-962f-0a2d81805bef
RR-3131,Paid,500.00,Labor Zion Electrical Contracting INC,,,7441.16,0.00,Yes,Repair,Roofing,Residential,450.60,3385.72,https://my.acculynx.com/jobs/0bda97bf-a6a9-4078-962f-0a2d81805bef
RR-3131,Paid,372.06,Dealer CC Fee,,Dealer Fee,7441.16,0.00,Yes,Repair,Roofing,Residential,450.60,3385.72,https://my.acculynx.com/jobs/0bda97bf-a6a9-4078-962f-0a2d81805bef
RR-3131,Paid,939.62,Material ACCOUNT National,0046627881-001,,7441.16,0.00,Yes,Repair,Roofing,Residential,450.60,3385.72,https://my.acculynx.com/jobs/0bda97bf-a6a9-4078-962f-0a2d81805bef
RR-3131,Additional,450.60,Francesco Ambrosio Commission CASH,,T,7441.16,0.00,No,Repair,Roofing,Residential,450.60,3385.72,https://my.acculynx.com/jobs/0bda97bf-a6a9-4078-962f-0a2d81805bef
RR-3123,Paid,675.00,Labor CASH V&D Family Home Remodeling Corp Pay,,,4642.48,0.00,Yes,Repair,Roofing,Residential,701.73,1835.57,https://my.acculynx.com/jobs/6cd9a07f-3256-4764-8e4b-11b035303c3a
RR-3123,Paid,405.10,Material ACCOUNT National,0046466113-001,,4642.48,0.00,Yes,Repair,Roofing,Residential,701.73,1835.57,https://my.acculynx.com/jobs/6cd9a07f-3256-4764-8e4b-11b035303c3a
RR-3123,Paid,222.63,Material AMEX Riverhead Building Supply,633435,,4642.48,0.00,Yes,Repair,Roofing,Residential,701.73,1835.57,https://my.acculynx.com/jobs/6cd9a07f-3256-4764-8e4b-11b035303c3a
RR-3123,Additional,634.17,Christopher Byrnes Commission,,T,4642.48,0.00,No,Repair,Roofing,Residential,701.73,1835.57,https://my.acculynx.com/jobs/6cd9a07f-3256-4764-8e4b-11b035303c3a
RR-3123,Paid,-168.89,Material ACCOUNT National Returns,,(2) BD GAF Fox Hollow - 90.625(3) 1/2 Plywood,4642.48,0.00,Yes,Repair,Roofing,Residential,701.73,1835.57,https://my.acculynx.com/jobs/6cd9a07f-3256-4764-8e4b-11b035303c3a
RR-3123,Additional,67.56,Commission Adjustment ,,,4642.48,0.00,No,Repair,Roofing,Residential,701.73,1835.57,https://my.acculynx.com/jobs/6cd9a07f-3256-4764-8e4b-11b035303c3a
RR-3133,Paid,1100.00,Labor All About Gutters,,,2100.00,0.00,Yes,Upsell / Change Order,Gutters & Soffits,Residential,210.00,1581.88,https://my.acculynx.com/jobs/4e9e9b22-9cff-43e4-b9ba-6999bf0df133
RR-3133,Additional,210.00,Commission Cash Ryan Romero,,t,2100.00,0.00,No,Upsell / Change Order,Gutters & Soffits,Residential,210.00,1581.88,https://my.acculynx.com/jobs/4e9e9b22-9cff-43e4-b9ba-6999bf0df133
RR-3133,Paid,271.88,Material ACCOUNT National Shop,,(2) BX Gutter Guards,2100.00,0.00,Yes,Upsell / Change Order,Gutters & Soffits,Residential,210.00,1581.88,https://my.acculynx.com/jobs/4e9e9b22-9cff-43e4-b9ba-6999bf0df133
RR-3105,Paid,275.89,Material ACCOUNT ABC,77467710,,3900.00,0.00,Yes,Repair,Gutters & Soffits,Residential,212.67,2694.92,https://my.acculynx.com/jobs/a9ef0270-76a6-43f1-b27a-5425a61198c7
RR-3105,Paid,22.47,Material AMEX Home Depot,H1285-237791,,3900.00,0.00,Yes,Repair,Gutters & Soffits,Residential,212.67,2694.92,https://my.acculynx.com/jobs/a9ef0270-76a6-43f1-b27a-5425a61198c7
RR-3105,Paid,-177.37,Material ACCOUNT National Returns,,(7) J-channel(6) pcs Soffit,3900.00,0.00,Yes,Repair,Gutters & Soffits,Residential,212.67,2694.92,https://my.acculynx.com/jobs/a9ef0270-76a6-43f1-b27a-5425a61198c7
RR-3105,Paid,617.71,Material ACCOUNT National,0046299513-001,,3900.00,0.00,Yes,Repair,Gutters & Soffits,Residential,212.67,2694.92,https://my.acculynx.com/jobs/a9ef0270-76a6-43f1-b27a-5425a61198c7
RR-3105,Paid,17.51,Material ACCOUNT National Shop,,,3900.00,0.00,Yes,Repair,Gutters & Soffits,Residential,212.67,2694.92,https://my.acculynx.com/jobs/a9ef0270-76a6-43f1-b27a-5425a61198c7
RR-3105,Paid,64.54,Material AMEX Home Depot,H1229-255802,,3900.00,0.00,Yes,Repair,Gutters & Soffits,Residential,212.67,2694.92,https://my.acculynx.com/jobs/a9ef0270-76a6-43f1-b27a-5425a61198c7
RR-3105,Additional,280.16,Francesco Ambrosio Commission ,,10% + 5% employee referral / 15% commission T,3900.00,0.00,No,Repair,Gutters & Soffits,Residential,212.67,2694.92,https://my.acculynx.com/jobs/a9ef0270-76a6-43f1-b27a-5425a61198c7
RR-3105,Paid,675.00,Labor CASH V&D Family Home Remodeling Corp Pay,,,3900.00,0.00,Yes,Repair,Gutters & Soffits,Residential,212.67,2694.92,https://my.acculynx.com/jobs/a9ef0270-76a6-43f1-b27a-5425a61198c7
RR-3105,Paid,675.00,Labor CASH V&D Family Home Remodeling Corp Pay,,,3900.00,0.00,Yes,Repair,Gutters & Soffits,Residential,212.67,2694.92,https://my.acculynx.com/jobs/a9ef0270-76a6-43f1-b27a-5425a61198c7
RR-3105,Paid,-138.50,Material ACCOUNT National Returns,,(1) Roll trim coil - ABC,3900.00,0.00,Yes,Repair,Gutters & Soffits,Residential,212.67,2694.92,https://my.acculynx.com/jobs/a9ef0270-76a6-43f1-b27a-5425a61198c7
RR-3105,Paid,450.00,Labor CASH All About Gutters,,,3900.00,0.00,No,Repair,Gutters & Soffits,Residential,212.67,2694.92,https://my.acculynx.com/jobs/a9ef0270-76a6-43f1-b27a-5425a61198c7
RR-3105,Additional,-67.49,Commission Adjustment ,,,3900.00,0.00,No,Repair,Gutters & Soffits,Residential,212.67,2694.92,https://my.acculynx.com/jobs/a9ef0270-76a6-43f1-b27a-5425a61198c7
RR-3252,Paid,42.77,Material ACCOUNT National,0047966883-001,,0.00,0.00,Yes,New,Call Back,Residential,0.00,492.77,https://my.acculynx.com/jobs/d6dfd655-e66b-4a85-a428-c7bc0dec8cd4
RR-3252,Paid,450.00,Labor Loyalty Contracting LLC,,Maha put in on 03/31 to get bill in QB. Not issuing bill till confirmation with Mike. Amount transferred to contactors,0.00,0.00,No,New,Call Back,Residential,0.00,492.77,https://my.acculynx.com/jobs/d6dfd655-e66b-4a85-a428-c7bc0dec8cd4
RR-3223,Paid,28.54,Material AMEX Home Depot,H1206-501154,,0.00,0.00,Yes,New,Call Back,Residential,0.00,260.47,https://my.acculynx.com/jobs/1dbf428f-3c2c-4052-a4b4-4c21aefd6bbb
RR-3223,Paid,16.86,Material ACCOUNT National Shop Returns,,(1) BX 1-1/2 in Hex Screw - Kept in van ,0.00,0.00,Yes,New,Call Back,Residential,0.00,260.47,https://my.acculynx.com/jobs/1dbf428f-3c2c-4052-a4b4-4c21aefd6bbb
RR-3279,Paid,450.00,Labor All About Gutters,,,0.00,0.00,Yes,New,Call Back,Residential,0.00,450.00,https://my.acculynx.com/jobs/a8cfb2c4-e937-4fb2-9f5f-cc6dc15b5382
RR-3223,Paid,215.07,Material ACCOUNT New Castle,02HV000205883,,0.00,0.00,Yes,New,Call Back,Residential,0.00,260.47,https://my.acculynx.com/jobs/1dbf428f-3c2c-4052-a4b4-4c21aefd6bbb
RR-3285,Paid,675.00,Labor CASH V&D Family Home Remodeling Corp Pay,,,0.00,0.00,Yes,Repair,Call Back,Residential,0.00,742.64,https://my.acculynx.com/jobs/c3735275-4411-41b3-8d1e-12b158e16bb4
RR-3285,Paid,35.63,Material AMEX Home Depot,H1258-362684,,0.00,0.00,Yes,Repair,Call Back,Residential,0.00,742.64,https://my.acculynx.com/jobs/c3735275-4411-41b3-8d1e-12b158e16bb4
RR-3285,Paid,67.11,Material AMEX Home Depot,H1206-501146,,0.00,0.00,Yes,Repair,Call Back,Residential,0.00,742.64,https://my.acculynx.com/jobs/c3735275-4411-41b3-8d1e-12b158e16bb4
RR-3285,Paid,-35.10,Material AMEX Home Depot Shop Returns,,(2) Trowel - Kept in the Van ,0.00,0.00,Yes,Repair,Call Back,Residential,0.00,742.64,https://my.acculynx.com/jobs/c3735275-4411-41b3-8d1e-12b158e16bb4
RR-3207,Paid,250.00,Labor CASH Brentwood Roofing And Contracting Inc,,,0.00,0.00,Yes,Repair,Call Back,Commercial,0.00,250.00,https://my.acculynx.com/jobs/7bac0643-b07f-4690-b073-cff55a9522f5
RR-3311,Paid,346.17,Material ACCOUNT National,0048193906-001,,0.00,0.00,Yes,New,Call Back,Residential,0.00,1108.57,https://my.acculynx.com/jobs/1bfab10f-c154-478b-9077-170cf0706fd0
RR-3311,Paid,900.00,Labor CASH V&D Family Home Remodeling Corp Pay,,,0.00,0.00,Yes,New,Call Back,Residential,0.00,1108.57,https://my.acculynx.com/jobs/1bfab10f-c154-478b-9077-170cf0706fd0
RR-3311,Paid,-137.60,Material ACCOUNT National Returns,,(2) BD Duration Shingle(2) 1/2 Plywood,0.00,0.00,Yes,New,Call Back,Residential,0.00,1108.57,https://my.acculynx.com/jobs/1bfab10f-c154-478b-9077-170cf0706fd0
RR-3321,Paid,1150.00,Labor All About Gutters,,,5200.00,0.00,Yes,Upsell / Change Order,Gutters & Soffits,Residential,520.00,1670.00,https://my.acculynx.com/jobs/63d835f9-21a2-4ea4-980e-de5955dc80e2
RR-3321,Additional,520.00,Kevin Vanegas Commission CASH,,T,5200.00,0.00,No,Upsell / Change Order,Gutters & Soffits,Residential,520.00,1670.00,https://my.acculynx.com/jobs/63d835f9-21a2-4ea4-980e-de5955dc80e2
RR-3316,Paid,100.00,Labor Flawless Roofing Pay,,,3800.00,0.00,Yes,Upsell / Change Order,Roofing,Residential,380.00,2160.74,https://my.acculynx.com/jobs/464578e4-187c-4383-86f3-4b05eba8a9ed
RR-3316,Paid,1680.74,Material ACCOUNT National,0048156299-002,,3800.00,0.00,Yes,Upsell / Change Order,Roofing,Residential,380.00,2160.74,https://my.acculynx.com/jobs/464578e4-187c-4383-86f3-4b05eba8a9ed
RR-3316,Additional,380.00,Commission Flawless Roofing Pay,,T,3800.00,0.00,No,Upsell / Change Order,Roofing,Residential,380.00,2160.74,https://my.acculynx.com/jobs/464578e4-187c-4383-86f3-4b05eba8a9ed
RR-3145,Paid,-2653.52,Material ACCOUNT National Returns,,(3) BD Shingles(57) BD shingles wrong color,22597.37,0.00,Yes,New,Roofing,Residential,2665.49,11935.43,https://my.acculynx.com/jobs/a2433ec5-78d0-4c37-862b-07c05eb17623
RR-3145,Paid,546.00,Labor V&D Family Home Remodeling Corp Dump,,,22597.37,0.00,Yes,New,Roofing,Residential,2665.49,11935.43,https://my.acculynx.com/jobs/a2433ec5-78d0-4c37-862b-07c05eb17623
RR-3145,Paid,3730.00,Labor V&D Family Home Remodeling Corp Pay,,,22597.37,0.00,Yes,New,Roofing,Residential,2665.49,11935.43,https://my.acculynx.com/jobs/a2433ec5-78d0-4c37-862b-07c05eb17623
RR-3145,Paid,150.00,AMEX Marketing Advertisement,,,22597.37,0.00,Yes,New,Roofing,Residential,2665.49,11935.43,https://my.acculynx.com/jobs/a2433ec5-78d0-4c37-862b-07c05eb17623
RR-3145,Paid,100.00,AMEX Roofr Report,,,22597.37,0.00,Yes,New,Roofing,Residential,2665.49,11935.43,https://my.acculynx.com/jobs/a2433ec5-78d0-4c37-862b-07c05eb17623
RR-3145,Paid,242.51,Platinum Warranty,,,22597.37,0.00,Yes,New,Roofing,Residential,2665.49,11935.43,https://my.acculynx.com/jobs/a2433ec5-78d0-4c37-862b-07c05eb17623
RR-3145,Additional,2665.49,Christopher Byrnes Commission,,T,22597.37,0.00,No,New,Roofing,Residential,2665.49,11935.43,https://my.acculynx.com/jobs/a2433ec5-78d0-4c37-862b-07c05eb17623
RR-3145,Paid,7154.95,Material ACCOUNT National,0046738469-001,,22597.37,0.00,Yes,New,Roofing,Residential,2665.49,11935.43,https://my.acculynx.com/jobs/a2433ec5-78d0-4c37-862b-07c05eb17623
RR-3272,Paid,350.00,Labor All About Gutters,,,0.00,0.00,Yes,New,Call Back,Residential,0.00,150.00,https://my.acculynx.com/jobs/b56853e0-1c99-411b-bf91-cba19ad61335
RR-3272,Paid,-200.00,Labor All About Gutters,,credit,0.00,0.00,Yes,New,Call Back,Residential,0.00,150.00,https://my.acculynx.com/jobs/b56853e0-1c99-411b-bf91-cba19ad61335
RR-3329,Paid,3550.00,Labor Flawless Roofing Pay,,,11000.00,0.00,Yes,Upsell / Change Order,Roofing,Residential,1100.00,5545.56,https://my.acculynx.com/jobs/eb9ac4a1-c782-4d18-85a1-3b43a4377e06
RR-3329,Paid,895.56,Material ACCOUNT National,0048276149-002,,11000.00,0.00,Yes,Upsell / Change Order,Roofing,Residential,1100.00,5545.56,https://my.acculynx.com/jobs/eb9ac4a1-c782-4d18-85a1-3b43a4377e06
RR-3329,Additional,1100.00,Flawless Roofing Commission,,T,11000.00,0.00,No,Upsell / Change Order,Roofing,Residential,1100.00,5545.56,https://my.acculynx.com/jobs/eb9ac4a1-c782-4d18-85a1-3b43a4377e06
RR-3325,Paid,135.94,Material ACCOUNT National Shop,,(1) BX Gutter Guards,0.00,0.00,Yes,Service,Call Back,Residential,0.00,135.94,https://my.acculynx.com/jobs/ad445207-edc0-4f09-8352-cb0ce69480c2
RR-3255,Paid,600.00,Labor Flawless Roofing Dump,,,27300.00,0.00,Yes,New,Roofing,Residential,3197.31,14510.78,https://my.acculynx.com/jobs/ddc35d43-a7da-4d67-9fc5-e9895205503c
RR-3255,Paid,3080.00,Labor Flawless Roofing Pay,,,27300.00,0.00,Yes,New,Roofing,Residential,3197.31,14510.78,https://my.acculynx.com/jobs/ddc35d43-a7da-4d67-9fc5-e9895205503c
RR-3255,Paid,500.00,Labor Flawless Roofing Pay,,Travel Pay,27300.00,0.00,Yes,New,Roofing,Residential,3197.31,14510.78,https://my.acculynx.com/jobs/ddc35d43-a7da-4d67-9fc5-e9895205503c
RR-3255,Paid,2000.00,Labor All About Gutters,,,27300.00,0.00,Yes,New,Roofing,Residential,3197.31,14510.78,https://my.acculynx.com/jobs/ddc35d43-a7da-4d67-9fc5-e9895205503c
RR-3255,Paid,339.30,Material ACCOUNT National,0047981228-001,Split from the upsell-nails-plywood,27300.00,0.00,Yes,New,Roofing,Residential,3197.31,14510.78,https://my.acculynx.com/jobs/ddc35d43-a7da-4d67-9fc5-e9895205503c
RR-3255,Paid,242.51,Platinum Warranty,,OC-2026-WR-2271874,27300.00,0.00,Yes,New,Roofing,Residential,3197.31,14510.78,https://my.acculynx.com/jobs/ddc35d43-a7da-4d67-9fc5-e9895205503c
RR-3255,Paid,4549.08,Material ACCOUNT National,0047945093-001,,27300.00,0.00,Yes,New,Roofing,Residential,3197.31,14510.78,https://my.acculynx.com/jobs/ddc35d43-a7da-4d67-9fc5-e9895205503c
RR-3255,Additional,3224.09,Francesco Ambrosio Commission,,T,27300.00,0.00,No,New,Roofing,Residential,3197.31,14510.78,https://my.acculynx.com/jobs/ddc35d43-a7da-4d67-9fc5-e9895205503c
RR-3255,Additional,3.24,Commissions Adjustments,,,27300.00,0.00,No,New,Roofing,Residential,3197.31,14510.78,https://my.acculynx.com/jobs/ddc35d43-a7da-4d67-9fc5-e9895205503c
RR-3255,Paid,150.08,Material ACCOUNT National,0047945093-002,,27300.00,0.00,Yes,New,Roofing,Residential,3197.31,14510.78,https://my.acculynx.com/jobs/ddc35d43-a7da-4d67-9fc5-e9895205503c
RR-3255,Paid,-147.50,Material ACCOUNT National Returns,,(2) BD Shingles(1) Pipe Flashing,27300.00,0.00,Yes,New,Roofing,Residential,3197.31,14510.78,https://my.acculynx.com/jobs/ddc35d43-a7da-4d67-9fc5-e9895205503c
RR-3255,Additional,-30.02,Commissions Adjustments,,,27300.00,0.00,No,New,Roofing,Residential,3197.31,14510.78,https://my.acculynx.com/jobs/ddc35d43-a7da-4d67-9fc5-e9895205503c
RR-3248,Paid,135.94,Material ACCOUNT National Shop,,(1) BX Gutter Guards,3800.00,0.00,Yes,Upsell / Change Order,Roofing,Residential,380.00,2084.69,https://my.acculynx.com/jobs/33185128-bc56-41cc-b580-c33568e6e97f
RR-3248,Paid,815.63,Material AMEX American Chimney,44726,,3800.00,0.00,Yes,Upsell / Change Order,Roofing,Residential,380.00,2084.69,https://my.acculynx.com/jobs/33185128-bc56-41cc-b580-c33568e6e97f
RR-3248,Paid,200.00,Labor V&D Family Home Remodeling Corp Pay,,,3800.00,0.00,Yes,Upsell / Change Order,Roofing,Residential,380.00,2084.69,https://my.acculynx.com/jobs/33185128-bc56-41cc-b580-c33568e6e97f
RR-3248,Additional,380.00,V&D Commission,,T,3800.00,0.00,No,Upsell / Change Order,Roofing,Residential,380.00,2084.69,https://my.acculynx.com/jobs/33185128-bc56-41cc-b580-c33568e6e97f
RR-3248,Paid,553.12,Dealer CC Fee,,Dealer Fee- 14.75%,3800.00,0.00,Yes,Upsell / Change Order,Roofing,Residential,380.00,2084.69,https://my.acculynx.com/jobs/33185128-bc56-41cc-b580-c33568e6e97f
RR-3303,Paid,240.94,Dealer CC Fee,,,4800.00,0.00,Yes,Upsell / Change Order,Gutters & Soffits,Residential,480.00,2020.94,https://my.acculynx.com/jobs/c7a04fde-8987-4991-9119-8d851d8fffc8
RR-3303,Additional,480.00,Flawless CASH Roofing Commission,,T,4800.00,0.00,No,Upsell / Change Order,Gutters & Soffits,Residential,480.00,2020.94,https://my.acculynx.com/jobs/c7a04fde-8987-4991-9119-8d851d8fffc8
RR-3303,Paid,1300.00,Labor All About Gutters,,,4800.00,0.00,Yes,Upsell / Change Order,Gutters & Soffits,Residential,480.00,2020.94,https://my.acculynx.com/jobs/c7a04fde-8987-4991-9119-8d851d8fffc8
RR-3301,Paid,1138.00,Labor All About Gutters,,,14300.00,0.00,Yes,Upsell / Change Order,Roofing,Residential,1430.00,6848.00,https://my.acculynx.com/jobs/4c6fe412-1306-44e2-8064-f337ae1e73ca
RR-3301,Paid,4280.00,Labor CASH Flawless Roofing Pay,,,14300.00,0.00,Yes,Upsell / Change Order,Roofing,Residential,1430.00,6848.00,https://my.acculynx.com/jobs/4c6fe412-1306-44e2-8064-f337ae1e73ca
RR-3301,Additional,1430.00,Flawless CASH Roofing Commission,,T,14300.00,0.00,No,Upsell / Change Order,Roofing,Residential,1430.00,6848.00,https://my.acculynx.com/jobs/4c6fe412-1306-44e2-8064-f337ae1e73ca
RR-3174,Paid,5832.50,Labor V&D Family Home Remodeling Corp Pay,,,38946.88,0.00,Yes,New,Roofing,Property Management,0.00,27517.29,https://my.acculynx.com/jobs/22a3cbd7-15a6-414a-aa17-97994f34ce1e
RR-3174,Paid,3500.00,Labor CASH JMAB Construction Pay,,???????????????????,38946.88,0.00,Yes,New,Roofing,Property Management,0.00,27517.29,https://my.acculynx.com/jobs/22a3cbd7-15a6-414a-aa17-97994f34ce1e
RR-3174,Paid,2767.18,Material ACCOUNT New Castle,02HV0002054734-001,,38946.88,0.00,Yes,New,Roofing,Property Management,0.00,27517.29,https://my.acculynx.com/jobs/22a3cbd7-15a6-414a-aa17-97994f34ce1e
RR-3174,Paid,-278.42,Material ACCOUNT National Returns,0047237318-001,,38946.88,0.00,Yes,New,Roofing,Property Management,0.00,27517.29,https://my.acculynx.com/jobs/22a3cbd7-15a6-414a-aa17-97994f34ce1e
RR-3174,Paid,-944.11,Material ACCOUNT National Shop Returns,,(1) GAF Drill-Tec #3 Phillips Fastener(1) BX Plates(1) Flashing Tape(1) Seam Tape(1) VERSICO EPDM 060 NR QA BLACK,38946.88,0.00,Yes,New,Roofing,Property Management,0.00,27517.29,https://my.acculynx.com/jobs/22a3cbd7-15a6-414a-aa17-97994f34ce1e
RR-3174,Paid,626.40,Material ACCOUNT National Shop,,(4) Owens Corning ProArmor Synthetic Underlayment,38946.88,0.00,Yes,New,Roofing,Property Management,0.00,27517.29,https://my.acculynx.com/jobs/22a3cbd7-15a6-414a-aa17-97994f34ce1e
RR-3174,Paid,2240.26,Material ACCOUNT New Castle Metals,12RO0002649417-001,,38946.88,0.00,Yes,New,Roofing,Property Management,0.00,27517.29,https://my.acculynx.com/jobs/22a3cbd7-15a6-414a-aa17-97994f34ce1e
RR-3174,Paid,-234.90,Material ACCOUNT National Returns,0047132651-001,,38946.88,0.00,Yes,New,Roofing,Property Management,0.00,27517.29,https://my.acculynx.com/jobs/22a3cbd7-15a6-414a-aa17-97994f34ce1e
RR-3174,Paid,36.71,Material ACCOUNT New Castle Metals,11EP0002652812-001,,38946.88,0.00,Yes,New,Roofing,Property Management,0.00,27517.29,https://my.acculynx.com/jobs/22a3cbd7-15a6-414a-aa17-97994f34ce1e
RR-3174,Paid,4218.91,Material ACCOUNT New Castle Metals,02HV0002054734-003,Paid on 03/11,38946.88,0.00,Yes,New,Roofing,Property Management,0.00,27517.29,https://my.acculynx.com/jobs/22a3cbd7-15a6-414a-aa17-97994f34ce1e
RR-3174,Paid,10052.76,Material ACCOUNT National,0047033785-001,,38946.88,0.00,Yes,New,Roofing,Property Management,0.00,27517.29,https://my.acculynx.com/jobs/22a3cbd7-15a6-414a-aa17-97994f34ce1e
RR-3174,Paid,-300.00,Labor CASH JMAB Construction Pay,,Maha Confirmed Pay Adj,38946.88,0.00,Yes,New,Roofing,Property Management,0.00,27517.29,https://my.acculynx.com/jobs/22a3cbd7-15a6-414a-aa17-97994f34ce1e
RR-3358,Paid,1600.00,Labor CASH Flawless Roofing Pay,,,0.00,0.00,Yes,New,Call Back,Residential,0.00,1600.00,https://my.acculynx.com/jobs/0d2a5c65-20b6-44c2-82bb-e42a89edd56a
RR-3294,Paid,192.48,Material ACCOUNT National,0048279647-001,,0.00,0.00,Yes,New,Call Back,Residential,0.00,792.48,https://my.acculynx.com/jobs/a3fdc8e9-d142-42ce-b2cf-ad27d6d1e9de
RR-3294,Paid,600.00,Labor CASH V&D Family Home Remodeling Corp Pay,,,0.00,0.00,Yes,New,Call Back,Residential,0.00,792.48,https://my.acculynx.com/jobs/a3fdc8e9-d142-42ce-b2cf-ad27d6d1e9de
RR-3324,Additional,181.87,Joseph Elshazly Commission,,T,3707.25,0.00,No,Repair,Roofing,Commercial,363.74,2252.27,https://my.acculynx.com/jobs/5344dbbd-44fb-4a9b-956f-acd75da5ef52
RR-3324,Paid,1000.00,Labor CASH Brentwood Roofing And Contracting Inc,,,3707.25,0.00,Yes,Repair,Roofing,Commercial,363.74,2252.27,https://my.acculynx.com/jobs/5344dbbd-44fb-4a9b-956f-acd75da5ef52
RR-3324,Paid,319.75,Sales Tax,,,3707.25,0.00,Yes,Repair,Roofing,Commercial,363.74,2252.27,https://my.acculynx.com/jobs/5344dbbd-44fb-4a9b-956f-acd75da5ef52
RR-3324,Paid,568.78,Material ACCOUNT National,0048294150-001,,3707.25,0.00,Yes,Repair,Roofing,Commercial,363.74,2252.27,https://my.acculynx.com/jobs/5344dbbd-44fb-4a9b-956f-acd75da5ef52
RR-3324,Additional,181.87,Michael Meinardus Commission,,T,3707.25,0.00,No,Repair,Roofing,Commercial,363.74,2252.27,https://my.acculynx.com/jobs/5344dbbd-44fb-4a9b-956f-acd75da5ef52
RR-3034,Paid,68.27,Material AMEX Home Depot,H8958-176612,,29649.04,736.00,Yes,New,Roofing,Residential,1075.76,19967.21,https://my.acculynx.com/jobs/6dc17f43-7ba6-4e61-b395-9b19e98a5a2c
RR-3034,Paid,-193.76,Material ACCOUNT National Returns,,(1) Bundle shingles(1) bundle ridge caps(1) 3" Lifetime Pipe Flange,29649.04,736.00,Yes,New,Roofing,Residential,1075.76,19967.21,https://my.acculynx.com/jobs/6dc17f43-7ba6-4e61-b395-9b19e98a5a2c
RR-3034,Paid,266.44,Platinum Warranty,,,29649.04,736.00,Yes,New,Roofing,Residential,1075.76,19967.21,https://my.acculynx.com/jobs/6dc17f43-7ba6-4e61-b395-9b19e98a5a2c
RR-3034,Paid,100.00,AMEX Roofr Report,,,29649.04,736.00,Yes,New,Roofing,Residential,1075.76,19967.21,https://my.acculynx.com/jobs/6dc17f43-7ba6-4e61-b395-9b19e98a5a2c
RR-3034,Paid,150.00,AMEX Marketing Advertisement,,,29649.04,736.00,Yes,New,Roofing,Residential,1075.76,19967.21,https://my.acculynx.com/jobs/6dc17f43-7ba6-4e61-b395-9b19e98a5a2c
RR-3034,Paid,1000.00,Labor Flawless Roofing Pay,,Needs to be transferred but not paid until sheetrock is fixed about 11/20This is to cover half the sheetrock damage to help David out since we agreed to a repair scope way biggar than needed to make the customer happy and get paid,29649.04,736.00,Yes,New,Roofing,Residential,1075.76,19967.21,https://my.acculynx.com/jobs/6dc17f43-7ba6-4e61-b395-9b19e98a5a2c
RR-3034,Paid,1148.00,Labor Flawless Roofing Dump,,,29649.04,736.00,Yes,New,Roofing,Residential,1075.76,19967.21,https://my.acculynx.com/jobs/6dc17f43-7ba6-4e61-b395-9b19e98a5a2c
RR-3034,Paid,6277.50,Labor Flawless Roofing Pay,,,29649.04,736.00,Yes,New,Roofing,Residential,1075.76,19967.21,https://my.acculynx.com/jobs/6dc17f43-7ba6-4e61-b395-9b19e98a5a2c
RR-3034,Paid,15.54,Material ACCOUNT National,0046399572-001,,29649.04,736.00,Yes,New,Roofing,Residential,1075.76,19967.21,https://my.acculynx.com/jobs/6dc17f43-7ba6-4e61-b395-9b19e98a5a2c
RR-3034,Paid,52.18,Material ACCOUNT National Shop,,(2) 1/2 Plywood,29649.04,736.00,Yes,New,Roofing,Residential,1075.76,19967.21,https://my.acculynx.com/jobs/6dc17f43-7ba6-4e61-b395-9b19e98a5a2c
RR-3034,Paid,8659.03,Material ACCOUNT National,0046300470-001,,29649.04,736.00,Yes,New,Roofing,Residential,1075.76,19967.21,https://my.acculynx.com/jobs/6dc17f43-7ba6-4e61-b395-9b19e98a5a2c
RR-3034,Paid,349.62,Material AMEX Home Depot,H8958-176558,,29649.04,736.00,Yes,New,Roofing,Residential,1075.76,19967.21,https://my.acculynx.com/jobs/6dc17f43-7ba6-4e61-b395-9b19e98a5a2c
RR-3034,Paid,68.52,Material ACCOUNT National,0046300470-002,,29649.04,736.00,Yes,New,Roofing,Residential,1075.76,19967.21,https://my.acculynx.com/jobs/6dc17f43-7ba6-4e61-b395-9b19e98a5a2c
RR-3034,Paid,15.54,Material ACCOUNT Florence Building,46399572,,29649.04,736.00,Yes,New,Roofing,Residential,1075.76,19967.21,https://my.acculynx.com/jobs/6dc17f43-7ba6-4e61-b395-9b19e98a5a2c
RR-3034,Additional,1167.22,Francesco Ambrosio Commission ,,T,29649.04,736.00,No,New,Roofing,Residential,1075.76,19967.21,https://my.acculynx.com/jobs/6dc17f43-7ba6-4e61-b395-9b19e98a5a2c
RR-3034,Additional,-91.46,Commission Adjustment,,,29649.04,736.00,No,New,Roofing,Residential,1075.76,19967.21,https://my.acculynx.com/jobs/6dc17f43-7ba6-4e61-b395-9b19e98a5a2c
RR-3034,Paid,815.63,Material AMEX American Chimney,44481,,29649.04,736.00,Yes,New,Roofing,Residential,1075.76,19967.21,https://my.acculynx.com/jobs/6dc17f43-7ba6-4e61-b395-9b19e98a5a2c
RR-3034,Paid,98.94,Material AMEX Home Depot,H1206-465883,,29649.04,736.00,Yes,New,Roofing,Residential,1075.76,19967.21,https://my.acculynx.com/jobs/6dc17f43-7ba6-4e61-b395-9b19e98a5a2c
RR-3366,Paid,306.25,Sales Tax,,,3500.00,0.00,Yes,Upsell / Change Order,Roof Repairs,Residential,350.00,1461.25,https://my.acculynx.com/jobs/4f5ad3b8-f636-4242-8d6b-60481d95f0ec
RR-3366,Paid,-52.20,Material ACCOUNT National Shop Returns,,(2) Plywood,3500.00,0.00,Yes,Upsell / Change Order,Roof Repairs,Residential,350.00,1461.25,https://my.acculynx.com/jobs/4f5ad3b8-f636-4242-8d6b-60481d95f0ec
RR-3366,Paid,540.00,Labor Flawless Roofing Pay,,Labor+Dump ,3500.00,0.00,Yes,Upsell / Change Order,Roof Repairs,Residential,350.00,1461.25,https://my.acculynx.com/jobs/4f5ad3b8-f636-4242-8d6b-60481d95f0ec
RR-3366,Paid,-106.03,Material ACCOUNT National Shop Returns,,1 roll TopShield Underlayment ,3500.00,0.00,Yes,Upsell / Change Order,Roof Repairs,Residential,350.00,1461.25,https://my.acculynx.com/jobs/4f5ad3b8-f636-4242-8d6b-60481d95f0ec
RR-3366,Additional,350.00,Flawless Roofing Commission,,T,3500.00,0.00,No,Upsell / Change Order,Roof Repairs,Residential,350.00,1461.25,https://my.acculynx.com/jobs/4f5ad3b8-f636-4242-8d6b-60481d95f0ec
RR-3366,Paid,423.23,Material ACCOUNT National,0048531324-002,,3500.00,0.00,Yes,Upsell / Change Order,Roof Repairs,Residential,350.00,1461.25,https://my.acculynx.com/jobs/4f5ad3b8-f636-4242-8d6b-60481d95f0ec
RR-3165,Paid,59.75,Material AMEX Home Depot,H1282-203784,,2980.00,0.00,Yes,Repair,Roofing,Residential,427.36,1270.56,https://my.acculynx.com/jobs/f99cfed7-cfcd-4ba8-8da0-a50bb17ec139
RR-3165,Paid,8.75,Material ACCOUNT National Shop,,(1) Silicone,2980.00,0.00,Yes,Repair,Roofing,Residential,427.36,1270.56,https://my.acculynx.com/jobs/f99cfed7-cfcd-4ba8-8da0-a50bb17ec139
RR-3165,Paid,675.00,Labor CASH V&D Family Home Remodeling Corp Pay,,,2980.00,0.00,Yes,Repair,Roofing,Residential,427.36,1270.56,https://my.acculynx.com/jobs/f99cfed7-cfcd-4ba8-8da0-a50bb17ec139
RR-3165,Additional,427.36,Michael Dietrich Commission,,T,2980.00,0.00,No,Repair,Roofing,Residential,427.36,1270.56,https://my.acculynx.com/jobs/f99cfed7-cfcd-4ba8-8da0-a50bb17ec139
RR-3165,Paid,99.70,Material ACCOUNT National ,0046981207-001,,2980.00,0.00,Yes,Repair,Roofing,Residential,427.36,1270.56,https://my.acculynx.com/jobs/f99cfed7-cfcd-4ba8-8da0-a50bb17ec139
RR-3337,Paid,200.00,Labor Flawless Roofing Pay,,,0.00,0.00,Yes,New,Call Back,Residential,0.00,200.00,https://my.acculynx.com/jobs/c2451515-d4c9-4d0a-85ed-5301657e5b26
RR-3363,Paid,1153.63,Material ACCOUNT Beacon,UJI3734,Split from original file ,4000.00,0.00,Yes,Upsell / Change Order,Roofing,Residential,400.00,2075.63,https://my.acculynx.com/jobs/e4009ade-98ad-4804-8924-5cb5d7548796
RR-3363,Paid,522.00,Labor Flawless Roofing Pay,,,4000.00,0.00,Yes,Upsell / Change Order,Roofing,Residential,400.00,2075.63,https://my.acculynx.com/jobs/e4009ade-98ad-4804-8924-5cb5d7548796
RR-3363,Additional,400.00,Flawless Roofing Commission,,T,4000.00,0.00,No,Upsell / Change Order,Roofing,Residential,400.00,2075.63,https://my.acculynx.com/jobs/e4009ade-98ad-4804-8924-5cb5d7548796
RR-3082,Paid,260.87,Material AMEX Century Building,529512030830,Already paid directly from bank,4650.00,0.00,Yes,Repair,Roofing,Residential,433.76,2914.94,https://my.acculynx.com/jobs/228b077d-1da5-497d-9065-c4b25bdad6f2
RR-3082,Paid,17.51,Material ACCOUNT National Shop,,(2) Silicone,4650.00,0.00,Yes,Repair,Roofing,Residential,433.76,2914.94,https://my.acculynx.com/jobs/228b077d-1da5-497d-9065-c4b25bdad6f2
RR-3082,Paid,675.00,Labor CASH V&D Family Home Remodeling Corp Pay,,,4650.00,0.00,Yes,Repair,Roofing,Residential,433.76,2914.94,https://my.acculynx.com/jobs/228b077d-1da5-497d-9065-c4b25bdad6f2
RR-3082,Additional,433.76,Michael Dietrich Commission,,T,4650.00,0.00,No,Repair,Roofing,Residential,433.76,2914.94,https://my.acculynx.com/jobs/228b077d-1da5-497d-9065-c4b25bdad6f2
RR-3082,Paid,261.44,Material AMEX Home Depot,H1218-344708,,4650.00,0.00,Yes,Repair,Roofing,Residential,433.76,2914.94,https://my.acculynx.com/jobs/228b077d-1da5-497d-9065-c4b25bdad6f2
RR-3082,Paid,45.32,Material ACCOUNT National,,0046116979-001,4650.00,0.00,Yes,Repair,Roofing,Residential,433.76,2914.94,https://my.acculynx.com/jobs/228b077d-1da5-497d-9065-c4b25bdad6f2
RR-3082,Paid,1221.04,Material ACCOUNT National,0046076480-001,,4650.00,0.00,Yes,Repair,Roofing,Residential,433.76,2914.94,https://my.acculynx.com/jobs/228b077d-1da5-497d-9065-c4b25bdad6f2
RR-3208,Paid,370.00,Labor CASH V&D Family Home Remodeling Corp Pay,,,0.00,0.00,Yes,Repair,Call Back,Residential,0.00,412.77,https://my.acculynx.com/jobs/38f1428d-8606-44b5-b5ed-ebaf3d946a07
RR-3208,Paid,42.77,Material ACCOUNT National,0048690918-001,,0.00,0.00,Yes,Repair,Call Back,Residential,0.00,412.77,https://my.acculynx.com/jobs/38f1428d-8606-44b5-b5ed-ebaf3d946a07
RR-3336,Paid,45.32,Material ACCOUNT National,0048690918-001,,0.00,0.00,Yes,New,Call Back,Commercial,0.00,581.70,https://my.acculynx.com/jobs/d0fcb45f-df21-4dbc-9b10-bcac142efa22
RR-3336,Paid,370.00,Labor CASH V&D Family Home Remodeling Corp Pay,,,0.00,0.00,Yes,New,Call Back,Commercial,0.00,581.70,https://my.acculynx.com/jobs/d0fcb45f-df21-4dbc-9b10-bcac142efa22
RR-3336,Paid,166.38,Material ACCOUNT National,0048377240-001 ,,0.00,0.00,Yes,New,Call Back,Commercial,0.00,581.70,https://my.acculynx.com/jobs/d0fcb45f-df21-4dbc-9b10-bcac142efa22
RR-3354,Additional,220.00,Kevin Vanegas Commission,,T,2200.00,0.00,No,Upsell / Change Order,Roofing,Residential,220.00,1135.63,https://my.acculynx.com/jobs/d8f95e1e-0218-418a-8d84-c837fd25710e
RR-3354,Paid,815.63,Material AMEX American Chimney,44827,,2200.00,0.00,Yes,Upsell / Change Order,Roofing,Residential,220.00,1135.63,https://my.acculynx.com/jobs/d8f95e1e-0218-418a-8d84-c837fd25710e
RR-3354,Paid,100.00,Labor CASH V&D Family Home Remodeling Corp Pay,,,2200.00,0.00,Yes,Upsell / Change Order,Roofing,Residential,220.00,1135.63,https://my.acculynx.com/jobs/d8f95e1e-0218-418a-8d84-c837fd25710e
RR-3256,Paid,242.51,Platinum Warranty,,,19087.84,0.00,Yes,New,Roofing,Residential,2000.56,11085.60,https://my.acculynx.com/jobs/9fce4d1e-0cb4-45fb-8878-7f40340f582a
RR-3256,Paid,660.00,Labor CASH Flawless Roofing Dump,,,19087.84,0.00,Yes,New,Roofing,Residential,2000.56,11085.60,https://my.acculynx.com/jobs/9fce4d1e-0cb4-45fb-8878-7f40340f582a
RR-3256,Paid,3320.00,Labor CASH Flawless Roofing Pay,,,19087.84,0.00,Yes,New,Roofing,Residential,2000.56,11085.60,https://my.acculynx.com/jobs/9fce4d1e-0cb4-45fb-8878-7f40340f582a
RR-3256,Paid,-104.76,Material ACCOUNT National Shop Returns,,(1) Lifetime Pipe Flange(1) BD Shingles,19087.84,0.00,Yes,New,Roofing,Residential,2000.56,11085.60,https://my.acculynx.com/jobs/9fce4d1e-0cb4-45fb-8878-7f40340f582a
RR-3256,Paid,4967.29,Material ACCOUNT National,0047911154-001,,19087.84,0.00,Yes,New,Roofing,Residential,2000.56,11085.60,https://my.acculynx.com/jobs/9fce4d1e-0cb4-45fb-8878-7f40340f582a
RR-3256,Additional,2000.56,Michael Dietrich Commission,,T,19087.84,0.00,No,New,Roofing,Residential,2000.56,11085.60,https://my.acculynx.com/jobs/9fce4d1e-0cb4-45fb-8878-7f40340f582a
RR-3371,Paid,2000.00,Labor Brentwood Roofing And Contracting Inc,,,0.00,0.00,Yes,New,Call Back,Commercial,0.00,2628.02,https://my.acculynx.com/jobs/d62ab224-a924-4e33-bb3f-71ed56f19ee0
RR-3371,Paid,628.02,Material ACCOUNT National,0048700878-001,,0.00,0.00,Yes,New,Call Back,Commercial,0.00,2628.02,https://my.acculynx.com/jobs/d62ab224-a924-4e33-bb3f-71ed56f19ee0
RR-3298,Paid,130.50,Material ACCOUNT National,48901661,,0.00,0.00,Yes,New,Call Back,Residential,0.00,130.50,https://my.acculynx.com/jobs/0b05e780-aeb5-48a1-83f5-43c683677391
RR-3351,Paid,42.96,Material AMEX Home Depot,H1211-294302,,0.00,0.00,Yes,New,Call Back,Residential,0.00,128.52,https://my.acculynx.com/jobs/f19bd755-d862-4daa-a29a-33ed6edcb421
RR-3351,Paid,-1.44,Material ACCOUNT National Returns,0048772728-001,,0.00,0.00,Yes,New,Call Back,Residential,0.00,128.52,https://my.acculynx.com/jobs/f19bd755-d862-4daa-a29a-33ed6edcb421
RR-3351,Paid,87.00,Material ACCOUNT National,0048691031-001,,0.00,0.00,Yes,New,Call Back,Residential,0.00,128.52,https://my.acculynx.com/jobs/f19bd755-d862-4daa-a29a-33ed6edcb421
RR-3388,Paid,93.52,Material ACCOUNT National,0048792343-001,,0.00,0.00,Yes,New,Call Back,Residential,0.00,93.52,https://my.acculynx.com/jobs/12bee9ee-01ce-4297-9690-ed67f4e99108
RR-3118,Paid,-132.44,Material ACCOUNT National Returns,,(1) roll oc deckseal capsheet,0.00,0.00,Yes,Repair,Call Back,Residential,0.00,1117.59,https://my.acculynx.com/jobs/ea41a3f4-f84b-42f9-b7a3-a2a4639bee53
RR-3118,Paid,675.00,Labor CASH V&D Family Home Remodeling Corp Pay,,,0.00,0.00,Yes,Repair,Call Back,Residential,0.00,1117.59,https://my.acculynx.com/jobs/ea41a3f4-f84b-42f9-b7a3-a2a4639bee53
RR-3118,Paid,5.35,Material ACCOUNT National Shop,,(1) Karnak Tube,0.00,0.00,Yes,Repair,Call Back,Residential,0.00,1117.59,https://my.acculynx.com/jobs/ea41a3f4-f84b-42f9-b7a3-a2a4639bee53
RR-3118,Paid,442.63,Material ACCOUNT National,,,0.00,0.00,Yes,Repair,Call Back,Residential,0.00,1117.59,https://my.acculynx.com/jobs/ea41a3f4-f84b-42f9-b7a3-a2a4639bee53
RR-3118,Paid,68.41,Material AMEX Home Depot,H1206-468175,,0.00,0.00,Yes,Repair,Call Back,Residential,0.00,1117.59,https://my.acculynx.com/jobs/ea41a3f4-f84b-42f9-b7a3-a2a4639bee53
RR-3118,Paid,58.64,Material AMEX Home Depot,H1216-336778,,0.00,0.00,Yes,Repair,Call Back,Residential,0.00,1117.59,https://my.acculynx.com/jobs/ea41a3f4-f84b-42f9-b7a3-a2a4639bee53
RR-3183,Paid,6684.50,Labor V&D Family Home Remodeling Corp Pay,,,36749.65,0.00,Yes,New,Roofing,Property Management,0.00,26751.05,https://my.acculynx.com/jobs/b4a1ce8d-c37b-4789-a45e-5b0c92c94809
RR-3183,Paid,2090.18,Material ACCOUNT New Castle Metals,12RO0002655983-001,Maha Paid on 0303,36749.65,0.00,Yes,New,Roofing,Property Management,0.00,26751.05,https://my.acculynx.com/jobs/b4a1ce8d-c37b-4789-a45e-5b0c92c94809
RR-3183,Paid,1400.00,Labor JMAB Construction Pay,,,36749.65,0.00,Yes,New,Roofing,Property Management,0.00,26751.05,https://my.acculynx.com/jobs/b4a1ce8d-c37b-4789-a45e-5b0c92c94809
RR-3183,Paid,-47.85,Material ACCOUNT National Shop Returns,,(1) Bath Vent Kit,36749.65,0.00,Yes,New,Roofing,Property Management,0.00,26751.05,https://my.acculynx.com/jobs/b4a1ce8d-c37b-4789-a45e-5b0c92c94809
RR-3183,Paid,478.69,Material ACCOUNT National,0047788442-001,,36749.65,0.00,Yes,New,Roofing,Property Management,0.00,26751.05,https://my.acculynx.com/jobs/b4a1ce8d-c37b-4789-a45e-5b0c92c94809
RR-3183,Paid,-47.86,Material ACCOUNT National Returns, 0047975309-001,(1) BD Landmark Shingles,36749.65,0.00,Yes,New,Roofing,Property Management,0.00,26751.05,https://my.acculynx.com/jobs/b4a1ce8d-c37b-4789-a45e-5b0c92c94809
RR-3183,Paid,2764.44,Material ACCOUNT New Castle Metals,02HV0002058794-002,,36749.65,0.00,Yes,New,Roofing,Property Management,0.00,26751.05,https://my.acculynx.com/jobs/b4a1ce8d-c37b-4789-a45e-5b0c92c94809
RR-3183,Paid,14.51,Material ACCOUNT National Shop,,(2) Silicone ,36749.65,0.00,Yes,New,Roofing,Property Management,0.00,26751.05,https://my.acculynx.com/jobs/b4a1ce8d-c37b-4789-a45e-5b0c92c94809
RR-3183,Paid,498.08,Material ACCOUNT National Shop,,(1) VERSICO EPDM 060 NR QA BLACK,36749.65,0.00,Yes,New,Roofing,Property Management,0.00,26751.05,https://my.acculynx.com/jobs/b4a1ce8d-c37b-4789-a45e-5b0c92c94809
RR-3183,Paid,475.68,Material ACCOUNT National,0047217036-001,,36749.65,0.00,Yes,New,Roofing,Property Management,0.00,26751.05,https://my.acculynx.com/jobs/b4a1ce8d-c37b-4789-a45e-5b0c92c94809
RR-3183,Paid,-760.06,Material ACCOUNT National Returns,0047236933-001,,36749.65,0.00,Yes,New,Roofing,Property Management,0.00,26751.05,https://my.acculynx.com/jobs/b4a1ce8d-c37b-4789-a45e-5b0c92c94809
RR-3183,Paid,-763.44,Material ACCOUNT National Returns,0047236776-001,,36749.65,0.00,Yes,New,Roofing,Property Management,0.00,26751.05,https://my.acculynx.com/jobs/b4a1ce8d-c37b-4789-a45e-5b0c92c94809
RR-3183,Paid,229.83,Material AMEX Riverhead Building Supply,A5415/00,,36749.65,0.00,Yes,New,Roofing,Property Management,0.00,26751.05,https://my.acculynx.com/jobs/b4a1ce8d-c37b-4789-a45e-5b0c92c94809
RR-3183,Paid,11096.08,Material ACCOUNT National,0047153814-001,,36749.65,0.00,Yes,New,Roofing,Property Management,0.00,26751.05,https://my.acculynx.com/jobs/b4a1ce8d-c37b-4789-a45e-5b0c92c94809
RR-3183,Paid,2447.75,Material ACCOUNT National,0046613007-001,,36749.65,0.00,Yes,New,Roofing,Property Management,0.00,26751.05,https://my.acculynx.com/jobs/b4a1ce8d-c37b-4789-a45e-5b0c92c94809
RR-3183,Paid,58.94,Material AMEX Home Depot,H1211-290363,,36749.65,0.00,Yes,New,Roofing,Property Management,0.00,26751.05,https://my.acculynx.com/jobs/b4a1ce8d-c37b-4789-a45e-5b0c92c94809
RR-3183,Paid,131.58,Material ACCOUNT National,0048026194-001,,36749.65,0.00,No,New,Roofing,Property Management,0.00,26751.05,https://my.acculynx.com/jobs/b4a1ce8d-c37b-4789-a45e-5b0c92c94809
RR-3397,Paid,111.00,Labor Flawless Roofing Dump ,,,14300.00,0.00,Yes,Upsell / Change Order,Roofing,Residential,1430.00,6539.89,https://my.acculynx.com/jobs/b1a2bc08-394b-40f2-a8d2-1151433d9910
RR-3397,Paid,247.97,Material AMEX Home Depot,H1202-379358,,14300.00,0.00,Yes,Upsell / Change Order,Roofing,Residential,1430.00,6539.89,https://my.acculynx.com/jobs/b1a2bc08-394b-40f2-a8d2-1151433d9910
RR-3397,Paid,1430.92,Material ACCOUNT National,0048901158-001,Split from main file,14300.00,0.00,Yes,Upsell / Change Order,Roofing,Residential,1430.00,6539.89,https://my.acculynx.com/jobs/b1a2bc08-394b-40f2-a8d2-1151433d9910
RR-3397,Paid,715.00,Dealer CC Fee,,Dealer Fee,14300.00,0.00,Yes,Upsell / Change Order,Roofing,Residential,1430.00,6539.89,https://my.acculynx.com/jobs/b1a2bc08-394b-40f2-a8d2-1151433d9910
RR-3397,Additional,1430.00,Flawless Roofing Commission,,T,14300.00,0.00,No,Upsell / Change Order,Roofing,Residential,1430.00,6539.89,https://my.acculynx.com/jobs/b1a2bc08-394b-40f2-a8d2-1151433d9910
RR-3397,Paid,2555.00,Labor Flawless Roofing Pay,,labor for reframing the house & Plywood ,14300.00,0.00,Yes,Upsell / Change Order,Roofing,Residential,1430.00,6539.89,https://my.acculynx.com/jobs/b1a2bc08-394b-40f2-a8d2-1151433d9910
RR-3397,Paid,50.00,Material ACCOUNT National,0048901158-001,,14300.00,0.00,No,Upsell / Change Order,Roofing,Residential,1430.00,6539.89,https://my.acculynx.com/jobs/b1a2bc08-394b-40f2-a8d2-1151433d9910
RR-3401,Paid,35.27,Material AMEX Home Depot,H1265-371213,,0.00,0.00,Yes,New,Call Back,Residential,0.00,35.27,https://my.acculynx.com/jobs/01b558b3-e627-4ed2-ba3f-7e4e2f5b1730
RR-3304,Paid,-515.97,Material ACCOUNT National Returns,,,0.00,0.00,Yes,New,Call Back,Residential,0.00,1229.65,https://my.acculynx.com/jobs/06ce982a-63b7-44e2-9f4c-de8605a2ae3b
RR-3304,Paid,350.00,Labor All About Gutters,,,0.00,0.00,Yes,New,Call Back,Residential,0.00,1229.65,https://my.acculynx.com/jobs/06ce982a-63b7-44e2-9f4c-de8605a2ae3b
RR-3304,Paid,515.97,Material ACCOUNT National,0048377264-001 ,,0.00,0.00,Yes,New,Call Back,Residential,0.00,1229.65,https://my.acculynx.com/jobs/06ce982a-63b7-44e2-9f4c-de8605a2ae3b
RR-3304,Paid,500.00,Labor CASH V&D Family Home Remodeling Corp Pay,,,0.00,0.00,Yes,New,Call Back,Residential,0.00,1229.65,https://my.acculynx.com/jobs/06ce982a-63b7-44e2-9f4c-de8605a2ae3b
RR-3304,Paid,379.65,Material AMEX Home Depot,,,0.00,0.00,Yes,New,Call Back,Residential,0.00,1229.65,https://my.acculynx.com/jobs/06ce982a-63b7-44e2-9f4c-de8605a2ae3b
RR-3096,Paid,31.71,Material ACCOUNT National Shop,,(1) 1x6 Fascia(1) box staples,8220.00,0.00,Yes,Repair,Roofing,Residential,1257.03,3191.87,https://my.acculynx.com/jobs/cb2761f7-2144-4097-932b-af3a415014c7
RR-3096,Paid,1350.00,Labor CASH V&D Family Home Remodeling Corp Pay,,,8220.00,0.00,Yes,Repair,Roofing,Residential,1257.03,3191.87,https://my.acculynx.com/jobs/cb2761f7-2144-4097-932b-af3a415014c7
RR-3096,Paid,-690.78,Material ACCOUNT National Returns,,(10) Bundles OC Shingles(1) Bundle OC Ridge Caps(2) Rolls Ice Shield,8220.00,0.00,Yes,Repair,Roofing,Residential,1257.03,3191.87,https://my.acculynx.com/jobs/cb2761f7-2144-4097-932b-af3a415014c7
RR-3096,Paid,1187.35,Material ACCOUNT National,0046228544-001,,8220.00,0.00,Yes,Repair,Roofing,Residential,1257.03,3191.87,https://my.acculynx.com/jobs/cb2761f7-2144-4097-932b-af3a415014c7
RR-3096,Paid,56.56,Material ACCOUNT National,0046409281-001,,8220.00,0.00,Yes,Repair,Roofing,Residential,1257.03,3191.87,https://my.acculynx.com/jobs/cb2761f7-2144-4097-932b-af3a415014c7
RR-3096,Additional,1257.03,Michael Dietrich Commission,,T,8220.00,0.00,No,Repair,Roofing,Residential,1257.03,3191.87,https://my.acculynx.com/jobs/cb2761f7-2144-4097-932b-af3a415014c7
RR-3143,Paid,26.26,Material ACCOUNT National Shop,,(3) Silicone,0.00,0.00,Yes,Repair,Call Back,Residential,0.00,745.49,https://my.acculynx.com/jobs/5fc969db-58ab-40c3-9c70-ab04d6d5721b
RR-3143,Paid,675.00,Labor CASH V&D Family Home Remodeling Corp Pay,,,0.00,0.00,Yes,Repair,Call Back,Residential,0.00,745.49,https://my.acculynx.com/jobs/5fc969db-58ab-40c3-9c70-ab04d6d5721b
RR-3143,Paid,44.23,Material ACCOUNT National,0046728438-001,,0.00,0.00,Yes,Repair,Call Back,Residential,0.00,745.49,https://my.acculynx.com/jobs/5fc969db-58ab-40c3-9c70-ab04d6d5721b
RR-3383,Paid,328.98,Material ACCOUNT National,0048741570-001,,0.00,0.00,Yes,New,Call Back,Residential,0.00,328.98,https://my.acculynx.com/jobs/145edc37-609b-4f9b-89c2-12f685e9c5a1
RR-3313,Paid,-234.90,Material ACCOUNT National Returns,,(20) J Channel - Returned on Truck ,4975.00,0.00,Yes,Upsell / Change Order,Roofing,Residential,497.50,3305.34,https://my.acculynx.com/jobs/df2cd2c4-4c79-47de-9f26-ed22a374d539
RR-3313,Paid,885.07,Material ACCOUNT National,0048253459-001,,4975.00,0.00,Yes,Upsell / Change Order,Roofing,Residential,497.50,3305.34,https://my.acculynx.com/jobs/df2cd2c4-4c79-47de-9f26-ed22a374d539
RR-3313,Paid,152.26,Material ACCOUNT National,0048310711-001,,4975.00,0.00,Yes,Upsell / Change Order,Roofing,Residential,497.50,3305.34,https://my.acculynx.com/jobs/df2cd2c4-4c79-47de-9f26-ed22a374d539
RR-3313,Paid,248.75,Dealer CC Fee,,Dealer Fee,4975.00,0.00,Yes,Upsell / Change Order,Roofing,Residential,497.50,3305.34,https://my.acculynx.com/jobs/df2cd2c4-4c79-47de-9f26-ed22a374d539
RR-3313,Paid,18.68,Material AMEX Home Depot,H1202-374829,,4975.00,0.00,Yes,Upsell / Change Order,Roofing,Residential,497.50,3305.34,https://my.acculynx.com/jobs/df2cd2c4-4c79-47de-9f26-ed22a374d539
RR-3313,Paid,52.42,Material ACCOUNT National,0048327419-001,,4975.00,0.00,Yes,Upsell / Change Order,Roofing,Residential,497.50,3305.34,https://my.acculynx.com/jobs/df2cd2c4-4c79-47de-9f26-ed22a374d539
RR-3313,Paid,1450.00,Labor CASH V&D Family Home Remodeling Corp Pay,,,4975.00,0.00,Yes,Upsell / Change Order,Roofing,Residential,497.50,3305.34,https://my.acculynx.com/jobs/df2cd2c4-4c79-47de-9f26-ed22a374d539
RR-3313,Additional,497.50,Kevin Vanegas Commission,,T,4975.00,0.00,No,Upsell / Change Order,Roofing,Residential,497.50,3305.34,https://my.acculynx.com/jobs/df2cd2c4-4c79-47de-9f26-ed22a374d539
RR-3313,Paid,400.00,Labor CASH V&D Family Home Remodeling Corp Pay,,,4975.00,0.00,Yes,Upsell / Change Order,Roofing,Residential,497.50,3305.34,https://my.acculynx.com/jobs/df2cd2c4-4c79-47de-9f26-ed22a374d539
RR-3313,Paid,-164.44,Material ACCOUNT National Returns,,(14) VYNIL ,4975.00,0.00,Yes,Upsell / Change Order,Roofing,Residential,497.50,3305.34,https://my.acculynx.com/jobs/df2cd2c4-4c79-47de-9f26-ed22a374d539
RR-3367,Paid,-88.79,Material ACCOUNT National Shop Returns,,(4) Karnak Tube (6) Silicone Tube,0.00,0.00,Yes,New,Call Back,Residential,0.00,370.00,https://my.acculynx.com/jobs/6de7bc54-6783-4c46-8f78-aae6aa76719f
RR-3367,Paid,370.00,Labor CASH V&D Family Home Remodeling Corp Pay,,,0.00,0.00,Yes,New,Call Back,Residential,0.00,370.00,https://my.acculynx.com/jobs/6de7bc54-6783-4c46-8f78-aae6aa76719f
RR-3367,Paid,88.79,Material AMEX Home Depot,H1213-471986,Split from 3349,0.00,0.00,Yes,New,Call Back,Residential,0.00,370.00,https://my.acculynx.com/jobs/6de7bc54-6783-4c46-8f78-aae6aa76719f
RR-3415,Paid,350.00,Labor All About Gutters,,,0.00,0.00,Yes,New,Call Back,Residential,0.00,350.00,https://my.acculynx.com/jobs/534b6f06-7da8-4ee6-b7a0-c6ad4a87c3b2
RR-3296,Paid,9.24,Material ACCOUNT National Shop,,(1) Silicone ,0.00,0.00,Yes,Repair,Call Back,Residential,0.00,425.28,https://my.acculynx.com/jobs/b4a96971-6390-4036-b0e5-ad281f52464a
RR-3296,Paid,370.00,Labor CASH V&D Family Home Remodeling Corp Pay,,,0.00,0.00,Yes,Repair,Call Back,Residential,0.00,425.28,https://my.acculynx.com/jobs/b4a96971-6390-4036-b0e5-ad281f52464a
RR-3296,Paid,92.08,Material ACCOUNT National,0048690820-001,,0.00,0.00,Yes,Repair,Call Back,Residential,0.00,425.28,https://my.acculynx.com/jobs/b4a96971-6390-4036-b0e5-ad281f52464a
RR-3296,Paid,-46.04,Material ACCOUNT National Returns,,(1) BD Tamko Shingles,0.00,0.00,Yes,Repair,Call Back,Residential,0.00,425.28,https://my.acculynx.com/jobs/b4a96971-6390-4036-b0e5-ad281f52464a
RR-3419,Paid,206.25,Labor V&D Family Home Remodeling Corp Pay,,,0.00,0.00,Yes,Repair,Call Back,Residential,0.00,255.49,https://my.acculynx.com/jobs/8babaeef-2e65-4e18-8027-867e616b14a7
RR-3419,Paid,49.24,Material AMEX Home Depot,H1265-373029,,0.00,0.00,Yes,Repair,Call Back,Residential,0.00,255.49,https://my.acculynx.com/jobs/8babaeef-2e65-4e18-8027-867e616b14a7
RR-3435,Paid,350.00,Labor All About Gutters,,,0.00,0.00,Yes,New,Call Back,Residential,0.00,621.88,https://my.acculynx.com/jobs/79bdc6dc-6ac8-43bd-8ce2-1cc10f345a78
RR-3420,Paid,206.25,Labor V&D Family Home Remodeling Corp Pay,,,0.00,0.00,Yes,New,Call Back,Property Management,0.00,206.25,https://my.acculynx.com/jobs/0535ea16-d084-455a-a161-52a825224a44
RR-3435,Paid,271.88,Material ACCOUNT National Shop,,(2) BX Gutter Guards,0.00,0.00,Yes,New,Call Back,Residential,0.00,621.88,https://my.acculynx.com/jobs/79bdc6dc-6ac8-43bd-8ce2-1cc10f345a78
RR-3417,Paid,-119.51,Material ACCOUNT National Shop Returns,,(11) Silicones from ABC was return to the shop,0.00,0.00,Yes,New,Call Back,Residential,0.00,310.38,https://my.acculynx.com/jobs/be682909-363c-4eb5-890b-b7462fbf1ae6
RR-3417,Paid,206.25,Labor V&D Family Home Remodeling Corp Pay,,,0.00,0.00,Yes,New,Call Back,Residential,0.00,310.38,https://my.acculynx.com/jobs/be682909-363c-4eb5-890b-b7462fbf1ae6
RR-3417,Paid,223.64,Material ACCOUNT ABC,,,0.00,0.00,Yes,New,Call Back,Residential,0.00,310.38,https://my.acculynx.com/jobs/be682909-363c-4eb5-890b-b7462fbf1ae6
RR-3154,Additional,459.76,Francesco Ambrosio Commission CASH,,T,9432.79,0.00,No,New,Roofing,Residential,459.76,5294.98,https://my.acculynx.com/jobs/7d521200-a862-4979-8923-3a1b656473fb
RR-3154,Paid,-117.82,Material ACCOUNT National Returns,,(2) Duration Shingles(1) Keene Viper Ridge Vent,9432.79,0.00,Yes,New,Roofing,Residential,459.76,5294.98,https://my.acculynx.com/jobs/7d521200-a862-4979-8923-3a1b656473fb
RR-3154,Paid,65.00,Material AMEX Home Depot,H8465-301258,,9432.79,0.00,Yes,New,Roofing,Residential,459.76,5294.98,https://my.acculynx.com/jobs/7d521200-a862-4979-8923-3a1b656473fb
RR-3154,Paid,2016.96,Material ACCOUNT National,0046821122-001,,9432.79,0.00,Yes,New,Roofing,Residential,459.76,5294.98,https://my.acculynx.com/jobs/7d521200-a862-4979-8923-3a1b656473fb
RR-3154,Paid,43.77,Material ACCOUNT National Shop,,(5) Silicone,9432.79,0.00,Yes,New,Roofing,Residential,459.76,5294.98,https://my.acculynx.com/jobs/7d521200-a862-4979-8923-3a1b656473fb
RR-3154,Paid,200.00,Project Management,,,9432.79,0.00,Yes,New,Roofing,Residential,459.76,5294.98,https://my.acculynx.com/jobs/7d521200-a862-4979-8923-3a1b656473fb
RR-3154,Paid,377.31,Dealer CC Fee,,Dealer Fee,9432.79,0.00,Yes,New,Roofing,Residential,459.76,5294.98,https://my.acculynx.com/jobs/7d521200-a862-4979-8923-3a1b656473fb
RR-3154,Paid,100.00,AMEX Roofr Report,,,9432.79,0.00,Yes,New,Roofing,Residential,459.76,5294.98,https://my.acculynx.com/jobs/7d521200-a862-4979-8923-3a1b656473fb
RR-3154,Paid,150.00,AMEX Marketing Advertisement,,,9432.79,0.00,Yes,New,Roofing,Residential,459.76,5294.98,https://my.acculynx.com/jobs/7d521200-a862-4979-8923-3a1b656473fb
RR-3154,Paid,2000.00,Labor V&D Family Home Remodeling Corp Pay,,,9432.79,0.00,Yes,New,Roofing,Residential,459.76,5294.98,https://my.acculynx.com/jobs/7d521200-a862-4979-8923-3a1b656473fb
RR-3675,Additional,450.00,V&D Commission,,T,4500.00,0.00,No,Upsell / Change Order,Roofing,Residential,450.00,2528.13,https://my.acculynx.com/jobs/5166ee80-82c8-41e6-9db1-deeecebc0b59
RR-3675,Paid,1098.38,Material ACCOUNT National,0051028460-001,,4500.00,0.00,Yes,Upsell / Change Order,Roofing,Residential,450.00,2528.13,https://my.acculynx.com/jobs/5166ee80-82c8-41e6-9db1-deeecebc0b59
RR-3675,Paid,879.75,Labor All About Gutters,,,4500.00,0.00,Yes,Upsell / Change Order,Roofing,Residential,450.00,2528.13,https://my.acculynx.com/jobs/5166ee80-82c8-41e6-9db1-deeecebc0b59
RR-3675,Paid,100.00,Labor V&D Family Home Remodeling Corp Pay,,,4500.00,0.00,Yes,Upsell / Change Order,Roofing,Residential,450.00,2528.13,https://my.acculynx.com/jobs/5166ee80-82c8-41e6-9db1-deeecebc0b59
RR-3673,Additional,650.00,Flawless Roofing Commission,,T,6500.00,0.00,No,Upsell / Change Order,Gutters & Soffits,Residential,650.00,2575.00,https://my.acculynx.com/jobs/2065bc15-5393-4fb3-b0d9-6e8aecd0d885
RR-3673,Paid,1925.00,Labor All About Gutters,,,6500.00,0.00,Yes,Upsell / Change Order,Gutters & Soffits,Residential,650.00,2575.00,https://my.acculynx.com/jobs/2065bc15-5393-4fb3-b0d9-6e8aecd0d885
RR-3674,Additional,150.00,Flawless Roofing Commission,,T,1500.00,0.00,No,Upsell / Change Order,Roofing,Residential,150.00,250.00,https://my.acculynx.com/jobs/c6aec14b-dd7f-497d-87d8-47b18bc27d1e
RR-3674,Paid,100.00,Labor All About Gutters,,,1500.00,0.00,Yes,Upsell / Change Order,Roofing,Residential,150.00,250.00,https://my.acculynx.com/jobs/c6aec14b-dd7f-497d-87d8-47b18bc27d1e
RR-3503,Additional,3300.00,V&D Commission,,(T),32000.00,0.00,No,Upsell / Change Order,Roofing,Residential,3300.00,25949.24,https://my.acculynx.com/jobs/de19893e-91b8-443e-ad2a-11f7c629d413
RR-3503,Paid,4272.24,Material ACCOUNT National,0049865011-001,,32000.00,0.00,Yes,Upsell / Change Order,Roofing,Residential,3300.00,25949.24,https://my.acculynx.com/jobs/de19893e-91b8-443e-ad2a-11f7c629d413
RR-3503,Paid,265.01,Material AMEX Home Depot,H8465-321976,,32000.00,0.00,Yes,Upsell / Change Order,Roofing,Residential,3300.00,25949.24,https://my.acculynx.com/jobs/de19893e-91b8-443e-ad2a-11f7c629d413
RR-3503,Paid,-317.19,Material ACCOUNT National Returns,,(7) BD GAF Shingle,32000.00,0.00,Yes,Upsell / Change Order,Roofing,Residential,3300.00,25949.24,https://my.acculynx.com/jobs/de19893e-91b8-443e-ad2a-11f7c629d413
RR-3503,Paid,921.00,Labor V&D Family Home Remodeling Corp Dump,,,32000.00,0.00,Yes,Upsell / Change Order,Roofing,Residential,3300.00,25949.24,https://my.acculynx.com/jobs/de19893e-91b8-443e-ad2a-11f7c629d413
RR-3503,Paid,4808.78,Material ACCOUNT National,0049864652-001,,32000.00,0.00,Yes,Upsell / Change Order,Roofing,Residential,3300.00,25949.24,https://my.acculynx.com/jobs/de19893e-91b8-443e-ad2a-11f7c629d413
RR-3503,Paid,2156.74,Material ACCOUNT ABC,2011358597`,,32000.00,0.00,Yes,Upsell / Change Order,Roofing,Residential,3300.00,25949.24,https://my.acculynx.com/jobs/de19893e-91b8-443e-ad2a-11f7c629d413
RR-3503,Paid,8235.00,Labor V&D Family Home Remodeling Corp Pay,,,32000.00,0.00,Yes,Upsell / Change Order,Roofing,Residential,3300.00,25949.24,https://my.acculynx.com/jobs/de19893e-91b8-443e-ad2a-11f7c629d413
RR-3503,Paid,68.44,Material ACCOUNT National,0049865011-002,,32000.00,0.00,Yes,Upsell / Change Order,Roofing,Residential,3300.00,25949.24,https://my.acculynx.com/jobs/de19893e-91b8-443e-ad2a-11f7c629d413
RR-3503,Paid,192.28,Material ACCOUNT National,0049864652-002,,32000.00,0.00,Yes,Upsell / Change Order,Roofing,Residential,3300.00,25949.24,https://my.acculynx.com/jobs/de19893e-91b8-443e-ad2a-11f7c629d413
RR-3503,Paid,1650.00,finders fee,,,32000.00,0.00,Yes,Upsell / Change Order,Roofing,Residential,3300.00,25949.24,https://my.acculynx.com/jobs/de19893e-91b8-443e-ad2a-11f7c629d413
RR-3503,Paid,396.94,Material ACCOUNT National,0049907172-001,,32000.00,0.00,Yes,Upsell / Change Order,Roofing,Residential,3300.00,25949.24,https://my.acculynx.com/jobs/de19893e-91b8-443e-ad2a-11f7c629d413
RR-3651,Additional,845.00,V&D Commission,,T,8450.00,0.00,No,Upsell / Change Order,Roofing,Residential,845.00,4979.74,https://my.acculynx.com/jobs/001668f2-d6a3-4c63-8340-bb500211b150
RR-3651,Paid,2314.74,Material ACCOUNT National,0050991597,,8450.00,0.00,Yes,Upsell / Change Order,Roofing,Residential,845.00,4979.74,https://my.acculynx.com/jobs/001668f2-d6a3-4c63-8340-bb500211b150
RR-3651,Paid,1625.00,Labor CASH V&D Family Home Remodeling Corp Pay,,,8450.00,0.00,Yes,Upsell / Change Order,Roofing,Residential,845.00,4979.74,https://my.acculynx.com/jobs/001668f2-d6a3-4c63-8340-bb500211b150
RR-3651,Paid,195.00,Labor CASH V&D Family Home Remodeling Corp Dump,,,8450.00,0.00,Yes,Upsell / Change Order,Roofing,Residential,845.00,4979.74,https://my.acculynx.com/jobs/001668f2-d6a3-4c63-8340-bb500211b150
RR-3644,Additional,250.00,V&D Commission,,T,2500.00,0.00,No,Upsell / Change Order,Roofing,Residential,250.00,1750.00,https://my.acculynx.com/jobs/4724c758-af84-4e84-9ba5-03052262d00c
RR-3644,Paid,1500.00,Labor All About Gutters,,,2500.00,0.00,Yes,Upsell / Change Order,Roofing,Residential,250.00,1750.00,https://my.acculynx.com/jobs/4724c758-af84-4e84-9ba5-03052262d00c
RR-3589,Paid,1004.19,Material ACCOUNT National ,0050540607-001,,3560.28,0.00,Yes,Repair,Roofing,Property Management,494.00,1585.43,https://my.acculynx.com/jobs/1dfff76b-00fe-4259-b764-430be45623b6
RR-3589,Paid,197.82,Material ACCOUNT National,0050998329-001,,3560.28,0.00,Yes,Repair,Roofing,Property Management,494.00,1585.43,https://my.acculynx.com/jobs/1dfff76b-00fe-4259-b764-430be45623b6
RR-3589,Additional,494.00,Michael Dietrich Commission,,T,3560.28,0.00,No,Repair,Roofing,Property Management,494.00,1585.43,https://my.acculynx.com/jobs/1dfff76b-00fe-4259-b764-430be45623b6
RR-3589,Paid,-523.08,Material ACCOUNT National Returns,,(1) EPDM Primer                                (1) Gaco Flex Expoxy Primer ,3560.28,0.00,Yes,Repair,Roofing,Property Management,494.00,1585.43,https://my.acculynx.com/jobs/1dfff76b-00fe-4259-b764-430be45623b6
RR-3589,Paid,412.50,Labor CASH V&D Family Home Remodeling Corp Pay,,,3560.28,0.00,Yes,Repair,Roofing,Property Management,494.00,1585.43,https://my.acculynx.com/jobs/1dfff76b-00fe-4259-b764-430be45623b6
RR-3598,Paid,1300.00,Labor Brentwood Roofing And Contracting Inc,,,3312.79,0.00,Yes,Repair,Roofing,Residential,0.00,2384.31,https://my.acculynx.com/jobs/a7795d79-0bcc-4983-ba91-6a064c8db5d6
RR-3598,Paid,713.85,Material ACCOUNT National,0050564764,,3312.79,0.00,Yes,Repair,Roofing,Residential,0.00,2384.31,https://my.acculynx.com/jobs/a7795d79-0bcc-4983-ba91-6a064c8db5d6
RR-3598,Paid,116.47,Dealer CC Fee,,CC Fee,3312.79,0.00,Yes,Repair,Roofing,Residential,0.00,2384.31,https://my.acculynx.com/jobs/a7795d79-0bcc-4983-ba91-6a064c8db5d6
RR-3598,Paid,289.87,Sales Tax,,,3312.79,0.00,Yes,Repair,Roofing,Residential,0.00,2384.31,https://my.acculynx.com/jobs/a7795d79-0bcc-4983-ba91-6a064c8db5d6
RR-3598,Paid,-35.88,Material ACCOUNT National Returns,,Price Adjustment on Skylight ,3312.79,0.00,Yes,Repair,Roofing,Residential,0.00,2384.31,https://my.acculynx.com/jobs/a7795d79-0bcc-4983-ba91-6a064c8db5d6
RR-3640,Paid,173.90,Material ACCOUNT National,0050892164-001,,0.00,0.00,No,New,Call Back,Commercial,0.00,173.90,https://my.acculynx.com/jobs/51db2c2c-fd36-414f-b452-88f08bef2adf
RR-3643,Additional,595.00,Flawless Roofing Commission,,T,5950.00,0.00,No,Upsell / Change Order,Roofing,Residential,595.00,2776.19,https://my.acculynx.com/jobs/9e5cda5a-7c0e-49c4-8cb0-c28a8d620cad
RR-3643,Paid,275.00,Dealer CC Fee,,Dealer Fee,5950.00,0.00,Yes,Upsell / Change Order,Roofing,Residential,595.00,2776.19,https://my.acculynx.com/jobs/9e5cda5a-7c0e-49c4-8cb0-c28a8d620cad
RR-3643,Paid,400.00,Labor Flawless Roofing Pay,,,5950.00,0.00,Yes,Upsell / Change Order,Roofing,Residential,595.00,2776.19,https://my.acculynx.com/jobs/9e5cda5a-7c0e-49c4-8cb0-c28a8d620cad
RR-3643,Paid,1506.19,Material AMEX American Chimney,45245,,5950.00,0.00,Yes,Upsell / Change Order,Roofing,Residential,595.00,2776.19,https://my.acculynx.com/jobs/9e5cda5a-7c0e-49c4-8cb0-c28a8d620cad
RR-3686,Paid,550.00,Labor V&D Family Home Remodeling Corp Pay,,,2500.00,0.00,Yes,Upsell / Change Order,Roofing,Residential,250.00,1452.15,https://my.acculynx.com/jobs/d7284020-0e1e-4f5a-b24b-a745917f1aae
RR-3686,Paid,652.15,Material ACCOUNT National,0051076956-001,Split from main file,2500.00,0.00,Yes,Upsell / Change Order,Roofing,Residential,250.00,1452.15,https://my.acculynx.com/jobs/d7284020-0e1e-4f5a-b24b-a745917f1aae
RR-3686,Additional,250.00,V&D Commission,,T,2500.00,0.00,No,Upsell / Change Order,Roofing,Residential,250.00,1452.15,https://my.acculynx.com/jobs/d7284020-0e1e-4f5a-b24b-a745917f1aae
RR-3720,Paid,3247.10,Material ACCOUNT National ,0051285154-001,,26120.90,0.00,Yes,Upsell / Change Order,Roofing,Residential,2612.00,11869.73,https://my.acculynx.com/jobs/65c3e8ea-eb1d-4e7b-8c56-33a0281797f4
RR-3720,Paid,1033.13,Material AMEX American Chimney,45281,,26120.90,0.00,Yes,Upsell / Change Order,Roofing,Residential,2612.00,11869.73,https://my.acculynx.com/jobs/65c3e8ea-eb1d-4e7b-8c56-33a0281797f4
RR-3720,Paid,2070.00,Labor Flawless Roofing Pay,,,26120.90,0.00,Yes,Upsell / Change Order,Roofing,Residential,2612.00,11869.73,https://my.acculynx.com/jobs/65c3e8ea-eb1d-4e7b-8c56-33a0281797f4
RR-3720,Paid,120.00,Labor Flawless Roofing Dump ,,,26120.90,0.00,Yes,Upsell / Change Order,Roofing,Residential,2612.00,11869.73,https://my.acculynx.com/jobs/65c3e8ea-eb1d-4e7b-8c56-33a0281797f4
RR-3720,Paid,2787.50,Labor All About Gutters,,,26120.90,0.00,Yes,Upsell / Change Order,Roofing,Residential,2612.00,11869.73,https://my.acculynx.com/jobs/65c3e8ea-eb1d-4e7b-8c56-33a0281797f4
RR-3720,Additional,2612.00,Flawless Roofing Commission,,T,26120.90,0.00,No,Upsell / Change Order,Roofing,Residential,2612.00,11869.73,https://my.acculynx.com/jobs/65c3e8ea-eb1d-4e7b-8c56-33a0281797f4
RR-3710,Paid,650.00,Labor All About Gutters,,,1584.00,0.00,Yes,Upsell / Change Order,Gutters & Soffits,Residential,158.00,808.00,https://my.acculynx.com/jobs/a6e6e916-3061-4880-9a19-e90bde383a06
RR-3710,Additional,158.00,V&D Commission,,T,1584.00,0.00,No,Upsell / Change Order,Gutters & Soffits,Residential,158.00,808.00,https://my.acculynx.com/jobs/a6e6e916-3061-4880-9a19-e90bde383a06
RR-3662,Paid,2825.00,Labor All About Gutters,,,12500.00,0.00,Yes,Upsell / Change Order,Roofing,Residential,1250.00,6719.73,https://my.acculynx.com/jobs/b383c9bb-6889-4528-bb73-4f76a88fdd48
RR-3662,Paid,1505.00,Labor CASH Flawless Roofing Pay,,,12500.00,0.00,Yes,Upsell / Change Order,Roofing,Residential,1250.00,6719.73,https://my.acculynx.com/jobs/b383c9bb-6889-4528-bb73-4f76a88fdd48
RR-3662,Paid,1139.73,Material ACCOUNT National,0050980107-001,,12500.00,0.00,Yes,Upsell / Change Order,Roofing,Residential,1250.00,6719.73,https://my.acculynx.com/jobs/b383c9bb-6889-4528-bb73-4f76a88fdd48
RR-3662,Additional,1250.00,Flawless Roofing Commission,,T,12500.00,0.00,No,Upsell / Change Order,Roofing,Residential,1250.00,6719.73,https://my.acculynx.com/jobs/b383c9bb-6889-4528-bb73-4f76a88fdd48
RR-3349,Paid,370.00,Labor CASH V&D Family Home Remodeling Corp Pay,,,0.00,0.00,Yes,Repair,Call Back,Residential,0.00,443.66,https://my.acculynx.com/jobs/b70a6f1a-e34c-434f-ac60-6f28f10831f4
RR-3349,Paid,45.32,Material ACCOUNT National,0048690849-001,,0.00,0.00,Yes,Repair,Call Back,Residential,0.00,443.66,https://my.acculynx.com/jobs/b70a6f1a-e34c-434f-ac60-6f28f10831f4
RR-3349,Paid,28.34,Material AMEX Home Depot,,Split from 3367,0.00,0.00,Yes,Repair,Call Back,Residential,0.00,443.66,https://my.acculynx.com/jobs/b70a6f1a-e34c-434f-ac60-6f28f10831f4
RR-3146,Paid,200.00,Project Management,,,3100.00,0.00,Yes,Repair,Roofing,Residential,488.00,1147.98,https://my.acculynx.com/jobs/d7a22b1b-bbf2-48e7-a7ff-116fe7946e8b
RR-3146,Paid,150.00,AMEX Marketing Advertisement,,,3100.00,0.00,Yes,Repair,Roofing,Residential,488.00,1147.98,https://my.acculynx.com/jobs/d7a22b1b-bbf2-48e7-a7ff-116fe7946e8b
RR-3146,Paid,100.00,AMEX Roofr Report,,,3100.00,0.00,Yes,Repair,Roofing,Residential,488.00,1147.98,https://my.acculynx.com/jobs/d7a22b1b-bbf2-48e7-a7ff-116fe7946e8b
RR-3146,Paid,68.57,Material ACCOUNT National Shop,,(1) PC GE SCS1000 Contractors Silicone Sealant(1) BX Roofing Nails,3100.00,0.00,Yes,Repair,Roofing,Residential,488.00,1147.98,https://my.acculynx.com/jobs/d7a22b1b-bbf2-48e7-a7ff-116fe7946e8b
RR-3146,Paid,141.41,Material ACCOUNT National,0046739332-001,,3100.00,0.00,Yes,Repair,Roofing,Residential,488.00,1147.98,https://my.acculynx.com/jobs/d7a22b1b-bbf2-48e7-a7ff-116fe7946e8b
RR-3146,Additional,488.00,Michael Dietrich Commission,,T,3100.00,0.00,No,Repair,Roofing,Residential,488.00,1147.98,https://my.acculynx.com/jobs/d7a22b1b-bbf2-48e7-a7ff-116fe7946e8b
RR-3447,Paid,2000.00,Labor Flawless Roofing Pay,,,4800.00,0.00,Yes,Upsell / Change Order,Roofing,Residential,480.00,2480.00,https://my.acculynx.com/jobs/44fe259f-97c0-4e71-95cc-4ef5e9908db3
RR-3447,Additional,480.00,Flawless Roofing Commission,,T,4800.00,0.00,No,Upsell / Change Order,Roofing,Residential,480.00,2480.00,https://my.acculynx.com/jobs/44fe259f-97c0-4e71-95cc-4ef5e9908db3
RR-3469,Paid,-20.24,Material AMEX Home Depot Returns,,(1) 4 in. Elbow,0.00,0.00,Yes,Service,Call Back,Residential,0.00,6.81,https://my.acculynx.com/jobs/a237c303-e5d4-4b10-8274-949432ff4a7e
RR-3469,Paid,27.05,Material AMEX Home Depot,H1272-300552,,0.00,0.00,Yes,Service,Call Back,Residential,0.00,6.81,https://my.acculynx.com/jobs/a237c303-e5d4-4b10-8274-949432ff4a7e
RR-3379,Paid,2880.34,Material ACCOUNT National,0048624516-002,Split from main file ,11000.00,0.00,Yes,Upsell / Change Order,Roofing,Residential,1100.00,5370.34,https://my.acculynx.com/jobs/cbc4b261-69e4-4e1e-b429-73a365c390f1
RR-3379,Paid,1390.00,Labor CASH Flawless Roofing Pay,,,11000.00,0.00,Yes,Upsell / Change Order,Roofing,Residential,1100.00,5370.34,https://my.acculynx.com/jobs/cbc4b261-69e4-4e1e-b429-73a365c390f1
RR-3379,Additional,1100.00,Flawless CASH Roofing Commission,,T,11000.00,0.00,No,Upsell / Change Order,Roofing,Residential,1100.00,5370.34,https://my.acculynx.com/jobs/cbc4b261-69e4-4e1e-b429-73a365c390f1
RR-3425,Paid,725.00,Labor Flawless Roofing Pay,,,3900.00,0.00,Yes,New,Roof Repairs,Residential,512.39,1850.46,https://my.acculynx.com/jobs/f13d9f3b-7639-49a1-80d8-15a4c5bbd16e
RR-3425,Additional,512.39,Joseph Elshazly Commission,,T,3900.00,0.00,No,New,Roof Repairs,Residential,512.39,1850.46,https://my.acculynx.com/jobs/f13d9f3b-7639-49a1-80d8-15a4c5bbd16e
RR-3425,Paid,613.07,Material ACCOUNT National,0049156028-001,,3900.00,0.00,Yes,New,Roof Repairs,Residential,512.39,1850.46,https://my.acculynx.com/jobs/f13d9f3b-7639-49a1-80d8-15a4c5bbd16e
RR-3427,Additional,450.00,Flawless Roofing Commission,,T,4500.00,0.00,No,Upsell / Change Order,Roofing,Residential,450.00,1755.35,https://my.acculynx.com/jobs/35838c8b-498a-4d2f-8acb-c31cdab63f6c
RR-3427,Paid,591.60,Material ACCOUNT National,49096430,Split from main file,4500.00,0.00,Yes,Upsell / Change Order,Roofing,Residential,450.00,1755.35,https://my.acculynx.com/jobs/35838c8b-498a-4d2f-8acb-c31cdab63f6c
RR-3427,Paid,663.75,Dealer CC Fee                                                                                                                                                                                                                                             ,,Dealer Fee,4500.00,0.00,Yes,Upsell / Change Order,Roofing,Residential,450.00,1755.35,https://my.acculynx.com/jobs/35838c8b-498a-4d2f-8acb-c31cdab63f6c
RR-3427,Paid,50.00,Labor Flawless Roofing Pay,,,4500.00,0.00,Yes,Upsell / Change Order,Roofing,Residential,450.00,1755.35,https://my.acculynx.com/jobs/35838c8b-498a-4d2f-8acb-c31cdab63f6c
RR-3390,Paid,815.63,Material AMEX American Chimney,44880,,3000.00,0.00,Yes,Upsell / Change Order,Roofing,Residential,300.00,1215.63,https://my.acculynx.com/jobs/6f1c62fd-240c-4ad9-8933-fa7f52b5c7fc
RR-3390,Paid,100.00,Labor Flawless Roofing Pay,,,3000.00,0.00,Yes,Upsell / Change Order,Roofing,Residential,300.00,1215.63,https://my.acculynx.com/jobs/6f1c62fd-240c-4ad9-8933-fa7f52b5c7fc
RR-3390,Additional,300.00,Flawless Roofing Commission,,T,3000.00,0.00,No,Upsell / Change Order,Roofing,Residential,300.00,1215.63,https://my.acculynx.com/jobs/6f1c62fd-240c-4ad9-8933-fa7f52b5c7fc
RR-3414,Paid,395.31,Material ACCOUNT Material Murphy's Metals Inc,106018,,4000.00,0.00,Yes,Upsell / Change Order,Roofing,Residential,400.00,1585.31,https://my.acculynx.com/jobs/cceddaa5-a596-44d1-b081-d6a25dbc64f3
RR-3414,Paid,590.00,Dealer CC Fee,,Dealer Fee,4000.00,0.00,Yes,Upsell / Change Order,Roofing,Residential,400.00,1585.31,https://my.acculynx.com/jobs/cceddaa5-a596-44d1-b081-d6a25dbc64f3
RR-3414,Additional,400.00,Flawless Roofing Commission,,T,4000.00,0.00,No,Upsell / Change Order,Roofing,Residential,400.00,1585.31,https://my.acculynx.com/jobs/cceddaa5-a596-44d1-b081-d6a25dbc64f3
RR-3414,Paid,200.00,Labor Flawless Roofing Pay,,,4000.00,0.00,Yes,Upsell / Change Order,Roofing,Residential,400.00,1585.31,https://my.acculynx.com/jobs/cceddaa5-a596-44d1-b081-d6a25dbc64f3
RR-3395,Paid,2000.00,Labor All About Gutters,,,9000.00,0.00,Yes,Upsell / Change Order,Gutters & Soffits,Residential,900.00,4599.52,https://my.acculynx.com/jobs/b1092414-4662-4cd6-84e6-193fb051864e
RR-3395,Paid,1165.00,Labor Flawless Roofing Pay,,,9000.00,0.00,Yes,Upsell / Change Order,Gutters & Soffits,Residential,900.00,4599.52,https://my.acculynx.com/jobs/b1092414-4662-4cd6-84e6-193fb051864e
RR-3395,Paid,534.52,Material ACCOUNT National,0048883556-001,Split from main job,9000.00,0.00,Yes,Upsell / Change Order,Gutters & Soffits,Residential,900.00,4599.52,https://my.acculynx.com/jobs/b1092414-4662-4cd6-84e6-193fb051864e
RR-3395,Additional,900.00,Flawless Roofing Commission,,T,9000.00,0.00,No,Upsell / Change Order,Gutters & Soffits,Residential,900.00,4599.52,https://my.acculynx.com/jobs/b1092414-4662-4cd6-84e6-193fb051864e
RR-3431,Paid,154.07,Material AMEX Home Depot,H1206-517694,,18500.00,0.00,Yes,Upsell / Change Order,Roofing,Residential,1850.00,9343.77,https://my.acculynx.com/jobs/88e32afe-7eef-449c-bc93-c6a496e97887
RR-3431,Paid,78.11,Material AMEX Home Depot,H1206-517698,,18500.00,0.00,Yes,Upsell / Change Order,Roofing,Residential,1850.00,9343.77,https://my.acculynx.com/jobs/88e32afe-7eef-449c-bc93-c6a496e97887
RR-3431,Paid,2261.59,Material ACCOUNT National,0049164234-001,,18500.00,0.00,Yes,Upsell / Change Order,Roofing,Residential,1850.00,9343.77,https://my.acculynx.com/jobs/88e32afe-7eef-449c-bc93-c6a496e97887
RR-3431,Paid,5000.00,Labor Flawless Roofing Pay,,,18500.00,0.00,Yes,Upsell / Change Order,Roofing,Residential,1850.00,9343.77,https://my.acculynx.com/jobs/88e32afe-7eef-449c-bc93-c6a496e97887
RR-3431,Additional,1850.00,Flawless Roofing Commission,,T,18500.00,0.00,No,Upsell / Change Order,Roofing,Residential,1850.00,9343.77,https://my.acculynx.com/jobs/88e32afe-7eef-449c-bc93-c6a496e97887
RR-3389,Paid,1150.00,Labor All About Gutters,,,3600.00,0.00,Yes,Upsell / Change Order,Gutters & Soffits,Residential,360.00,1781.88,https://my.acculynx.com/jobs/43036252-ded5-4cd5-a40a-296e45499900
RR-3389,Paid,271.88,Material ACCOUNT National Shop,,(2) BX Gutter Guards,3600.00,0.00,Yes,Upsell / Change Order,Gutters & Soffits,Residential,360.00,1781.88,https://my.acculynx.com/jobs/43036252-ded5-4cd5-a40a-296e45499900
RR-3389,Additional,360.00,V&D Commission,,T,3600.00,0.00,No,Upsell / Change Order,Gutters & Soffits,Residential,360.00,1781.88,https://my.acculynx.com/jobs/43036252-ded5-4cd5-a40a-296e45499900
RR-3440,Paid,1.00,test,,,0.00,0.00,No,New,Call Back,Residential,0.00,43.77,https://my.acculynx.com/jobs/676d7414-860f-48da-9497-f1de1749d143
RR-3440,Paid,42.77,Material ACCOUNT National,0049384347-001,,0.00,0.00,No,New,Call Back,Residential,0.00,43.77,https://my.acculynx.com/jobs/676d7414-860f-48da-9497-f1de1749d143
RR-3405,Paid,287.71,Material ACCOUNT Beacon,UN26823,,11500.00,0.00,Yes,Upsell / Change Order,Roofing,Residential,1150.00,8121.93,https://my.acculynx.com/jobs/2364a008-6453-4cc3-a8b7-08e92abab18e
RR-3405,Paid,639.31,Dealer CC Fee,,,11500.00,0.00,Yes,Upsell / Change Order,Roofing,Residential,1150.00,8121.93,https://my.acculynx.com/jobs/2364a008-6453-4cc3-a8b7-08e92abab18e
RR-3405,Paid,690.00,Dealer CC Fee,,Dealer Fee,11500.00,0.00,Yes,Upsell / Change Order,Roofing,Residential,1150.00,8121.93,https://my.acculynx.com/jobs/2364a008-6453-4cc3-a8b7-08e92abab18e
RR-3405,Paid,350.00,Labor All About Gutters,,,11500.00,0.00,Yes,Upsell / Change Order,Roofing,Residential,1150.00,8121.93,https://my.acculynx.com/jobs/2364a008-6453-4cc3-a8b7-08e92abab18e
RR-3405,Paid,389.91,Material AMEX Home Depot,H8466-291166,Split from main roof file ,11500.00,0.00,Yes,Upsell / Change Order,Roofing,Residential,1150.00,8121.93,https://my.acculynx.com/jobs/2364a008-6453-4cc3-a8b7-08e92abab18e
RR-3405,Paid,4615.00,Labor Flawless Roofing Pay,,,11500.00,0.00,Yes,Upsell / Change Order,Roofing,Residential,1150.00,8121.93,https://my.acculynx.com/jobs/2364a008-6453-4cc3-a8b7-08e92abab18e
RR-3405,Additional,1150.00,Flawless Roofing Commission,,T,11500.00,0.00,No,Upsell / Change Order,Roofing,Residential,1150.00,8121.93,https://my.acculynx.com/jobs/2364a008-6453-4cc3-a8b7-08e92abab18e
RR-3466,Paid,704.70,Material ACCOUNT National,0049385959-002,,1200.00,0.00,Yes,Upsell / Change Order,Roofing,Residential,120.00,874.70,https://my.acculynx.com/jobs/5c7c17f6-ce1e-498f-94c3-5252b8e75ecb
RR-3466,Paid,50.00,Labor V&D Family Home Remodeling Corp Pay,,,1200.00,0.00,Yes,Upsell / Change Order,Roofing,Residential,120.00,874.70,https://my.acculynx.com/jobs/5c7c17f6-ce1e-498f-94c3-5252b8e75ecb
RR-3466,Additional,120.00,V&D Commission,,T,1200.00,0.00,No,Upsell / Change Order,Roofing,Residential,120.00,874.70,https://my.acculynx.com/jobs/5c7c17f6-ce1e-498f-94c3-5252b8e75ecb
RR-3481,Paid,200.00,Labor Flawless Roofing Pay,,,0.00,0.00,Yes,New,Call Back,Residential,0.00,200.00,https://my.acculynx.com/jobs/85a65f83-795e-4d84-b3db-e9db607fe51b
RR-3473,Paid,1120.13,Material AMEX American Chimney,45004,,4500.00,0.00,Yes,Upsell / Change Order,Roofing,Residential,450.00,1720.13,https://my.acculynx.com/jobs/5167bca4-35fd-4e87-91b3-a214387dbc07
RR-3473,Paid,150.00,Labor Flawless Roofing Pay,,,4500.00,0.00,Yes,Upsell / Change Order,Roofing,Residential,450.00,1720.13,https://my.acculynx.com/jobs/5167bca4-35fd-4e87-91b3-a214387dbc07
RR-3473,Additional,450.00,Flawless Roofing Commission,,Comm (T) ,4500.00,0.00,No,Upsell / Change Order,Roofing,Residential,450.00,1720.13,https://my.acculynx.com/jobs/5167bca4-35fd-4e87-91b3-a214387dbc07
RR-3416,Paid,206.25,Labor V&D Family Home Remodeling Corp Pay,,,0.00,0.00,Yes,Repair,Call Back,Residential,0.00,299.77,https://my.acculynx.com/jobs/13bd6bb9-f9fb-4f0e-b514-0fe40b7c1157
RR-3416,Paid,93.52,Material ACCOUNT ABC,2009787832,Split from 3417,0.00,0.00,Yes,Repair,Call Back,Residential,0.00,299.77,https://my.acculynx.com/jobs/13bd6bb9-f9fb-4f0e-b514-0fe40b7c1157
RR-3416,Paid,-45.32,Material ACCOUNT National Returns,,never picked up,0.00,0.00,Yes,Repair,Call Back,Residential,0.00,299.77,https://my.acculynx.com/jobs/13bd6bb9-f9fb-4f0e-b514-0fe40b7c1157
RR-3416,Paid,45.32,Material ACCOUNT National,49105610,,0.00,0.00,Yes,Repair,Call Back,Residential,0.00,299.77,https://my.acculynx.com/jobs/13bd6bb9-f9fb-4f0e-b514-0fe40b7c1157
RR-3028,Paid,675.00,Labor CASH V&D Family Home Remodeling Corp Pay,,,3000.00,0.00,Yes,Repair,Roofing,Residential,202.59,2189.62,https://my.acculynx.com/jobs/31294103-ceb7-4a4c-bfc9-4e54b5030a06
RR-3028,Paid,-175.58,Material ACCOUNT National Returns,,(2) BD OC Driftwood Shingles(1) IWS,3000.00,0.00,Yes,Repair,Roofing,Residential,202.59,2189.62,https://my.acculynx.com/jobs/31294103-ceb7-4a4c-bfc9-4e54b5030a06
RR-3028,Paid,17.51,Material ACCOUNT National Shop,,(2) Silicones,3000.00,0.00,Yes,Repair,Roofing,Residential,202.59,2189.62,https://my.acculynx.com/jobs/31294103-ceb7-4a4c-bfc9-4e54b5030a06
RR-3028,Additional,202.59,Michael Dietrich Commission,,T,3000.00,0.00,No,Repair,Roofing,Residential,202.59,2189.62,https://my.acculynx.com/jobs/31294103-ceb7-4a4c-bfc9-4e54b5030a06
RR-3028,Paid,-184.86,Material ACCOUNT National Returns,0045794804-001,(3) BD OC Estate Gray Shingles(2) 1/2 Plywood,3000.00,0.00,Yes,Repair,Roofing,Residential,202.59,2189.62,https://my.acculynx.com/jobs/31294103-ceb7-4a4c-bfc9-4e54b5030a06
RR-3028,Paid,318.08,Material ACCOUNT National, 0045757748-001 ,,3000.00,0.00,Yes,Repair,Roofing,Residential,202.59,2189.62,https://my.acculynx.com/jobs/31294103-ceb7-4a4c-bfc9-4e54b5030a06
RR-3028,Paid,1136.88,Material ACCOUNT National, 45713043,(2) Vented Skylights,3000.00,0.00,Yes,Repair,Roofing,Residential,202.59,2189.62,https://my.acculynx.com/jobs/31294103-ceb7-4a4c-bfc9-4e54b5030a06
RR-3028,Paid,200.00,Material CASH Ryan,,Ryan reimbursement for home depot and lowes ,3000.00,0.00,Yes,Repair,Roofing,Residential,202.59,2189.62,https://my.acculynx.com/jobs/31294103-ceb7-4a4c-bfc9-4e54b5030a06
RR-3271,Paid,450.00,Labor All About Gutters,,,0.00,0.00,Yes,Repair,Call Back,Residential,0.00,450.00,https://my.acculynx.com/jobs/459a21fb-9dfa-4b2e-be46-4c2ba44f62a6
RR-3071,Paid,1350.00,Labor CASH V&D Family Home Remodeling Corp Pay,,11/19/2025,15177.33,0.00,Yes,New,Gutters & Soffits,Residential,0.00,10277.41,https://my.acculynx.com/jobs/2c56bba6-2e69-48a6-b072-5a0a688dcc4d
RR-3071,Paid,300.00,Ryan Romero Pay ,,,15177.33,0.00,Yes,New,Gutters & Soffits,Residential,0.00,10277.41,https://my.acculynx.com/jobs/2c56bba6-2e69-48a6-b072-5a0a688dcc4d
RR-3071,Paid,69.06,Material ACCOUNT National,0046665131-001,,15177.33,0.00,Yes,New,Gutters & Soffits,Residential,0.00,10277.41,https://my.acculynx.com/jobs/2c56bba6-2e69-48a6-b072-5a0a688dcc4d
RR-3071,Paid,4800.00,Labor All About Gutters,,,15177.33,0.00,Yes,New,Gutters & Soffits,Residential,0.00,10277.41,https://my.acculynx.com/jobs/2c56bba6-2e69-48a6-b072-5a0a688dcc4d
RR-3071,Paid,69.06,Material ACCOUNT National,0046657483-001,,15177.33,0.00,Yes,New,Gutters & Soffits,Residential,0.00,10277.41,https://my.acculynx.com/jobs/2c56bba6-2e69-48a6-b072-5a0a688dcc4d
RR-3071,Paid,1745.47,Material ACCOUNT National,0046545874-001,,15177.33,0.00,Yes,New,Gutters & Soffits,Residential,0.00,10277.41,https://my.acculynx.com/jobs/2c56bba6-2e69-48a6-b072-5a0a688dcc4d
RR-3071,Paid,17.45,Material ACCOUNT National,0046618922-001,,15177.33,0.00,Yes,New,Gutters & Soffits,Residential,0.00,10277.41,https://my.acculynx.com/jobs/2c56bba6-2e69-48a6-b072-5a0a688dcc4d
RR-3071,Paid,402.28,Material ACCOUNT National,0046614266-001,,15177.33,0.00,Yes,New,Gutters & Soffits,Residential,0.00,10277.41,https://my.acculynx.com/jobs/2c56bba6-2e69-48a6-b072-5a0a688dcc4d
RR-3071,Paid,-975.91,Material ACCOUNT National Returns,0046620812-001,,15177.33,0.00,Yes,New,Gutters & Soffits,Residential,0.00,10277.41,https://my.acculynx.com/jobs/2c56bba6-2e69-48a6-b072-5a0a688dcc4d
RR-3071,Paid,2500.00,Labor CASH Brentwood Roofing And Contracting Inc,,,15177.33,0.00,Yes,New,Gutters & Soffits,Residential,0.00,10277.41,https://my.acculynx.com/jobs/2c56bba6-2e69-48a6-b072-5a0a688dcc4d
RR-2981,Paid,1550.00,JQ Home Improvement ,,,6457.75,0.00,Yes,New,Walkthrough,Residential,224.91,4433.57,https://my.acculynx.com/jobs/25aea399-242b-4112-ae72-38fbc3fd0cc5
RR-2981,Paid,2658.66,Material ACCOUNT National ,0045402455-001,,6457.75,0.00,Yes,New,Walkthrough,Residential,224.91,4433.57,https://my.acculynx.com/jobs/25aea399-242b-4112-ae72-38fbc3fd0cc5
RR-2981,Additional,224.91,Francesco Ambrosio Commission,,(T),6457.75,0.00,No,New,Walkthrough,Residential,224.91,4433.57,https://my.acculynx.com/jobs/25aea399-242b-4112-ae72-38fbc3fd0cc5
RR-3459,Paid,673.53,Material ACCOUNT National,0049441648-001,,500.00,0.00,Yes,New,Call Back,Residential,0.00,1121.34,https://my.acculynx.com/jobs/418efc04-8994-414b-89ca-9af70de4f5bb
RR-3459,Paid,250.00,Labor V&D Family Home Remodeling Corp Pay,,,500.00,0.00,Yes,New,Call Back,Residential,0.00,1121.34,https://my.acculynx.com/jobs/418efc04-8994-414b-89ca-9af70de4f5bb
RR-3459,Paid,197.81,Material AMEX Home Depot,WH35919717,,500.00,0.00,No,New,Call Back,Residential,0.00,1121.34,https://my.acculynx.com/jobs/418efc04-8994-414b-89ca-9af70de4f5bb
RR-3483,Paid,1000.00,Labor Flawless Roofing Pay,,,0.00,0.00,Yes,New,Call Back,Residential,0.00,1022.89,https://my.acculynx.com/jobs/5cef7c9a-7633-4423-9fe8-37ad77390077
RR-3483,Paid,22.89,Material AMEX Home Depot,H1206-530471,,0.00,0.00,Yes,New,Call Back,Residential,0.00,1022.89,https://my.acculynx.com/jobs/5cef7c9a-7633-4423-9fe8-37ad77390077
RR-3512,Paid,123.25,Material ACCOUNT National,49928841,,0.00,0.00,Yes,New,"Call Back, Roofing",Residential,0.00,573.25,https://my.acculynx.com/jobs/e6d3a440-babf-4492-8480-0959630c7871
RR-3512,Paid,450.00,Labor Flawless Roofing Pay,,,0.00,0.00,Yes,New,"Call Back, Roofing",Residential,0.00,573.25,https://my.acculynx.com/jobs/e6d3a440-babf-4492-8480-0959630c7871
RR-3373,Additional,420.00,V&D Commission,,T,4200.00,0.00,No,Upsell / Change Order,Roofing,Residential,420.00,2309.43,https://my.acculynx.com/jobs/e57564e2-4e64-4a9e-a97d-c73191b108e3
RR-3373,Paid,-1025.36,Material ACCOUNT National Returns,,,4200.00,0.00,Yes,Upsell / Change Order,Roofing,Residential,420.00,2309.43,https://my.acculynx.com/jobs/e57564e2-4e64-4a9e-a97d-c73191b108e3
RR-3373,Paid,100.00,Labor V&D Family Home Remodeling Corp Pay,,,4200.00,0.00,Yes,Upsell / Change Order,Roofing,Residential,420.00,2309.43,https://my.acculynx.com/jobs/e57564e2-4e64-4a9e-a97d-c73191b108e3
RR-3373,Paid,2814.79,Material ACCOUNT National,0048396805-002,split from the main job,4200.00,0.00,Yes,Upsell / Change Order,Roofing,Residential,420.00,2309.43,https://my.acculynx.com/jobs/e57564e2-4e64-4a9e-a97d-c73191b108e3
RR-3169,Paid,337.50,Labor CASH V&D Family Home Remodeling Corp Pay,,,0.00,0.00,Yes,New,Call Back,Residential,0.00,337.50,https://my.acculynx.com/jobs/30bb2361-e611-47a8-b2a7-a67bab351a2a
RR-3514,Paid,1050.00,Labor All About Gutters,,,9500.00,0.00,Yes,Upsell / Change Order,Roofing,Residential,950.00,3753.00,https://my.acculynx.com/jobs/56127818-3ccb-4b45-a3c0-1160e4915a1b
RR-3514,Additional,950.00,Flawless Roofing Commission,,T,9500.00,0.00,No,Upsell / Change Order,Roofing,Residential,950.00,3753.00,https://my.acculynx.com/jobs/56127818-3ccb-4b45-a3c0-1160e4915a1b
RR-3514,Paid,100.00,Labor Flawless Roofing Pay,,,9500.00,0.00,Yes,Upsell / Change Order,Roofing,Residential,950.00,3753.00,https://my.acculynx.com/jobs/56127818-3ccb-4b45-a3c0-1160e4915a1b
RR-3514,Paid,1653.00,Material AMEX American Chimney,45068,,9500.00,0.00,Yes,Upsell / Change Order,Roofing,Residential,950.00,3753.00,https://my.acculynx.com/jobs/56127818-3ccb-4b45-a3c0-1160e4915a1b
RR-3502,Paid,62.44,Material ACCOUNT National,,0049961276-001,0.00,0.00,Yes,New,Call Back,Residential,0.00,62.44,https://my.acculynx.com/jobs/ced22b2d-74a2-48d6-9bfa-a54f84d45f9c
RR-3505,Paid,500.00,Labor V&D Family Home Remodeling Corp Pay,,,0.00,0.00,Yes,New,Call Back,Residential,0.00,749.76,https://my.acculynx.com/jobs/f78c18d6-18e7-4e6c-87d6-88509d4fdb99
RR-3505,Paid,-43.86,Material ACCOUNT National Returns,,(1) BD Duration Shingle,0.00,0.00,Yes,New,Call Back,Residential,0.00,749.76,https://my.acculynx.com/jobs/f78c18d6-18e7-4e6c-87d6-88509d4fdb99
RR-3505,Paid,293.62,Material ACCOUNT National,0049896736-001,,0.00,0.00,Yes,New,Call Back,Residential,0.00,749.76,https://my.acculynx.com/jobs/f78c18d6-18e7-4e6c-87d6-88509d4fdb99
RR-3519,Paid,475.00,Labor CASH Carlos,,interior design,0.00,0.00,Yes,New,Call Back,Residential,0.00,475.00,https://my.acculynx.com/jobs/71a6751d-c384-4dbf-bfab-de0dfd02292a
RR-3439,Paid,500.00,Labor V&D Family Home Remodeling Corp Pay,,,0.00,0.00,Yes,New,Call Back,Residential,0.00,500.00,https://my.acculynx.com/jobs/aad0286b-aad9-4771-a7fb-92e9b48e26f9
RR-2856,Paid,9550.00,Labor JMAB Construction Pay,,,115806.69,0.00,Yes,New,Signature Roofing,Commercial,5401.27,88140.45,https://my.acculynx.com/jobs/a0d667f8-c8c7-4817-9fc8-02fc5cb3ff5d
RR-2856,Paid,9500.00,Labor JMAB Construction Pay,,,115806.69,0.00,Yes,New,Signature Roofing,Commercial,5401.27,88140.45,https://my.acculynx.com/jobs/a0d667f8-c8c7-4817-9fc8-02fc5cb3ff5d
RR-2856,Paid,260.64,Labor AMEX Call A Head,,,115806.69,0.00,Yes,New,Signature Roofing,Commercial,5401.27,88140.45,https://my.acculynx.com/jobs/a0d667f8-c8c7-4817-9fc8-02fc5cb3ff5d
RR-2856,Paid,433.92,Material ACCOUNT New Castle,,,115806.69,0.00,Yes,New,Signature Roofing,Commercial,5401.27,88140.45,https://my.acculynx.com/jobs/a0d667f8-c8c7-4817-9fc8-02fc5cb3ff5d
RR-2856,Paid,1304.14,Material ACCOUNT National,0045820053-001,,115806.69,0.00,Yes,New,Signature Roofing,Commercial,5401.27,88140.45,https://my.acculynx.com/jobs/a0d667f8-c8c7-4817-9fc8-02fc5cb3ff5d
RR-2856,Paid,147.63,Material ACCOUNT New Castle,,,115806.69,0.00,Yes,New,Signature Roofing,Commercial,5401.27,88140.45,https://my.acculynx.com/jobs/a0d667f8-c8c7-4817-9fc8-02fc5cb3ff5d
RR-2856,Paid,70.90,Material ACCOUNT New Castle,02HV0002048580-001,,115806.69,0.00,Yes,New,Signature Roofing,Commercial,5401.27,88140.45,https://my.acculynx.com/jobs/a0d667f8-c8c7-4817-9fc8-02fc5cb3ff5d
RR-2856,Paid,597.44,Labor Land Resource Dump,,Container 1,115806.69,0.00,Yes,New,Signature Roofing,Commercial,5401.27,88140.45,https://my.acculynx.com/jobs/a0d667f8-c8c7-4817-9fc8-02fc5cb3ff5d
RR-2856,Paid,325.54,Material ACCOUNT New Castle,02HV0002046921-002,,115806.69,0.00,Yes,New,Signature Roofing,Commercial,5401.27,88140.45,https://my.acculynx.com/jobs/a0d667f8-c8c7-4817-9fc8-02fc5cb3ff5d
RR-2856,Paid,244.40,Material ACCOUNT New Castle,02HV0002047196-001,,115806.69,0.00,Yes,New,Signature Roofing,Commercial,5401.27,88140.45,https://my.acculynx.com/jobs/a0d667f8-c8c7-4817-9fc8-02fc5cb3ff5d
RR-2856,Paid,625.69,Material ACCOUNT New Castle,05HV0002581244-001,,115806.69,0.00,Yes,New,Signature Roofing,Commercial,5401.27,88140.45,https://my.acculynx.com/jobs/a0d667f8-c8c7-4817-9fc8-02fc5cb3ff5d
RR-2856,Paid,19700.00,Labor JMAB Construction Pay,,,115806.69,0.00,Yes,New,Signature Roofing,Commercial,5401.27,88140.45,https://my.acculynx.com/jobs/a0d667f8-c8c7-4817-9fc8-02fc5cb3ff5d
RR-2856,Paid,814.69,Labor Land Resource Dump,,Container 2,115806.69,0.00,Yes,New,Signature Roofing,Commercial,5401.27,88140.45,https://my.acculynx.com/jobs/a0d667f8-c8c7-4817-9fc8-02fc5cb3ff5d
RR-2856,Paid,72.56,Material AMEX Home Depot,H1222-378221,,115806.69,0.00,Yes,New,Signature Roofing,Commercial,5401.27,88140.45,https://my.acculynx.com/jobs/a0d667f8-c8c7-4817-9fc8-02fc5cb3ff5d
RR-2856,Paid,3150.00,Labor All About Gutters,,,115806.69,0.00,Yes,New,Signature Roofing,Commercial,5401.27,88140.45,https://my.acculynx.com/jobs/a0d667f8-c8c7-4817-9fc8-02fc5cb3ff5d
RR-2856,Paid,82.52,Material AMEX Home Depot,,,115806.69,0.00,Yes,New,Signature Roofing,Commercial,5401.27,88140.45,https://my.acculynx.com/jobs/a0d667f8-c8c7-4817-9fc8-02fc5cb3ff5d
RR-2856,Paid,172.72,Material ACCOUNT New Castle,02HV0002046921-001,,115806.69,0.00,Yes,New,Signature Roofing,Commercial,5401.27,88140.45,https://my.acculynx.com/jobs/a0d667f8-c8c7-4817-9fc8-02fc5cb3ff5d
RR-2856,Paid,35272.05,Material ACCOUNT New Castle,02HV0002042910-001,,115806.69,0.00,Yes,New,Signature Roofing,Commercial,5401.27,88140.45,https://my.acculynx.com/jobs/a0d667f8-c8c7-4817-9fc8-02fc5cb3ff5d
RR-2856,Paid,414.34,Material AMEX Home Depot,,,115806.69,0.00,Yes,New,Signature Roofing,Commercial,5401.27,88140.45,https://my.acculynx.com/jobs/a0d667f8-c8c7-4817-9fc8-02fc5cb3ff5d
RR-2856,Additional,5401.27,Jacob Giannelli Commission,,t,115806.69,0.00,No,New,Signature Roofing,Commercial,5401.27,88140.45,https://my.acculynx.com/jobs/a0d667f8-c8c7-4817-9fc8-02fc5cb3ff5d
RR-3386,Paid,450.00,Labor V&D Family Home Remodeling Corp Pay,,,0.00,0.00,Yes,New,Call Back,Residential,0.00,652.91,https://my.acculynx.com/jobs/e473c2f2-c1f3-423b-882b-c43d270f38cc
RR-3386,Paid,202.91,Material ACCOUNT National Shop,,(1) Copper Sheet,0.00,0.00,Yes,New,Call Back,Residential,0.00,652.91,https://my.acculynx.com/jobs/e473c2f2-c1f3-423b-882b-c43d270f38cc
RR-3173,Paid,44.23,Material ACCOUNT National ,0047029794-001,,0.00,0.00,Yes,New,Call Back,Residential,0.00,44.23,https://my.acculynx.com/jobs/4adadfe4-3fa0-4e35-ba62-b6e3c1090777
RR-3496,Paid,800.00,Labor CASH V&D Family Home Remodeling Corp Pay,,,0.00,0.00,Yes,New,Call Back,Residential,0.00,1138.57,https://my.acculynx.com/jobs/4c873cf1-9979-4bdc-957e-10b4cfacd974
RR-3496,Paid,338.57,Material ACCOUNT National,0050136266-001,Florence Purchased,0.00,0.00,Yes,New,Call Back,Residential,0.00,1138.57,https://my.acculynx.com/jobs/4c873cf1-9979-4bdc-957e-10b4cfacd974
RR-3487,Paid,39.80,Material ACCOUNT National,0049861246-002,,0.00,0.00,Yes,Repair,Call Back,Commercial,0.00,279.06,https://my.acculynx.com/jobs/a57a174c-bb58-45a9-845f-d44913880485
RR-3487,Paid,239.26,Material ACCOUNT National,,0049861246-001,0.00,0.00,Yes,Repair,Call Back,Commercial,0.00,279.06,https://my.acculynx.com/jobs/a57a174c-bb58-45a9-845f-d44913880485
RR-3549,Paid,150.00,Labor Flawless Roofing Dump ,,,7000.00,0.00,Yes,Upsell / Change Order,Roofing,Residential,700.00,4296.78,https://my.acculynx.com/jobs/d9bd2183-0d5d-480c-a1e3-ba42e62bd516
RR-3549,Paid,1250.00,Labor Flawless Roofing Pay,,,7000.00,0.00,Yes,Upsell / Change Order,Roofing,Residential,700.00,4296.78,https://my.acculynx.com/jobs/d9bd2183-0d5d-480c-a1e3-ba42e62bd516
RR-3549,Additional,700.00,Flawless Roofing Commission,,T,7000.00,0.00,No,Upsell / Change Order,Roofing,Residential,700.00,4296.78,https://my.acculynx.com/jobs/d9bd2183-0d5d-480c-a1e3-ba42e62bd516
RR-3549,Paid,2196.78,Material ACCOUNT National,0050157966-002,Split from upsell file,7000.00,0.00,Yes,Upsell / Change Order,Roofing,Residential,700.00,4296.78,https://my.acculynx.com/jobs/d9bd2183-0d5d-480c-a1e3-ba42e62bd516
RR-3538,Paid,489.17,Dealer CC Fee,,Dealer Fee,9700.00,0.00,Yes,Upsell / Change Order,Roofing,Residential,970.00,5120.67,https://my.acculynx.com/jobs/8351313d-b4e3-4045-8ab5-88b898be593d
RR-3538,Paid,815.63,Material AMEX American Chimney,45099,,9700.00,0.00,Yes,Upsell / Change Order,Roofing,Residential,970.00,5120.67,https://my.acculynx.com/jobs/8351313d-b4e3-4045-8ab5-88b898be593d
RR-3538,Additional,970.00,Flawless Roofing Commission,,T,9700.00,0.00,No,Upsell / Change Order,Roofing,Residential,970.00,5120.67,https://my.acculynx.com/jobs/8351313d-b4e3-4045-8ab5-88b898be593d
RR-3538,Paid,1625.87,Material ACCOUNT National,0050141677-001,,9700.00,0.00,Yes,Upsell / Change Order,Roofing,Residential,970.00,5120.67,https://my.acculynx.com/jobs/8351313d-b4e3-4045-8ab5-88b898be593d
RR-3538,Paid,120.00,Labor Flawless Roofing Dump ,,,9700.00,0.00,Yes,Upsell / Change Order,Roofing,Residential,970.00,5120.67,https://my.acculynx.com/jobs/8351313d-b4e3-4045-8ab5-88b898be593d
RR-3538,Paid,1100.00,Labor Flawless Roofing Pay,,,9700.00,0.00,Yes,Upsell / Change Order,Roofing,Residential,970.00,5120.67,https://my.acculynx.com/jobs/8351313d-b4e3-4045-8ab5-88b898be593d
RR-3084,Paid,100.00,AMEX Roofr Report,,,20136.95,0.00,Yes,New,Roofing,Residential,1973.06,12244.69,https://my.acculynx.com/jobs/b10b1705-eda2-43ad-bc9b-0227ab87f5a4
RR-3084,Paid,-1538.76,Material ACCOUNT National Returns,,(11) Duration Shingles (bundle)(1) Copper Sheet(10) 1/2" Plywood(1) copper stepflashing bd(4) duration oc shingles,20136.95,0.00,Yes,New,Roofing,Residential,1973.06,12244.69,https://my.acculynx.com/jobs/b10b1705-eda2-43ad-bc9b-0227ab87f5a4
RR-3084,Paid,150.00,AMEX Marketing Advertisement,,,20136.95,0.00,Yes,New,Roofing,Residential,1973.06,12244.69,https://my.acculynx.com/jobs/b10b1705-eda2-43ad-bc9b-0227ab87f5a4
RR-3084,Paid,437.82,Material ACCOUNT National,0046176910-001,,20136.95,0.00,Yes,New,Roofing,Residential,1973.06,12244.69,https://my.acculynx.com/jobs/b10b1705-eda2-43ad-bc9b-0227ab87f5a4
RR-3084,Paid,-850.42,Material ACCOUNT National Returns,,,20136.95,0.00,Yes,New,Roofing,Residential,1973.06,12244.69,https://my.acculynx.com/jobs/b10b1705-eda2-43ad-bc9b-0227ab87f5a4
RR-3084,Paid,630.00,Labor CASH V&D Family Home Remodeling Corp Dump,,,20136.95,0.00,Yes,New,Roofing,Residential,1973.06,12244.69,https://my.acculynx.com/jobs/b10b1705-eda2-43ad-bc9b-0227ab87f5a4
RR-3084,Paid,3680.00,Labor CASH V&D Family Home Remodeling Corp Pay,,,20136.95,0.00,Yes,New,Roofing,Residential,1973.06,12244.69,https://my.acculynx.com/jobs/b10b1705-eda2-43ad-bc9b-0227ab87f5a4
RR-3084,Paid,68.48,Material AMEX Home Depot,H1202-356942,,20136.95,0.00,Yes,New,Roofing,Residential,1973.06,12244.69,https://my.acculynx.com/jobs/b10b1705-eda2-43ad-bc9b-0227ab87f5a4
RR-3084,Paid,7340.03,Material ACCOUNT National,0046117103-001,,20136.95,0.00,Yes,New,Roofing,Residential,1973.06,12244.69,https://my.acculynx.com/jobs/b10b1705-eda2-43ad-bc9b-0227ab87f5a4
RR-3084,Paid,254.48,Platinum Warranty,,,20136.95,0.00,Yes,New,Roofing,Residential,1973.06,12244.69,https://my.acculynx.com/jobs/b10b1705-eda2-43ad-bc9b-0227ab87f5a4
RR-3084,Additional,50.00,Michael Dietrich Commission Adjustment,,,20136.95,0.00,No,New,Roofing,Residential,1973.06,12244.69,https://my.acculynx.com/jobs/b10b1705-eda2-43ad-bc9b-0227ab87f5a4
RR-3084,Additional,1923.06,Michael Dietrich Commission,,T,20136.95,0.00,No,New,Roofing,Residential,1973.06,12244.69,https://my.acculynx.com/jobs/b10b1705-eda2-43ad-bc9b-0227ab87f5a4
RR-3286,Additional,340.00,Flawless CASH Roofing Commission,,T,3400.00,0.00,No,Upsell / Change Order,Roofing,Residential,340.00,1282.15,https://my.acculynx.com/jobs/21430eb5-b5ee-4a36-9cc7-3ce27acdb657
RR-3286,Paid,772.15,Material ACCOUNT National,48026414,Removed the fan and added to the main job ,3400.00,0.00,Yes,Upsell / Change Order,Roofing,Residential,340.00,1282.15,https://my.acculynx.com/jobs/21430eb5-b5ee-4a36-9cc7-3ce27acdb657
RR-3286,Paid,170.00,Dealer CC Fee,,Dealer Fee,3400.00,0.00,Yes,Upsell / Change Order,Roofing,Residential,340.00,1282.15,https://my.acculynx.com/jobs/21430eb5-b5ee-4a36-9cc7-3ce27acdb657
RR-3344,Paid,850.00,Labor All About Gutters,,,0.00,0.00,Yes,New,Call Back,Residential,0.00,850.00,https://my.acculynx.com/jobs/99c331c4-159f-4b5c-b475-9a9d68200269
RR-3339,Paid,250.00,Labor Flawless Roofing Pay,,,0.00,0.00,Yes,New,Call Back,Residential,0.00,335.36,https://my.acculynx.com/jobs/a28468fd-69a8-4bad-967a-d0055fb6ab48
RR-3339,Paid,85.36,Material ACCOUNT National,0048358904-001,,0.00,0.00,Yes,New,Call Back,Residential,0.00,335.36,https://my.acculynx.com/jobs/a28468fd-69a8-4bad-967a-d0055fb6ab48
RR-3550,Paid,3750.00,Labor All About Gutters,,,0.00,0.00,Yes,New,Call Back,Residential,0.00,3750.00,https://my.acculynx.com/jobs/e4de8016-c4b4-4833-af96-38add2d83b23
RR-3570,Paid,1005.46,Material ACCOUNT National,0050390039-001,Split from main file,7100.00,0.00,Yes,Upsell / Change Order,Roofing,Residential,710.00,3970.86,https://my.acculynx.com/jobs/a29191af-5800-4e82-871b-492435560ce4
RR-3570,Paid,550.00,Labor Flawless Roofing Pay,,,7100.00,0.00,Yes,Upsell / Change Order,Roofing,Residential,710.00,3970.86,https://my.acculynx.com/jobs/a29191af-5800-4e82-871b-492435560ce4
RR-3570,Paid,889.40,Dealer CC Fee,,Dealer Fee,7100.00,0.00,Yes,Upsell / Change Order,Roofing,Residential,710.00,3970.86,https://my.acculynx.com/jobs/a29191af-5800-4e82-871b-492435560ce4
RR-3570,Paid,750.00,Labor All About Gutters,,,7100.00,0.00,Yes,Upsell / Change Order,Roofing,Residential,710.00,3970.86,https://my.acculynx.com/jobs/a29191af-5800-4e82-871b-492435560ce4
RR-3570,Paid,66.00,Labor Flawless Roofing Dump ,,,7100.00,0.00,Yes,Upsell / Change Order,Roofing,Residential,710.00,3970.86,https://my.acculynx.com/jobs/a29191af-5800-4e82-871b-492435560ce4
RR-3570,Additional,710.00,Flawless Roofing Commission,,T,7100.00,0.00,No,Upsell / Change Order,Roofing,Residential,710.00,3970.86,https://my.acculynx.com/jobs/a29191af-5800-4e82-871b-492435560ce4
RR-3554,Paid,428.48,Material ACCOUNT National SHOP ,,2 sheets of copper ,0.00,0.00,Yes,New,Call Back,Residential,0.00,1142.72,https://my.acculynx.com/jobs/39eb9240-6f37-40ab-acb9-a3c4cbb90d34
RR-3554,Paid,214.24,Material ACCOUNT National,0050308824-001,,0.00,0.00,Yes,New,Call Back,Residential,0.00,1142.72,https://my.acculynx.com/jobs/39eb9240-6f37-40ab-acb9-a3c4cbb90d34
RR-3554,Paid,500.00,Labor V&D Family Home Remodeling Corp Pay,,,0.00,0.00,Yes,New,Call Back,Residential,0.00,1142.72,https://my.acculynx.com/jobs/39eb9240-6f37-40ab-acb9-a3c4cbb90d34
RR-3318,Paid,3000.00,Labor Brentwood Roofing And Contracting Inc,,,12681.75,0.00,Yes,Repair,Roofing,Residential,1564.21,6424.93,https://my.acculynx.com/jobs/4048cda7-cd8a-4edf-ab78-20438c29bbd9
RR-3318,Additional,1564.21,Michael Dietrich Commission,,T,12681.75,0.00,No,Repair,Roofing,Residential,1564.21,6424.93,https://my.acculynx.com/jobs/4048cda7-cd8a-4edf-ab78-20438c29bbd9
RR-3318,Paid,1860.72,Material ACCOUNT National,48258415,,12681.75,0.00,Yes,Repair,Roofing,Residential,1564.21,6424.93,https://my.acculynx.com/jobs/4048cda7-cd8a-4edf-ab78-20438c29bbd9
RR-3606,Paid,-42.77,Material ACCOUNT National Returns,,,0.00,0.00,Yes,New,Call Back,Residential,0.00,0.00,https://my.acculynx.com/jobs/e115ae22-5d62-4efb-b333-3ea3ab2eb3e3
RR-3606,Paid,42.77,Material ACCOUNT National,,,0.00,0.00,Yes,New,Call Back,Residential,0.00,0.00,https://my.acculynx.com/jobs/e115ae22-5d62-4efb-b333-3ea3ab2eb3e3
RR-3560,Paid,180.32,Material ACCOUNT National,0050413425-001,,3490.45,0.00,Yes,Repair,Roofing,Residential,0.00,3160.73,https://my.acculynx.com/jobs/0e63c17d-7e72-4c2b-9555-686c96b9ede6
RR-3560,Paid,305.41,Sales Tax,,,3490.45,0.00,Yes,Repair,Roofing,Residential,0.00,3160.73,https://my.acculynx.com/jobs/0e63c17d-7e72-4c2b-9555-686c96b9ede6
RR-3560,Paid,350.00,Labor All About Gutters,,,3490.45,0.00,Yes,Repair,Roofing,Residential,0.00,3160.73,https://my.acculynx.com/jobs/0e63c17d-7e72-4c2b-9555-686c96b9ede6
RR-3560,Paid,2325.00,Labor V&D Family Home Remodeling Corp Pay,,,3490.45,0.00,Yes,Repair,Roofing,Residential,0.00,3160.73,https://my.acculynx.com/jobs/0e63c17d-7e72-4c2b-9555-686c96b9ede6
RR-3560,Additional,0.00,Michael Dietrich Commission,,0.00 comm,3490.45,0.00,No,Repair,Roofing,Residential,0.00,3160.73,https://my.acculynx.com/jobs/0e63c17d-7e72-4c2b-9555-686c96b9ede6
RR-3172,Paid,8425.91,Material ACCOUNT National,0047048936-001,,26875.00,0.00,Yes,New,Roofing,Residential,732.97,20078.24,https://my.acculynx.com/jobs/4afad2c5-ee57-4146-96ba-3076949e2593
RR-3172,Paid,6035.00,Labor Flawless Roofing Pay,,,26875.00,0.00,Yes,New,Roofing,Residential,732.97,20078.24,https://my.acculynx.com/jobs/4afad2c5-ee57-4146-96ba-3076949e2593
RR-3172,Paid,1053.00,Labor Flawless Roofing Dump,,,26875.00,0.00,Yes,New,Roofing,Residential,732.97,20078.24,https://my.acculynx.com/jobs/4afad2c5-ee57-4146-96ba-3076949e2593
RR-3172,Paid,421.95,Platinum Warranty,,,26875.00,0.00,Yes,New,Roofing,Residential,732.97,20078.24,https://my.acculynx.com/jobs/4afad2c5-ee57-4146-96ba-3076949e2593
RR-3172,Paid,3964.06,Dealer CC Fee,,,26875.00,0.00,Yes,New,Roofing,Residential,732.97,20078.24,https://my.acculynx.com/jobs/4afad2c5-ee57-4146-96ba-3076949e2593
RR-3172,Paid,249.09,Material ACCOUNT National,0047048936-002,,26875.00,0.00,Yes,New,Roofing,Residential,732.97,20078.24,https://my.acculynx.com/jobs/4afad2c5-ee57-4146-96ba-3076949e2593
RR-3172,Additional,772.97,Michael Dietrich Commission,,T,26875.00,0.00,No,New,Roofing,Residential,732.97,20078.24,https://my.acculynx.com/jobs/4afad2c5-ee57-4146-96ba-3076949e2593
RR-3172,Paid,124.20,Material AMEX Home Depot,H1209-244009,,26875.00,0.00,Yes,New,Roofing,Residential,732.97,20078.24,https://my.acculynx.com/jobs/4afad2c5-ee57-4146-96ba-3076949e2593
RR-3172,Paid,41.87,Material ACCOUNT National Shop,,,26875.00,0.00,Yes,New,Roofing,Residential,732.97,20078.24,https://my.acculynx.com/jobs/4afad2c5-ee57-4146-96ba-3076949e2593
RR-3172,Paid,12.40,Material AMEX Home Depot,H1229-260689,,26875.00,0.00,Yes,New,Roofing,Residential,732.97,20078.24,https://my.acculynx.com/jobs/4afad2c5-ee57-4146-96ba-3076949e2593
RR-3172,Paid,-1182.21,Material ACCOUNT National Returns,,,26875.00,0.00,Yes,New,Roofing,Residential,732.97,20078.24,https://my.acculynx.com/jobs/4afad2c5-ee57-4146-96ba-3076949e2593
RR-3172,Paid,200.00,Labor Flawless Roofing Pay,,missed PM Fee,26875.00,0.00,Yes,New,Roofing,Residential,732.97,20078.24,https://my.acculynx.com/jobs/4afad2c5-ee57-4146-96ba-3076949e2593
RR-3172,Additional,-40.00,Michael Dietrich Commissions Adj,,,26875.00,0.00,No,New,Roofing,Residential,732.97,20078.24,https://my.acculynx.com/jobs/4afad2c5-ee57-4146-96ba-3076949e2593
RR-3202,Paid,150.00,Labor Flawless Roofing Pay,,(3) Skylights Replaced Labor,7000.00,0.00,Yes,Upsell / Change Order,Roofing,Residential,700.00,3696.64,https://my.acculynx.com/jobs/d1f6d9d2-b9b6-40cd-953f-7cac9775ce40
RR-3202,Paid,2102.50,Material ACCOUNT National,0047324917-003,(2) Skylights,7000.00,0.00,Yes,Upsell / Change Order,Roofing,Residential,700.00,3696.64,https://my.acculynx.com/jobs/d1f6d9d2-b9b6-40cd-953f-7cac9775ce40
RR-3202,Paid,744.14,Material ACCOUNT National,0047324917-002,(1) Skylights ,7000.00,0.00,Yes,Upsell / Change Order,Roofing,Residential,700.00,3696.64,https://my.acculynx.com/jobs/d1f6d9d2-b9b6-40cd-953f-7cac9775ce40
RR-3202,Additional,700.00,Flawless Roofing Commission,,T,7000.00,0.00,No,Upsell / Change Order,Roofing,Residential,700.00,3696.64,https://my.acculynx.com/jobs/d1f6d9d2-b9b6-40cd-953f-7cac9775ce40
RR-3196,Paid,11091.68,Material ACCOUNT National,0047324917-001,,38589.54,0.00,Yes,New,Roofing,Residential,500.00,22508.34,https://my.acculynx.com/jobs/344d5a39-7b38-47ad-bf48-023de20468fe
RR-3196,Additional,500.00,Francesco Ambrosio Commission,,T,38589.54,0.00,No,New,Roofing,Residential,500.00,22508.34,https://my.acculynx.com/jobs/344d5a39-7b38-47ad-bf48-023de20468fe
RR-3196,Paid,7000.00,Labor Flawless Roofing Pay,,,38589.54,0.00,Yes,New,Roofing,Residential,500.00,22508.34,https://my.acculynx.com/jobs/344d5a39-7b38-47ad-bf48-023de20468fe
RR-3196,Paid,-398.02,Material ACCOUNT National Returns,,(9) BD Shingles,38589.54,0.00,Yes,New,Roofing,Residential,500.00,22508.34,https://my.acculynx.com/jobs/344d5a39-7b38-47ad-bf48-023de20468fe
RR-3196,Paid,521.78,Material ACCOUNT National,0047324917-002,(20) Plywood,38589.54,0.00,Yes,New,Roofing,Residential,500.00,22508.34,https://my.acculynx.com/jobs/344d5a39-7b38-47ad-bf48-023de20468fe
RR-3196,Paid,1470.00,Labor Flawless Roofing Dump,,,38589.54,0.00,Yes,New,Roofing,Residential,500.00,22508.34,https://my.acculynx.com/jobs/344d5a39-7b38-47ad-bf48-023de20468fe
RR-3196,Paid,541.58,Platinum Warranty,OC-2026-WR-2253475,,38589.54,0.00,Yes,New,Roofing,Residential,500.00,22508.34,https://my.acculynx.com/jobs/344d5a39-7b38-47ad-bf48-023de20468fe
RR-3196,Paid,1506.19,Material AMEX American Chimney,44671,,38589.54,0.00,Yes,New,Roofing,Residential,500.00,22508.34,https://my.acculynx.com/jobs/344d5a39-7b38-47ad-bf48-023de20468fe
RR-3196,Paid,117.45,Material ACCOUNT National Shop,,(2) Lifetime Ultimate 3" Pipe Flashing for Shingle Roofs with Kynar Base,38589.54,0.00,Yes,New,Roofing,Residential,500.00,22508.34,https://my.acculynx.com/jobs/344d5a39-7b38-47ad-bf48-023de20468fe
RR-3196,Paid,157.68,Material ACCOUNT National,0047375011-001,,38589.54,0.00,Yes,New,Roofing,Residential,500.00,22508.34,https://my.acculynx.com/jobs/344d5a39-7b38-47ad-bf48-023de20468fe
RR-3319,Paid,42.77,Material ACCOUNT National,0048356373-001,,0.00,0.00,Yes,New,Call Back,Residential,0.00,42.77,https://my.acculynx.com/jobs/007e97a4-a873-4450-9880-97da7248d923
RR-3601,Paid,240.00,Labor V&D Family Home Remodeling Corp Dump,,,10400.00,0.00,Yes,Upsell / Change Order,Roofing,Residential,1040.00,6415.44,https://my.acculynx.com/jobs/e9aae156-a687-4a26-acf3-254663ff4170
RR-3601,Paid,2615.44,Material ACCOUNT National ,0050491375-002,,10400.00,0.00,Yes,Upsell / Change Order,Roofing,Residential,1040.00,6415.44,https://my.acculynx.com/jobs/e9aae156-a687-4a26-acf3-254663ff4170
RR-3601,Paid,520.00,Dealer CC Fee,,Dealer Fee,10400.00,0.00,Yes,Upsell / Change Order,Roofing,Residential,1040.00,6415.44,https://my.acculynx.com/jobs/e9aae156-a687-4a26-acf3-254663ff4170
RR-3601,Paid,2000.00,Labor V&D Family Home Remodeling Corp Pay,,,10400.00,0.00,Yes,Upsell / Change Order,Roofing,Residential,1040.00,6415.44,https://my.acculynx.com/jobs/e9aae156-a687-4a26-acf3-254663ff4170
RR-3601,Additional,1040.00,V&D Commission,,T,10400.00,0.00,No,Upsell / Change Order,Roofing,Residential,1040.00,6415.44,https://my.acculynx.com/jobs/e9aae156-a687-4a26-acf3-254663ff4170
RR-3599,Additional,680.00,Flawless Roofing Commission,,,6800.00,0.00,No,Upsell / Change Order,Roofing,Residential,680.00,4059.50,https://my.acculynx.com/jobs/dd7efb74-1430-4d66-8cc2-17915abf00d3
RR-3599,Paid,3379.50,Labor All About Gutters,,,6800.00,0.00,Yes,Upsell / Change Order,Roofing,Residential,680.00,4059.50,https://my.acculynx.com/jobs/dd7efb74-1430-4d66-8cc2-17915abf00d3
RR-3113,Paid,675.00,Labor CASH V&D Family Home Remodeling Corp Pay,,,0.00,0.00,Yes,Repair,Call Back,Residential,0.00,820.01,https://my.acculynx.com/jobs/10a70441-da47-447c-a90c-d108bea9a654
RR-3113,Paid,190.32,Material ACCOUNT National,0046466722-001,,0.00,0.00,Yes,Repair,Call Back,Residential,0.00,820.01,https://my.acculynx.com/jobs/10a70441-da47-447c-a90c-d108bea9a654
RR-3113,Paid,-45.31,Material ACCOUNT National Returns,,(1) BD GAF Shingles,0.00,0.00,Yes,Repair,Call Back,Residential,0.00,820.01,https://my.acculynx.com/jobs/10a70441-da47-447c-a90c-d108bea9a654
RR-3049,Paid,-568.53,Material ACCOUNT National Returns,,(3) BD Ridge Caps(3) BD OC Shingles(1) 1/2 Plywood(1) RL IWS(2) Ridge Vent,4348.00,0.00,Yes,Repair,Roofing,Residential,644.00,1771.99,https://my.acculynx.com/jobs/8fa72df5-eb21-4de8-83e2-e9281e439baa
RR-3049,Paid,675.00,Labor CASH V&D Family Home Remodeling Corp Pay,,,4348.00,0.00,Yes,Repair,Roofing,Residential,644.00,1771.99,https://my.acculynx.com/jobs/8fa72df5-eb21-4de8-83e2-e9281e439baa
RR-3049,Paid,1021.52,Material ACCOUNT National,45711330,,4348.00,0.00,Yes,Repair,Roofing,Residential,644.00,1771.99,https://my.acculynx.com/jobs/8fa72df5-eb21-4de8-83e2-e9281e439baa
RR-3049,Additional,644.00,Michael Dietrich Commission,,T,4348.00,0.00,No,Repair,Roofing,Residential,644.00,1771.99,https://my.acculynx.com/jobs/8fa72df5-eb21-4de8-83e2-e9281e439baa
RR-3270,Paid,350.00,Labor Loyalty Contracting LLC Pay,,,0.00,0.00,Yes,Repair,Call Back,Residential,0.00,350.00,https://my.acculynx.com/jobs/113133ee-9f53-4b6a-8b54-ac1bb10ee106
RR-3083,Paid,658.50,Labor CASH V&D Family Home Remodeling Corp Dump,,,16200.00,0.00,Yes,New,Roofing,Residential,1467.74,9329.04,https://my.acculynx.com/jobs/1b2df402-167b-456e-8af6-8ac182eccf50
RR-3083,Paid,-339.16,Material ACCOUNT National Returns,,(13) 1/2" Plywood,16200.00,0.00,Yes,New,Roofing,Residential,1467.74,9329.04,https://my.acculynx.com/jobs/1b2df402-167b-456e-8af6-8ac182eccf50
RR-3083,Paid,815.63,Material AMEX American Chimney,,,16200.00,0.00,Yes,New,Roofing,Residential,1467.74,9329.04,https://my.acculynx.com/jobs/1b2df402-167b-456e-8af6-8ac182eccf50
RR-3083,Paid,68.52,Material ACCOUNT National,0046064552-002,,16200.00,0.00,Yes,New,Roofing,Residential,1467.74,9329.04,https://my.acculynx.com/jobs/1b2df402-167b-456e-8af6-8ac182eccf50
RR-3083,Paid,3858.15,Material ACCOUNT National,0046064552-001,,16200.00,0.00,Yes,New,Roofing,Residential,1467.74,9329.04,https://my.acculynx.com/jobs/1b2df402-167b-456e-8af6-8ac182eccf50
RR-3083,Paid,194.66,Platinum Warranty ,,,16200.00,0.00,Yes,New,Roofing,Residential,1467.74,9329.04,https://my.acculynx.com/jobs/1b2df402-167b-456e-8af6-8ac182eccf50
RR-3083,Paid,2605.00,Labor CASH V&D Family Home Remodeling Corp Pay,,,16200.00,0.00,Yes,New,Roofing,Residential,1467.74,9329.04,https://my.acculynx.com/jobs/1b2df402-167b-456e-8af6-8ac182eccf50
RR-3083,Additional,1467.74,Michael Dietrich Commission,,T,16200.00,0.00,No,New,Roofing,Residential,1467.74,9329.04,https://my.acculynx.com/jobs/1b2df402-167b-456e-8af6-8ac182eccf50
RR-3551,Paid,218.45,Material AMEX Grainger ,WEB2798612898 ,,0.00,0.00,Yes,New,Call Back,Residential,0.00,1632.84,https://my.acculynx.com/jobs/4d3e907a-2bcf-42c5-9641-9aaa91a93803
RR-3551,Paid,105.67,Material ACCOUNT National,0050269282-001,,0.00,0.00,Yes,New,Call Back,Residential,0.00,1632.84,https://my.acculynx.com/jobs/4d3e907a-2bcf-42c5-9641-9aaa91a93803
RR-3551,Paid,902.45,Material ACCOUNT National,50266527,,0.00,0.00,Yes,New,Call Back,Residential,0.00,1632.84,https://my.acculynx.com/jobs/4d3e907a-2bcf-42c5-9641-9aaa91a93803
RR-3551,Paid,56.27,Material AMEX Home Depot,H1213-492397,,0.00,0.00,Yes,New,Call Back,Residential,0.00,1632.84,https://my.acculynx.com/jobs/4d3e907a-2bcf-42c5-9641-9aaa91a93803
RR-3551,Paid,350.00,Labor V&D Family Home Remodeling Corp Pay,,,0.00,0.00,Yes,New,Call Back,Residential,0.00,1632.84,https://my.acculynx.com/jobs/4d3e907a-2bcf-42c5-9641-9aaa91a93803
RR-3585,Paid,42.77,Material ACCOUNT National,0050662284-001,,0.00,0.00,Yes,New,Call Back,Residential,0.00,47.10,https://my.acculynx.com/jobs/aa82faf1-4584-42b1-a3ac-3b6362e014d3
RR-3585,Paid,47.10,Material AMEX Home Depot,H1206-540094,,0.00,0.00,Yes,New,Call Back,Residential,0.00,47.10,https://my.acculynx.com/jobs/aa82faf1-4584-42b1-a3ac-3b6362e014d3
RR-3585,Paid,-42.77,Material ACCOUNT National Returns,,(1) Bundle OC Duration Shingle ,0.00,0.00,Yes,New,Call Back,Residential,0.00,47.10,https://my.acculynx.com/jobs/aa82faf1-4584-42b1-a3ac-3b6362e014d3
RR-3603,Paid,450.00,Labor V&D Family Home Remodeling Corp Pay,,,0.00,0.00,Yes,New,Call Back,Residential,0.00,450.00,https://my.acculynx.com/jobs/ffc25563-f065-4871-8253-1803d8ffe1a6
RR-3470,Paid,332.50,Dealer CC Fee,,,6650.00,0.00,Yes,Upsell / Change Order,Roofing,Residential,665.00,3497.50,https://my.acculynx.com/jobs/943d1da4-85c4-432f-8e50-e25f2ac933fa
RR-3470,Additional,665.00,Flawless Roofing Commission,,T,6650.00,0.00,No,Upsell / Change Order,Roofing,Residential,665.00,3497.50,https://my.acculynx.com/jobs/943d1da4-85c4-432f-8e50-e25f2ac933fa
RR-3470,Paid,2500.00,Labor CASH Flawless Roofing Pay,,,6650.00,0.00,Yes,Upsell / Change Order,Roofing,Residential,665.00,3497.50,https://my.acculynx.com/jobs/943d1da4-85c4-432f-8e50-e25f2ac933fa
RR-3552,Paid,500.00,Labor Flawless Roofing Pay,,,0.00,0.00,Yes,New,Call Back,Residential,0.00,500.00,https://my.acculynx.com/jobs/6011c4c1-8608-452c-b718-5a766a8f5bec
RR-3542,Paid,67.96,Material ACCOUNT National,0050168543-002,,4440.00,0.00,Yes,Upsell / Change Order,Roofing,Residential,444.00,3012.28,https://my.acculynx.com/jobs/a5414aa5-1e66-4795-a577-c45905510071
RR-3542,Paid,1061.42,Material ACCOUNT National,0050168543-001,Split with the main file,4440.00,0.00,Yes,Upsell / Change Order,Roofing,Residential,444.00,3012.28,https://my.acculynx.com/jobs/a5414aa5-1e66-4795-a577-c45905510071
RR-3542,Paid,84.00,Labor Flawless Roofing Dump,,,4440.00,0.00,Yes,Upsell / Change Order,Roofing,Residential,444.00,3012.28,https://my.acculynx.com/jobs/a5414aa5-1e66-4795-a577-c45905510071
RR-3542,Paid,654.90,Dealer CC Fee,,,4440.00,0.00,Yes,Upsell / Change Order,Roofing,Residential,444.00,3012.28,https://my.acculynx.com/jobs/a5414aa5-1e66-4795-a577-c45905510071
RR-3542,Additional,444.00,Flawless Roofing Commission,,T,4440.00,0.00,No,Upsell / Change Order,Roofing,Residential,444.00,3012.28,https://my.acculynx.com/jobs/a5414aa5-1e66-4795-a577-c45905510071
RR-3542,Paid,700.00,Labor Flawless Roofing Pay,,,4440.00,0.00,Yes,Upsell / Change Order,Roofing,Residential,444.00,3012.28,https://my.acculynx.com/jobs/a5414aa5-1e66-4795-a577-c45905510071
RR-3449,Paid,1300.00,Labor All About Gutters,,,17000.00,0.00,Yes,New,Roofing,Residential,0.00,13481.88,https://my.acculynx.com/jobs/18084c3f-d4de-4e8c-9e29-6a261c486d42
RR-3449,Paid,629.89,Dealer CC Fee,,CC Fee,17000.00,0.00,Yes,New,Roofing,Residential,0.00,13481.88,https://my.acculynx.com/jobs/18084c3f-d4de-4e8c-9e29-6a261c486d42
RR-3449,Paid,1525.00,Labor V&D Family Home Remodeling Corp Dump,,,17000.00,0.00,Yes,New,Roofing,Residential,0.00,13481.88,https://my.acculynx.com/jobs/18084c3f-d4de-4e8c-9e29-6a261c486d42
RR-3449,Paid,4305.00,Labor V&D Family Home Remodeling Corp Pay,,,17000.00,0.00,Yes,New,Roofing,Residential,0.00,13481.88,https://my.acculynx.com/jobs/18084c3f-d4de-4e8c-9e29-6a261c486d42
RR-3449,Additional,0.00,Joseph Young Commission,,Comm (T) ,17000.00,0.00,No,New,Roofing,Residential,0.00,13481.88,https://my.acculynx.com/jobs/18084c3f-d4de-4e8c-9e29-6a261c486d42
RR-3449,Paid,5578.36,Material ACCOUNT National,0049490147-001,,17000.00,0.00,Yes,New,Roofing,Residential,0.00,13481.88,https://my.acculynx.com/jobs/18084c3f-d4de-4e8c-9e29-6a261c486d42
RR-3449,Paid,-194.66,Material ACCOUNT National Shop Returns,,(1) Ice & Water (1) Pro Armor  Kept on the truck,17000.00,0.00,Yes,New,Roofing,Residential,0.00,13481.88,https://my.acculynx.com/jobs/18084c3f-d4de-4e8c-9e29-6a261c486d42
RR-3449,Paid,230.55,Platinum Warranty,OC-2026-WR-2324187,,17000.00,0.00,Yes,New,Roofing,Residential,0.00,13481.88,https://my.acculynx.com/jobs/18084c3f-d4de-4e8c-9e29-6a261c486d42
RR-3449,Paid,142.33,Material AMEX Home Depot,H1285-253866,,17000.00,0.00,No,New,Roofing,Residential,0.00,13481.88,https://my.acculynx.com/jobs/18084c3f-d4de-4e8c-9e29-6a261c486d42
RR-3449,Paid,-34.59,Dealer CC Fee,,,17000.00,0.00,No,New,Roofing,Residential,0.00,13481.88,https://my.acculynx.com/jobs/18084c3f-d4de-4e8c-9e29-6a261c486d42
RR-3081,Paid,150.00,Labor Flawless Roofing Pay,,3 Replaced Skylights,4000.00,0.00,Yes,Upsell / Change Order,Roofing,Residential,400.00,2560.78,https://my.acculynx.com/jobs/2e3b5584-914d-465e-bb07-1fe6747e42a8
RR-3081,Paid,30.32,Dealer CC Fee,,2300 collected from his card ending 1199 (split with RR-3070) ,4000.00,0.00,Yes,Upsell / Change Order,Roofing,Residential,400.00,2560.78,https://my.acculynx.com/jobs/2e3b5584-914d-465e-bb07-1fe6747e42a8
RR-3081,Paid,1980.46,Material ACCOUNT National,0045965806-002,3 skylights ,4000.00,0.00,Yes,Upsell / Change Order,Roofing,Residential,400.00,2560.78,https://my.acculynx.com/jobs/2e3b5584-914d-465e-bb07-1fe6747e42a8
RR-3081,Additional,400.00,Flawless Roofing Commission,,T,4000.00,0.00,No,Upsell / Change Order,Roofing,Residential,400.00,2560.78,https://my.acculynx.com/jobs/2e3b5584-914d-465e-bb07-1fe6747e42a8
RR-3070,Paid,3322.50,Labor CASH Flawless Roofing Pay,,,24416.30,0.00,Yes,New,Roofing,Residential,2150.79,14813.15,https://my.acculynx.com/jobs/1e63f2e1-d30b-4347-8569-c0d85dd99029
RR-3070,Paid,1880.00,Labor All About Gutters,,,24416.30,0.00,Yes,New,Roofing,Residential,2150.79,14813.15,https://my.acculynx.com/jobs/1e63f2e1-d30b-4347-8569-c0d85dd99029
RR-3070,Paid,663.00,Labor CASH Flawless Roofing Dump,,,24416.30,0.00,Yes,New,Roofing,Residential,2150.79,14813.15,https://my.acculynx.com/jobs/1e63f2e1-d30b-4347-8569-c0d85dd99029
RR-3070,Paid,141.25,Dealer CC Fee,,2700 collected from his card ending 0003,24416.30,0.00,Yes,New,Roofing,Residential,2150.79,14813.15,https://my.acculynx.com/jobs/1e63f2e1-d30b-4347-8569-c0d85dd99029
RR-3070,Paid,1000.00,Dealer CC Fee,,Dealer Fee ,24416.30,0.00,Yes,New,Roofing,Residential,2150.79,14813.15,https://my.acculynx.com/jobs/1e63f2e1-d30b-4347-8569-c0d85dd99029
RR-3070,Paid,-191.40,Material ACCOUNT National Returns,,(3) bundles shingles(1) 3 inch lifetime pipe flange,24416.30,0.00,Yes,New,Roofing,Residential,2150.79,14813.15,https://my.acculynx.com/jobs/1e63f2e1-d30b-4347-8569-c0d85dd99029
RR-3070,Paid,89.15,Dealer CC Fee,,2300 collected from his card ending 1199 (split with upsell) ,24416.30,0.00,Yes,New,Roofing,Residential,2150.79,14813.15,https://my.acculynx.com/jobs/1e63f2e1-d30b-4347-8569-c0d85dd99029
RR-3070,Paid,230.55,Platinum Warranty,,,24416.30,0.00,Yes,New,Roofing,Residential,2150.79,14813.15,https://my.acculynx.com/jobs/1e63f2e1-d30b-4347-8569-c0d85dd99029
RR-3070,Paid,279.82,Material ACCOUNT National Shop,,(1) 2 inch lifetime pipe flange(2) roll iced & water(3) 1/2  plywood,24416.30,0.00,Yes,New,Roofing,Residential,2150.79,14813.15,https://my.acculynx.com/jobs/1e63f2e1-d30b-4347-8569-c0d85dd99029
RR-3070,Additional,2159.63,Michael Dietrich Commission,,T,24416.30,0.00,No,New,Roofing,Residential,2150.79,14813.15,https://my.acculynx.com/jobs/1e63f2e1-d30b-4347-8569-c0d85dd99029
RR-3070,Paid,374.92,Material AMEX Home Depot,H1202-355880,,24416.30,0.00,Yes,New,Roofing,Residential,2150.79,14813.15,https://my.acculynx.com/jobs/1e63f2e1-d30b-4347-8569-c0d85dd99029
RR-3070,Paid,4828.34,Material ACCOUNT National, 0045965806-001,,24416.30,0.00,Yes,New,Roofing,Residential,2150.79,14813.15,https://my.acculynx.com/jobs/1e63f2e1-d30b-4347-8569-c0d85dd99029
RR-3070,Paid,44.23,Material ACCOUNT National,0046074982-001,,24416.30,0.00,No,New,Roofing,Residential,2150.79,14813.15,https://my.acculynx.com/jobs/1e63f2e1-d30b-4347-8569-c0d85dd99029
RR-3070,Additional,-8.84,Michael Dietrich Commission Adjustment,,,24416.30,0.00,No,New,Roofing,Residential,2150.79,14813.15,https://my.acculynx.com/jobs/1e63f2e1-d30b-4347-8569-c0d85dd99029
RR-3602,Paid,120.00,Labor Flawless Roofing Pay,,,1500.00,0.00,Yes,Upsell / Change Order,Roofing,Residential,150.00,954.88,https://my.acculynx.com/jobs/9f94a540-4e62-4870-8bf8-a19c1cd35e28
RR-3602,Additional,150.00,Flawless Roofing Commission,,T,1500.00,0.00,No,Upsell / Change Order,Roofing,Residential,150.00,954.88,https://my.acculynx.com/jobs/9f94a540-4e62-4870-8bf8-a19c1cd35e28
RR-3602,Paid,270.00,Dealer CC Fee,,Dealer Fee,1500.00,0.00,Yes,Upsell / Change Order,Roofing,Residential,150.00,954.88,https://my.acculynx.com/jobs/9f94a540-4e62-4870-8bf8-a19c1cd35e28
RR-3602,Paid,414.88,Material ACCOUNT Material Murphy's Metals Inc,108477,,1500.00,0.00,Yes,Upsell / Change Order,Roofing,Residential,150.00,954.88,https://my.acculynx.com/jobs/9f94a540-4e62-4870-8bf8-a19c1cd35e28
RR-2988,Paid,23000.00,Labor CASH V&D Family Home Remodeling Corp Pay,,,191486.61,30.00,Yes,New,Signature Roofing,Residential,10528.35,149343.23,https://my.acculynx.com/jobs/f0258132-1118-4fb7-bf79-304179606697
RR-2988,Paid,20000.00,Labor CASH V&D Family Home Remodeling Corp Pay,,18000 in CCS,191486.61,30.00,Yes,New,Signature Roofing,Residential,10528.35,149343.23,https://my.acculynx.com/jobs/f0258132-1118-4fb7-bf79-304179606697
RR-2988,Paid,7126.00,Labor All About Gutters,,,191486.61,30.00,Yes,New,Signature Roofing,Residential,10528.35,149343.23,https://my.acculynx.com/jobs/f0258132-1118-4fb7-bf79-304179606697
RR-2988,Paid,84.28,Material ACCOUNT National,48208321,,191486.61,30.00,Yes,New,Signature Roofing,Residential,10528.35,149343.23,https://my.acculynx.com/jobs/f0258132-1118-4fb7-bf79-304179606697
RR-2988,Paid,-9187.39,Material ACCOUNT National Returns,0048395007-001,(44) 1/2" x 6" x 18' PVC Reversible Bead Board (96) BRAVA CEDAR SHAKE FIELD TILE ARENDALE(3)  BRAVA CEDAR SHAKE STANDARD H&R,191486.61,30.00,Yes,New,Signature Roofing,Residential,10528.35,149343.23,https://my.acculynx.com/jobs/f0258132-1118-4fb7-bf79-304179606697
RR-2988,Paid,168.89,Material ACCOUNT National,0048397527-001,,191486.61,30.00,Yes,New,Signature Roofing,Residential,10528.35,149343.23,https://my.acculynx.com/jobs/f0258132-1118-4fb7-bf79-304179606697
RR-2988,Paid,1004.38,Material ACCOUNT National,0048158779-001,,191486.61,30.00,Yes,New,Signature Roofing,Residential,10528.35,149343.23,https://my.acculynx.com/jobs/f0258132-1118-4fb7-bf79-304179606697
RR-2988,Paid,108.76,Material ACCOUNT National,0048282904-001,,191486.61,30.00,Yes,New,Signature Roofing,Residential,10528.35,149343.23,https://my.acculynx.com/jobs/f0258132-1118-4fb7-bf79-304179606697
RR-2988,Paid,953.30,Material ACCOUNT National,0048280582-001,,191486.61,30.00,Yes,New,Signature Roofing,Residential,10528.35,149343.23,https://my.acculynx.com/jobs/f0258132-1118-4fb7-bf79-304179606697
RR-2988,Paid,-922.29,Material ACCOUNT National Returns,0048299923-001,(10) RL Ridge Vent (1) 1" x 12" x 18' PVC,191486.61,30.00,Yes,New,Signature Roofing,Residential,10528.35,149343.23,https://my.acculynx.com/jobs/f0258132-1118-4fb7-bf79-304179606697
RR-2988,Paid,141.06,Material ACCOUNT National,0048279671-001,,191486.61,30.00,Yes,New,Signature Roofing,Residential,10528.35,149343.23,https://my.acculynx.com/jobs/f0258132-1118-4fb7-bf79-304179606697
RR-2988,Paid,165.87,Other Job Expenses AMEX Call A Head,,,191486.61,30.00,Yes,New,Signature Roofing,Residential,10528.35,149343.23,https://my.acculynx.com/jobs/f0258132-1118-4fb7-bf79-304179606697
RR-2988,Paid,265.02,Material AMEX Home Depot,H1222-397144,,191486.61,30.00,Yes,New,Signature Roofing,Residential,10528.35,149343.23,https://my.acculynx.com/jobs/f0258132-1118-4fb7-bf79-304179606697
RR-2988,Paid,31.98,Material AMEX Home Depot,H1211-291512,,191486.61,30.00,Yes,New,Signature Roofing,Residential,10528.35,149343.23,https://my.acculynx.com/jobs/f0258132-1118-4fb7-bf79-304179606697
RR-2988,Paid,122.93,Material ACCOUNT National,0048208267-001,,191486.61,30.00,Yes,New,Signature Roofing,Residential,10528.35,149343.23,https://my.acculynx.com/jobs/f0258132-1118-4fb7-bf79-304179606697
RR-2988,Paid,1033.57,Material ACCOUNT National,0048156403-001,,191486.61,30.00,Yes,New,Signature Roofing,Residential,10528.35,149343.23,https://my.acculynx.com/jobs/f0258132-1118-4fb7-bf79-304179606697
RR-2988,Paid,16.30,Material AMEX Riverhead Building Supply,,,191486.61,30.00,Yes,New,Signature Roofing,Residential,10528.35,149343.23,https://my.acculynx.com/jobs/f0258132-1118-4fb7-bf79-304179606697
RR-2988,Paid,657.72,Material ACCOUNT National,0047685588-002,,191486.61,30.00,Yes,New,Signature Roofing,Residential,10528.35,149343.23,https://my.acculynx.com/jobs/f0258132-1118-4fb7-bf79-304179606697
RR-2988,Paid,5602.80,Material ACCOUNT National,0047685588-001,,191486.61,30.00,Yes,New,Signature Roofing,Residential,10528.35,149343.23,https://my.acculynx.com/jobs/f0258132-1118-4fb7-bf79-304179606697
RR-2988,Paid,163.14,Material ACCOUNT National,0048137157-001,,191486.61,30.00,Yes,New,Signature Roofing,Residential,10528.35,149343.23,https://my.acculynx.com/jobs/f0258132-1118-4fb7-bf79-304179606697
RR-2988,Paid,69909.28,Material ACCOUNT National,0047479116-001,,191486.61,30.00,Yes,New,Signature Roofing,Residential,10528.35,149343.23,https://my.acculynx.com/jobs/f0258132-1118-4fb7-bf79-304179606697
RR-2988,Paid,167.48,Material ACCOUNT National,0048094540-001,,191486.61,30.00,Yes,New,Signature Roofing,Residential,10528.35,149343.23,https://my.acculynx.com/jobs/f0258132-1118-4fb7-bf79-304179606697
RR-2988,Paid,2151.35,Material ACCOUNT National,0047479116-003,,191486.61,30.00,Yes,New,Signature Roofing,Residential,10528.35,149343.23,https://my.acculynx.com/jobs/f0258132-1118-4fb7-bf79-304179606697
RR-2988,Paid,13297.69,Material ACCOUNT National,0047479116-002,,191486.61,30.00,Yes,New,Signature Roofing,Residential,10528.35,149343.23,https://my.acculynx.com/jobs/f0258132-1118-4fb7-bf79-304179606697
RR-2988,Paid,418.68,Material ACCOUNT National,0048097723-001,,191486.61,30.00,Yes,New,Signature Roofing,Residential,10528.35,149343.23,https://my.acculynx.com/jobs/f0258132-1118-4fb7-bf79-304179606697
RR-2988,Paid,2334.08,Other Job Expenses Land Resource Dump,10273,,191486.61,30.00,No,New,Signature Roofing,Residential,10528.35,149343.23,https://my.acculynx.com/jobs/f0258132-1118-4fb7-bf79-304179606697
RR-2988,Additional,10528.35,Jacob Giannelli Commission,,T,191486.61,30.00,No,New,Signature Roofing,Residential,10528.35,149343.23,https://my.acculynx.com/jobs/f0258132-1118-4fb7-bf79-304179606697
RR-3612,Paid,325.00,Dealer CC Fee,,,6500.00,0.00,Yes,Upsell / Change Order,Roofing,Residential,650.00,3569.35,https://my.acculynx.com/jobs/842045e5-bad1-4ea5-9d8c-d945eb353247
RR-3612,Additional,650.00,Flawless Roofing Commission,,T,6500.00,0.00,No,Upsell / Change Order,Roofing,Residential,650.00,3569.35,https://my.acculynx.com/jobs/842045e5-bad1-4ea5-9d8c-d945eb353247
RR-3612,Paid,1594.35,Material AMEX Home Depot,H6105-397417,,6500.00,0.00,Yes,Upsell / Change Order,Roofing,Residential,650.00,3569.35,https://my.acculynx.com/jobs/842045e5-bad1-4ea5-9d8c-d945eb353247
RR-3612,Paid,1000.00,Labor Flawless Roofing Pay,,,6500.00,0.00,Yes,Upsell / Change Order,Roofing,Residential,650.00,3569.35,https://my.acculynx.com/jobs/842045e5-bad1-4ea5-9d8c-d945eb353247
RR-3607,Paid,104.75,Material ACCOUNT National,0050662204-001,,0.00,0.00,Yes,New,Call Back,Residential,0.00,0.00,https://my.acculynx.com/jobs/510aa1e0-208d-4675-9feb-03aa2c4271a4
RR-3607,Paid,-61.98,Material ACCOUNT National Returns,0050789502-001,,0.00,0.00,Yes,New,Call Back,Residential,0.00,0.00,https://my.acculynx.com/jobs/510aa1e0-208d-4675-9feb-03aa2c4271a4
RR-3607,Paid,-42.77,Material ACCOUNT National Returns,0050775888-001,,0.00,0.00,Yes,New,Call Back,Residential,0.00,0.00,https://my.acculynx.com/jobs/510aa1e0-208d-4675-9feb-03aa2c4271a4
RR-3546,Paid,138.00,Labor Flawless Roofing Dump ,,,8000.00,0.00,Yes,Upsell / Change Order,Roofing,Residential,800.00,3951.19,https://my.acculynx.com/jobs/01cfb936-3b24-4f22-bd51-004a62e7f100
RR-3546,Paid,1863.19,Material AMEX Home Depot,,,8000.00,0.00,Yes,Upsell / Change Order,Roofing,Residential,800.00,3951.19,https://my.acculynx.com/jobs/01cfb936-3b24-4f22-bd51-004a62e7f100
RR-3546,Additional,800.00,Flawless Roofing Commission,,T,8000.00,0.00,No,Upsell / Change Order,Roofing,Residential,800.00,3951.19,https://my.acculynx.com/jobs/01cfb936-3b24-4f22-bd51-004a62e7f100
RR-3546,Paid,1150.00,Labor Flawless Roofing Pay,,,8000.00,0.00,Yes,Upsell / Change Order,Roofing,Residential,800.00,3951.19,https://my.acculynx.com/jobs/01cfb936-3b24-4f22-bd51-004a62e7f100
RR-3525,Paid,9.24,Material ACCOUNT National Shop,,(1) Silicone ,0.00,0.00,Yes,New,Call Back,Residential,0.00,9.24,https://my.acculynx.com/jobs/359aa95b-abab-4211-9897-cf7ebc035f3a
RR-3167,Paid,290.36,Platinum Warranty,,,48804.25,0.00,Yes,New,Roofing,Residential,5148.22,28211.37,https://my.acculynx.com/jobs/5a18e538-9161-4526-ae62-aec7fc956ca5
RR-3167,Paid,150.00,AMEX Marketing Advertisement,,,48804.25,0.00,Yes,New,Roofing,Residential,5148.22,28211.37,https://my.acculynx.com/jobs/5a18e538-9161-4526-ae62-aec7fc956ca5
RR-3167,Paid,8517.99,Material ACCOUNT National,,,48804.25,0.00,Yes,New,Roofing,Residential,5148.22,28211.37,https://my.acculynx.com/jobs/5a18e538-9161-4526-ae62-aec7fc956ca5
RR-3167,Paid,-260.90,Material ACCOUNT National,,,48804.25,0.00,Yes,New,Roofing,Residential,5148.22,28211.37,https://my.acculynx.com/jobs/5a18e538-9161-4526-ae62-aec7fc956ca5
RR-3167,Paid,100.00,AMEX Roofr Report,,,48804.25,0.00,Yes,New,Roofing,Residential,5148.22,28211.37,https://my.acculynx.com/jobs/5a18e538-9161-4526-ae62-aec7fc956ca5
RR-3167,Paid,181.61,Material ACCOUNT National Shop,,,48804.25,0.00,Yes,New,Roofing,Residential,5148.22,28211.37,https://my.acculynx.com/jobs/5a18e538-9161-4526-ae62-aec7fc956ca5
RR-3167,Paid,-1054.41,Material ACCOUNT National Shop Returns,,,48804.25,0.00,Yes,New,Roofing,Residential,5148.22,28211.37,https://my.acculynx.com/jobs/5a18e538-9161-4526-ae62-aec7fc956ca5
RR-3167,Paid,250.12,Material ACCOUNT National,,,48804.25,0.00,Yes,New,Roofing,Residential,5148.22,28211.37,https://my.acculynx.com/jobs/5a18e538-9161-4526-ae62-aec7fc956ca5
RR-3167,Paid,3584.88,Dealer CC Fee,,,48804.25,0.00,Yes,New,Roofing,Residential,5148.22,28211.37,https://my.acculynx.com/jobs/5a18e538-9161-4526-ae62-aec7fc956ca5
RR-3167,Paid,1026.00,Labor Flawless Roofing Dump ,,,48804.25,0.00,Yes,New,Roofing,Residential,5148.22,28211.37,https://my.acculynx.com/jobs/5a18e538-9161-4526-ae62-aec7fc956ca5
RR-3167,Paid,7097.50,Labor Flawless Roofing Pay,,,48804.25,0.00,Yes,New,Roofing,Residential,5148.22,28211.37,https://my.acculynx.com/jobs/5a18e538-9161-4526-ae62-aec7fc956ca5
RR-3167,Paid,3180.00,Labor All About Gutters,,brought their own gutter guards,48804.25,0.00,Yes,New,Roofing,Residential,5148.22,28211.37,https://my.acculynx.com/jobs/5a18e538-9161-4526-ae62-aec7fc956ca5
RR-3167,Additional,5148.22,Christopher Byrnes Commission,,T,48804.25,0.00,No,New,Roofing,Residential,5148.22,28211.37,https://my.acculynx.com/jobs/5a18e538-9161-4526-ae62-aec7fc956ca5
RR-3625,Paid,348.64,Material ACCOUNT National,50691886,,7500.00,0.00,Yes,Upsell / Change Order,Roofing,Residential,750.00,3429.54,https://my.acculynx.com/jobs/99654931-4767-4081-928e-4f75a47fe93c
RR-3625,Paid,1248.00,Labor V&D Family Home Remodeling Corp Pay,,,7500.00,0.00,Yes,Upsell / Change Order,Roofing,Residential,750.00,3429.54,https://my.acculynx.com/jobs/99654931-4767-4081-928e-4f75a47fe93c
RR-3625,Paid,765.00,Labor All About Gutters,,,7500.00,0.00,Yes,Upsell / Change Order,Roofing,Residential,750.00,3429.54,https://my.acculynx.com/jobs/99654931-4767-4081-928e-4f75a47fe93c
RR-3625,Additional,750.00,V&D Commission,,T,7500.00,0.00,No,Upsell / Change Order,Roofing,Residential,750.00,3429.54,https://my.acculynx.com/jobs/99654931-4767-4081-928e-4f75a47fe93c
RR-3625,Paid,317.90,Material ACCOUNT National Shop,,(21) 1x6x10,7500.00,0.00,Yes,Upsell / Change Order,Roofing,Residential,750.00,3429.54,https://my.acculynx.com/jobs/99654931-4767-4081-928e-4f75a47fe93c
RR-3515,Paid,153.39,Material AMEX Home Depot,H1282-218012,,475.00,0.00,Yes,Repair,Roofing,Residential,0.00,153.39,https://my.acculynx.com/jobs/f89b193c-ab0b-4841-b2e7-bbe5fff6c905
RR-3534,Paid,3029.42,Material ACCOUNT National,0050158195-001,,10976.35,0.00,Yes,New,Roofing,Residential,1168.46,6302.38,https://my.acculynx.com/jobs/a86a1c2e-4052-4c98-82a2-56f69b23b5ee
RR-3534,Paid,391.50,Material ACCOUNT National,0050158195-002,,10976.35,0.00,Yes,New,Roofing,Residential,1168.46,6302.38,https://my.acculynx.com/jobs/a86a1c2e-4052-4c98-82a2-56f69b23b5ee
RR-3534,Paid,1800.00,Labor Flawless Roofing Pay,,,10976.35,0.00,Yes,New,Roofing,Residential,1168.46,6302.38,https://my.acculynx.com/jobs/a86a1c2e-4052-4c98-82a2-56f69b23b5ee
RR-3534,Additional,1168.46,Michael Meinardus Commission,,T,10976.35,0.00,No,New,Roofing,Residential,1168.46,6302.38,https://my.acculynx.com/jobs/a86a1c2e-4052-4c98-82a2-56f69b23b5ee
RR-3534,Paid,-87.00,Material ACCOUNT National Returns,,(2) BD Oakridge Shingle,10976.35,0.00,Yes,New,Roofing,Residential,1168.46,6302.38,https://my.acculynx.com/jobs/a86a1c2e-4052-4c98-82a2-56f69b23b5ee
RR-3586,Paid,-166.61,Material ACCOUNT National Returns,,(1) Ridge Vent(1) Ridge Caps,0.00,0.00,Yes,New,Call Back,Residential,0.00,85.56,https://my.acculynx.com/jobs/652a9e7d-782b-47ab-be05-6953e79b85f6
RR-3586,Paid,85.56,Material ACCOUNT National,0050640622-001,,0.00,0.00,Yes,New,Call Back,Residential,0.00,85.56,https://my.acculynx.com/jobs/652a9e7d-782b-47ab-be05-6953e79b85f6
RR-3586,Paid,166.61,Material ACCOUNT National,0050661975-001,,0.00,0.00,Yes,New,Call Back,Residential,0.00,85.56,https://my.acculynx.com/jobs/652a9e7d-782b-47ab-be05-6953e79b85f6
RR-3475,Paid,65.00,Dealer CC Fee,,Dealer Fee,1300.00,0.00,Yes,Upsell / Change Order,Roofing,Residential,130.00,566.88,https://my.acculynx.com/jobs/7d4ad739-76d0-4cfc-b43c-61740694b042
RR-3475,Paid,271.88,Material ACCOUNT National Shop,,(2) BX Gutter Guards,1300.00,0.00,Yes,Upsell / Change Order,Roofing,Residential,130.00,566.88,https://my.acculynx.com/jobs/7d4ad739-76d0-4cfc-b43c-61740694b042
RR-3475,Paid,100.00,Labor V&D Family Home Remodeling Corp Pay,,,1300.00,0.00,Yes,Upsell / Change Order,Roofing,Residential,130.00,566.88,https://my.acculynx.com/jobs/7d4ad739-76d0-4cfc-b43c-61740694b042
RR-3475,Additional,130.00,V&D Commission,,Comm (T) ,1300.00,0.00,No,Upsell / Change Order,Roofing,Residential,130.00,566.88,https://my.acculynx.com/jobs/7d4ad739-76d0-4cfc-b43c-61740694b042
RR-3193,Paid,2841.90,Labor Flawless Roofing Pay,,,13788.00,0.00,Yes,New,Roofing,Residential,1311.70,8541.19,https://my.acculynx.com/jobs/8d8e002d-9078-4609-95b4-f45833f0fdcf
RR-3193,Paid,366.90,Labor Flawless Roofing Dump,,,13788.00,0.00,Yes,New,Roofing,Residential,1311.70,8541.19,https://my.acculynx.com/jobs/8d8e002d-9078-4609-95b4-f45833f0fdcf
RR-3193,Paid,760.00,Labor All About Gutters,,,13788.00,0.00,Yes,New,Roofing,Residential,1311.70,8541.19,https://my.acculynx.com/jobs/8d8e002d-9078-4609-95b4-f45833f0fdcf
RR-3193,Paid,148.08,Material ACCOUNT National Shop,,(1) 1x6(1) BX Gutter Guards,13788.00,0.00,Yes,New,Roofing,Residential,1311.70,8541.19,https://my.acculynx.com/jobs/8d8e002d-9078-4609-95b4-f45833f0fdcf
RR-3193,Paid,1541.65,Material ACCOUNT National,0047848055-002,,13788.00,0.00,Yes,New,Roofing,Residential,1311.70,8541.19,https://my.acculynx.com/jobs/8d8e002d-9078-4609-95b4-f45833f0fdcf
RR-3193,Paid,32.63,Material AMEX Home Depot,H1285-363366,,13788.00,0.00,Yes,New,Roofing,Residential,1311.70,8541.19,https://my.acculynx.com/jobs/8d8e002d-9078-4609-95b4-f45833f0fdcf
RR-3193,Paid,3086.66,Material ACCOUNT National,0047848055-001,,13788.00,0.00,Yes,New,Roofing,Residential,1311.70,8541.19,https://my.acculynx.com/jobs/8d8e002d-9078-4609-95b4-f45833f0fdcf
RR-3193,Additional,1311.66,Michael Dietrich Commission,,T,13788.00,0.00,No,New,Roofing,Residential,1311.70,8541.19,https://my.acculynx.com/jobs/8d8e002d-9078-4609-95b4-f45833f0fdcf
RR-3193,Additional,0.04,Commissions Adjustments,,,13788.00,0.00,No,New,Roofing,Residential,1311.70,8541.19,https://my.acculynx.com/jobs/8d8e002d-9078-4609-95b4-f45833f0fdcf
RR-3193,Paid,213.88,Material ACCOUNT National,0047966752-001,,13788.00,0.00,Yes,New,Roofing,Residential,1311.70,8541.19,https://my.acculynx.com/jobs/8d8e002d-9078-4609-95b4-f45833f0fdcf
RR-3193,Paid,-185.88,Material ACCOUNT National Returns,,(1) BD Duration Shingles(8) OC Center Vented Soffits,13788.00,0.00,Yes,New,Roofing,Residential,1311.70,8541.19,https://my.acculynx.com/jobs/8d8e002d-9078-4609-95b4-f45833f0fdcf
RR-3193,Paid,-26.09,Material ACCOUNT National Shop Returns,,(1) 1/2 Plywood,13788.00,0.00,Yes,New,Roofing,Residential,1311.70,8541.19,https://my.acculynx.com/jobs/8d8e002d-9078-4609-95b4-f45833f0fdcf
RR-3193,Paid,-1550.24,Material ACCOUNT National Returns,,(30) BD GAF Shingles(3) BD GAF Ridge CapsThey were returned on the truck because they were the wrong materials,13788.00,0.00,Yes,New,Roofing,Residential,1311.70,8541.19,https://my.acculynx.com/jobs/8d8e002d-9078-4609-95b4-f45833f0fdcf
RR-3624,Paid,1930.97,Material ACCOUNT National ,50747745,Split from main file ,7100.00,0.00,Yes,Upsell / Change Order,Roofing,Residential,710.00,4185.22,https://my.acculynx.com/jobs/2af9b308-af2d-4f17-9f35-a4cd7098caec
RR-3624,Paid,-159.86,Material ACCOUNT National Returns,50765825,Canceled order. Was never picked up ,7100.00,0.00,Yes,Upsell / Change Order,Roofing,Residential,710.00,4185.22,https://my.acculynx.com/jobs/2af9b308-af2d-4f17-9f35-a4cd7098caec
RR-3624,Paid,-282.75,Material ACCOUNT National Returns,,(2) OC Base Sheet,7100.00,0.00,Yes,Upsell / Change Order,Roofing,Residential,710.00,4185.22,https://my.acculynx.com/jobs/2af9b308-af2d-4f17-9f35-a4cd7098caec
RR-3624,Paid,159.86,Material ACCOUNT National ,50765825,,7100.00,0.00,Yes,Upsell / Change Order,Roofing,Residential,710.00,4185.22,https://my.acculynx.com/jobs/2af9b308-af2d-4f17-9f35-a4cd7098caec
RR-3624,Paid,342.00,Labor Flawless Roofing Dump ,,,7100.00,0.00,Yes,Upsell / Change Order,Roofing,Residential,710.00,4185.22,https://my.acculynx.com/jobs/2af9b308-af2d-4f17-9f35-a4cd7098caec
RR-3624,Additional,710.00,Flawless Roofing Commission,,T,7100.00,0.00,No,Upsell / Change Order,Roofing,Residential,710.00,4185.22,https://my.acculynx.com/jobs/2af9b308-af2d-4f17-9f35-a4cd7098caec
RR-3624,Paid,355.00,Dealer CC Fee,,Dealer Fee,7100.00,0.00,Yes,Upsell / Change Order,Roofing,Residential,710.00,4185.22,https://my.acculynx.com/jobs/2af9b308-af2d-4f17-9f35-a4cd7098caec
RR-3624,Paid,1130.00,Labor Flawless Roofing Pay,,,7100.00,0.00,Yes,Upsell / Change Order,Roofing,Residential,710.00,4185.22,https://my.acculynx.com/jobs/2af9b308-af2d-4f17-9f35-a4cd7098caec
RR-3617,Paid,1175.00,Labor Flawless Roofing Pay,,,6800.00,0.00,Yes,Upsell / Change Order,Roofing,Residential,680.00,3952.81,https://my.acculynx.com/jobs/a9843595-2b0b-49c6-9c6d-6337a5940ba1
RR-3617,Paid,141.00,Labor Flawless Roofing Dump,,,6800.00,0.00,Yes,Upsell / Change Order,Roofing,Residential,680.00,3952.81,https://my.acculynx.com/jobs/a9843595-2b0b-49c6-9c6d-6337a5940ba1
RR-3617,Paid,340.00,Dealer CC Fee,,Dealer Fee,6800.00,0.00,Yes,Upsell / Change Order,Roofing,Residential,680.00,3952.81,https://my.acculynx.com/jobs/a9843595-2b0b-49c6-9c6d-6337a5940ba1
RR-3617,Additional,680.00,Flawless Roofing Commission,,T,6800.00,0.00,No,Upsell / Change Order,Roofing,Residential,680.00,3952.81,https://my.acculynx.com/jobs/a9843595-2b0b-49c6-9c6d-6337a5940ba1
RR-3617,Paid,1616.81,Material ACCOUNT National ,0050672117-001,Split from main file,6800.00,0.00,Yes,Upsell / Change Order,Roofing,Residential,680.00,3952.81,https://my.acculynx.com/jobs/a9843595-2b0b-49c6-9c6d-6337a5940ba1
RR-3168,Paid,250.68,Material ACCOUNT National,47017564,,0.00,0.00,Yes,New,Call Back,Commercial,0.00,258.03,https://my.acculynx.com/jobs/13569599-265b-4ca8-9e31-6b5a0c81588c
RR-3168,Paid,7.35,Material ACCOUNT National ,0047017564-002,,0.00,0.00,Yes,New,Call Back,Commercial,0.00,258.03,https://my.acculynx.com/jobs/13569599-265b-4ca8-9e31-6b5a0c81588c
RR-3577,Paid,517.50,Dealer CC Fee,,Dealer Fee,9000.00,0.00,Yes,Upsell / Change Order,Roofing,Residential,900.00,4701.52,https://my.acculynx.com/jobs/e9627013-10d8-4852-a894-2bd30bc27218
RR-3577,Paid,1948.02,Material AMEX Home Depot,H1208-537809,,9000.00,0.00,Yes,Upsell / Change Order,Roofing,Residential,900.00,4701.52,https://my.acculynx.com/jobs/e9627013-10d8-4852-a894-2bd30bc27218
RR-3577,Paid,1225.00,Labor Flawless Roofing Pay,,,9000.00,0.00,Yes,Upsell / Change Order,Roofing,Residential,900.00,4701.52,https://my.acculynx.com/jobs/e9627013-10d8-4852-a894-2bd30bc27218
RR-3577,Paid,111.00,Labor Flawless Roofing Dump ,,,9000.00,0.00,Yes,Upsell / Change Order,Roofing,Residential,900.00,4701.52,https://my.acculynx.com/jobs/e9627013-10d8-4852-a894-2bd30bc27218
RR-3577,Additional,900.00,Flawless Roofing Commission,,T,9000.00,0.00,No,Upsell / Change Order,Roofing,Residential,900.00,4701.52,https://my.acculynx.com/jobs/e9627013-10d8-4852-a894-2bd30bc27218
RR-3161,Paid,7804.50,Labor V&D Family Home Remodeling Corp Pay,,,47476.22,0.00,Yes,New,Roofing,Residential,1301.14,35765.99,https://my.acculynx.com/jobs/5187a7a7-6edb-4cb4-8d0f-795e36658e7b
RR-3161,Paid,56.22,Material AMEX Home Depot,H1258-354774,,47476.22,0.00,Yes,New,Roofing,Residential,1301.14,35765.99,https://my.acculynx.com/jobs/5187a7a7-6edb-4cb4-8d0f-795e36658e7b
RR-3161,Paid,912.00,Labor V&D Family Home Remodeling Corp Dump,,,47476.22,0.00,Yes,New,Roofing,Residential,1301.14,35765.99,https://my.acculynx.com/jobs/5187a7a7-6edb-4cb4-8d0f-795e36658e7b
RR-3161,Paid,2200.00,Labor V&D Family Home Remodeling Corp Pay,,,47476.22,0.00,Yes,New,Roofing,Residential,1301.14,35765.99,https://my.acculynx.com/jobs/5187a7a7-6edb-4cb4-8d0f-795e36658e7b
RR-3161,Paid,289.26,Material ACCOUNT National,0047151324-001,,47476.22,0.00,Yes,New,Roofing,Residential,1301.14,35765.99,https://my.acculynx.com/jobs/5187a7a7-6edb-4cb4-8d0f-795e36658e7b
RR-3161,Paid,409.99,Platinum Warranty,OC-2026-WR-2249442,,47476.22,0.00,Yes,New,Roofing,Residential,1301.14,35765.99,https://my.acculynx.com/jobs/5187a7a7-6edb-4cb4-8d0f-795e36658e7b
RR-3161,Paid,10578.01,Material ACCOUNT National,0047031281-001,,47476.22,0.00,Yes,New,Roofing,Residential,1301.14,35765.99,https://my.acculynx.com/jobs/5187a7a7-6edb-4cb4-8d0f-795e36658e7b
RR-3161,Paid,3490.00,Labor All About Gutters,,,47476.22,0.00,Yes,New,Roofing,Residential,1301.14,35765.99,https://my.acculynx.com/jobs/5187a7a7-6edb-4cb4-8d0f-795e36658e7b
RR-3161,Paid,282.76,Material ACCOUNT National,0047031281-002,,47476.22,0.00,Yes,New,Roofing,Residential,1301.14,35765.99,https://my.acculynx.com/jobs/5187a7a7-6edb-4cb4-8d0f-795e36658e7b
RR-3161,Paid,250.12,Material ACCOUNT National,0047151180-001,,47476.22,0.00,Yes,New,Roofing,Residential,1301.14,35765.99,https://my.acculynx.com/jobs/5187a7a7-6edb-4cb4-8d0f-795e36658e7b
RR-3161,Paid,1000.00,Dealer CC Fee,,Dealer Fee,47476.22,0.00,Yes,New,Roofing,Residential,1301.14,35765.99,https://my.acculynx.com/jobs/5187a7a7-6edb-4cb4-8d0f-795e36658e7b
RR-3161,Paid,8000.00,Labor JMAB Construction Pay,,materials and labor,47476.22,0.00,Yes,New,Roofing,Residential,1301.14,35765.99,https://my.acculynx.com/jobs/5187a7a7-6edb-4cb4-8d0f-795e36658e7b
RR-3161,Paid,-26.09,Material ACCOUNT National Shop Returns,,(1) 1/2" Plywood,47476.22,0.00,Yes,New,Roofing,Residential,1301.14,35765.99,https://my.acculynx.com/jobs/5187a7a7-6edb-4cb4-8d0f-795e36658e7b
RR-3161,Additional,1301.14,Michael Dietrich Commission,,T,47476.22,0.00,No,New,Roofing,Residential,1301.14,35765.99,https://my.acculynx.com/jobs/5187a7a7-6edb-4cb4-8d0f-795e36658e7b
RR-3161,Paid,-781.92,Material ACCOUNT National Returns,,(1) High Temperature GAF(12) BD Shingles,47476.22,0.00,Yes,New,Roofing,Residential,1301.14,35765.99,https://my.acculynx.com/jobs/5187a7a7-6edb-4cb4-8d0f-795e36658e7b
RR-3744,Paid,2761.07,Material ACCOUNT National ,0051439475-001,,17900.00,0.00,Yes,Upsell / Change Order,Roofing,Residential,1790.00,10669.07,https://my.acculynx.com/jobs/6213c503-ce28-4801-a494-a3a56e215e43
RR-3744,Paid,518.00,Labor All About Gutters,,,17900.00,0.00,Yes,Upsell / Change Order,Roofing,Residential,1790.00,10669.07,https://my.acculynx.com/jobs/6213c503-ce28-4801-a494-a3a56e215e43
RR-3744,Additional,1790.00,Flawless Roofing Commission,,T,17900.00,0.00,No,Upsell / Change Order,Roofing,Residential,1790.00,10669.07,https://my.acculynx.com/jobs/6213c503-ce28-4801-a494-a3a56e215e43
RR-3744,Paid,5600.00,Labor CASH Flawless Roofing Pay,,,17900.00,0.00,Yes,Upsell / Change Order,Roofing,Residential,1790.00,10669.07,https://my.acculynx.com/jobs/6213c503-ce28-4801-a494-a3a56e215e43
RR-3718,Additional,650.00,V&D Commission,,T,6500.00,0.00,No,Upsell / Change Order,Roofing,Residential,650.00,4107.89,https://my.acculynx.com/jobs/922ad273-dc6a-49d4-8cf0-5d81e6019120
RR-3718,Paid,150.00,Labor V&D Family Home Remodeling Corp Dump,,,6500.00,0.00,Yes,Upsell / Change Order,Roofing,Residential,650.00,4107.89,https://my.acculynx.com/jobs/922ad273-dc6a-49d4-8cf0-5d81e6019120
RR-3718,Paid,1250.00,Labor V&D Family Home Remodeling Corp Pay,,,6500.00,0.00,Yes,Upsell / Change Order,Roofing,Residential,650.00,4107.89,https://my.acculynx.com/jobs/922ad273-dc6a-49d4-8cf0-5d81e6019120
RR-3718,Paid,1732.89,Material ACCOUNT National,0051284446-001,Split from main file,6500.00,0.00,Yes,Upsell / Change Order,Roofing,Residential,650.00,4107.89,https://my.acculynx.com/jobs/922ad273-dc6a-49d4-8cf0-5d81e6019120
RR-3718,Paid,325.00,Dealer CC Fee,,Dealer Fee,6500.00,0.00,Yes,Upsell / Change Order,Roofing,Residential,650.00,4107.89,https://my.acculynx.com/jobs/922ad273-dc6a-49d4-8cf0-5d81e6019120
RR-3721,Additional,460.00,V&D Commission,,,4600.00,0.00,No,Upsell / Change Order,Roofing,Residential,460.00,2560.00,https://my.acculynx.com/jobs/13f21df4-b978-4d7a-b505-e67533df432c
RR-3721,Paid,2100.00,Labor All About Gutters,,,4600.00,0.00,Yes,Upsell / Change Order,Roofing,Residential,460.00,2560.00,https://my.acculynx.com/jobs/13f21df4-b978-4d7a-b505-e67533df432c
RR-3377,Paid,500.00,Labor CASH Flawless Roofing Pay,,Staining Gazebo ,0.00,0.00,Yes,New,Call Back,Residential,0.00,500.00,https://my.acculynx.com/jobs/96971db4-9d7e-45c4-8643-3ab222b564fb
RR-3424,Paid,318.64,Material ACCOUNT National,0048932880-001,,24675.00,0.00,Yes,Upsell / Change Order,Roofing,Residential,2667.50,17235.35,https://my.acculynx.com/jobs/bfb15ca3-462a-4e9a-9829-dec97bd3284b
RR-3424,Paid,6494.96,Material ACCOUNT National,0049320980,,24675.00,0.00,Yes,Upsell / Change Order,Roofing,Residential,2667.50,17235.35,https://my.acculynx.com/jobs/bfb15ca3-462a-4e9a-9829-dec97bd3284b
RR-3424,Paid,4710.00,Labor CASH V&D Family Home Remodeling Corp Pay,,,24675.00,0.00,Yes,Upsell / Change Order,Roofing,Residential,2667.50,17235.35,https://my.acculynx.com/jobs/bfb15ca3-462a-4e9a-9829-dec97bd3284b
RR-3424,Paid,734.39,Material AMEX Home Depot,H1202-389043,,24675.00,0.00,Yes,Upsell / Change Order,Roofing,Residential,2667.50,17235.35,https://my.acculynx.com/jobs/bfb15ca3-462a-4e9a-9829-dec97bd3284b
RR-3424,Paid,2148.39,Material ACCOUNT National,0049379232,,24675.00,0.00,Yes,Upsell / Change Order,Roofing,Residential,2667.50,17235.35,https://my.acculynx.com/jobs/bfb15ca3-462a-4e9a-9829-dec97bd3284b
RR-3424,Paid,2309.86,Material ACCOUNT National,0049063440-001,,24675.00,0.00,Yes,Upsell / Change Order,Roofing,Residential,2667.50,17235.35,https://my.acculynx.com/jobs/bfb15ca3-462a-4e9a-9829-dec97bd3284b
RR-3424,Additional,2667.50,V&D Commission,,T,24675.00,0.00,No,Upsell / Change Order,Roofing,Residential,2667.50,17235.35,https://my.acculynx.com/jobs/bfb15ca3-462a-4e9a-9829-dec97bd3284b
RR-3424,Paid,-2148.39,Material ACCOUNT National Returns,49379232,Per Dan "49379232 is just a quote which I have attached. This was not tied to an order",24675.00,0.00,Yes,Upsell / Change Order,Roofing,Residential,2667.50,17235.35,https://my.acculynx.com/jobs/bfb15ca3-462a-4e9a-9829-dec97bd3284b
RR-3156,Paid,675.00,Labor CASH V&D Family Home Remodeling Corp Pay,,,2698.38,0.00,Yes,Repair,Roofing,Residential,0.00,1964.65,https://my.acculynx.com/jobs/6dbd842c-ce31-46f9-bbfc-56fc209bf0b7
RR-3156,Paid,-24.77,Material AMEX Home Depot Returns,,(1) 1/2 Plywood,2698.38,0.00,Yes,Repair,Roofing,Residential,0.00,1964.65,https://my.acculynx.com/jobs/6dbd842c-ce31-46f9-bbfc-56fc209bf0b7
RR-3156,Paid,-45.32,Material ACCOUNT National Returns,,(1) BD GAF SHINGLE,2698.38,0.00,Yes,Repair,Roofing,Residential,0.00,1964.65,https://my.acculynx.com/jobs/6dbd842c-ce31-46f9-bbfc-56fc209bf0b7
RR-3156,Paid,99.05,Material AMEX Home Depot,,,2698.38,0.00,Yes,Repair,Roofing,Residential,0.00,1964.65,https://my.acculynx.com/jobs/6dbd842c-ce31-46f9-bbfc-56fc209bf0b7
RR-3156,Paid,929.99,Material ACCOUNT National ,,,2698.38,0.00,Yes,Repair,Roofing,Residential,0.00,1964.65,https://my.acculynx.com/jobs/6dbd842c-ce31-46f9-bbfc-56fc209bf0b7
RR-3156,Paid,94.59,Dealer CC Fee,,,2698.38,0.00,Yes,Repair,Roofing,Residential,0.00,1964.65,https://my.acculynx.com/jobs/6dbd842c-ce31-46f9-bbfc-56fc209bf0b7
RR-3156,Paid,236.11,Sales Tax,,,2698.38,0.00,Yes,Repair,Roofing,Residential,0.00,1964.65,https://my.acculynx.com/jobs/6dbd842c-ce31-46f9-bbfc-56fc209bf0b7
RR-3055,Additional,334.97,Jacob Giannelli Commission,,T,6233.33,0.00,No,Repair,Signature Roofing,Residential,334.97,4893.46,https://my.acculynx.com/jobs/fd3ec0ca-ad5f-4057-ba4e-54ef64660804
RR-3055,Paid,100.00,AMEX Roofr Report,,,6233.33,0.00,Yes,Repair,Signature Roofing,Residential,334.97,4893.46,https://my.acculynx.com/jobs/fd3ec0ca-ad5f-4057-ba4e-54ef64660804
RR-3055,Paid,2025.00,Labor CASH V&D Family Home Remodeling Corp Pay,,,6233.33,0.00,Yes,Repair,Signature Roofing,Residential,334.97,4893.46,https://my.acculynx.com/jobs/fd3ec0ca-ad5f-4057-ba4e-54ef64660804
RR-3055,Paid,150.00,AMEX Marketing Advertisement,,,6233.33,0.00,Yes,Repair,Signature Roofing,Residential,334.97,4893.46,https://my.acculynx.com/jobs/fd3ec0ca-ad5f-4057-ba4e-54ef64660804
RR-3055,Paid,-104.67,Material ACCOUNT National Returns,,(1) BD Cedar Shake,6233.33,0.00,Yes,Repair,Signature Roofing,Residential,334.97,4893.46,https://my.acculynx.com/jobs/fd3ec0ca-ad5f-4057-ba4e-54ef64660804
RR-3055,Paid,2388.16,Material ACCOUNT National,0045755752-002,,6233.33,0.00,Yes,Repair,Signature Roofing,Residential,334.97,4893.46,https://my.acculynx.com/jobs/fd3ec0ca-ad5f-4057-ba4e-54ef64660804
RR-3666,Paid,52.65,Material AMEX Home Depot,H1229-280569,,0.00,0.00,No,New,Call Back,Residential,0.00,52.65,https://my.acculynx.com/jobs/777db56c-1827-4ded-95de-dfc56d4997ce
RR-3703,Paid,120.00,Labor Flawless Roofing Dump ,,,7500.00,0.00,Yes,Upsell / Change Order,Roofing,Residential,750.00,3880.55,https://my.acculynx.com/jobs/2f7c4176-b127-4ade-b803-984e11a9b8d8
RR-3703,Paid,1000.00,Labor Flawless Roofing Pay,,,7500.00,0.00,Yes,Upsell / Change Order,Roofing,Residential,750.00,3880.55,https://my.acculynx.com/jobs/2f7c4176-b127-4ade-b803-984e11a9b8d8
RR-3703,Paid,2010.55,Material ACCOUNT National,0051229158-001,split from main file ,7500.00,0.00,Yes,Upsell / Change Order,Roofing,Residential,750.00,3880.55,https://my.acculynx.com/jobs/2f7c4176-b127-4ade-b803-984e11a9b8d8
RR-3703,Additional,750.00,Flawless Roofing Commission,,T,7500.00,0.00,No,Upsell / Change Order,Roofing,Residential,750.00,3880.55,https://my.acculynx.com/jobs/2f7c4176-b127-4ade-b803-984e11a9b8d8
RR-3490,Paid,100.00,Labor All About Gutters,,Guttter Guard Install ,5428.00,0.00,Yes,Upsell / Change Order,Roofing,Residential,542.80,3023.32,https://my.acculynx.com/jobs/277fe7c7-2588-4166-87fb-6b9ebf6e8a9b
RR-3490,Paid,348.64,Material ACCOUNT National,49798837,,5428.00,0.00,Yes,Upsell / Change Order,Roofing,Residential,542.80,3023.32,https://my.acculynx.com/jobs/277fe7c7-2588-4166-87fb-6b9ebf6e8a9b
RR-3490,Paid,1760.00,Labor V&D Family Home Remodeling Corp Pay,,,5428.00,0.00,Yes,Upsell / Change Order,Roofing,Residential,542.80,3023.32,https://my.acculynx.com/jobs/277fe7c7-2588-4166-87fb-6b9ebf6e8a9b
RR-3490,Paid,271.88,Material ACCOUNT National Shop,,(2) BX Gutter Guards,5428.00,0.00,Yes,Upsell / Change Order,Roofing,Residential,542.80,3023.32,https://my.acculynx.com/jobs/277fe7c7-2588-4166-87fb-6b9ebf6e8a9b
RR-3490,Additional,542.80,V&D Commission,,(T),5428.00,0.00,No,Upsell / Change Order,Roofing,Residential,542.80,3023.32,https://my.acculynx.com/jobs/277fe7c7-2588-4166-87fb-6b9ebf6e8a9b
RR-3733,Paid,2340.00,Labor All About Gutters,,,18200.00,0.00,Yes,Upsell / Change Order,Roofing,Residential,1820.00,11446.79,https://my.acculynx.com/jobs/11fee242-8d4a-4867-ad95-4585e7944b57
RR-3733,Paid,270.00,Labor Flawless Roofing Dump ,,,18200.00,0.00,Yes,Upsell / Change Order,Roofing,Residential,1820.00,11446.79,https://my.acculynx.com/jobs/11fee242-8d4a-4867-ad95-4585e7944b57
RR-3733,Paid,2250.00,Labor Flawless Roofing Pay,,,18200.00,0.00,Yes,Upsell / Change Order,Roofing,Residential,1820.00,11446.79,https://my.acculynx.com/jobs/11fee242-8d4a-4867-ad95-4585e7944b57
RR-3733,Additional,1820.00,Flawless Roofing Commission,,T,18200.00,0.00,No,Upsell / Change Order,Roofing,Residential,1820.00,11446.79,https://my.acculynx.com/jobs/11fee242-8d4a-4867-ad95-4585e7944b57
RR-3733,Paid,1092.00,Dealer CC Fee,,,18200.00,0.00,Yes,Upsell / Change Order,Roofing,Residential,1820.00,11446.79,https://my.acculynx.com/jobs/11fee242-8d4a-4867-ad95-4585e7944b57
RR-3733,Paid,3674.79,Material ACCOUNT National,0051379354-001,split from main file ,18200.00,0.00,Yes,Upsell / Change Order,Roofing,Residential,1820.00,11446.79,https://my.acculynx.com/jobs/11fee242-8d4a-4867-ad95-4585e7944b57
RR-3102,Paid,337.50,Labor CASH V&D Family Home Remodeling Corp Pay,,,0.00,0.00,Yes,New,Call Back,Residential,0.00,635.67,https://my.acculynx.com/jobs/27d01555-c597-4809-8937-5feba4bbba16
RR-3102,Paid,-13.99,Material ACCOUNT National Returns,,(1) piece siding,0.00,0.00,Yes,New,Call Back,Residential,0.00,635.67,https://my.acculynx.com/jobs/27d01555-c597-4809-8937-5feba4bbba16
RR-3102,Paid,92.37,Material ACCOUNT National,0046300541-001,,0.00,0.00,Yes,New,Call Back,Residential,0.00,635.67,https://my.acculynx.com/jobs/27d01555-c597-4809-8937-5feba4bbba16
RR-3102,Paid,202.28,Material ACCOUNT National,0046321701-001,,0.00,0.00,Yes,New,Call Back,Residential,0.00,635.67,https://my.acculynx.com/jobs/27d01555-c597-4809-8937-5feba4bbba16
RR-3102,Paid,17.51,Material ACCOUNT National Shop,,(2) Silicone Tubes,0.00,0.00,Yes,New,Call Back,Residential,0.00,635.67,https://my.acculynx.com/jobs/27d01555-c597-4809-8937-5feba4bbba16
RR-3729,Additional,880.00,Flawless Roofing Commission,,T,8800.00,0.00,No,Upsell / Change Order,Roofing,Residential,880.00,4555.00,https://my.acculynx.com/jobs/5e564201-ac5e-419b-8f05-2bb4a0f1a402
RR-3729,Paid,3675.00,Labor All About Gutters,,,8800.00,0.00,Yes,Upsell / Change Order,Roofing,Residential,880.00,4555.00,https://my.acculynx.com/jobs/5e564201-ac5e-419b-8f05-2bb4a0f1a402
RR-3127,Paid,1563.77,Material ACCOUNT National,0046566050-001,,9986.00,0.00,Yes,Repair,Roofing,Commercial,982.22,6057.11,https://my.acculynx.com/jobs/e69c368a-a3eb-4dbb-9a52-0c405c67545d
RR-3127,Additional,1184.45,Michael Dietrich Commission,,t,9986.00,0.00,No,Repair,Roofing,Commercial,982.22,6057.11,https://my.acculynx.com/jobs/e69c368a-a3eb-4dbb-9a52-0c405c67545d
RR-3127,Paid,2500.00,Labor CASH Brentwood Roofing And Contracting Inc,,,9986.00,0.00,Yes,Repair,Roofing,Commercial,982.22,6057.11,https://my.acculynx.com/jobs/e69c368a-a3eb-4dbb-9a52-0c405c67545d
RR-3127,Paid,500.00,Labor CASH Brentwood Roofing And Contracting Inc,,,9986.00,0.00,Yes,Repair,Roofing,Commercial,982.22,6057.11,https://my.acculynx.com/jobs/e69c368a-a3eb-4dbb-9a52-0c405c67545d
RR-3127,Paid,511.12,Material ACCOUNT National,,,9986.00,0.00,No,Repair,Roofing,Commercial,982.22,6057.11,https://my.acculynx.com/jobs/e69c368a-a3eb-4dbb-9a52-0c405c67545d
RR-3127,Additional,-202.23,Commission Adjustment ,,,9986.00,0.00,No,Repair,Roofing,Commercial,982.22,6057.11,https://my.acculynx.com/jobs/e69c368a-a3eb-4dbb-9a52-0c405c67545d
RR-3583,Paid,1332.19,Material AMEX American Chimney,,,4500.00,0.00,Yes,Repair,Roofing,Residential,388.56,2945.75,https://my.acculynx.com/jobs/b3900a87-d0a5-4f44-be43-59bcf32f426c
RR-3583,Paid,1225.00,Labor CASH V&D Family Home Remodeling Corp Pay,,,4500.00,0.00,Yes,Repair,Roofing,Residential,388.56,2945.75,https://my.acculynx.com/jobs/b3900a87-d0a5-4f44-be43-59bcf32f426c
RR-3583,Additional,388.56,Michael Meinardus Commission,,T,4500.00,0.00,No,Repair,Roofing,Residential,388.56,2945.75,https://my.acculynx.com/jobs/b3900a87-d0a5-4f44-be43-59bcf32f426c
RR-3616,Paid,550.00,Labor CASH V&D Family Home Remodeling Corp Pay,,,2320.98,0.00,Yes,Repair,Roofing,Residential,229.00,1406.87,https://my.acculynx.com/jobs/2fb7600f-9748-4478-845b-5db90446266a
RR-3616,Paid,78.49,Dealer CC Fee,,CC Fee,2320.98,0.00,Yes,Repair,Roofing,Residential,229.00,1406.87,https://my.acculynx.com/jobs/2fb7600f-9748-4478-845b-5db90446266a
RR-3616,Paid,203.09,Sales Tax,,,2320.98,0.00,Yes,Repair,Roofing,Residential,229.00,1406.87,https://my.acculynx.com/jobs/2fb7600f-9748-4478-845b-5db90446266a
RR-3616,Paid,346.29,Material ACCOUNT National,0050692107-001,,2320.98,0.00,Yes,Repair,Roofing,Residential,229.00,1406.87,https://my.acculynx.com/jobs/2fb7600f-9748-4478-845b-5db90446266a
RR-3616,Additional,229.00,Joseph Cassara Commission,,T,2320.98,0.00,No,Repair,Roofing,Residential,229.00,1406.87,https://my.acculynx.com/jobs/2fb7600f-9748-4478-845b-5db90446266a
RR-3803,Paid,500.00,Labor Brentwood Roofing And Contracting Inc,,,0.00,0.00,Yes,Repair,Roofing,Commercial,0.00,500.00,https://my.acculynx.com/jobs/c32afca4-9b82-4766-8db7-3079a50ca170
RR-3467,Paid,1142.00,Labor V&D Family Home Remodeling Corp Dump,,,23506.15,0.00,Yes,New,Roofing,Residential,2560.81,13262.85,https://my.acculynx.com/jobs/8722128c-e146-4529-9bdf-7cf8f74b5896
RR-3467,Paid,2485.00,Labor V&D Family Home Remodeling Corp Pay,,,23506.15,0.00,Yes,New,Roofing,Residential,2560.81,13262.85,https://my.acculynx.com/jobs/8722128c-e146-4529-9bdf-7cf8f74b5896
RR-3467,Paid,6548.39,Material ACCOUNT National,0049537372-001,,23506.15,0.00,Yes,New,Roofing,Residential,2560.81,13262.85,https://my.acculynx.com/jobs/8722128c-e146-4529-9bdf-7cf8f74b5896
RR-3467,Paid,336.04,Material ACCOUNT National Shop,,(1) RL of Base Sheet (1) RL of Ice and water shield(4) 1/2 Plywood,23506.15,0.00,Yes,New,Roofing,Residential,2560.81,13262.85,https://my.acculynx.com/jobs/8722128c-e146-4529-9bdf-7cf8f74b5896
RR-3467,Paid,254.48,Platinum Warranty,OC-2026-WR-2326409,,23506.15,0.00,Yes,New,Roofing,Residential,2560.81,13262.85,https://my.acculynx.com/jobs/8722128c-e146-4529-9bdf-7cf8f74b5896
RR-3467,Paid,80.56,Material AMEX Home Depot,H1218-380763,,23506.15,0.00,Yes,New,Roofing,Residential,2560.81,13262.85,https://my.acculynx.com/jobs/8722128c-e146-4529-9bdf-7cf8f74b5896
RR-3467,Paid,206.48,Material ACCOUNT National ,0049689447,,23506.15,0.00,Yes,New,Roofing,Residential,2560.81,13262.85,https://my.acculynx.com/jobs/8722128c-e146-4529-9bdf-7cf8f74b5896
RR-3467,Additional,2560.81,Joseph Cassara Commissions,,(T),23506.15,0.00,No,New,Roofing,Residential,2560.81,13262.85,https://my.acculynx.com/jobs/8722128c-e146-4529-9bdf-7cf8f74b5896
RR-3467,Paid,-350.91,Material ACCOUNT National Returns,,(8) BD Shingle 0049859547-001,23506.15,0.00,Yes,New,Roofing,Residential,2560.81,13262.85,https://my.acculynx.com/jobs/8722128c-e146-4529-9bdf-7cf8f74b5896
RR-3452,Paid,5525.00,Labor Flawless Roofing Pay,,,24000.04,0.00,Yes,New,Roofing,Residential,1891.61,16433.22,https://my.acculynx.com/jobs/7a284c9a-98db-4114-a3d6-3b88742b103d
RR-3452,Paid,1250.00,Labor All About Gutters,,,24000.04,0.00,Yes,New,Roofing,Residential,1891.61,16433.22,https://my.acculynx.com/jobs/7a284c9a-98db-4114-a3d6-3b88742b103d
RR-3452,Paid,20.48,Material AMEX Home Depot,H8465-319684,,24000.04,0.00,Yes,New,Roofing,Residential,1891.61,16433.22,https://my.acculynx.com/jobs/7a284c9a-98db-4114-a3d6-3b88742b103d
RR-3452,Paid,278.40,Platinum Warranty,OC-2026-WR-2323773,,24000.04,0.00,Yes,New,Roofing,Residential,1891.61,16433.22,https://my.acculynx.com/jobs/7a284c9a-98db-4114-a3d6-3b88742b103d
RR-3452,Paid,-61.99,Material ACCOUNT National Shop Returns,,(1) 3" Lifetime Pipe Flange - Kept in the trailer ,24000.04,0.00,Yes,New,Roofing,Residential,1891.61,16433.22,https://my.acculynx.com/jobs/7a284c9a-98db-4114-a3d6-3b88742b103d
RR-3452,Paid,693.87,Material ACCOUNT Beacon,US99237,,24000.04,0.00,Yes,New,Roofing,Residential,1891.61,16433.22,https://my.acculynx.com/jobs/7a284c9a-98db-4114-a3d6-3b88742b103d
RR-3452,Paid,6676.32,Material ACCOUNT National,0049356045-001,,24000.04,0.00,Yes,New,Roofing,Residential,1891.61,16433.22,https://my.acculynx.com/jobs/7a284c9a-98db-4114-a3d6-3b88742b103d
RR-3452,Paid,750.00,Labor Flawless Roofing Dump ,,,24000.04,0.00,Yes,New,Roofing,Residential,1891.61,16433.22,https://my.acculynx.com/jobs/7a284c9a-98db-4114-a3d6-3b88742b103d
RR-3452,Additional,1891.61,Joseph Young Commission,,(T) ,24000.04,0.00,No,New,Roofing,Residential,1891.61,16433.22,https://my.acculynx.com/jobs/7a284c9a-98db-4114-a3d6-3b88742b103d
RR-3452,Paid,-590.47,Material ACCOUNT National Returns,,(1) BD Duration Shingle (1) OC Hip&Ridge(17) PC T4 Soffits Vinyl(13) J Channel,24000.04,0.00,Yes,New,Roofing,Residential,1891.61,16433.22,https://my.acculynx.com/jobs/7a284c9a-98db-4114-a3d6-3b88742b103d
RR-3331,Paid,800.00,Labor All About Gutters,,,21672.68,0.00,Yes,New,Roofing,Residential,2279.81,12553.45,https://my.acculynx.com/jobs/50199b1f-dd26-45d2-9427-807eed781cd9
RR-3331,Paid,606.00,Labor V&D Family Home Remodeling Corp Dump,,,21672.68,0.00,Yes,New,Roofing,Residential,2279.81,12553.45,https://my.acculynx.com/jobs/50199b1f-dd26-45d2-9427-807eed781cd9
RR-3331,Paid,3850.00,Labor V&D Family Home Remodeling Corp Pay,,,21672.68,0.00,Yes,New,Roofing,Residential,2279.81,12553.45,https://my.acculynx.com/jobs/50199b1f-dd26-45d2-9427-807eed781cd9
RR-3331,Paid,4995.59,Material ACCOUNT National,0048322400-001,,21672.68,0.00,Yes,New,Roofing,Residential,2279.81,12553.45,https://my.acculynx.com/jobs/50199b1f-dd26-45d2-9427-807eed781cd9
RR-3331,Paid,52.20,Material ACCOUNT National Shop,,(2) 1/2 Plywood,21672.68,0.00,Yes,New,Roofing,Residential,2279.81,12553.45,https://my.acculynx.com/jobs/50199b1f-dd26-45d2-9427-807eed781cd9
RR-3331,Paid,230.55,Platinum Warranty,OC-2026-WR-2282278,,21672.68,0.00,Yes,New,Roofing,Residential,2279.81,12553.45,https://my.acculynx.com/jobs/50199b1f-dd26-45d2-9427-807eed781cd9
RR-3331,Paid,-260.70,Material ACCOUNT National Returns,,(10) 1/2 Plywood - returned on national truck ,21672.68,0.00,Yes,New,Roofing,Residential,2279.81,12553.45,https://my.acculynx.com/jobs/50199b1f-dd26-45d2-9427-807eed781cd9
RR-3331,Additional,2279.81,Michael Dietrich Commission,,T,21672.68,0.00,No,New,Roofing,Residential,2279.81,12553.45,https://my.acculynx.com/jobs/50199b1f-dd26-45d2-9427-807eed781cd9
RR-3244,Paid,600.00,Labor CASH V&D Family Home Remodeling Corp Pay,,labor for the repair division going back out to fix the awning. ,19533.96,0.00,Yes,New,Roofing,Residential,2090.67,11171.28,https://my.acculynx.com/jobs/d0f8851d-d708-4368-9d00-8894d02e5ef4
RR-3244,Paid,795.00,Labor CASH V&D Family Home Remodeling Corp Dump,,,19533.96,0.00,Yes,New,Roofing,Residential,2090.67,11171.28,https://my.acculynx.com/jobs/d0f8851d-d708-4368-9d00-8894d02e5ef4
RR-3244,Paid,2920.00,Labor CASH V&D Family Home Remodeling Corp Pay,,,19533.96,0.00,Yes,New,Roofing,Residential,2090.67,11171.28,https://my.acculynx.com/jobs/d0f8851d-d708-4368-9d00-8894d02e5ef4
RR-3244,Paid,266.44,Platinum Warranty,,OC-2026-WR-2271384,19533.96,0.00,Yes,New,Roofing,Residential,2090.67,11171.28,https://my.acculynx.com/jobs/d0f8851d-d708-4368-9d00-8894d02e5ef4
RR-3244,Paid,-130.50,Material ACCOUNT National Returns,0047966415-001,,19533.96,0.00,Yes,New,Roofing,Residential,2090.67,11171.28,https://my.acculynx.com/jobs/d0f8851d-d708-4368-9d00-8894d02e5ef4
RR-3244,Paid,164.86,Material ACCOUNT Beacon,UD37955,,19533.96,0.00,Yes,New,Roofing,Residential,2090.67,11171.28,https://my.acculynx.com/jobs/d0f8851d-d708-4368-9d00-8894d02e5ef4
RR-3244,Paid,125.06,Material ACCOUNT National,0047966316-001,,19533.96,0.00,Yes,New,Roofing,Residential,2090.67,11171.28,https://my.acculynx.com/jobs/d0f8851d-d708-4368-9d00-8894d02e5ef4
RR-3244,Paid,4339.75,Material ACCOUNT National,0047772810-001,,19533.96,0.00,Yes,New,Roofing,Residential,2090.67,11171.28,https://my.acculynx.com/jobs/d0f8851d-d708-4368-9d00-8894d02e5ef4
RR-3244,Additional,2088.28,Michael Dietrich Commission,,T,19533.96,0.00,No,New,Roofing,Residential,2090.67,11171.28,https://my.acculynx.com/jobs/d0f8851d-d708-4368-9d00-8894d02e5ef4
RR-3244,Additional,2.39,Commissions Adjustments,,,19533.96,0.00,No,New,Roofing,Residential,2090.67,11171.28,https://my.acculynx.com/jobs/d0f8851d-d708-4368-9d00-8894d02e5ef4
RR-3184,Paid,788.44,Material ACCOUNT National,0047242141-001,,26565.00,0.00,Yes,New,Roofing,Commercial,0.00,12692.05,https://my.acculynx.com/jobs/003c7b1e-29f9-4f47-9d69-95add641be7e
RR-3184,Paid,5416.95,Material ACCOUNT National,0047179375-001,,26565.00,0.00,Yes,New,Roofing,Commercial,0.00,12692.05,https://my.acculynx.com/jobs/003c7b1e-29f9-4f47-9d69-95add641be7e
RR-3184,Paid,6000.00,Labor Brentwood Roofing And Contracting Inc,,,26565.00,0.00,Yes,New,Roofing,Commercial,0.00,12692.05,https://my.acculynx.com/jobs/003c7b1e-29f9-4f47-9d69-95add641be7e
RR-3184,Paid,486.66,Material ACCOUNT National,0047374175-001,,26565.00,0.00,No,New,Roofing,Commercial,0.00,12692.05,https://my.acculynx.com/jobs/003c7b1e-29f9-4f47-9d69-95add641be7e
RR-3370,Paid,290.34,Platinum Warranty,OC-2026-WR-2298161,,24537.30,0.00,Yes,New,Roofing,Residential,2764.90,13476.39,https://my.acculynx.com/jobs/c5b983bf-7676-43b6-90d9-bde12151b6e6
RR-3370,Paid,208.80,Material ACCOUNT National Shop,,(8) Sheets of 1/2 Plywood,24537.30,0.00,Yes,New,Roofing,Residential,2764.90,13476.39,https://my.acculynx.com/jobs/c5b983bf-7676-43b6-90d9-bde12151b6e6
RR-3370,Paid,5572.87,Material ACCOUNT National,0048683678-001,,24537.30,0.00,Yes,New,Roofing,Residential,2764.90,13476.39,https://my.acculynx.com/jobs/c5b983bf-7676-43b6-90d9-bde12151b6e6
RR-3370,Paid,3670.00,Labor Flawless Roofing Pay,,,24537.30,0.00,Yes,New,Roofing,Residential,2764.90,13476.39,https://my.acculynx.com/jobs/c5b983bf-7676-43b6-90d9-bde12151b6e6
RR-3370,Paid,774.00,Labor Flawless Roofing Dump ,,,24537.30,0.00,Yes,New,Roofing,Residential,2764.90,13476.39,https://my.acculynx.com/jobs/c5b983bf-7676-43b6-90d9-bde12151b6e6
RR-3370,Paid,-260.70,Material ACCOUNT National Returns,,(10) 1/2 Plywood -Returned from national,24537.30,0.00,Yes,New,Roofing,Residential,2764.90,13476.39,https://my.acculynx.com/jobs/c5b983bf-7676-43b6-90d9-bde12151b6e6
RR-3370,Paid,195.48,Material ACCOUNT National,0048883556-001,Split from upsell file ,24537.30,0.00,Yes,New,Roofing,Residential,2764.90,13476.39,https://my.acculynx.com/jobs/c5b983bf-7676-43b6-90d9-bde12151b6e6
RR-3370,Additional,2817.30,Michael Dietrich Commission,,T,24537.30,0.00,No,New,Roofing,Residential,2764.90,13476.39,https://my.acculynx.com/jobs/c5b983bf-7676-43b6-90d9-bde12151b6e6
RR-3370,Paid,260.70,Material ACCOUNT National,,to offset return. the original order did not include plywood,24537.30,0.00,Yes,New,Roofing,Residential,2764.90,13476.39,https://my.acculynx.com/jobs/c5b983bf-7676-43b6-90d9-bde12151b6e6
RR-3370,Additional,-52.40,Michael Dietrich Commissions Adj,,,24537.30,0.00,No,New,Roofing,Residential,2764.90,13476.39,https://my.acculynx.com/jobs/c5b983bf-7676-43b6-90d9-bde12151b6e6
RR-3428,Paid,5541.25,Material ACCOUNT National,49158264,,21284.00,0.00,Yes,New,Roofing,Residential,2152.11,12675.87,https://my.acculynx.com/jobs/a6e953b7-af90-4c6a-b162-0d12b594d9c2
RR-3428,Paid,242.51,Platinum Warranty, OC-2026-WR-2316593,,21284.00,0.00,Yes,New,Roofing,Residential,2152.11,12675.87,https://my.acculynx.com/jobs/a6e953b7-af90-4c6a-b162-0d12b594d9c2
RR-3428,Paid,3595.00,Labor CASH V&D Family Home Remodeling Corp Pay,,,21284.00,0.00,Yes,New,Roofing,Residential,2152.11,12675.87,https://my.acculynx.com/jobs/a6e953b7-af90-4c6a-b162-0d12b594d9c2
RR-3428,Paid,1145.00,Labor V&D Family Home Remodeling Corp Dump,,,21284.00,0.00,Yes,New,Roofing,Residential,2152.11,12675.87,https://my.acculynx.com/jobs/a6e953b7-af90-4c6a-b162-0d12b594d9c2
RR-3428,Additional,2152.11,Joseph Young Commission,,T,21284.00,0.00,No,New,Roofing,Residential,2152.11,12675.87,https://my.acculynx.com/jobs/a6e953b7-af90-4c6a-b162-0d12b594d9c2
RR-3495,Paid,766.69,Platinum Warranty,OC-2026-WR-2348973,,28559.08,0.00,Yes,New,Roofing,Residential,1150.60,23957.75,https://my.acculynx.com/jobs/1fdd4b0f-70e6-482b-820b-2c19fc5691e9
RR-3495,Paid,3179.96,Dealer CC Fee,,Dealer Fee,28559.08,0.00,Yes,New,Roofing,Residential,1150.60,23957.75,https://my.acculynx.com/jobs/1fdd4b0f-70e6-482b-820b-2c19fc5691e9
RR-3495,Paid,4696.26,Material ACCOUNT National,0049932545-001,,28559.08,0.00,Yes,New,Roofing,Residential,1150.60,23957.75,https://my.acculynx.com/jobs/1fdd4b0f-70e6-482b-820b-2c19fc5691e9
RR-3495,Paid,86.14,Material ACCOUNT National,0050186349-001,,28559.08,0.00,Yes,New,Roofing,Residential,1150.60,23957.75,https://my.acculynx.com/jobs/1fdd4b0f-70e6-482b-820b-2c19fc5691e9
RR-3495,Paid,399.93,Material ACCOUNT National,0050168543-001,Split with upsell file,28559.08,0.00,Yes,New,Roofing,Residential,1150.60,23957.75,https://my.acculynx.com/jobs/1fdd4b0f-70e6-482b-820b-2c19fc5691e9
RR-3495,Paid,9680.00,Labor Ian RenewUSA solar,,,28559.08,0.00,Yes,New,Roofing,Residential,1150.60,23957.75,https://my.acculynx.com/jobs/1fdd4b0f-70e6-482b-820b-2c19fc5691e9
RR-3495,Paid,1030.00,Labor Flawless Roofing Dump ,,,28559.08,0.00,Yes,New,Roofing,Residential,1150.60,23957.75,https://my.acculynx.com/jobs/1fdd4b0f-70e6-482b-820b-2c19fc5691e9
RR-3495,Paid,-299.06,Material ACCOUNT National Returns,,(10) 1/2 Plywood - Return on national truck ,28559.08,0.00,Yes,New,Roofing,Residential,1150.60,23957.75,https://my.acculynx.com/jobs/1fdd4b0f-70e6-482b-820b-2c19fc5691e9
RR-3495,Paid,3310.00,Labor CASH Flawless Roofing Pay,,,28559.08,0.00,Yes,New,Roofing,Residential,1150.60,23957.75,https://my.acculynx.com/jobs/1fdd4b0f-70e6-482b-820b-2c19fc5691e9
RR-3495,Paid,-42.77,Material ACCOUNT National Returns,,(1) BD Duration Shingle,28559.08,0.00,Yes,New,Roofing,Residential,1150.60,23957.75,https://my.acculynx.com/jobs/1fdd4b0f-70e6-482b-820b-2c19fc5691e9
RR-3495,Additional,1150.60,Joseph Young Commission,,T,28559.08,0.00,No,New,Roofing,Residential,1150.60,23957.75,https://my.acculynx.com/jobs/1fdd4b0f-70e6-482b-820b-2c19fc5691e9
RR-3302,Paid,3360.13,Material ACCOUNT National,0048123029-001,,12600.00,0.00,Yes,New,Roofing,Residential,500.00,7559.13,https://my.acculynx.com/jobs/946379c0-c85c-4ed1-9681-0bf856bef020
RR-3302,Paid,630.00,Dealer CC Fee,,Dealer Fee,12600.00,0.00,Yes,New,Roofing,Residential,500.00,7559.13,https://my.acculynx.com/jobs/946379c0-c85c-4ed1-9681-0bf856bef020
RR-3302,Paid,604.00,Labor CASH V&D Family Home Remodeling Corp Dump,,,12600.00,0.00,Yes,New,Roofing,Residential,500.00,7559.13,https://my.acculynx.com/jobs/946379c0-c85c-4ed1-9681-0bf856bef020
RR-3302,Paid,2465.00,Labor CASH V&D Family Home Remodeling Corp Pay,,,12600.00,0.00,Yes,New,Roofing,Residential,500.00,7559.13,https://my.acculynx.com/jobs/946379c0-c85c-4ed1-9681-0bf856bef020
RR-3302,Additional,500.00,Michael Dietrich Commission,,T,12600.00,0.00,No,New,Roofing,Residential,500.00,7559.13,https://my.acculynx.com/jobs/946379c0-c85c-4ed1-9681-0bf856bef020
RR-3504,Paid,1386.05,Dealer CC Fee,,,17325.67,0.00,Yes,New,Roofing,Residential,1491.96,11357.82,https://my.acculynx.com/jobs/b4a3fdde-9f50-4c79-a93c-1f2437f26d56
RR-3504,Paid,344.74,Material ACCOUNT National,0049918068-001,,17325.67,0.00,Yes,New,Roofing,Residential,1491.96,11357.82,https://my.acculynx.com/jobs/b4a3fdde-9f50-4c79-a93c-1f2437f26d56
RR-3504,Paid,4756.36,Material ACCOUNT National,0049896327-001,,17325.67,0.00,Yes,New,Roofing,Residential,1491.96,11357.82,https://my.acculynx.com/jobs/b4a3fdde-9f50-4c79-a93c-1f2437f26d56
RR-3504,Paid,-171.70,Material ACCOUNT National Returns,,(2) BD Duration Shingle(1) OC Pro Edge              0050031876-001,17325.67,0.00,Yes,New,Roofing,Residential,1491.96,11357.82,https://my.acculynx.com/jobs/b4a3fdde-9f50-4c79-a93c-1f2437f26d56
RR-3504,Paid,-181.25,Material ACCOUNT National Shop Returns,,(6) 1/2 Plywood - Kept in the truck,17325.67,0.00,Yes,New,Roofing,Residential,1491.96,11357.82,https://my.acculynx.com/jobs/b4a3fdde-9f50-4c79-a93c-1f2437f26d56
RR-3504,Paid,3015.00,Labor V&D Family Home Remodeling Corp Pay,,,17325.67,0.00,Yes,New,Roofing,Residential,1491.96,11357.82,https://my.acculynx.com/jobs/b4a3fdde-9f50-4c79-a93c-1f2437f26d56
RR-3504,Paid,522.00,Labor V&D Family Home Remodeling Corp Dump,,,17325.67,0.00,Yes,New,Roofing,Residential,1491.96,11357.82,https://my.acculynx.com/jobs/b4a3fdde-9f50-4c79-a93c-1f2437f26d56
RR-3504,Paid,194.66,Platinum Warranty,OC-2026-WR-2335638,,17325.67,0.00,Yes,New,Roofing,Residential,1491.96,11357.82,https://my.acculynx.com/jobs/b4a3fdde-9f50-4c79-a93c-1f2437f26d56
RR-3504,Additional,1491.96,Michael Dietrich commission,,Trsansferred,17325.67,0.00,No,New,Roofing,Residential,1491.96,11357.82,https://my.acculynx.com/jobs/b4a3fdde-9f50-4c79-a93c-1f2437f26d56
RR-3215,Additional,314.60,Michael Dietrich Commission,,T,6376.00,0.00,No,Repair,Roofing,Residential,314.60,3995.77,https://my.acculynx.com/jobs/fc378a88-fe16-4547-96ea-1b1cd4571799
RR-3215,Paid,64.30,Material AMEX Home Depot,H1206-492125,,6376.00,0.00,Yes,Repair,Roofing,Residential,314.60,3995.77,https://my.acculynx.com/jobs/fc378a88-fe16-4547-96ea-1b1cd4571799
RR-3215,Paid,-1154.76,Material ACCOUNT National Returns,,(23) BD OC Shingles(2) BD Ridge Caps,6376.00,0.00,Yes,Repair,Roofing,Residential,314.60,3995.77,https://my.acculynx.com/jobs/fc378a88-fe16-4547-96ea-1b1cd4571799
RR-3215,Paid,1671.00,Material ACCOUNT ABC,2006528106,,6376.00,0.00,Yes,Repair,Roofing,Residential,314.60,3995.77,https://my.acculynx.com/jobs/fc378a88-fe16-4547-96ea-1b1cd4571799
RR-3215,Paid,1507.07,Material ACCOUNT National ,47520598,,6376.00,0.00,Yes,Repair,Roofing,Residential,314.60,3995.77,https://my.acculynx.com/jobs/fc378a88-fe16-4547-96ea-1b1cd4571799
RR-3215,Paid,256.79,Material ACCOUNT National Shop,,(8) Silicone(1) BD Step Flashing(1) RL Trim Coil,6376.00,0.00,Yes,Repair,Roofing,Residential,314.60,3995.77,https://my.acculynx.com/jobs/fc378a88-fe16-4547-96ea-1b1cd4571799
RR-3215,Paid,1250.00,Labor CASH V&D Family Home Remodeling Corp Pay,,,6376.00,0.00,Yes,Repair,Roofing,Residential,314.60,3995.77,https://my.acculynx.com/jobs/fc378a88-fe16-4547-96ea-1b1cd4571799
RR-3215,Paid,675.00,Labor CASH V&D Family Home Remodeling Corp Pay,,,6376.00,0.00,Yes,Repair,Roofing,Residential,314.60,3995.77,https://my.acculynx.com/jobs/fc378a88-fe16-4547-96ea-1b1cd4571799
RR-3215,Paid,-383.67,Material ACCOUNT ABC Returns,,(4) PC 1/2 Plywood (5) BD GAF Shingles,6376.00,0.00,Yes,Repair,Roofing,Residential,314.60,3995.77,https://my.acculynx.com/jobs/fc378a88-fe16-4547-96ea-1b1cd4571799
RR-3215,Paid,-204.56,Material ACCOUNT ABC Returns,,,6376.00,0.00,Yes,Repair,Roofing,Residential,314.60,3995.77,https://my.acculynx.com/jobs/fc378a88-fe16-4547-96ea-1b1cd4571799
RR-3445,Paid,300.00,Labor Zion Electrical Contracting INC,,,12500.00,0.00,Yes,New,Roofing,Residential,0.00,8242.60,https://my.acculynx.com/jobs/7f2f4bd4-7a9e-4cd3-bfc1-0205882b27bd
RR-3445,Paid,-123.98,Material ACCOUNT National ,,Price Adjustment for Skylights ,12500.00,0.00,Yes,New,Roofing,Residential,0.00,8242.60,https://my.acculynx.com/jobs/7f2f4bd4-7a9e-4cd3-bfc1-0205882b27bd
RR-3445,Paid,-42.77,Material ACCOUNT National Shop Returns,,(1) BD Duration Shingle - Left it with customer,12500.00,0.00,Yes,New,Roofing,Residential,0.00,8242.60,https://my.acculynx.com/jobs/7f2f4bd4-7a9e-4cd3-bfc1-0205882b27bd
RR-3445,Paid,2020.00,Labor Flawless Roofing Pay,,,12500.00,0.00,Yes,New,Roofing,Residential,0.00,8242.60,https://my.acculynx.com/jobs/7f2f4bd4-7a9e-4cd3-bfc1-0205882b27bd
RR-3445,Paid,360.00,Labor Flawless Roofing Dump ,,,12500.00,0.00,Yes,New,Roofing,Residential,0.00,8242.60,https://my.acculynx.com/jobs/7f2f4bd4-7a9e-4cd3-bfc1-0205882b27bd
RR-3445,Paid,5663.01,Material ACCOUNT National,0049300767-001,,12500.00,0.00,Yes,New,Roofing,Residential,0.00,8242.60,https://my.acculynx.com/jobs/7f2f4bd4-7a9e-4cd3-bfc1-0205882b27bd
RR-3445,Paid,66.34,Material ACCOUNT National Shop,,(2) 5/8 Plywood,12500.00,0.00,Yes,New,Roofing,Residential,0.00,8242.60,https://my.acculynx.com/jobs/7f2f4bd4-7a9e-4cd3-bfc1-0205882b27bd
RR-3310,Paid,366.56,Sales Tax,,,4250.00,0.00,Yes,Repair,Roofing,Residential,435.45,2508.20,https://my.acculynx.com/jobs/a9f577fc-170a-42cf-b371-9e6a23253c72
RR-3310,Paid,135.94,Material AMEX Riverhead Building Supply,976500,,4250.00,0.00,Yes,Repair,Roofing,Residential,435.45,2508.20,https://my.acculynx.com/jobs/a9f577fc-170a-42cf-b371-9e6a23253c72
RR-3310,Paid,-52.77,Material AMEX Home Depot Shop Returns,,(4) Clear Silicone - Kept in Van ,4250.00,0.00,Yes,Repair,Roofing,Residential,435.45,2508.20,https://my.acculynx.com/jobs/a9f577fc-170a-42cf-b371-9e6a23253c72
RR-3310,Paid,-45.46,Material AMEX Home Depot Returns,,(1) BD GAF Shakewood ,4250.00,0.00,Yes,Repair,Roofing,Residential,435.45,2508.20,https://my.acculynx.com/jobs/a9f577fc-170a-42cf-b371-9e6a23253c72
RR-3310,Paid,18.49,Material ACCOUNT National Shop,,(2) Silicone,4250.00,0.00,Yes,Repair,Roofing,Residential,435.45,2508.20,https://my.acculynx.com/jobs/a9f577fc-170a-42cf-b371-9e6a23253c72
RR-3310,Paid,765.00,Labor CASH V&D Family Home Remodeling Corp Pay,,,4250.00,0.00,Yes,Repair,Roofing,Residential,435.45,2508.20,https://my.acculynx.com/jobs/a9f577fc-170a-42cf-b371-9e6a23253c72
RR-3310,Paid,626.88,Dealer CC Fee,,Dealer Fee,4250.00,0.00,Yes,Repair,Roofing,Residential,435.45,2508.20,https://my.acculynx.com/jobs/a9f577fc-170a-42cf-b371-9e6a23253c72
RR-3310,Paid,54.36,Material AMEX Riverhead Building Supply,976905,,4250.00,0.00,Yes,Repair,Roofing,Residential,435.45,2508.20,https://my.acculynx.com/jobs/a9f577fc-170a-42cf-b371-9e6a23253c72
RR-3310,Paid,203.75,Material AMEX Home Depot,# H1258-363246,,4250.00,0.00,Yes,Repair,Roofing,Residential,435.45,2508.20,https://my.acculynx.com/jobs/a9f577fc-170a-42cf-b371-9e6a23253c72
RR-3310,Additional,435.45,Michael Dietrich Commission,,T,4250.00,0.00,No,Repair,Roofing,Residential,435.45,2508.20,https://my.acculynx.com/jobs/a9f577fc-170a-42cf-b371-9e6a23253c72
RR-3430,Paid,-85.55,Material ACCOUNT National Shop Returns,,(2) BD Duration Shingle,17461.50,0.00,Yes,New,Roofing,Residential,1924.70,9762.69,https://my.acculynx.com/jobs/5e593629-974b-4eb6-b98a-d2e5d9f9fcc8
RR-3430,Paid,-298.72,Material ACCOUNT National Returns,,(10) 1/2 Plywood,17461.50,0.00,Yes,New,Roofing,Residential,1924.70,9762.69,https://my.acculynx.com/jobs/5e593629-974b-4eb6-b98a-d2e5d9f9fcc8
RR-3430,Paid,182.70,Platinum Warranty,OC-2026-WR-2313718,,17461.50,0.00,Yes,New,Roofing,Residential,1924.70,9762.69,https://my.acculynx.com/jobs/5e593629-974b-4eb6-b98a-d2e5d9f9fcc8
RR-3430,Paid,4266.35,Material ACCOUNT National,0049180112-001,,17461.50,0.00,Yes,New,Roofing,Residential,1924.70,9762.69,https://my.acculynx.com/jobs/5e593629-974b-4eb6-b98a-d2e5d9f9fcc8
RR-3430,Paid,227.84,Material ACCOUNT National,0049286008-001,,17461.50,0.00,Yes,New,Roofing,Residential,1924.70,9762.69,https://my.acculynx.com/jobs/5e593629-974b-4eb6-b98a-d2e5d9f9fcc8
RR-3430,Paid,85.37,Material ACCOUNT National Shop,,(1) Lifetime Bath Vent,17461.50,0.00,Yes,New,Roofing,Residential,1924.70,9762.69,https://my.acculynx.com/jobs/5e593629-974b-4eb6-b98a-d2e5d9f9fcc8
RR-3430,Paid,680.00,Labor Flawless Roofing Dump ,,,17461.50,0.00,Yes,New,Roofing,Residential,1924.70,9762.69,https://my.acculynx.com/jobs/5e593629-974b-4eb6-b98a-d2e5d9f9fcc8
RR-3430,Paid,2780.00,Labor Flawless Roofing Pay,,,17461.50,0.00,Yes,New,Roofing,Residential,1924.70,9762.69,https://my.acculynx.com/jobs/5e593629-974b-4eb6-b98a-d2e5d9f9fcc8
RR-3430,Additional,1924.70,Joseph Cassara Commission,,T,17461.50,0.00,No,New,Roofing,Residential,1924.70,9762.69,https://my.acculynx.com/jobs/5e593629-974b-4eb6-b98a-d2e5d9f9fcc8
RR-3462,Paid,200.00,Labor Flawless Roofing Pay,,,1422.64,0.00,Yes,Repair,Roofing,Residential,131.73,595.70,https://my.acculynx.com/jobs/2489f1ea-573b-4288-aa0f-927f3592162e
RR-3462,Paid,263.97,Material ACCOUNT National,0049400534-001,,1422.64,0.00,Yes,Repair,Roofing,Residential,131.73,595.70,https://my.acculynx.com/jobs/2489f1ea-573b-4288-aa0f-927f3592162e
RR-3462,Additional,131.73,Michael Dietrich Commission,,Comm (T) ,1422.64,0.00,No,Repair,Roofing,Residential,131.73,595.70,https://my.acculynx.com/jobs/2489f1ea-573b-4288-aa0f-927f3592162e
RR-3429,Paid,344.75,Sales Tax,,,3940.00,0.00,Yes,Repair,"Gutters & Soffits, Roofing",Residential,406.53,3038.90,https://my.acculynx.com/jobs/d72c39b4-fcaf-4718-8ded-772b5686a2a9
RR-3429,Paid,725.00,Labor V&D Family Home Remodeling Corp Pay,,,3940.00,0.00,Yes,Repair,"Gutters & Soffits, Roofing",Residential,406.53,3038.90,https://my.acculynx.com/jobs/d72c39b4-fcaf-4718-8ded-772b5686a2a9
RR-3429,Additional,406.53,Michael Dietrich Commission,,T,3940.00,0.00,No,Repair,"Gutters & Soffits, Roofing",Residential,406.53,3038.90,https://my.acculynx.com/jobs/d72c39b4-fcaf-4718-8ded-772b5686a2a9
RR-3429,Paid,837.62,Material ACCOUNT National,49278784,,3940.00,0.00,Yes,Repair,"Gutters & Soffits, Roofing",Residential,406.53,3038.90,https://my.acculynx.com/jobs/d72c39b4-fcaf-4718-8ded-772b5686a2a9
RR-3429,Paid,725.00,Labor V&D Family Home Remodeling Corp Pay,,Full Day,3940.00,0.00,No,Repair,"Gutters & Soffits, Roofing",Residential,406.53,3038.90,https://my.acculynx.com/jobs/d72c39b4-fcaf-4718-8ded-772b5686a2a9
RR-3372,Paid,271.88,Material ACCOUNT National Shop,,(2) BX Gutter Guards,2600.00,0.00,Yes,New,Gutters & Soffits,Residential,0.00,1321.88,https://my.acculynx.com/jobs/c62eab9c-35a7-4157-b0d5-3b9c26ea7ae5
RR-3372,Paid,1050.00,Labor All About Gutters,,,2600.00,0.00,Yes,New,Gutters & Soffits,Residential,0.00,1321.88,https://my.acculynx.com/jobs/c62eab9c-35a7-4157-b0d5-3b9c26ea7ae5
RR-3492,Paid,475.00,Labor All About Gutters,,,2100.00,0.00,Yes,New,Gutters & Soffits,Residential,325.00,800.00,https://my.acculynx.com/jobs/7e7de058-1a81-4b96-a336-078135eb3264
RR-3492,Additional,325.00,Joseph Cassara Commission,,(T),2100.00,0.00,No,New,Gutters & Soffits,Residential,325.00,800.00,https://my.acculynx.com/jobs/7e7de058-1a81-4b96-a336-078135eb3264
RR-3300,Paid,675.00,Labor CASH Flawless Roofing Pay,,,2300.00,0.00,Yes,Repair,Roofing,Residential,265.38,1238.47,https://my.acculynx.com/jobs/77ff8426-cd56-4dfd-a24d-1a9a2805c5b3
RR-3300,Paid,261.11,Material ACCOUNT National,48086003,,2300.00,0.00,Yes,Repair,Roofing,Residential,265.38,1238.47,https://my.acculynx.com/jobs/77ff8426-cd56-4dfd-a24d-1a9a2805c5b3
RR-3300,Paid,36.98,Material ACCOUNT National Shop,,(4) Silicone,2300.00,0.00,Yes,Repair,Roofing,Residential,265.38,1238.47,https://my.acculynx.com/jobs/77ff8426-cd56-4dfd-a24d-1a9a2805c5b3
RR-3300,Additional,265.38,Michael Dietrich Commission,,T,2300.00,0.00,No,Repair,Roofing,Residential,265.38,1238.47,https://my.acculynx.com/jobs/77ff8426-cd56-4dfd-a24d-1a9a2805c5b3
RR-3533,Additional,117.30,Michael Meinardus Commission,,T,3477.27,0.00,No,Repair,Roofing,Commercial,234.60,2538.86,https://my.acculynx.com/jobs/24215fea-ff0b-44c9-92d3-19c8f2c00db7
RR-3533,Additional,117.30,Joseph Elshazly Commission,,T,3477.27,0.00,No,Repair,Roofing,Commercial,234.60,2538.86,https://my.acculynx.com/jobs/24215fea-ff0b-44c9-92d3-19c8f2c00db7
RR-3533,Paid,304.26,Sales Tax,,,3477.27,0.00,Yes,Repair,Roofing,Commercial,234.60,2538.86,https://my.acculynx.com/jobs/24215fea-ff0b-44c9-92d3-19c8f2c00db7
RR-3533,Paid,2000.00,Labor Brentwood Roofing And Contracting Inc,,,3477.27,0.00,Yes,Repair,Roofing,Commercial,234.60,2538.86,https://my.acculynx.com/jobs/24215fea-ff0b-44c9-92d3-19c8f2c00db7
RR-3499,Paid,1900.00,Labor Ian RenewUSA solar,,,3285.00,0.00,Yes,Repair,Roofing,Residential,0.00,2674.94,https://my.acculynx.com/jobs/bed689d9-fa05-48e9-bfbd-7dc859046d8a
RR-3499,Paid,287.44,Sales Tax,,,3285.00,0.00,Yes,Repair,Roofing,Residential,0.00,2674.94,https://my.acculynx.com/jobs/bed689d9-fa05-48e9-bfbd-7dc859046d8a
RR-3499,Paid,412.50,Labor CASH V&D Family Home Remodeling Corp Pay,,,3285.00,0.00,Yes,Repair,Roofing,Residential,0.00,2674.94,https://my.acculynx.com/jobs/bed689d9-fa05-48e9-bfbd-7dc859046d8a
RR-3499,Additional,0.00,Michael Dietrich commission,,Only 10% comm (T),3285.00,0.00,No,Repair,Roofing,Residential,0.00,2674.94,https://my.acculynx.com/jobs/bed689d9-fa05-48e9-bfbd-7dc859046d8a
RR-3499,Paid,75.00,Labor CASH V&D Family Home Remodeling Corp Pay,,,3285.00,0.00,No,Repair,Roofing,Residential,0.00,2674.94,https://my.acculynx.com/jobs/bed689d9-fa05-48e9-bfbd-7dc859046d8a
RR-3199,Paid,486.66,Material ACCOUNT National,0047374175-001,,3200.00,0.00,Yes,Repair,Roofing,Commercial,0.00,1686.66,https://my.acculynx.com/jobs/7d2bd5b7-0918-40e3-bd10-92260cdf2d4d
RR-3199,Paid,1200.00,Labor Brentwood Roofing And Contracting Inc,,,3200.00,0.00,Yes,Repair,Roofing,Commercial,0.00,1686.66,https://my.acculynx.com/jobs/7d2bd5b7-0918-40e3-bd10-92260cdf2d4d
RR-3528,Paid,291.67,Sales Tax,,,3333.33,0.00,Yes,Repair,Roofing,Residential,343.98,1957.41,https://my.acculynx.com/jobs/a4be699c-a5b0-434f-bcda-ab78ba3ee8db
RR-3528,Paid,758.32,Material ACCOUNT National,0050122650-001,,3333.33,0.00,Yes,Repair,Roofing,Residential,343.98,1957.41,https://my.acculynx.com/jobs/a4be699c-a5b0-434f-bcda-ab78ba3ee8db
RR-3528,Paid,850.00,Labor V&D Family Home Remodeling Corp Pay,,,3333.33,0.00,Yes,Repair,Roofing,Residential,343.98,1957.41,https://my.acculynx.com/jobs/a4be699c-a5b0-434f-bcda-ab78ba3ee8db
RR-3528,Paid,-286.56,Material ACCOUNT National Returns,,(6) Harbor Blue (1) Plywood,3333.33,0.00,Yes,Repair,Roofing,Residential,343.98,1957.41,https://my.acculynx.com/jobs/a4be699c-a5b0-434f-bcda-ab78ba3ee8db
RR-3528,Additional,343.98,Francesco Ambrosio Commission,,T,3333.33,0.00,No,Repair,Roofing,Residential,343.98,1957.41,https://my.acculynx.com/jobs/a4be699c-a5b0-434f-bcda-ab78ba3ee8db
RR-3221,Additional,417.23,Michael Dietrich Commission,,T,3100.00,0.00,No,Repair,Roofing,Residential,417.23,1414.30,https://my.acculynx.com/jobs/64fe2c2a-29fb-4958-be75-ba157f4eb54f
RR-3221,Paid,-116.75,Material AMEX Home Depot Returns,,(1) PC 1/2 Plywood (2) BD GAF Shingle,3100.00,0.00,Yes,Repair,Roofing,Residential,417.23,1414.30,https://my.acculynx.com/jobs/64fe2c2a-29fb-4958-be75-ba157f4eb54f
RR-3221,Paid,675.00,Labor CASH Flawless Roofing Pay,,,3100.00,0.00,Yes,Repair,Roofing,Residential,417.23,1414.30,https://my.acculynx.com/jobs/64fe2c2a-29fb-4958-be75-ba157f4eb54f
RR-3221,Paid,90.92,Material AMEX Home Depot,H1282-206529,,3100.00,0.00,Yes,Repair,Roofing,Residential,417.23,1414.30,https://my.acculynx.com/jobs/64fe2c2a-29fb-4958-be75-ba157f4eb54f
RR-3221,Paid,27.30,Material ACCOUNT National Shop,,(1) Aluminum Pipe Flange(2) Silicone,3100.00,0.00,Yes,Repair,Roofing,Residential,417.23,1414.30,https://my.acculynx.com/jobs/64fe2c2a-29fb-4958-be75-ba157f4eb54f
RR-3221,Paid,162.21,Material AMEX Home Depot,H1282-206536,,3100.00,0.00,Yes,Repair,Roofing,Residential,417.23,1414.30,https://my.acculynx.com/jobs/64fe2c2a-29fb-4958-be75-ba157f4eb54f
RR-3221,Paid,52.18,Material ACCOUNT National,0047560660-001,,3100.00,0.00,Yes,Repair,Roofing,Residential,417.23,1414.30,https://my.acculynx.com/jobs/64fe2c2a-29fb-4958-be75-ba157f4eb54f
RR-3221,Paid,106.21,Material ACCOUNT National,0047555275-001,,3100.00,0.00,Yes,Repair,Roofing,Residential,417.23,1414.30,https://my.acculynx.com/jobs/64fe2c2a-29fb-4958-be75-ba157f4eb54f
RR-3523,Paid,245.00,Sales Tax,,,2800.00,0.00,Yes,Repair,Roofing,Residential,199.48,1600.68,https://my.acculynx.com/jobs/ee3d5186-801f-4c2d-b414-acab3f628231
RR-3523,Additional,199.48,Michael Dietrich commission,,T,2800.00,0.00,No,Repair,Roofing,Residential,199.48,1600.68,https://my.acculynx.com/jobs/ee3d5186-801f-4c2d-b414-acab3f628231
RR-3523,Paid,725.00,Labor V&D Family Home Remodeling Corp Pay,,,2800.00,0.00,Yes,Repair,Roofing,Residential,199.48,1600.68,https://my.acculynx.com/jobs/ee3d5186-801f-4c2d-b414-acab3f628231
RR-3523,Paid,109.29,Material ACCOUNT National Shop Returns,,(1) 1/2 Plywood(1) Step Flashing,2800.00,0.00,Yes,Repair,Roofing,Residential,199.48,1600.68,https://my.acculynx.com/jobs/ee3d5186-801f-4c2d-b414-acab3f628231
RR-3523,Paid,456.76,Material ACCOUNT National,0050056063-001,,2800.00,0.00,Yes,Repair,Roofing,Residential,199.48,1600.68,https://my.acculynx.com/jobs/ee3d5186-801f-4c2d-b414-acab3f628231
RR-3523,Paid,-44.23,Material ACCOUNT National Returns,,(1) BD GAF Shingle,2800.00,0.00,Yes,Repair,Roofing,Residential,199.48,1600.68,https://my.acculynx.com/jobs/ee3d5186-801f-4c2d-b414-acab3f628231
RR-3523,Paid,-90.62,Material ACCOUNT National Returns,0050341843-001,,2800.00,0.00,No,Repair,Roofing,Residential,199.48,1600.68,https://my.acculynx.com/jobs/ee3d5186-801f-4c2d-b414-acab3f628231
RR-3468,Paid,350.00,Labor All About Gutters,,,2282.50,0.00,Yes,Repair,Roofing,Residential,200.64,1479.96,https://my.acculynx.com/jobs/666d1406-cb6e-4722-9421-70edfbc78037
RR-3468,Additional,200.64,Michael Dietrich Commission,,T,2282.50,0.00,No,Repair,Roofing,Residential,200.64,1479.96,https://my.acculynx.com/jobs/666d1406-cb6e-4722-9421-70edfbc78037
RR-3468,Paid,204.32,Material ACCOUNT National,0049478402-001,,2282.50,0.00,Yes,Repair,Roofing,Residential,200.64,1479.96,https://my.acculynx.com/jobs/666d1406-cb6e-4722-9421-70edfbc78037
RR-3468,Paid,725.00,Labor V&D Family Home Remodeling Corp Pay,,,2282.50,0.00,Yes,Repair,Roofing,Residential,200.64,1479.96,https://my.acculynx.com/jobs/666d1406-cb6e-4722-9421-70edfbc78037
RR-3282,Paid,675.00,Labor CASH V&D Family Home Remodeling Corp Pay,,,3075.00,0.00,Yes,Repair,Roofing,Residential,385.82,1531.74,https://my.acculynx.com/jobs/279cd5fa-3847-4954-b0b3-aa851aae815f
RR-3282,Paid,265.22,Sales Tax,,,3075.00,0.00,Yes,Repair,Roofing,Residential,385.82,1531.74,https://my.acculynx.com/jobs/279cd5fa-3847-4954-b0b3-aa851aae815f
RR-3282,Additional,385.85,Francesco Commission,,T,3075.00,0.00,No,Repair,Roofing,Residential,385.82,1531.74,https://my.acculynx.com/jobs/279cd5fa-3847-4954-b0b3-aa851aae815f
RR-3282,Paid,-248.76,Material ACCOUNT National Returns,,(3) GAF Shingle(2) 1/2 Plywood(1) OC Starter Strip,3075.00,0.00,Yes,Repair,Roofing,Residential,385.82,1531.74,https://my.acculynx.com/jobs/279cd5fa-3847-4954-b0b3-aa851aae815f
RR-3282,Paid,454.46,Material ACCOUNT National,0048043253-001,,3075.00,0.00,Yes,Repair,Roofing,Residential,385.82,1531.74,https://my.acculynx.com/jobs/279cd5fa-3847-4954-b0b3-aa851aae815f
RR-3282,Additional,-0.03,Commissions Adjustments,,,3075.00,0.00,No,Repair,Roofing,Residential,385.82,1531.74,https://my.acculynx.com/jobs/279cd5fa-3847-4954-b0b3-aa851aae815f
RR-3489,Paid,112.50,Sales Tax,,,1285.71,0.00,Yes,Repair,Roofing,Residential,0.00,837.50,https://my.acculynx.com/jobs/eda1ba53-c3c9-4155-a10e-e2bc681c658b
RR-3489,Paid,725.00,Labor V&D Family Home Remodeling Corp Pay,,,1285.71,0.00,Yes,Repair,Roofing,Residential,0.00,837.50,https://my.acculynx.com/jobs/eda1ba53-c3c9-4155-a10e-e2bc681c658b
RR-3489,Paid,123.20,Material ACCOUNT National,0049760006-001,,1285.71,0.00,Yes,Repair,Roofing,Residential,0.00,837.50,https://my.acculynx.com/jobs/eda1ba53-c3c9-4155-a10e-e2bc681c658b
RR-3489,Paid,-123.20,Material ACCOUNT National Returns,0050334922-001,,1285.71,0.00,No,Repair,Roofing,Residential,0.00,837.50,https://my.acculynx.com/jobs/eda1ba53-c3c9-4155-a10e-e2bc681c658b
RR-3338,Paid,-44.23,Material ACCOUNT National Returns,,(1) BD Oyster Gray,2803.53,0.00,Yes,Repair,Roofing,Residential,411.61,1157.10,https://my.acculynx.com/jobs/3ae4c449-7c3e-4338-9428-f1ebda643745
RR-3338,Paid,10.28,Material ACCOUNT National,,,2803.53,0.00,Yes,Repair,Roofing,Residential,411.61,1157.10,https://my.acculynx.com/jobs/3ae4c449-7c3e-4338-9428-f1ebda643745
RR-3338,Paid,83.24,Material AMEX Home Depot,H1265-366581,,2803.53,0.00,Yes,Repair,Roofing,Residential,411.61,1157.10,https://my.acculynx.com/jobs/3ae4c449-7c3e-4338-9428-f1ebda643745
RR-3338,Paid,26.26,Material ACCOUNT National Shop,,(3) Silicone,2803.53,0.00,Yes,Repair,Roofing,Residential,411.61,1157.10,https://my.acculynx.com/jobs/3ae4c449-7c3e-4338-9428-f1ebda643745
RR-3338,Paid,43.50,Material ACCOUNT ABC,2008104358,,2803.53,0.00,Yes,Repair,Roofing,Residential,411.61,1157.10,https://my.acculynx.com/jobs/3ae4c449-7c3e-4338-9428-f1ebda643745
RR-3338,Paid,-22.09,Material AMEX Home Depot Returns,,2x2 Pvc Pipe Proflec 2x 1 1/2 CouplingDiabo 9 Saw blade,2803.53,0.00,Yes,Repair,Roofing,Residential,411.61,1157.10,https://my.acculynx.com/jobs/3ae4c449-7c3e-4338-9428-f1ebda643745
RR-3338,Paid,362.50,Labor CASH V&D Family Home Remodeling Corp Pay,,,2803.53,0.00,Yes,Repair,Roofing,Residential,411.61,1157.10,https://my.acculynx.com/jobs/3ae4c449-7c3e-4338-9428-f1ebda643745
RR-3338,Paid,44.23,Material ACCOUNT National,0048373396-0010048373396-001,,2803.53,0.00,Yes,Repair,Roofing,Residential,411.61,1157.10,https://my.acculynx.com/jobs/3ae4c449-7c3e-4338-9428-f1ebda643745
RR-3338,Paid,241.80,Sales Tax,,,2803.53,0.00,Yes,Repair,Roofing,Residential,411.61,1157.10,https://my.acculynx.com/jobs/3ae4c449-7c3e-4338-9428-f1ebda643745
RR-3338,Additional,411.61,Michael Dietrich Commission,,T,2803.53,0.00,No,Repair,Roofing,Residential,411.61,1157.10,https://my.acculynx.com/jobs/3ae4c449-7c3e-4338-9428-f1ebda643745
RR-3230,Paid,675.00,Labor CASH V&D Family Home Remodeling Corp Pay,,,1603.50,0.00,Yes,Repair,Roofing,Residential,182.75,872.49,https://my.acculynx.com/jobs/8185362e-0a7e-475a-83a7-edc29605a454
RR-3230,Paid,14.74,Material ACCOUNT National Shop,,(1) BX White Trim Nail ,1603.50,0.00,Yes,Repair,Roofing,Residential,182.75,872.49,https://my.acculynx.com/jobs/8185362e-0a7e-475a-83a7-edc29605a454
RR-3230,Additional,182.75,Michael Dietrich Commission,,T,1603.50,0.00,No,Repair,Roofing,Residential,182.75,872.49,https://my.acculynx.com/jobs/8185362e-0a7e-475a-83a7-edc29605a454
RR-3527,Paid,850.00,Labor V&D Family Home Remodeling Corp Pay,,,3333.33,0.00,Yes,Repair,Roofing,Residential,375.85,1829.94,https://my.acculynx.com/jobs/a8d4faa8-1391-4096-b70b-1d0551d15421
RR-3527,Paid,-446.42,Material ACCOUNT National Returns,,(6) Harbor Blue (1) Plywood (1) Aluminum Trim Coil,3333.33,0.00,Yes,Repair,Roofing,Residential,375.85,1829.94,https://my.acculynx.com/jobs/a8d4faa8-1391-4096-b70b-1d0551d15421
RR-3527,Paid,291.67,Sales Tax,,,3333.33,0.00,Yes,Repair,Roofing,Residential,375.85,1829.94,https://my.acculynx.com/jobs/a8d4faa8-1391-4096-b70b-1d0551d15421
RR-3527,Paid,758.84,Material ACCOUNT National,0050122337-001,,3333.33,0.00,Yes,Repair,Roofing,Residential,375.85,1829.94,https://my.acculynx.com/jobs/a8d4faa8-1391-4096-b70b-1d0551d15421
RR-3527,Additional,375.85,Francesco Ambrosio Commission,,T,3333.33,0.00,No,Repair,Roofing,Residential,375.85,1829.94,https://my.acculynx.com/jobs/a8d4faa8-1391-4096-b70b-1d0551d15421
RR-3341,Paid,500.00,Labor Brentwood Roofing And Contracting Inc,,,975.00,0.00,Yes,Repair,Roofing,Commercial,0.00,585.31,https://my.acculynx.com/jobs/6b74ac07-12b8-41aa-ae1e-04db11fe69b0
RR-3341,Paid,85.31,Sales Tax ,,,975.00,0.00,Yes,Repair,Roofing,Commercial,0.00,585.31,https://my.acculynx.com/jobs/6b74ac07-12b8-41aa-ae1e-04db11fe69b0
RR-3448,Paid,-29.91,Material ACCOUNT National Shop Returns,,(1) 1/2 Plywood - Kept in the truck,2100.00,0.00,Yes,Repair,Roofing,Residential,0.00,1643.13,https://my.acculynx.com/jobs/712a04a6-9eea-4967-b3e0-663f688a6abd
RR-3448,Paid,725.41,Material ACCOUNT National,0049331688-001,,2100.00,0.00,Yes,Repair,Roofing,Residential,0.00,1643.13,https://my.acculynx.com/jobs/712a04a6-9eea-4967-b3e0-663f688a6abd
RR-3448,Paid,183.75,Sales Tax,,,2100.00,0.00,Yes,Repair,Roofing,Residential,0.00,1643.13,https://my.acculynx.com/jobs/712a04a6-9eea-4967-b3e0-663f688a6abd
RR-3448,Paid,38.88,Material ACCOUNT National Shop,,(1) 3/4 Plywood,2100.00,0.00,Yes,Repair,Roofing,Residential,0.00,1643.13,https://my.acculynx.com/jobs/712a04a6-9eea-4967-b3e0-663f688a6abd
RR-3448,Paid,725.00,Labor Flawless Roofing Pay,,,2100.00,0.00,Yes,Repair,Roofing,Residential,0.00,1643.13,https://my.acculynx.com/jobs/712a04a6-9eea-4967-b3e0-663f688a6abd
RR-3529,Additional,345.78,Francesco Ambrosio Commission,,T,3333.33,0.00,No,Repair,Roofing,Residential,345.78,1949.10,https://my.acculynx.com/jobs/fc27b2fb-0c15-40f7-a8c5-9082540eac9f
RR-3529,Paid,850.00,Labor V&D Family Home Remodeling Corp Pay,,,3333.33,0.00,Yes,Repair,Roofing,Residential,345.78,1949.10,https://my.acculynx.com/jobs/fc27b2fb-0c15-40f7-a8c5-9082540eac9f
RR-3529,Paid,291.67,Sales Tax,,,3333.33,0.00,Yes,Repair,Roofing,Residential,345.78,1949.10,https://my.acculynx.com/jobs/fc27b2fb-0c15-40f7-a8c5-9082540eac9f
RR-3529,Paid,868.93,Material ACCOUNT National,0050122851-001,,3333.33,0.00,Yes,Repair,Roofing,Residential,345.78,1949.10,https://my.acculynx.com/jobs/fc27b2fb-0c15-40f7-a8c5-9082540eac9f
RR-3529,Paid,-407.28,Material ACCOUNT National Returns,0050421025-001,(6) Harbor Blue (1) Pro Armor Underlayment(1) Plywood,3333.33,0.00,Yes,Repair,Roofing,Residential,345.78,1949.10,https://my.acculynx.com/jobs/fc27b2fb-0c15-40f7-a8c5-9082540eac9f
RR-3756,Paid,74.71,Material ACCOUNT National,0051582398-001,silicone split from 3739 ,0.00,0.00,Yes,Repair,Call Back,Property Management,0.00,74.71,https://my.acculynx.com/jobs/b53b0088-d570-4dc4-a8fc-ab73d04d9b3e
RR-3758,Paid,83.01,Material ACCOUNT National,0051634995-001,Split from 3750 (trim coil is for that job) ,0.00,0.00,Yes,New,Call Back,Residential,0.00,83.01,https://my.acculynx.com/jobs/d46c1a17-d604-4645-90a4-2df9984a8968
RR-3802,Paid,1500.00,Labor Brentwood Roofing And Contracting Inc,,,0.00,0.00,Yes,Repair,Call Back,Commercial,0.00,1500.00,https://my.acculynx.com/jobs/389b7fdc-3205-4747-93ef-715f12f776a0
RR-3777,Additional,350.00,SWJ Commission,,T,3500.00,0.00,No,Upsell / Change Order,Roofing,Residential,350.00,1320.02,https://my.acculynx.com/jobs/6e3b9251-f70f-4787-b352-c4319919af03
RR-3777,Paid,100.00,Labor SWJ Construction Pay,,,3500.00,0.00,Yes,Upsell / Change Order,Roofing,Residential,350.00,1320.02,https://my.acculynx.com/jobs/6e3b9251-f70f-4787-b352-c4319919af03
RR-3777,Paid,870.02,Material ACCOUNT National,0051619747-001,,3500.00,0.00,Yes,Upsell / Change Order,Roofing,Residential,350.00,1320.02,https://my.acculynx.com/jobs/6e3b9251-f70f-4787-b352-c4319919af03
RR-3564,Paid,-36.98,Material ACCOUNT National Shop Returns,,(1) 5/8 - Kept in the truck,12707.13,0.00,Yes,New,Roofing,Residential,706.82,8702.91,https://my.acculynx.com/jobs/fc4cb3f2-923a-47f1-806d-8653104af3ff
RR-3564,Paid,1779.00,Dealer CC Fee,,Dealer Fee,12707.13,0.00,Yes,New,Roofing,Residential,706.82,8702.91,https://my.acculynx.com/jobs/fc4cb3f2-923a-47f1-806d-8653104af3ff
RR-3564,Paid,495.30,Material ACCOUNT National,0050390039-001,split from upsell file,12707.13,0.00,Yes,New,Roofing,Residential,706.82,8702.91,https://my.acculynx.com/jobs/fc4cb3f2-923a-47f1-806d-8653104af3ff
RR-3564,Paid,-299.06,Material ACCOUNT National Returns,,(10) 1/2 Plywood - Return on national truck ,12707.13,0.00,Yes,New,Roofing,Residential,706.82,8702.91,https://my.acculynx.com/jobs/fc4cb3f2-923a-47f1-806d-8653104af3ff
RR-3564,Paid,815.63,Material AMEX American Chimney,45133,,12707.13,0.00,Yes,New,Roofing,Residential,706.82,8702.91,https://my.acculynx.com/jobs/fc4cb3f2-923a-47f1-806d-8653104af3ff
RR-3564,Paid,146.81,Platinum Warranty,OC-2026-WR-2352259,,12707.13,0.00,Yes,New,Roofing,Residential,706.82,8702.91,https://my.acculynx.com/jobs/fc4cb3f2-923a-47f1-806d-8653104af3ff
RR-3564,Paid,1980.00,Labor Flawless Roofing Pay,,,12707.13,0.00,Yes,New,Roofing,Residential,706.82,8702.91,https://my.acculynx.com/jobs/fc4cb3f2-923a-47f1-806d-8653104af3ff
RR-3564,Additional,706.82,Joseph Cassara Commission,,15% Comm only (T),12707.13,0.00,No,New,Roofing,Residential,706.82,8702.91,https://my.acculynx.com/jobs/fc4cb3f2-923a-47f1-806d-8653104af3ff
RR-3564,Paid,2663.52,Material ACCOUNT National,50340336,,12707.13,0.00,Yes,New,Roofing,Residential,706.82,8702.91,https://my.acculynx.com/jobs/fc4cb3f2-923a-47f1-806d-8653104af3ff
RR-3564,Paid,580.00,Labor Flawless Roofing Dump ,,,12707.13,0.00,Yes,New,Roofing,Residential,706.82,8702.91,https://my.acculynx.com/jobs/fc4cb3f2-923a-47f1-806d-8653104af3ff
RR-3564,Paid,-85.36,Material ACCOUNT National Returns,0050789560-001,BATH/ DRYER VENT,12707.13,0.00,Yes,New,Roofing,Residential,706.82,8702.91,https://my.acculynx.com/jobs/fc4cb3f2-923a-47f1-806d-8653104af3ff
RR-3564,Paid,-42.77,Material ACCOUNT National Returns,0050420580-001,(1) BD Duration Shingle,12707.13,0.00,Yes,New,Roofing,Residential,706.82,8702.91,https://my.acculynx.com/jobs/fc4cb3f2-923a-47f1-806d-8653104af3ff
RR-3637,Paid,725.34,Material ACCOUNT National,0050889970-001,,4460.00,0.00,Yes,Repair,Roofing,Residential,499.00,2464.59,https://my.acculynx.com/jobs/4307292b-3f2d-4ea5-9c4f-d9002b061c1f
RR-3637,Paid,390.25,Sales Tax,,,4460.00,0.00,Yes,Repair,Roofing,Residential,499.00,2464.59,https://my.acculynx.com/jobs/4307292b-3f2d-4ea5-9c4f-d9002b061c1f
RR-3637,Paid,850.00,Labor CASH Flawless Roofing Pay,,,4460.00,0.00,Yes,Repair,Roofing,Residential,499.00,2464.59,https://my.acculynx.com/jobs/4307292b-3f2d-4ea5-9c4f-d9002b061c1f
RR-3637,Additional,499.00,Michael Dietrich Commission,,T,4460.00,0.00,No,Repair,Roofing,Residential,499.00,2464.59,https://my.acculynx.com/jobs/4307292b-3f2d-4ea5-9c4f-d9002b061c1f
RR-3610,Paid,-43.50,Material ACCOUNT National Returns ,,(1) BD GAF Shingle - Returned to warehouse pallet,2050.00,0.00,Yes,Repair,Roofing,Residential,190.04,1289.84,https://my.acculynx.com/jobs/84891508-d8c9-4960-9403-9faa19bcc7cb
RR-3610,Paid,418.30,Material ACCOUNT National ,0050662816-001,,2050.00,0.00,Yes,Repair,Roofing,Residential,190.04,1289.84,https://my.acculynx.com/jobs/84891508-d8c9-4960-9403-9faa19bcc7cb
RR-3610,Additional,190.04,Michael Dietrich Commission,,T,2050.00,0.00,No,Repair,Roofing,Residential,190.04,1289.84,https://my.acculynx.com/jobs/84891508-d8c9-4960-9403-9faa19bcc7cb
RR-3610,Paid,725.00,Labor SWJ Construction Pay,,,2050.00,0.00,Yes,Repair,Roofing,Residential,190.04,1289.84,https://my.acculynx.com/jobs/84891508-d8c9-4960-9403-9faa19bcc7cb
RR-3571,Paid,500.00,Labor Zion Electrical Contracting INC,,,25112.75,0.00,Yes,New,Roofing,Residential,2604.56,14697.93,https://my.acculynx.com/jobs/cea588c9-dc36-45a0-a1de-257af8d6d70f
RR-3571,Paid,5607.93,Material ACCOUNT National ,0050582800-001,,25112.75,0.00,Yes,New,Roofing,Residential,2604.56,14697.93,https://my.acculynx.com/jobs/cea588c9-dc36-45a0-a1de-257af8d6d70f
RR-3571,Paid,-214.53,Material ACCOUNT National Returns ,0050692827-001,(5) 3/4" Plywood ,25112.75,0.00,Yes,New,Roofing,Residential,2604.56,14697.93,https://my.acculynx.com/jobs/cea588c9-dc36-45a0-a1de-257af8d6d70f
RR-3571,Paid,242.51,Platinum Warranty ,OC-2026-WR-2365078,,25112.75,0.00,Yes,New,Roofing,Residential,2604.56,14697.93,https://my.acculynx.com/jobs/cea588c9-dc36-45a0-a1de-257af8d6d70f
RR-3571,Paid,1255.64,Dealer CC Fee,,Dealer Fee,25112.75,0.00,Yes,New,Roofing,Residential,2604.56,14697.93,https://my.acculynx.com/jobs/cea588c9-dc36-45a0-a1de-257af8d6d70f
RR-3571,Paid,3780.00,Labor Flawless Roofing Pay,,,25112.75,0.00,Yes,New,Roofing,Residential,2604.56,14697.93,https://my.acculynx.com/jobs/cea588c9-dc36-45a0-a1de-257af8d6d70f
RR-3571,Additional,2604.56,Joseph Cassara Commission,,T,25112.75,0.00,No,New,Roofing,Residential,2604.56,14697.93,https://my.acculynx.com/jobs/cea588c9-dc36-45a0-a1de-257af8d6d70f
RR-3571,Paid,1050.00,Labor Flawless Roofing Dump,,,25112.75,0.00,Yes,New,Roofing,Residential,2604.56,14697.93,https://my.acculynx.com/jobs/cea588c9-dc36-45a0-a1de-257af8d6d70f
RR-3571,Paid,-128.18,Material ACCOUNT National Returns ,,(3) BD Duration Shingle,25112.75,0.00,Yes,New,Roofing,Residential,2604.56,14697.93,https://my.acculynx.com/jobs/cea588c9-dc36-45a0-a1de-257af8d6d70f
RR-3605,Paid,2840.00,Labor Flawless Roofing Pay,,,19924.55,0.00,Yes,New,Roofing,Residential,1969.31,12027.01,https://my.acculynx.com/jobs/1ed52c10-fa90-413a-8b0d-789bac0701ca
RR-3605,Paid,930.00,Labor Flawless Roofing Dump,,,19924.55,0.00,Yes,New,Roofing,Residential,1969.31,12027.01,https://my.acculynx.com/jobs/1ed52c10-fa90-413a-8b0d-789bac0701ca
RR-3605,Paid,218.59,Platinum Warranty ,OC-2026-WR-2365066,,19924.55,0.00,Yes,New,Roofing,Residential,1969.31,12027.01,https://my.acculynx.com/jobs/1ed52c10-fa90-413a-8b0d-789bac0701ca
RR-3605,Additional,1969.31,Michael Dietrich Commission,,T,19924.55,0.00,No,New,Roofing,Residential,1969.31,12027.01,https://my.acculynx.com/jobs/1ed52c10-fa90-413a-8b0d-789bac0701ca
RR-3605,Paid,996.23,Dealer CC Fee,,Dealer Fee,19924.55,0.00,Yes,New,Roofing,Residential,1969.31,12027.01,https://my.acculynx.com/jobs/1ed52c10-fa90-413a-8b0d-789bac0701ca
RR-3605,Paid,460.01,Material ACCOUNT National ,0050672117-001,Split from upcharge file ,19924.55,0.00,Yes,New,Roofing,Residential,1969.31,12027.01,https://my.acculynx.com/jobs/1ed52c10-fa90-413a-8b0d-789bac0701ca
RR-3605,Paid,4888.01,Material ACCOUNT National ,,,19924.55,0.00,Yes,New,Roofing,Residential,1969.31,12027.01,https://my.acculynx.com/jobs/1ed52c10-fa90-413a-8b0d-789bac0701ca
RR-3605,Paid,-79.38,Material ACCOUNT National Returns,0050776045-001,This is missing from our return in Billtrust,19924.55,0.00,No,New,Roofing,Residential,1969.31,12027.01,https://my.acculynx.com/jobs/1ed52c10-fa90-413a-8b0d-789bac0701ca
RR-3605,Paid,-195.76,Material ACCOUNT National Returns ,0050776045-001,(4) BD Designer Shingle,19924.55,0.00,Yes,New,Roofing,Residential,1969.31,12027.01,https://my.acculynx.com/jobs/1ed52c10-fa90-413a-8b0d-789bac0701ca
RR-3574,Paid,-789.51,Material ACCOUNT National Shop Returns,,(18) BD Duration Shingle ,21916.35,0.00,Yes,New,Roofing,Residential,1823.04,14624.20,https://my.acculynx.com/jobs/569288ca-e244-4c25-b66c-412ab77c497e
RR-3574,Paid,226.87,Material ACCOUNT National Shop,,(7) 1/2 Plywood,21916.35,0.00,Yes,New,Roofing,Residential,1823.04,14624.20,https://my.acculynx.com/jobs/569288ca-e244-4c25-b66c-412ab77c497e
RR-3574,Paid,7362.17,Material ACCOUNT National ,50691886,,21916.35,0.00,Yes,New,Roofing,Residential,1823.04,14624.20,https://my.acculynx.com/jobs/569288ca-e244-4c25-b66c-412ab77c497e
RR-3574,Paid,206.63,Platinum Warranty,OC-2026-WR-2366285,,21916.35,0.00,Yes,New,Roofing,Residential,1823.04,14624.20,https://my.acculynx.com/jobs/569288ca-e244-4c25-b66c-412ab77c497e
RR-3574,Paid,1190.00,Labor V&D Family Home Remodeling Corp Dump,,,21916.35,0.00,Yes,New,Roofing,Residential,1823.04,14624.20,https://my.acculynx.com/jobs/569288ca-e244-4c25-b66c-412ab77c497e
RR-3574,Paid,4605.00,Labor V&D Family Home Remodeling Corp Pay,,,21916.35,0.00,Yes,New,Roofing,Residential,1823.04,14624.20,https://my.acculynx.com/jobs/569288ca-e244-4c25-b66c-412ab77c497e
RR-3574,Additional,1823.04,Joseph Cassara Commission,,T,21916.35,0.00,No,New,Roofing,Residential,1823.04,14624.20,https://my.acculynx.com/jobs/569288ca-e244-4c25-b66c-412ab77c497e
RR-3322,Paid,9.88,Material ACCOUNT National,0048281618-002,,3885.00,0.00,Yes,Repair,Roofing,Residential,482.99,1953.02,https://my.acculynx.com/jobs/23428ead-e369-4bee-95b3-2cc42504c941
RR-3322,Paid,52.14,Material Account Beacon ,,,3885.00,0.00,Yes,Repair,Roofing,Residential,482.99,1953.02,https://my.acculynx.com/jobs/23428ead-e369-4bee-95b3-2cc42504c941
RR-3322,Paid,593.01,Material ACCOUNT National,0048281618-001,,3885.00,0.00,Yes,Repair,Roofing,Residential,482.99,1953.02,https://my.acculynx.com/jobs/23428ead-e369-4bee-95b3-2cc42504c941
RR-3322,Paid,815.00,Labor CASH Flawless Roofing Pay,,,3885.00,0.00,Yes,Repair,Roofing,Residential,482.99,1953.02,https://my.acculynx.com/jobs/23428ead-e369-4bee-95b3-2cc42504c941
RR-3322,Additional,482.99,Michael Dietrich Commission,,T,3885.00,0.00,No,Repair,Roofing,Residential,482.99,1953.02,https://my.acculynx.com/jobs/23428ead-e369-4bee-95b3-2cc42504c941
RR-3404,Paid,4540.00,Labor Flawless Roofing Pay,,,31120.22,0.00,Yes,New,Roofing,Residential,3481.26,16907.99,https://my.acculynx.com/jobs/8ecc3c43-dd27-4416-846b-82813e4b09a9
RR-3404,Paid,84.74,Material AMEX Home Depot,H8466-291166,Split from upsell file ,31120.22,0.00,Yes,New,Roofing,Residential,3481.26,16907.99,https://my.acculynx.com/jobs/8ecc3c43-dd27-4416-846b-82813e4b09a9
RR-3404,Paid,206.63,Platinum Warranty,OC-2026-WR-2304052,,31120.22,0.00,Yes,New,Roofing,Residential,3481.26,16907.99,https://my.acculynx.com/jobs/8ecc3c43-dd27-4416-846b-82813e4b09a9
RR-3404,Paid,-215.87,Material ACCOUNT National Shop Returns,,(5) Sheets 1/2 Plywood (1) Dryer & Bathroom Vent - Kept in the truck,31120.22,0.00,Yes,New,Roofing,Residential,3481.26,16907.99,https://my.acculynx.com/jobs/8ecc3c43-dd27-4416-846b-82813e4b09a9
RR-3404,Paid,1867.21,Dealer CC Fee,,Dealer Fee,31120.22,0.00,Yes,New,Roofing,Residential,3481.26,16907.99,https://my.acculynx.com/jobs/8ecc3c43-dd27-4416-846b-82813e4b09a9
RR-3404,Paid,51.87,Material ACCOUNT National Shop,,(1) Lifetime 2" Pipe Flange,31120.22,0.00,Yes,New,Roofing,Residential,3481.26,16907.99,https://my.acculynx.com/jobs/8ecc3c43-dd27-4416-846b-82813e4b09a9
RR-3404,Paid,6041.99,Material ACCOUNT National,0049027315-001,,31120.22,0.00,Yes,New,Roofing,Residential,3481.26,16907.99,https://my.acculynx.com/jobs/8ecc3c43-dd27-4416-846b-82813e4b09a9
RR-3404,Paid,1303.50,Other Job Expenses Land Resource Dump,11820,,31120.22,0.00,Yes,New,Roofing,Residential,3481.26,16907.99,https://my.acculynx.com/jobs/8ecc3c43-dd27-4416-846b-82813e4b09a9
RR-3404,Additional,3481.26,Michael Dietrich Commission,,T,31120.22,0.00,No,New,Roofing,Residential,3481.26,16907.99,https://my.acculynx.com/jobs/8ecc3c43-dd27-4416-846b-82813e4b09a9
RR-3404,Paid,-453.34,Material ACCOUNT National Returns,,(4) BD Duration (1) RL Deck seal Cap Sheet(1) RL Base Ply,31120.22,0.00,Yes,New,Roofing,Residential,3481.26,16907.99,https://my.acculynx.com/jobs/8ecc3c43-dd27-4416-846b-82813e4b09a9
RR-3434,Paid,58.66,Material AMEX Home Depot,H1229-271615,,27000.00,0.00,Yes,New,Roofing,Residential,2725.80,16096.79,https://my.acculynx.com/jobs/bb6160d9-c337-411d-ac86-ff2c666e237c
RR-3434,Paid,1100.00,Labor All About Gutters,,,27000.00,0.00,Yes,New,Roofing,Residential,2725.80,16096.79,https://my.acculynx.com/jobs/bb6160d9-c337-411d-ac86-ff2c666e237c
RR-3434,Paid,1288.69,Material AMEX American Chimney,44967,,27000.00,0.00,Yes,New,Roofing,Residential,2725.80,16096.79,https://my.acculynx.com/jobs/bb6160d9-c337-411d-ac86-ff2c666e237c
RR-3434,Paid,24.45,Material AMEX Home Depot,H1258-371540,,27000.00,0.00,Yes,New,Roofing,Residential,2725.80,16096.79,https://my.acculynx.com/jobs/bb6160d9-c337-411d-ac86-ff2c666e237c
RR-3434,Paid,242.51,Platinum Warranty,OC-2026-WR-2316193,,27000.00,0.00,Yes,New,Roofing,Residential,2725.80,16096.79,https://my.acculynx.com/jobs/bb6160d9-c337-411d-ac86-ff2c666e237c
RR-3434,Paid,591.60,Material ACCOUNT National,0049285213-002,,27000.00,0.00,Yes,New,Roofing,Residential,2725.80,16096.79,https://my.acculynx.com/jobs/bb6160d9-c337-411d-ac86-ff2c666e237c
RR-3434,Paid,5835.90,Material ACCOUNT National,0049285213-001,,27000.00,0.00,Yes,New,Roofing,Residential,2725.80,16096.79,https://my.acculynx.com/jobs/bb6160d9-c337-411d-ac86-ff2c666e237c
RR-3434,Paid,600.00,Labor V&D Family Home Remodeling Corp Dump,,,27000.00,0.00,Yes,New,Roofing,Residential,2725.80,16096.79,https://my.acculynx.com/jobs/bb6160d9-c337-411d-ac86-ff2c666e237c
RR-3434,Additional,2725.80,Joseph Young Commission,,T,27000.00,0.00,No,New,Roofing,Residential,2725.80,16096.79,https://my.acculynx.com/jobs/bb6160d9-c337-411d-ac86-ff2c666e237c
RR-3434,Paid,-299.42,Material ACCOUNT National Returns,,(7) BD Duration Shingle,27000.00,0.00,Yes,New,Roofing,Residential,2725.80,16096.79,https://my.acculynx.com/jobs/bb6160d9-c337-411d-ac86-ff2c666e237c
RR-3434,Paid,3070.00,Labor CASH V&D Family Home Remodeling Corp Pay,,,27000.00,0.00,Yes,New,Roofing,Residential,2725.80,16096.79,https://my.acculynx.com/jobs/bb6160d9-c337-411d-ac86-ff2c666e237c
RR-3434,Paid,1050.00,Dealer CC Fee,,Dealer Fee,27000.00,0.00,Yes,New,Roofing,Residential,2725.80,16096.79,https://my.acculynx.com/jobs/bb6160d9-c337-411d-ac86-ff2c666e237c
RR-3434,Paid,-460.02,Material ACCOUNT National Returns,,(1) Fixed 30"x30" Skylight. Returned to National 0049719118-001,27000.00,0.00,Yes,New,Roofing,Residential,2725.80,16096.79,https://my.acculynx.com/jobs/bb6160d9-c337-411d-ac86-ff2c666e237c
RR-3434,Paid,268.62,Material ACCOUNT National,0049285213-003,,27000.00,0.00,Yes,New,Roofing,Residential,2725.80,16096.79,https://my.acculynx.com/jobs/bb6160d9-c337-411d-ac86-ff2c666e237c
RR-3364,Paid,250.70,Material ACCOUNT National,0048624516-002,Split from upsell file,34855.93,0.00,Yes,New,Roofing,Residential,3792.50,19685.94,https://my.acculynx.com/jobs/caba8d0d-74c3-40c9-9658-541044d24979
RR-3364,Paid,-391.50,Material ACCOUNT National Returns,,(9) BD Duration Shingles,34855.93,0.00,Yes,New,Roofing,Residential,3792.50,19685.94,https://my.acculynx.com/jobs/caba8d0d-74c3-40c9-9658-541044d24979
RR-3364,Paid,1220.00,Labor All About Gutters,,,34855.93,0.00,Yes,New,Roofing,Residential,3792.50,19685.94,https://my.acculynx.com/jobs/caba8d0d-74c3-40c9-9658-541044d24979
RR-3364,Paid,165.30,Material ACCOUNT ABC,2008805240,,34855.93,0.00,Yes,New,Roofing,Residential,3792.50,19685.94,https://my.acculynx.com/jobs/caba8d0d-74c3-40c9-9658-541044d24979
RR-3364,Paid,668.81,Material ACCOUNT National Shop,,(12) 1/2 Plywood (2) 3/4 Plywood (2) BX Gutter Guards,34855.93,0.00,Yes,New,Roofing,Residential,3792.50,19685.94,https://my.acculynx.com/jobs/caba8d0d-74c3-40c9-9658-541044d24979
RR-3364,Paid,-391.50,Material ACCOUNT National Returns,,(15) Plywood - Returned from national,34855.93,0.00,Yes,New,Roofing,Residential,3792.50,19685.94,https://my.acculynx.com/jobs/caba8d0d-74c3-40c9-9658-541044d24979
RR-3364,Paid,29.34,Material AMEX Home Depot,H1209-252863,,34855.93,0.00,Yes,New,Roofing,Residential,3792.50,19685.94,https://my.acculynx.com/jobs/caba8d0d-74c3-40c9-9658-541044d24979
RR-3364,Paid,7727.47,Material ACCOUNT National,0048624516-001,,34855.93,0.00,Yes,New,Roofing,Residential,3792.50,19685.94,https://my.acculynx.com/jobs/caba8d0d-74c3-40c9-9658-541044d24979
RR-3364,Additional,3792.50,Michael Dietrich Commission,,T,34855.93,0.00,No,New,Roofing,Residential,3792.50,19685.94,https://my.acculynx.com/jobs/caba8d0d-74c3-40c9-9658-541044d24979
RR-3364,Paid,1317.00,Labor CASH Flawless Roofing Dump ,,,34855.93,0.00,Yes,New,Roofing,Residential,3792.50,19685.94,https://my.acculynx.com/jobs/caba8d0d-74c3-40c9-9658-541044d24979
RR-3364,Paid,5095.00,Labor CASH Flawless Roofing Pay,,,34855.93,0.00,Yes,New,Roofing,Residential,3792.50,19685.94,https://my.acculynx.com/jobs/caba8d0d-74c3-40c9-9658-541044d24979
RR-3364,Paid,350.18,Platinum Warranty,OC-2026-WR-2292318,,34855.93,0.00,Yes,New,Roofing,Residential,3792.50,19685.94,https://my.acculynx.com/jobs/caba8d0d-74c3-40c9-9658-541044d24979
RR-3364,Paid,-147.36,Material ACCOUNT National Shop Returns,,(1) 3" lifetime pipe flange(1) Dryer Vent,34855.93,0.00,Yes,New,Roofing,Residential,3792.50,19685.94,https://my.acculynx.com/jobs/caba8d0d-74c3-40c9-9658-541044d24979
RR-3501,Paid,9500.00,Labor JMAB Construction Pay,,Deposit,63700.00,0.00,Yes,New,Roofing,Residential,1695.00,48443.25,https://my.acculynx.com/jobs/958b9769-c6e1-4fa3-bd87-0580b7972b15
RR-3501,Paid,53.60,Material AMEX Home Depot,H1265-384485,,63700.00,0.00,Yes,New,Roofing,Residential,1695.00,48443.25,https://my.acculynx.com/jobs/958b9769-c6e1-4fa3-bd87-0580b7972b15
RR-3501,Paid,2153.24,Material ACCOUNT New Castle Metals ,02HV0002070314-002,,63700.00,0.00,Yes,New,Roofing,Residential,1695.00,48443.25,https://my.acculynx.com/jobs/958b9769-c6e1-4fa3-bd87-0580b7972b15
RR-3501,Paid,1033.13,Other Job Expenses Land Resource Dump,12536,,63700.00,0.00,Yes,New,Roofing,Residential,1695.00,48443.25,https://my.acculynx.com/jobs/958b9769-c6e1-4fa3-bd87-0580b7972b15
RR-3501,Paid,2560.96,Material ACCOUNT New Castle Metals,02HV0002073422-002,,63700.00,0.00,Yes,New,Roofing,Residential,1695.00,48443.25,https://my.acculynx.com/jobs/958b9769-c6e1-4fa3-bd87-0580b7972b15
RR-3501,Paid,2761.16,Material ACCOUNT New Castle Metals ,12RO0002841056-002,,63700.00,0.00,Yes,New,Roofing,Residential,1695.00,48443.25,https://my.acculynx.com/jobs/958b9769-c6e1-4fa3-bd87-0580b7972b15
RR-3501,Paid,54.38,Material ACCOUNT New Castle Metals,02HV0002070314-004,,63700.00,0.00,Yes,New,Roofing,Residential,1695.00,48443.25,https://my.acculynx.com/jobs/958b9769-c6e1-4fa3-bd87-0580b7972b15
RR-3501,Paid,-433.92,Material ACCOUNT National Returns,,(14) Plywood ,63700.00,0.00,Yes,New,Roofing,Residential,1695.00,48443.25,https://my.acculynx.com/jobs/958b9769-c6e1-4fa3-bd87-0580b7972b15
RR-3501,Paid,11200.00,Labor JMAB Construction Pay,,,63700.00,0.00,Yes,New,Roofing,Residential,1695.00,48443.25,https://my.acculynx.com/jobs/958b9769-c6e1-4fa3-bd87-0580b7972b15
RR-3501,Paid,474.59,Material ACCOUNT New Castle Metals,02HV0002073422-001,,63700.00,0.00,Yes,New,Roofing,Residential,1695.00,48443.25,https://my.acculynx.com/jobs/958b9769-c6e1-4fa3-bd87-0580b7972b15
RR-3501,Paid,15176.90,Material ACCOUNT New Castle Metals,02HV0002070314-003,,63700.00,0.00,Yes,New,Roofing,Residential,1695.00,48443.25,https://my.acculynx.com/jobs/958b9769-c6e1-4fa3-bd87-0580b7972b15
RR-3501,Paid,2214.21,Material ACCOUNT National,0050478903-001,,63700.00,0.00,Yes,New,Roofing,Residential,1695.00,48443.25,https://my.acculynx.com/jobs/958b9769-c6e1-4fa3-bd87-0580b7972b15
RR-3501,Additional,1695.00,Francesco Ambrosio Commission,,T,63700.00,0.00,No,New,Roofing,Residential,1695.00,48443.25,https://my.acculynx.com/jobs/958b9769-c6e1-4fa3-bd87-0580b7972b15
RR-3444,Paid,-275.87,Material ACCOUNT National Returns,,(4) BD Shingle(1) Ridge Caps(1) Vinyl T4,40600.00,0.00,Yes,New,Roofing,Residential,3766.88,25532.47,https://my.acculynx.com/jobs/57865b95-f326-4a8c-87d6-cea9d05ab38e
RR-3444,Paid,338.94,Material ACCOUNT National,0049408589-001,,40600.00,0.00,Yes,New,Roofing,Residential,3766.88,25532.47,https://my.acculynx.com/jobs/57865b95-f326-4a8c-87d6-cea9d05ab38e
RR-3444,Paid,1720.00,Labor All About Gutters,,,40600.00,0.00,Yes,New,Roofing,Residential,3766.88,25532.47,https://my.acculynx.com/jobs/57865b95-f326-4a8c-87d6-cea9d05ab38e
RR-3444,Paid,9022.50,Labor CASH Flawless Roofing Pay,,,40600.00,0.00,Yes,New,Roofing,Residential,3766.88,25532.47,https://my.acculynx.com/jobs/57865b95-f326-4a8c-87d6-cea9d05ab38e
RR-3444,Paid,299.06,Material ACCOUNT National Shop,,(10) Plywood,40600.00,0.00,Yes,New,Roofing,Residential,3766.88,25532.47,https://my.acculynx.com/jobs/57865b95-f326-4a8c-87d6-cea9d05ab38e
RR-3444,Additional,3766.88,Joseph Cassara Commission,,T,40600.00,0.00,No,New,Roofing,Residential,3766.88,25532.47,https://my.acculynx.com/jobs/57865b95-f326-4a8c-87d6-cea9d05ab38e
RR-3444,Paid,9550.96,Material ACCOUNT National,0049278123-001,,40600.00,0.00,Yes,New,Roofing,Residential,3766.88,25532.47,https://my.acculynx.com/jobs/57865b95-f326-4a8c-87d6-cea9d05ab38e
RR-3444,Paid,1110.00,Labor Flawless Roofing Dump ,,,40600.00,0.00,Yes,New,Roofing,Residential,3766.88,25532.47,https://my.acculynx.com/jobs/57865b95-f326-4a8c-87d6-cea9d05ab38e
RR-3543,Additional,3230.46,Michael Dietrich Commission,,T,38500.00,0.00,No,New,Roofing,Residential,3230.46,25578.18,https://my.acculynx.com/jobs/96fe64d9-e4db-4e89-8701-b4d41928f0f8
RR-3543,Paid,7542.50,Labor CASH Flawless Roofing Pay,,,38500.00,0.00,Yes,New,Roofing,Residential,3230.46,25578.18,https://my.acculynx.com/jobs/96fe64d9-e4db-4e89-8701-b4d41928f0f8
RR-3543,Paid,2530.00,Labor CASH Flawless Roofing Dump ,,,38500.00,0.00,Yes,New,Roofing,Residential,3230.46,25578.18,https://my.acculynx.com/jobs/96fe64d9-e4db-4e89-8701-b4d41928f0f8
RR-3543,Paid,-725.80,Material ACCOUNT National Returns,,(9) BD Duration Shingle(2) OC Ridge Caps (2) Prebent Step Flashing,38500.00,0.00,Yes,New,Roofing,Residential,3230.46,25578.18,https://my.acculynx.com/jobs/96fe64d9-e4db-4e89-8701-b4d41928f0f8
RR-3543,Paid,517.65,Platinum Warranty,OC-2026-WR-2354805,,38500.00,0.00,Yes,New,Roofing,Residential,3230.46,25578.18,https://my.acculynx.com/jobs/96fe64d9-e4db-4e89-8701-b4d41928f0f8
RR-3543,Paid,1340.06,Material ACCOUNT National,0050404250-001,,38500.00,0.00,Yes,New,Roofing,Residential,3230.46,25578.18,https://my.acculynx.com/jobs/96fe64d9-e4db-4e89-8701-b4d41928f0f8
RR-3543,Paid,68.91,Material ACCOUNT National,0050404250-003,,38500.00,0.00,Yes,New,Roofing,Residential,3230.46,25578.18,https://my.acculynx.com/jobs/96fe64d9-e4db-4e89-8701-b4d41928f0f8
RR-3543,Paid,11074.40,Material ACCOUNT National,0050188312-001,,38500.00,0.00,Yes,New,Roofing,Residential,3230.46,25578.18,https://my.acculynx.com/jobs/96fe64d9-e4db-4e89-8701-b4d41928f0f8
RR-3410,Paid,4022.00,Labor Flawless Roofing Pay,,,29946.75,0.00,Yes,New,Roofing,Residential,3727.98,15035.45,https://my.acculynx.com/jobs/856cbbda-5b20-4a2b-832a-0b73148bf1e4
RR-3410,Paid,892.50,Labor Flawless Roofing Dump ,,,29946.75,0.00,Yes,New,Roofing,Residential,3727.98,15035.45,https://my.acculynx.com/jobs/856cbbda-5b20-4a2b-832a-0b73148bf1e4
RR-3410,Paid,266.44,Platinum Warranty,OC-2026-WR-2309919,,29946.75,0.00,Yes,New,Roofing,Residential,3727.98,15035.45,https://my.acculynx.com/jobs/856cbbda-5b20-4a2b-832a-0b73148bf1e4
RR-3410,Paid,5761.55,Material ACCOUNT National,0049098445-001,,29946.75,0.00,Yes,New,Roofing,Residential,3727.98,15035.45,https://my.acculynx.com/jobs/856cbbda-5b20-4a2b-832a-0b73148bf1e4
RR-3410,Paid,-138.66,Material ACCOUNT National Shop Returns,,(5) 1/2 Plywood - Kept in the trailer ,29946.75,0.00,Yes,New,Roofing,Residential,3727.98,15035.45,https://my.acculynx.com/jobs/856cbbda-5b20-4a2b-832a-0b73148bf1e4
RR-3410,Paid,1100.00,Labor All About Gutters,,,29946.75,0.00,Yes,New,Roofing,Residential,3727.98,15035.45,https://my.acculynx.com/jobs/856cbbda-5b20-4a2b-832a-0b73148bf1e4
RR-3410,Additional,3727.98,Joseph Young Commission,,T,29946.75,0.00,No,New,Roofing,Residential,3727.98,15035.45,https://my.acculynx.com/jobs/856cbbda-5b20-4a2b-832a-0b73148bf1e4
RR-3410,Paid,-384.54,Material ACCOUNT National Returns,,(9) BD OC Duration Shingle,29946.75,0.00,Yes,New,Roofing,Residential,3727.98,15035.45,https://my.acculynx.com/jobs/856cbbda-5b20-4a2b-832a-0b73148bf1e4
RR-3410,Paid,-211.82,Material ACCOUNT National Returns,,(5) 3/4 Plywood ,29946.75,0.00,Yes,New,Roofing,Residential,3727.98,15035.45,https://my.acculynx.com/jobs/856cbbda-5b20-4a2b-832a-0b73148bf1e4
RR-3517,Paid,336.85,Material ACCOUNT National,0050065871-001,,39362.06,0.00,Yes,New,Roofing,Residential,3812.12,24107.73,https://my.acculynx.com/jobs/b32212aa-307e-4ee2-b8af-e7efa26fc0fd
RR-3517,Paid,549.28,Material ACCOUNT National,0050067945-001,,39362.06,0.00,Yes,New,Roofing,Residential,3812.12,24107.73,https://my.acculynx.com/jobs/b32212aa-307e-4ee2-b8af-e7efa26fc0fd
RR-3517,Paid,531.78,Material ACCOUNT National,0050000318-002,,39362.06,0.00,Yes,New,Roofing,Residential,3812.12,24107.73,https://my.acculynx.com/jobs/b32212aa-307e-4ee2-b8af-e7efa26fc0fd
RR-3517,Paid,128.32,Material ACCOUNT National,50102804,,39362.06,0.00,Yes,New,Roofing,Residential,3812.12,24107.73,https://my.acculynx.com/jobs/b32212aa-307e-4ee2-b8af-e7efa26fc0fd
RR-3517,Paid,182.70,Platinum Warranty,OC-2026-WR-2343306,,39362.06,0.00,Yes,New,Roofing,Residential,3812.12,24107.73,https://my.acculynx.com/jobs/b32212aa-307e-4ee2-b8af-e7efa26fc0fd
RR-3517,Paid,149.53,Material ACCOUNT National Shop,,(5) 1/2 Plywood,39362.06,0.00,Yes,New,Roofing,Residential,3812.12,24107.73,https://my.acculynx.com/jobs/b32212aa-307e-4ee2-b8af-e7efa26fc0fd
RR-3517,Paid,1916.10,Dealer CC Fee,,Dealer Fee,39362.06,0.00,Yes,New,Roofing,Residential,3812.12,24107.73,https://my.acculynx.com/jobs/b32212aa-307e-4ee2-b8af-e7efa26fc0fd
RR-3517,Paid,1665.00,Labor CASH V&D Family Home Remodeling Corp Dump,,,39362.06,0.00,Yes,New,Roofing,Residential,3812.12,24107.73,https://my.acculynx.com/jobs/b32212aa-307e-4ee2-b8af-e7efa26fc0fd
RR-3517,Paid,6208.55,Material ACCOUNT National,0050000318-001,,39362.06,0.00,Yes,New,Roofing,Residential,3812.12,24107.73,https://my.acculynx.com/jobs/b32212aa-307e-4ee2-b8af-e7efa26fc0fd
RR-3517,Paid,7797.50,Labor CASH V&D Family Home Remodeling Corp Pay,,,39362.06,0.00,Yes,New,Roofing,Residential,3812.12,24107.73,https://my.acculynx.com/jobs/b32212aa-307e-4ee2-b8af-e7efa26fc0fd
RR-3517,Paid,830.00,Labor All About Gutters,,,39362.06,0.00,Yes,New,Roofing,Residential,3812.12,24107.73,https://my.acculynx.com/jobs/b32212aa-307e-4ee2-b8af-e7efa26fc0fd
RR-3517,Additional,3812.12,Francesco Ambrosio Commission,,T,39362.06,0.00,No,New,Roofing,Residential,3812.12,24107.73,https://my.acculynx.com/jobs/b32212aa-307e-4ee2-b8af-e7efa26fc0fd
RR-3451,Additional,1431.11,Ryan Romero Commission,,,42869.44,0.00,No,New,Roofing,Residential,1431.11,29688.27,https://my.acculynx.com/jobs/107346c5-7d11-4e20-8189-b6c24cb30db5
RR-3451,Paid,-239.26,Material ACCOUNT National Returns,0050779006-001,,42869.44,0.00,Yes,New,Roofing,Residential,1431.11,29688.27,https://my.acculynx.com/jobs/107346c5-7d11-4e20-8189-b6c24cb30db5
RR-3451,Paid,1643.47,Dealer CC Fee,,Dealer Fee,42869.44,0.00,Yes,New,Roofing,Residential,1431.11,29688.27,https://my.acculynx.com/jobs/107346c5-7d11-4e20-8189-b6c24cb30db5
RR-3451,Paid,700.00,Labor Zion Electrical Contracting INC,,,42869.44,0.00,Yes,New,Roofing,Residential,1431.11,29688.27,https://my.acculynx.com/jobs/107346c5-7d11-4e20-8189-b6c24cb30db5
RR-3451,Paid,3040.00,Labor Flawless Roofing Dump ,,,42869.44,0.00,Yes,New,Roofing,Residential,1431.11,29688.27,https://my.acculynx.com/jobs/107346c5-7d11-4e20-8189-b6c24cb30db5
RR-3451,Paid,673.16,Platinum Warranty,OC-2026-WR-2366153,,42869.44,0.00,Yes,New,Roofing,Residential,1431.11,29688.27,https://my.acculynx.com/jobs/107346c5-7d11-4e20-8189-b6c24cb30db5
RR-3451,Paid,253.38,Material ACCOUNT National ,0050765662-002,,42869.44,0.00,Yes,New,Roofing,Residential,1431.11,29688.27,https://my.acculynx.com/jobs/107346c5-7d11-4e20-8189-b6c24cb30db5
RR-3451,Paid,794.92,Material ACCOUNT National ,50747745,Split from upsell file ,42869.44,0.00,Yes,New,Roofing,Residential,1431.11,29688.27,https://my.acculynx.com/jobs/107346c5-7d11-4e20-8189-b6c24cb30db5
RR-3451,Paid,9327.50,Labor Flawless Roofing Pay,,,42869.44,0.00,Yes,New,Roofing,Residential,1431.11,29688.27,https://my.acculynx.com/jobs/107346c5-7d11-4e20-8189-b6c24cb30db5
RR-3451,Paid,512.50,Material ACCOUNT National Shop,,(1) RL Ice Water & Shield(1) RL Ventsure(3) BX Roofing Nails (11) F55 Drip Edge,42869.44,0.00,Yes,New,Roofing,Residential,1431.11,29688.27,https://my.acculynx.com/jobs/107346c5-7d11-4e20-8189-b6c24cb30db5
RR-3451,Paid,68.99,Material ACCOUNT National ,0050765662-001,,42869.44,0.00,Yes,New,Roofing,Residential,1431.11,29688.27,https://my.acculynx.com/jobs/107346c5-7d11-4e20-8189-b6c24cb30db5
RR-3451,Paid,12178.44,Material ACCOUNT National,0049687309-001,,42869.44,0.00,Yes,New,Roofing,Residential,1431.11,29688.27,https://my.acculynx.com/jobs/107346c5-7d11-4e20-8189-b6c24cb30db5
RR-3451,Paid,-661.14,Material ACCOUNT National Returns,,(4) BD Duration Shingle (1) OC Hip and Ridge(3) 1/2 Plywood,42869.44,0.00,Yes,New,Roofing,Residential,1431.11,29688.27,https://my.acculynx.com/jobs/107346c5-7d11-4e20-8189-b6c24cb30db5
RR-3451,Paid,-34.80,Material ACCOUNT National Returns,,(1) Kneene Viper Ridge Vent,42869.44,0.00,Yes,New,Roofing,Residential,1431.11,29688.27,https://my.acculynx.com/jobs/107346c5-7d11-4e20-8189-b6c24cb30db5
RR-3482,Paid,271.88,Material ACCOUNT National Shop,,(2) BX of Gutter Guards,27814.48,0.00,Yes,New,Roofing,Residential,2648.93,17218.63,https://my.acculynx.com/jobs/bccf6b70-7885-4d65-8f65-3d287d67ff8e
RR-3482,Paid,1400.00,Labor All About Gutters,,,27814.48,0.00,Yes,New,Roofing,Residential,2648.93,17218.63,https://my.acculynx.com/jobs/bccf6b70-7885-4d65-8f65-3d287d67ff8e
RR-3482,Paid,7510.51,Material ACCOUNT National,0049701723-001,,27814.48,0.00,Yes,New,Roofing,Residential,2648.93,17218.63,https://my.acculynx.com/jobs/bccf6b70-7885-4d65-8f65-3d287d67ff8e
RR-3482,Paid,930.00,Labor V&D Family Home Remodeling Corp Dump,,,27814.48,0.00,Yes,New,Roofing,Residential,2648.93,17218.63,https://my.acculynx.com/jobs/bccf6b70-7885-4d65-8f65-3d287d67ff8e
RR-3482,Paid,-299.06,Material ACCOUNT National Returns,,(10) 1/2 Plywood - Return from the national,27814.48,0.00,Yes,New,Roofing,Residential,2648.93,17218.63,https://my.acculynx.com/jobs/bccf6b70-7885-4d65-8f65-3d287d67ff8e
RR-3482,Paid,374.10,Platinum Warranty,OC-2026-WR-2336692,,27814.48,0.00,Yes,New,Roofing,Residential,2648.93,17218.63,https://my.acculynx.com/jobs/bccf6b70-7885-4d65-8f65-3d287d67ff8e
RR-3482,Paid,-87.73,Material ACCOUNT National Returns,,(2) BD Duration Shingle 0050031747-001,27814.48,0.00,Yes,New,Roofing,Residential,2648.93,17218.63,https://my.acculynx.com/jobs/bccf6b70-7885-4d65-8f65-3d287d67ff8e
RR-3482,Additional,2648.93,Joseph Cassara commission,,T,27814.48,0.00,No,New,Roofing,Residential,2648.93,17218.63,https://my.acculynx.com/jobs/bccf6b70-7885-4d65-8f65-3d287d67ff8e
RR-3482,Paid,4470.00,Labor V&D Family Home Remodeling Corp Pay,,,27814.48,0.00,Yes,New,Roofing,Residential,2648.93,17218.63,https://my.acculynx.com/jobs/bccf6b70-7885-4d65-8f65-3d287d67ff8e
RR-3299,Paid,930.00,Labor Flawless Roofing Dump,,,29518.12,0.00,Yes,New,Roofing,Residential,3209.47,16680.23,https://my.acculynx.com/jobs/f67a6663-1b5b-4e6e-84f0-a6da978397ca
RR-3299,Paid,5377.50,Labor Flawless Roofing Pay,,,29518.12,0.00,Yes,New,Roofing,Residential,3209.47,16680.23,https://my.acculynx.com/jobs/f67a6663-1b5b-4e6e-84f0-a6da978397ca
RR-3299,Paid,-52.20,Material ACCOUNT National Shop Returns,,(2) 1/2 Plywood - Kept in the truck ,29518.12,0.00,Yes,New,Roofing,Residential,3209.47,16680.23,https://my.acculynx.com/jobs/f67a6663-1b5b-4e6e-84f0-a6da978397ca
RR-3299,Paid,374.10,Platinum Warranty,,OC-2026-WR-2277727,29518.12,0.00,Yes,New,Roofing,Residential,3209.47,16680.23,https://my.acculynx.com/jobs/f67a6663-1b5b-4e6e-84f0-a6da978397ca
RR-3299,Paid,6899.64,Material ACCOUNT National,0048156299-001,,29518.12,0.00,Yes,New,Roofing,Residential,3209.47,16680.23,https://my.acculynx.com/jobs/f67a6663-1b5b-4e6e-84f0-a6da978397ca
RR-3299,Additional,3192.36,Michael Dietrich Commission,,T,29518.12,0.00,No,New,Roofing,Residential,3209.47,16680.23,https://my.acculynx.com/jobs/f67a6663-1b5b-4e6e-84f0-a6da978397ca
RR-3299,Paid,172.61,Material AMEX Home Depot,H1211-291211,,29518.12,0.00,Yes,New,Roofing,Residential,3209.47,16680.23,https://my.acculynx.com/jobs/f67a6663-1b5b-4e6e-84f0-a6da978397ca
RR-3299,Paid,26.34,Material AMEX Home Depot,H1211-291263,,29518.12,0.00,Yes,New,Roofing,Residential,3209.47,16680.23,https://my.acculynx.com/jobs/f67a6663-1b5b-4e6e-84f0-a6da978397ca
RR-3299,Paid,-257.23,Material ACCOUNT National Returns,,(4) BD Driftwood(1) BD Ridge Cap,29518.12,0.00,Yes,New,Roofing,Residential,3209.47,16680.23,https://my.acculynx.com/jobs/f67a6663-1b5b-4e6e-84f0-a6da978397ca
RR-3299,Additional,17.11,Commissions Adjustments,,,29518.12,0.00,No,New,Roofing,Residential,3209.47,16680.23,https://my.acculynx.com/jobs/f67a6663-1b5b-4e6e-84f0-a6da978397ca
RR-3357,Paid,-261.00,Material ACCOUNT National Returns,,(10) Plywood - Return with National Truck ,37900.00,0.00,Yes,New,Roofing,Residential,1000.00,25105.92,https://my.acculynx.com/jobs/8b8f0a6b-40af-4da8-969f-c495f8838187
RR-3357,Paid,457.84,Platinum Warranty,OC-2026-WR-2289844,,37900.00,0.00,Yes,New,Roofing,Residential,1000.00,25105.92,https://my.acculynx.com/jobs/8b8f0a6b-40af-4da8-969f-c495f8838187
RR-3357,Paid,1206.00,Labor Flawless Roofing Dump ,,,37900.00,0.00,Yes,New,Roofing,Residential,1000.00,25105.92,https://my.acculynx.com/jobs/8b8f0a6b-40af-4da8-969f-c495f8838187
RR-3357,Paid,114.19,Material ACCOUNT National Shop,,(1) 3" Lifetime Pipe Flange(2) 1/2 Plywood,37900.00,0.00,Yes,New,Roofing,Residential,1000.00,25105.92,https://my.acculynx.com/jobs/8b8f0a6b-40af-4da8-969f-c495f8838187
RR-3357,Paid,10416.44,Material ACCOUNT National,48635317,,37900.00,0.00,Yes,New,Roofing,Residential,1000.00,25105.92,https://my.acculynx.com/jobs/8b8f0a6b-40af-4da8-969f-c495f8838187
RR-3357,Paid,5590.25,Dealer CC Fee,,Dealer Fee,37900.00,0.00,Yes,New,Roofing,Residential,1000.00,25105.92,https://my.acculynx.com/jobs/8b8f0a6b-40af-4da8-969f-c495f8838187
RR-3357,Paid,6710.00,Labor Flawless Roofing Pay,,,37900.00,0.00,Yes,New,Roofing,Residential,1000.00,25105.92,https://my.acculynx.com/jobs/8b8f0a6b-40af-4da8-969f-c495f8838187
RR-3357,Additional,1000.00,Michael Dietrich Commission,,T,37900.00,0.00,No,New,Roofing,Residential,1000.00,25105.92,https://my.acculynx.com/jobs/8b8f0a6b-40af-4da8-969f-c495f8838187
RR-3357,Paid,-487.20,Material ACCOUNT National Returns,0048875074-001,32 PC F55 Drip,37900.00,0.00,Yes,New,Roofing,Residential,1000.00,25105.92,https://my.acculynx.com/jobs/8b8f0a6b-40af-4da8-969f-c495f8838187
RR-3357,Paid,389.86,Material ACCOUNT National Returns,0048696170-001,(5) BD Duration Shingle(1) RL Ventsure Ridge vent(1) Bath and Dryer Vent,37900.00,0.00,Yes,New,Roofing,Residential,1000.00,25105.92,https://my.acculynx.com/jobs/8b8f0a6b-40af-4da8-969f-c495f8838187
RR-3357,Paid,-30.46,Material ACCOUNT National Returns,,(2) F55 Drip Edge,37900.00,0.00,Yes,New,Roofing,Residential,1000.00,25105.92,https://my.acculynx.com/jobs/8b8f0a6b-40af-4da8-969f-c495f8838187
RR-3506,Paid,-175.44,Material ACCOUNT National Returns,0050032003-001,4 BD Duration Shingle,30304.05,0.00,Yes,New,Roofing,Residential,2491.73,20333.36,https://my.acculynx.com/jobs/10828ba2-1588-4998-ac87-581f3ff9f5d2
RR-3506,Paid,192.71,Material AMEX Lowes,756199856,it has to be repaid to Kevin,30304.05,0.00,Yes,New,Roofing,Residential,2491.73,20333.36,https://my.acculynx.com/jobs/10828ba2-1588-4998-ac87-581f3ff9f5d2
RR-3506,Paid,8620.78,Material ACCOUNT National,49906121,,30304.05,0.00,Yes,New,Roofing,Residential,2491.73,20333.36,https://my.acculynx.com/jobs/10828ba2-1588-4998-ac87-581f3ff9f5d2
RR-3506,Paid,1515.20,Dealer CC Fee,,,30304.05,0.00,Yes,New,Roofing,Residential,2491.73,20333.36,https://my.acculynx.com/jobs/10828ba2-1588-4998-ac87-581f3ff9f5d2
RR-3506,Paid,1000.00,Labor All About Gutters,,,30304.05,0.00,Yes,New,Roofing,Residential,2491.73,20333.36,https://my.acculynx.com/jobs/10828ba2-1588-4998-ac87-581f3ff9f5d2
RR-3506,Paid,1335.50,Labor V&D Family Home Remodeling Corp Dump,,,30304.05,0.00,Yes,New,Roofing,Residential,2491.73,20333.36,https://my.acculynx.com/jobs/10828ba2-1588-4998-ac87-581f3ff9f5d2
RR-3506,Paid,326.25,Platinum Warranty,OC-2026-WR-2335339,,30304.05,0.00,Yes,New,Roofing,Residential,2491.73,20333.36,https://my.acculynx.com/jobs/10828ba2-1588-4998-ac87-581f3ff9f5d2
RR-3506,Paid,5150.00,Labor V&D Family Home Remodeling Corp Pay,,,30304.05,0.00,Yes,New,Roofing,Residential,2491.73,20333.36,https://my.acculynx.com/jobs/10828ba2-1588-4998-ac87-581f3ff9f5d2
RR-3506,Additional,2491.73,Michael Dietrich commission,,(T),30304.05,0.00,No,New,Roofing,Residential,2491.73,20333.36,https://my.acculynx.com/jobs/10828ba2-1588-4998-ac87-581f3ff9f5d2
RR-3506,Paid,-123.37,Material ACCOUNT National Returns,,(4) 1/2 Plywood,30304.05,0.00,Yes,New,Roofing,Residential,2491.73,20333.36,https://my.acculynx.com/jobs/10828ba2-1588-4998-ac87-581f3ff9f5d2
RR-3189,Paid,550.00,Labor Flawless Roofing Dump,,,27307.23,0.00,Yes,New,Roofing,Residential,3384.05,13771.03,https://my.acculynx.com/jobs/a7f56bfa-8663-4ec2-9298-1fb598992c93
RR-3189,Paid,182.70,Platinum Warranty,OC-2026-WR-2254091,,27307.23,0.00,Yes,New,Roofing,Residential,3384.05,13771.03,https://my.acculynx.com/jobs/a7f56bfa-8663-4ec2-9298-1fb598992c93
RR-3189,Paid,950.00,Labor All About Gutters,,,27307.23,0.00,Yes,New,Roofing,Residential,3384.05,13771.03,https://my.acculynx.com/jobs/a7f56bfa-8663-4ec2-9298-1fb598992c93
RR-3189,Paid,3185.00,Labor Flawless Roofing Pay,,,27307.23,0.00,Yes,New,Roofing,Residential,3384.05,13771.03,https://my.acculynx.com/jobs/a7f56bfa-8663-4ec2-9298-1fb598992c93
RR-3189,Paid,1365.36,Dealer CC Fee,,Dealer fee,27307.23,0.00,Yes,New,Roofing,Residential,3384.05,13771.03,https://my.acculynx.com/jobs/a7f56bfa-8663-4ec2-9298-1fb598992c93
RR-3189,Paid,78.84,Material ACCOUNT National Shop,,(1)Owens Corning RhinoRoof IceShield,27307.23,0.00,Yes,New,Roofing,Residential,3384.05,13771.03,https://my.acculynx.com/jobs/a7f56bfa-8663-4ec2-9298-1fb598992c93
RR-3189,Additional,3387.31,Francesco Ambrosio Commission,,T,27307.23,0.00,No,New,Roofing,Residential,3384.05,13771.03,https://my.acculynx.com/jobs/a7f56bfa-8663-4ec2-9298-1fb598992c93
RR-3189,Paid,4244.37,Material ACCOUNT National,0047326132-001,,27307.23,0.00,Yes,New,Roofing,Residential,3384.05,13771.03,https://my.acculynx.com/jobs/a7f56bfa-8663-4ec2-9298-1fb598992c93
RR-3189,Paid,-169.29,Material ACCOUNT National Returns,,(1) Duration Shingles(1) TopShield Aluminum Smooth Trim Coil,27307.23,0.00,Yes,New,Roofing,Residential,3384.05,13771.03,https://my.acculynx.com/jobs/a7f56bfa-8663-4ec2-9298-1fb598992c93
RR-3189,Additional,-3.26,Francesco Ambrosio Commission Adj,,,27307.23,0.00,No,New,Roofing,Residential,3384.05,13771.03,https://my.acculynx.com/jobs/a7f56bfa-8663-4ec2-9298-1fb598992c93
RR-3315,Paid,870.00,Labor Flawless Roofing Dump ,,,38423.23,0.00,Yes,New,Roofing,Residential,2559.29,23920.62,https://my.acculynx.com/jobs/f190824f-57ed-4b09-90b3-c7a8a9d3410b
RR-3315,Paid,5750.00,Labor Flawless Roofing Pay,,,38423.23,0.00,Yes,New,Roofing,Residential,2559.29,23920.62,https://my.acculynx.com/jobs/f190824f-57ed-4b09-90b3-c7a8a9d3410b
RR-3315,Paid,4189.04,Material ACCOUNT National,0048287133-001,,38423.23,0.00,Yes,New,Roofing,Residential,2559.29,23920.62,https://my.acculynx.com/jobs/f190824f-57ed-4b09-90b3-c7a8a9d3410b
RR-3315,Paid,350.18,Platinum Warranty,OC-2026-WR-2279795,,38423.23,0.00,Yes,New,Roofing,Residential,2559.29,23920.62,https://my.acculynx.com/jobs/f190824f-57ed-4b09-90b3-c7a8a9d3410b
RR-3315,Paid,-344.74,Material ACCOUNT National Shop Returns,,(10) 1/2 Plywood (2) 3/4 Plywood -Kept in the trailer,38423.23,0.00,Yes,New,Roofing,Residential,2559.29,23920.62,https://my.acculynx.com/jobs/f190824f-57ed-4b09-90b3-c7a8a9d3410b
RR-3315,Paid,164.76,Material ACCOUNT National Shop,,(1) 3" Lifetime Pipe Flange(3) 3" Easy Sleeve,38423.23,0.00,Yes,New,Roofing,Residential,2559.29,23920.62,https://my.acculynx.com/jobs/f190824f-57ed-4b09-90b3-c7a8a9d3410b
RR-3315,Paid,6128.16,Material ACCOUNT National,0048276149-001,,38423.23,0.00,Yes,New,Roofing,Residential,2559.29,23920.62,https://my.acculynx.com/jobs/f190824f-57ed-4b09-90b3-c7a8a9d3410b
RR-3315,Paid,48.92,Material AMEX Home Depot,H1265-366126,,38423.23,0.00,Yes,New,Roofing,Residential,2559.29,23920.62,https://my.acculynx.com/jobs/f190824f-57ed-4b09-90b3-c7a8a9d3410b
RR-3315,Paid,4634.93,Dealer CC Fee,,Dealer Fee,38423.23,0.00,Yes,New,Roofing,Residential,2559.29,23920.62,https://my.acculynx.com/jobs/f190824f-57ed-4b09-90b3-c7a8a9d3410b
RR-3315,Paid,96.75,Material AMEX Home Depot,H1285-366080,,38423.23,0.00,Yes,New,Roofing,Residential,2559.29,23920.62,https://my.acculynx.com/jobs/f190824f-57ed-4b09-90b3-c7a8a9d3410b
RR-3315,Additional,2553.90,Michael Dietrich Commission,,T,38423.23,0.00,No,New,Roofing,Residential,2559.29,23920.62,https://my.acculynx.com/jobs/f190824f-57ed-4b09-90b3-c7a8a9d3410b
RR-3315,Paid,-526.67,Material ACCOUNT National Returns,,(4) RL Ridge Vent (ventsure) (2) BX 3" Framing Nails(1) BD Designer Shingles,38423.23,0.00,Yes,New,Roofing,Residential,2559.29,23920.62,https://my.acculynx.com/jobs/f190824f-57ed-4b09-90b3-c7a8a9d3410b
RR-3315,Additional,5.39,Commissions Adjustments,,,38423.23,0.00,No,New,Roofing,Residential,2559.29,23920.62,https://my.acculynx.com/jobs/f190824f-57ed-4b09-90b3-c7a8a9d3410b
RR-3409,Paid,241.06,Material ACCOUNT Beacon,UN80967,,49265.00,0.00,Yes,New,Roofing,Residential,2665.02,34163.24,https://my.acculynx.com/jobs/735ea24f-d73b-4200-ba93-6d8ac10c9245
RR-3409,Paid,613.35,Platinum Warranty,OC-2026-WR-2306048,,49265.00,0.00,Yes,New,Roofing,Residential,2665.02,34163.24,https://my.acculynx.com/jobs/735ea24f-d73b-4200-ba93-6d8ac10c9245
RR-3409,Paid,300.16,Material ACCOUNT National,0049088562-002,,49265.00,0.00,Yes,New,Roofing,Residential,2665.02,34163.24,https://my.acculynx.com/jobs/735ea24f-d73b-4200-ba93-6d8ac10c9245
RR-3409,Paid,-85.37,Material ACCOUNT National Shop Returns,,(1) Lifetime Dryer&Vent,49265.00,0.00,Yes,New,Roofing,Residential,2665.02,34163.24,https://my.acculynx.com/jobs/735ea24f-d73b-4200-ba93-6d8ac10c9245
RR-3409,Paid,10988.82,Material ACCOUNT National,0049072246-001,,49265.00,0.00,Yes,New,Roofing,Residential,2665.02,34163.24,https://my.acculynx.com/jobs/735ea24f-d73b-4200-ba93-6d8ac10c9245
RR-3409,Paid,1357.22,Material ACCOUNT National,0049088562-001,,49265.00,0.00,Yes,New,Roofing,Residential,2665.02,34163.24,https://my.acculynx.com/jobs/735ea24f-d73b-4200-ba93-6d8ac10c9245
RR-3409,Paid,322.99,Material ACCOUNT National Shop,,(10) 1/2 Plywood(1) 3" Lifetime Pipe flange,49265.00,0.00,Yes,New,Roofing,Residential,2665.02,34163.24,https://my.acculynx.com/jobs/735ea24f-d73b-4200-ba93-6d8ac10c9245
RR-3409,Paid,214.46,Material ACCOUNT National,0049102050-001,,49265.00,0.00,Yes,New,Roofing,Residential,2665.02,34163.24,https://my.acculynx.com/jobs/735ea24f-d73b-4200-ba93-6d8ac10c9245
RR-3409,Paid,7266.59,Dealer CC Fee,,Dealer Fee,49265.00,0.00,Yes,New,Roofing,Residential,2665.02,34163.24,https://my.acculynx.com/jobs/735ea24f-d73b-4200-ba93-6d8ac10c9245
RR-3409,Paid,-241.06,Material ACCOUNT Beacon Returns ,,(3) BD Duration Shingle (1) Hip & Ridge,49265.00,0.00,Yes,New,Roofing,Residential,2665.02,34163.24,https://my.acculynx.com/jobs/735ea24f-d73b-4200-ba93-6d8ac10c9245
RR-3409,Paid,1845.00,Labor Flawless Roofing Dump ,,,49265.00,0.00,Yes,New,Roofing,Residential,2665.02,34163.24,https://my.acculynx.com/jobs/735ea24f-d73b-4200-ba93-6d8ac10c9245
RR-3409,Paid,8675.00,Labor Flawless Roofing Pay,,,49265.00,0.00,Yes,New,Roofing,Residential,2665.02,34163.24,https://my.acculynx.com/jobs/735ea24f-d73b-4200-ba93-6d8ac10c9245
RR-3409,Additional,2665.02,Michael Dietrich Commission,,T Per Joe 15%,49265.00,0.00,No,New,Roofing,Residential,2665.02,34163.24,https://my.acculynx.com/jobs/735ea24f-d73b-4200-ba93-6d8ac10c9245
RR-3334,Paid,2653.50,Labor V&D Family Home Remodeling Corp Dump,,,36303.07,0.00,Yes,New,Roofing,Residential,0.00,35239.68,https://my.acculynx.com/jobs/38af9ecd-7a35-41dd-bcd7-201619f2ab25
RR-3334,Paid,12490.00,Labor V&D Family Home Remodeling Corp Pay,,,36303.07,0.00,Yes,New,Roofing,Residential,0.00,35239.68,https://my.acculynx.com/jobs/38af9ecd-7a35-41dd-bcd7-201619f2ab25
RR-3334,Paid,1747.38,Material AMEX Material Murphy's Metals Inc,105179,,36303.07,0.00,Yes,New,Roofing,Residential,0.00,35239.68,https://my.acculynx.com/jobs/38af9ecd-7a35-41dd-bcd7-201619f2ab25
RR-3334,Paid,414.34,Material ACCOUNT ABC,2008648993,,36303.07,0.00,Yes,New,Roofing,Residential,0.00,35239.68,https://my.acculynx.com/jobs/38af9ecd-7a35-41dd-bcd7-201619f2ab25
RR-3334,Paid,641.63,Material ACCOUNT ABC,2008597680,,36303.07,0.00,Yes,New,Roofing,Residential,0.00,35239.68,https://my.acculynx.com/jobs/38af9ecd-7a35-41dd-bcd7-201619f2ab25
RR-3334,Paid,8112.44,Material ACCOUNT National,0048396805-001,,36303.07,0.00,Yes,New,Roofing,Residential,0.00,35239.68,https://my.acculynx.com/jobs/38af9ecd-7a35-41dd-bcd7-201619f2ab25
RR-3334,Paid,261.00,Material ACCOUNT National Shop,,(2) RL of Base Sheet ,36303.07,0.00,Yes,New,Roofing,Residential,0.00,35239.68,https://my.acculynx.com/jobs/38af9ecd-7a35-41dd-bcd7-201619f2ab25
RR-3334,Paid,4516.67,Material ACCOUNT National,0048396805-002,split from upsell ,36303.07,0.00,Yes,New,Roofing,Residential,0.00,35239.68,https://my.acculynx.com/jobs/38af9ecd-7a35-41dd-bcd7-201619f2ab25
RR-3334,Paid,550.91,Material ACCOUNT National,0048637152-001,,36303.07,0.00,Yes,New,Roofing,Residential,0.00,35239.68,https://my.acculynx.com/jobs/38af9ecd-7a35-41dd-bcd7-201619f2ab25
RR-3334,Paid,4956.38,Material ACCOUNT National,0048580800-001,,36303.07,0.00,Yes,New,Roofing,Residential,0.00,35239.68,https://my.acculynx.com/jobs/38af9ecd-7a35-41dd-bcd7-201619f2ab25
RR-3334,Paid,-291.35,Material AMEX Material Murphy's Metals Inc Returns ,,(5) Scuppers ,36303.07,0.00,Yes,New,Roofing,Residential,0.00,35239.68,https://my.acculynx.com/jobs/38af9ecd-7a35-41dd-bcd7-201619f2ab25
RR-3334,Paid,340.29,Material AMEX Water Mill,,,36303.07,0.00,Yes,New,Roofing,Residential,0.00,35239.68,https://my.acculynx.com/jobs/38af9ecd-7a35-41dd-bcd7-201619f2ab25
RR-3334,Paid,-436.03,Material ACCOUNT National Returns,,(33) F55 Drip Edge,36303.07,0.00,Yes,New,Roofing,Residential,0.00,35239.68,https://my.acculynx.com/jobs/38af9ecd-7a35-41dd-bcd7-201619f2ab25
RR-3334,Paid,-130.50,Material ACCOUNT National Returns,,(1) RL Of Deckseal,36303.07,0.00,Yes,New,Roofing,Residential,0.00,35239.68,https://my.acculynx.com/jobs/38af9ecd-7a35-41dd-bcd7-201619f2ab25
RR-3334,Paid,-161.45,Material Account Material Murphy's Metals Inc Shop Returns,,(4) Leaders(1) Scupper,36303.07,0.00,Yes,New,Roofing,Residential,0.00,35239.68,https://my.acculynx.com/jobs/38af9ecd-7a35-41dd-bcd7-201619f2ab25
RR-3334,Paid,-425.53,Material ACCOUNT National Returns,,(2) Vents (1) Deckfast Epoxy T-25 Screws(2) Step Flashing(5) 10.1 OZ - SIKA SIKAFLEX 15LM SEAL BLACK,36303.07,0.00,Yes,New,Roofing,Residential,0.00,35239.68,https://my.acculynx.com/jobs/38af9ecd-7a35-41dd-bcd7-201619f2ab25
RR-3477,Paid,6195.00,Labor V&D Family Home Remodeling Corp Pay,,,35105.37,0.00,Yes,New,Roofing,Residential,3587.00,20756.51,https://my.acculynx.com/jobs/864f3828-0b79-4349-8018-c8aabfd53ce0
RR-3477,Paid,1953.00,Labor V&D Family Home Remodeling Corp Dump,,,35105.37,0.00,Yes,New,Roofing,Residential,3587.00,20756.51,https://my.acculynx.com/jobs/864f3828-0b79-4349-8018-c8aabfd53ce0
RR-3477,Paid,-299.06,Material ACCOUNT National Returns,,(10) 1/2 Plywood,35105.37,0.00,Yes,New,Roofing,Residential,3587.00,20756.51,https://my.acculynx.com/jobs/864f3828-0b79-4349-8018-c8aabfd53ce0
RR-3477,Paid,8880.67,Material ACCOUNT National,0049692918-001,,35105.37,0.00,Yes,New,Roofing,Residential,3587.00,20756.51,https://my.acculynx.com/jobs/864f3828-0b79-4349-8018-c8aabfd53ce0
RR-3477,Additional,3587.00,Joseph Young Commission,,T,35105.37,0.00,No,New,Roofing,Residential,3587.00,20756.51,https://my.acculynx.com/jobs/864f3828-0b79-4349-8018-c8aabfd53ce0
RR-3477,Paid,29.91,Material ACCOUNT National Shop,,(1) 1/2" Plywood ,35105.37,0.00,Yes,New,Roofing,Residential,3587.00,20756.51,https://my.acculynx.com/jobs/864f3828-0b79-4349-8018-c8aabfd53ce0
RR-3477,Paid,409.99,Platinum Warranty ,OC-2026-WR-2388634,,35105.37,0.00,Yes,New,Roofing,Residential,3587.00,20756.51,https://my.acculynx.com/jobs/864f3828-0b79-4349-8018-c8aabfd53ce0
RR-3486,Paid,638.72,Material ACCOUNT National,0049864652-003,,33000.00,0.00,Yes,New,Roofing,Residential,3917.75,17667.19,https://my.acculynx.com/jobs/258881f2-42dd-4fb0-a595-71dcbcf484a3
RR-3486,Paid,315.25,Material AMEX Home Depot,H8465-321773,,33000.00,0.00,Yes,New,Roofing,Residential,3917.75,17667.19,https://my.acculynx.com/jobs/258881f2-42dd-4fb0-a595-71dcbcf484a3
RR-3486,Paid,390.00,Labor V&D Family Home Remodeling Corp Dump,,,33000.00,0.00,Yes,New,Roofing,Residential,3917.75,17667.19,https://my.acculynx.com/jobs/258881f2-42dd-4fb0-a595-71dcbcf484a3
RR-3486,Paid,6490.00,Labor V&D Family Home Remodeling Corp Pay,,,33000.00,0.00,Yes,New,Roofing,Residential,3917.75,17667.19,https://my.acculynx.com/jobs/258881f2-42dd-4fb0-a595-71dcbcf484a3
RR-3486,Paid,4824.39,Material ACCOUNT National,0049734824-001,,33000.00,0.00,Yes,New,Roofing,Residential,3917.75,17667.19,https://my.acculynx.com/jobs/258881f2-42dd-4fb0-a595-71dcbcf484a3
RR-3486,Paid,1209.82,Material ACCOUNT New Castle,05V0002810253,,33000.00,0.00,Yes,New,Roofing,Residential,3917.75,17667.19,https://my.acculynx.com/jobs/258881f2-42dd-4fb0-a595-71dcbcf484a3
RR-3486,Paid,99.90,Material ACCOUNT ABC,2011375020,,33000.00,0.00,Yes,New,Roofing,Residential,3917.75,17667.19,https://my.acculynx.com/jobs/258881f2-42dd-4fb0-a595-71dcbcf484a3
RR-3486,Additional,3917.75,Francesco Ambrosio Commission,,(T),33000.00,0.00,No,New,Roofing,Residential,3917.75,17667.19,https://my.acculynx.com/jobs/258881f2-42dd-4fb0-a595-71dcbcf484a3
RR-3486,Paid,-619.17,Material ACCOUNT National Returns,0049932063-001,,33000.00,0.00,No,New,Roofing,Residential,3917.75,17667.19,https://my.acculynx.com/jobs/258881f2-42dd-4fb0-a595-71dcbcf484a3
RR-3486,Paid,188.19,Material ACCOUNT National,,,33000.00,0.00,No,New,Roofing,Residential,3917.75,17667.19,https://my.acculynx.com/jobs/258881f2-42dd-4fb0-a595-71dcbcf484a3
RR-3486,Paid,-1437.66,Material ACCOUNT National Returns,,(1) Bucket 5 Gal Adhesive (2) PC Drain (1) RL Flashing Tape(1) RL Seam Tape,33000.00,0.00,Yes,New,Roofing,Residential,3917.75,17667.19,https://my.acculynx.com/jobs/258881f2-42dd-4fb0-a595-71dcbcf484a3
RR-3486,Paid,1650.00,Other Job Expenses Referral Fee,,,33000.00,0.00,Yes,New,Roofing,Residential,3917.75,17667.19,https://my.acculynx.com/jobs/258881f2-42dd-4fb0-a595-71dcbcf484a3
RR-3239,Paid,92.52,Material ACCOUNT Beacon,UE23597,,6549.00,0.00,Yes,Repair,Roofing,Residential,933.30,2815.81,https://my.acculynx.com/jobs/5cb661bc-de0c-4533-9ce3-b250b76dbc1f
RR-3239,Paid,825.00,Labor CASH V&D Family Home Remodeling Corp Pay,,,6549.00,0.00,Yes,Repair,Roofing,Residential,933.30,2815.81,https://my.acculynx.com/jobs/5cb661bc-de0c-4533-9ce3-b250b76dbc1f
RR-3239,Paid,1210.79,Material ACCOUNT National,0047712492-001,,6549.00,0.00,Yes,Repair,Roofing,Residential,933.30,2815.81,https://my.acculynx.com/jobs/5cb661bc-de0c-4533-9ce3-b250b76dbc1f
RR-3239,Paid,72.29,Material AMEX Home Depot,H6105-371370,,6549.00,0.00,Yes,Repair,Roofing,Residential,933.30,2815.81,https://my.acculynx.com/jobs/5cb661bc-de0c-4533-9ce3-b250b76dbc1f
RR-3239,Additional,933.37,Michael Dietrich Commission,,T,6549.00,0.00,No,Repair,Roofing,Residential,933.30,2815.81,https://my.acculynx.com/jobs/5cb661bc-de0c-4533-9ce3-b250b76dbc1f
RR-3239,Paid,-318.09,Material ACCOUNT National Returns,,(2) GAF Shingle(4) 1/2 Plywood(1) Topshield Underlayment(1) Ridge Vent,6549.00,0.00,Yes,Repair,Roofing,Residential,933.30,2815.81,https://my.acculynx.com/jobs/5cb661bc-de0c-4533-9ce3-b250b76dbc1f
RR-3239,Additional,-0.07,Commissions Adjustments,,,6549.00,0.00,No,Repair,Roofing,Residential,933.30,2815.81,https://my.acculynx.com/jobs/5cb661bc-de0c-4533-9ce3-b250b76dbc1f
RR-3320,Paid,124.92,Material ACCOUNT National,0048281622-002,,24101.63,0.00,Yes,New,Roofing,Residential,2723.61,13207.20,https://my.acculynx.com/jobs/a0571a3b-66bb-42e5-8110-47a7c4ca682b
RR-3320,Paid,955.08,Dealer CC Fee,,Dealer Fee,24101.63,0.00,Yes,New,Roofing,Residential,2723.61,13207.20,https://my.acculynx.com/jobs/a0571a3b-66bb-42e5-8110-47a7c4ca682b
RR-3320,Paid,630.00,Labor V&D Family Home Remodeling Corp Dump,,,24101.63,0.00,Yes,New,Roofing,Residential,2723.61,13207.20,https://my.acculynx.com/jobs/a0571a3b-66bb-42e5-8110-47a7c4ca682b
RR-3320,Paid,5278.31,Material ACCOUNT National,0048281622-001,,24101.63,0.00,Yes,New,Roofing,Residential,2723.61,13207.20,https://my.acculynx.com/jobs/a0571a3b-66bb-42e5-8110-47a7c4ca682b
RR-3320,Paid,3150.00,Labor V&D Family Home Remodeling Corp Pay,,,24101.63,0.00,Yes,New,Roofing,Residential,2723.61,13207.20,https://my.acculynx.com/jobs/a0571a3b-66bb-42e5-8110-47a7c4ca682b
RR-3320,Additional,2723.61,Francesco Ambrosio Commission,,T,24101.63,0.00,No,New,Roofing,Residential,2723.61,13207.20,https://my.acculynx.com/jobs/a0571a3b-66bb-42e5-8110-47a7c4ca682b
RR-3376,Paid,234.34,Material ACCOUNT National,48848922,,21050.92,0.00,Yes,New,Roofing,Residential,2242.26,12081.86,https://my.acculynx.com/jobs/31ad73ab-6d03-4d1f-9ac6-556b94742daa
RR-3376,Additional,2242.26,Michael Dietrich Commission,,T,21050.92,0.00,No,New,Roofing,Residential,2242.26,12081.86,https://my.acculynx.com/jobs/31ad73ab-6d03-4d1f-9ac6-556b94742daa
RR-3376,Paid,-52.20,Material ACCOUNT National Shop Returns,,(2) Plywood - Kept in the truck ,21050.92,0.00,Yes,New,Roofing,Residential,2242.26,12081.86,https://my.acculynx.com/jobs/31ad73ab-6d03-4d1f-9ac6-556b94742daa
RR-3376,Paid,203.36,Platinum Warranty,OC-2026-WR-2296978,,21050.92,0.00,Yes,New,Roofing,Residential,2242.26,12081.86,https://my.acculynx.com/jobs/31ad73ab-6d03-4d1f-9ac6-556b94742daa
RR-3376,Paid,642.00,Labor V&D Family Home Remodeling Corp Dump,,,21050.92,0.00,Yes,New,Roofing,Residential,2242.26,12081.86,https://my.acculynx.com/jobs/31ad73ab-6d03-4d1f-9ac6-556b94742daa
RR-3376,Paid,3440.00,Labor V&D Family Home Remodeling Corp Pay,,,21050.92,0.00,Yes,New,Roofing,Residential,2242.26,12081.86,https://my.acculynx.com/jobs/31ad73ab-6d03-4d1f-9ac6-556b94742daa
RR-3376,Paid,-282.43,Material ACCOUNT National Returns,,(1) Deckseal(1) Base Sheet,21050.92,0.00,Yes,New,Roofing,Residential,2242.26,12081.86,https://my.acculynx.com/jobs/31ad73ab-6d03-4d1f-9ac6-556b94742daa
RR-3376,Paid,5654.53,Material ACCOUNT National,0048696954-001,,21050.92,0.00,Yes,New,Roofing,Residential,2242.26,12081.86,https://my.acculynx.com/jobs/31ad73ab-6d03-4d1f-9ac6-556b94742daa
RR-3266,Paid,1165.00,Labor CASH V&D Family Home Remodeling Corp Dump,,,23431.19,0.00,Yes,New,Roofing,Residential,1566.75,14552.96,https://my.acculynx.com/jobs/945697d6-a285-49a4-a763-d2f16225d910
RR-3266,Paid,261.00,Material ACCOUNT National,0048118526-001,,23431.19,0.00,Yes,New,Roofing,Residential,1566.75,14552.96,https://my.acculynx.com/jobs/945697d6-a285-49a4-a763-d2f16225d910
RR-3266,Paid,-72.78,Material ACCOUNT National Shop Returns,,(4) 1X6 Pine wood - Kept in the trailer,23431.19,0.00,Yes,New,Roofing,Residential,1566.75,14552.96,https://my.acculynx.com/jobs/945697d6-a285-49a4-a763-d2f16225d910
RR-3266,Paid,4835.00,Labor CASH V&D Family Home Remodeling Corp Pay,,,23431.19,0.00,Yes,New,Roofing,Residential,1566.75,14552.96,https://my.acculynx.com/jobs/945697d6-a285-49a4-a763-d2f16225d910
RR-3266,Paid,6111.30,Material ACCOUNT National,0047978493-001,,23431.19,0.00,Yes,New,Roofing,Residential,1566.75,14552.96,https://my.acculynx.com/jobs/945697d6-a285-49a4-a763-d2f16225d910
RR-3266,Additional,1579.66,Michael Dietrich Commission,,Confirmed with Joe Commissions include -526.56 adj. leave as is (T),23431.19,0.00,No,New,Roofing,Residential,1566.75,14552.96,https://my.acculynx.com/jobs/945697d6-a285-49a4-a763-d2f16225d910
RR-3266,Paid,350.00,Labor All About Gutters,,,23431.19,0.00,Yes,New,Roofing,Residential,1566.75,14552.96,https://my.acculynx.com/jobs/945697d6-a285-49a4-a763-d2f16225d910
RR-3266,Paid,347.57,Material ACCOUNT National,0047978493-002,,23431.19,0.00,Yes,New,Roofing,Residential,1566.75,14552.96,https://my.acculynx.com/jobs/945697d6-a285-49a4-a763-d2f16225d910
RR-3266,Paid,-337.13,Material ACCOUNT National Returns,0048230445-001,,23431.19,0.00,Yes,New,Roofing,Residential,1566.75,14552.96,https://my.acculynx.com/jobs/945697d6-a285-49a4-a763-d2f16225d910
RR-3266,Additional,-12.91,Commissions Adjustments,,,23431.19,0.00,No,New,Roofing,Residential,1566.75,14552.96,https://my.acculynx.com/jobs/945697d6-a285-49a4-a763-d2f16225d910
RR-3266,Paid,326.25,Platinum Warranty,,OC-2026-WR-2275799,23431.19,0.00,Yes,New,Roofing,Residential,1566.75,14552.96,https://my.acculynx.com/jobs/945697d6-a285-49a4-a763-d2f16225d910
RR-3636,Paid,46.08,Material ACCOUNT National Shop,,(1)  3/4 Plywood,22000.00,0.00,Yes,New,Roofing,Residential,1100.00,14590.13,https://my.acculynx.com/jobs/c40896c1-ee41-471d-bfb1-037466193271
RR-3636,Paid,1615.50,Labor Flawless Roofing Dump ,,,22000.00,0.00,Yes,New,Roofing,Residential,1100.00,14590.13,https://my.acculynx.com/jobs/c40896c1-ee41-471d-bfb1-037466193271
RR-3636,Paid,4845.00,Labor Flawless Roofing Pay,,,22000.00,0.00,Yes,New,Roofing,Residential,1100.00,14590.13,https://my.acculynx.com/jobs/c40896c1-ee41-471d-bfb1-037466193271
RR-3636,Paid,-128.18,Material ACCOUNT National Returns ,0051371354-001,,22000.00,0.00,Yes,New,Roofing,Residential,1100.00,14590.13,https://my.acculynx.com/jobs/c40896c1-ee41-471d-bfb1-037466193271
RR-3636,Paid,6773.52,Material ACCOUNT National,0050888950-001,,22000.00,0.00,Yes,New,Roofing,Residential,1100.00,14590.13,https://my.acculynx.com/jobs/c40896c1-ee41-471d-bfb1-037466193271
RR-3636,Additional,1100.00,Michael Meinardus Commission,,Mike sold this one (T),22000.00,0.00,No,New,Roofing,Residential,1100.00,14590.13,https://my.acculynx.com/jobs/c40896c1-ee41-471d-bfb1-037466193271
RR-3291,Paid,254.48,Platinum Warranty,,OC-2026-WR-2276737,23422.47,0.00,Yes,New,Roofing,Residential,2123.93,14926.76,https://my.acculynx.com/jobs/bd85a6d5-ba92-426c-83a0-c4485adbfc46
RR-3291,Paid,5558.08,Material ACCOUNT National,0048064000-001,,23422.47,0.00,Yes,New,Roofing,Residential,2123.93,14926.76,https://my.acculynx.com/jobs/bd85a6d5-ba92-426c-83a0-c4485adbfc46
RR-3291,Paid,-204.54,Material ACCOUNT National Shop Returns,,(1) RL Base Sheet(1) RL Ice and Water-Kept in the Truck,23422.47,0.00,Yes,New,Roofing,Residential,2123.93,14926.76,https://my.acculynx.com/jobs/bd85a6d5-ba92-426c-83a0-c4485adbfc46
RR-3291,Paid,3454.81,Dealer CC Fee,,Dealer Fee,23422.47,0.00,Yes,New,Roofing,Residential,2123.93,14926.76,https://my.acculynx.com/jobs/bd85a6d5-ba92-426c-83a0-c4485adbfc46
RR-3291,Paid,660.00,Labor CASH V&D Family Home Remodeling Corp Dump,,,23422.47,0.00,Yes,New,Roofing,Residential,2123.93,14926.76,https://my.acculynx.com/jobs/bd85a6d5-ba92-426c-83a0-c4485adbfc46
RR-3291,Paid,3080.00,Labor CASH V&D Family Home Remodeling Corp Pay,,,23422.47,0.00,Yes,New,Roofing,Residential,2123.93,14926.76,https://my.acculynx.com/jobs/bd85a6d5-ba92-426c-83a0-c4485adbfc46
RR-3291,Additional,2123.93,Michael Dietrich Commission,,T,23422.47,0.00,No,New,Roofing,Residential,2123.93,14926.76,https://my.acculynx.com/jobs/bd85a6d5-ba92-426c-83a0-c4485adbfc46
RR-3636,Paid,338.21,Platinum Warranty ,OC-2026-WR-2388625,,22000.00,0.00,Yes,New,Roofing,Residential,1100.00,14590.13,https://my.acculynx.com/jobs/c40896c1-ee41-471d-bfb1-037466193271
RR-3454,Paid,500.00,Labor Zion Electrical Contracting INC,,,19308.49,0.00,Yes,New,Roofing,Residential,1376.63,13801.99,https://my.acculynx.com/jobs/37fe892b-b357-4805-bf90-3d13b95d8382
RR-3454,Paid,655.00,Labor Flawless Roofing Dump ,,,19308.49,0.00,Yes,New,Roofing,Residential,1376.63,13801.99,https://my.acculynx.com/jobs/37fe892b-b357-4805-bf90-3d13b95d8382
RR-3454,Paid,4800.00,Labor CASH Flawless Roofing Pay,,,19308.49,0.00,Yes,New,Roofing,Residential,1376.63,13801.99,https://my.acculynx.com/jobs/37fe892b-b357-4805-bf90-3d13b95d8382
RR-3454,Paid,218.59,Platinum Warranty,OC-2026-WR-2319865,,19308.49,0.00,Yes,New,Roofing,Residential,1376.63,13801.99,https://my.acculynx.com/jobs/37fe892b-b357-4805-bf90-3d13b95d8382
RR-3454,Paid,42.41,Material ACCOUNT National Shop,,(1) 3/4 Plywood,19308.49,0.00,Yes,New,Roofing,Residential,1376.63,13801.99,https://my.acculynx.com/jobs/37fe892b-b357-4805-bf90-3d13b95d8382
RR-3454,Paid,247.96,Material ACCOUNT National,49439718,,19308.49,0.00,Yes,New,Roofing,Residential,1376.63,13801.99,https://my.acculynx.com/jobs/37fe892b-b357-4805-bf90-3d13b95d8382
RR-3454,Paid,5961.40,Material ACCOUNT National,0049357621-001,,19308.49,0.00,Yes,New,Roofing,Residential,1376.63,13801.99,https://my.acculynx.com/jobs/37fe892b-b357-4805-bf90-3d13b95d8382
RR-3454,Additional,1376.63,Michael Dietrich Commission,,T,19308.49,0.00,No,New,Roofing,Residential,1376.63,13801.99,https://my.acculynx.com/jobs/37fe892b-b357-4805-bf90-3d13b95d8382
RR-3544,Paid,5345.00,Labor CASH V&D Family Home Remodeling Corp Pay,,,26424.51,0.00,Yes,New,Roofing,Residential,2064.99,18179.72,https://my.acculynx.com/jobs/72862bae-cc00-4366-9411-fd5a806ab835
RR-3544,Paid,1600.90,Material ACCOUNT National,0050319667-002,,26424.51,0.00,Yes,New,Roofing,Residential,2064.99,18179.72,https://my.acculynx.com/jobs/72862bae-cc00-4366-9411-fd5a806ab835
RR-3544,Paid,1626.50,Labor V&D Family Home Remodeling Corp Dump,,,26424.51,0.00,Yes,New,Roofing,Residential,2064.99,18179.72,https://my.acculynx.com/jobs/72862bae-cc00-4366-9411-fd5a806ab835
RR-3544,Paid,5980.53,Material ACCOUNT National,0050249857-001,,26424.51,0.00,Yes,New,Roofing,Residential,2064.99,18179.72,https://my.acculynx.com/jobs/72862bae-cc00-4366-9411-fd5a806ab835
RR-3544,Paid,350.00,Labor All About Gutters,,,26424.51,0.00,Yes,New,Roofing,Residential,2064.99,18179.72,https://my.acculynx.com/jobs/72862bae-cc00-4366-9411-fd5a806ab835
RR-3544,Paid,171.28,Material ACCOUNT National,0050323732-001,,26424.51,0.00,Yes,New,Roofing,Residential,2064.99,18179.72,https://my.acculynx.com/jobs/72862bae-cc00-4366-9411-fd5a806ab835
RR-3544,Paid,290.36,Platinum Warranty,OC-2026-WR-2350750,,26424.51,0.00,Yes,New,Roofing,Residential,2064.99,18179.72,https://my.acculynx.com/jobs/72862bae-cc00-4366-9411-fd5a806ab835
RR-3544,Paid,750.16,Dealer CC Fee,,CC Fee,26424.51,0.00,Yes,New,Roofing,Residential,2064.99,18179.72,https://my.acculynx.com/jobs/72862bae-cc00-4366-9411-fd5a806ab835
RR-3544,Additional,2064.99,Joseph Cassara Commission,,T,26424.51,0.00,No,New,Roofing,Residential,2064.99,18179.72,https://my.acculynx.com/jobs/72862bae-cc00-4366-9411-fd5a806ab835
RR-3368,Paid,-52.20,Material ACCOUNT National Shop Returns,,(2) 1/2 Plywoods - Kept in the Truck,22900.35,0.00,Yes,New,Roofing,Residential,961.68,14244.98,https://my.acculynx.com/jobs/b13b2da4-d0ee-42f9-bc85-12d4508c8366
RR-3368,Paid,1033.13,Material AMEX American Chimney,44882,,22900.35,0.00,Yes,New,Roofing,Residential,961.68,14244.98,https://my.acculynx.com/jobs/b13b2da4-d0ee-42f9-bc85-12d4508c8366
RR-3368,Paid,90.00,Material AMEX Home Depot,H1265-370971,,22900.35,0.00,Yes,New,Roofing,Residential,961.68,14244.98,https://my.acculynx.com/jobs/b13b2da4-d0ee-42f9-bc85-12d4508c8366
RR-3368,Paid,1139.00,Labor Flawless Roofing Dump ,,,22900.35,0.00,Yes,New,Roofing,Residential,961.68,14244.98,https://my.acculynx.com/jobs/b13b2da4-d0ee-42f9-bc85-12d4508c8366
RR-3368,Paid,123.98,Material ACCOUNT National Shop,,(2) Lifetime 3" Pipe Flange,22900.35,0.00,Yes,New,Roofing,Residential,961.68,14244.98,https://my.acculynx.com/jobs/b13b2da4-d0ee-42f9-bc85-12d4508c8366
RR-3368,Paid,5279.01,Material ACCOUNT National,48650091,,22900.35,0.00,Yes,New,Roofing,Residential,961.68,14244.98,https://my.acculynx.com/jobs/b13b2da4-d0ee-42f9-bc85-12d4508c8366
RR-3368,Paid,4505.00,Labor Flawless Roofing Pay,,,22900.35,0.00,Yes,New,Roofing,Residential,961.68,14244.98,https://my.acculynx.com/jobs/b13b2da4-d0ee-42f9-bc85-12d4508c8366
RR-3368,Paid,294.16,Material AMEX Home Depot,H1265-370909,,22900.35,0.00,Yes,New,Roofing,Residential,961.68,14244.98,https://my.acculynx.com/jobs/b13b2da4-d0ee-42f9-bc85-12d4508c8366
RR-3368,Additional,961.68,Michael Dietrich Commission,,T Per Joe 10%,22900.35,0.00,No,New,Roofing,Residential,961.68,14244.98,https://my.acculynx.com/jobs/b13b2da4-d0ee-42f9-bc85-12d4508c8366
RR-3368,Paid,1042.92,Material AMEX Home Depot,,,22900.35,0.00,Yes,New,Roofing,Residential,961.68,14244.98,https://my.acculynx.com/jobs/b13b2da4-d0ee-42f9-bc85-12d4508c8366
RR-3368,Paid,-171.70,Material ACCOUNT National Returns,,(2) BD Designer Shingles(1) OC Hip & Ridge,22900.35,0.00,Yes,New,Roofing,Residential,961.68,14244.98,https://my.acculynx.com/jobs/b13b2da4-d0ee-42f9-bc85-12d4508c8366
RR-3507,Paid,218.59,Platinum Warranty, OC-2026-WR-2337728,,21729.18,0.00,Yes,New,Roofing,Residential,1414.28,16072.02,https://my.acculynx.com/jobs/4f002ed0-8c28-44e7-9346-c98546df212b
RR-3507,Paid,6623.52,Material ACCOUNT National,0049907599-001,,21729.18,0.00,Yes,New,Roofing,Residential,1414.28,16072.02,https://my.acculynx.com/jobs/4f002ed0-8c28-44e7-9346-c98546df212b
RR-3507,Paid,1086.46,Dealer CC Fee,,Dealer Fee,21729.18,0.00,Yes,New,Roofing,Residential,1414.28,16072.02,https://my.acculynx.com/jobs/4f002ed0-8c28-44e7-9346-c98546df212b
RR-3507,Paid,53.95,Material AMEX Home Depot,H1202-387507,,21729.18,0.00,Yes,New,Roofing,Residential,1414.28,16072.02,https://my.acculynx.com/jobs/4f002ed0-8c28-44e7-9346-c98546df212b
RR-3507,Paid,85.36,Material ACCOUNT National,0049926924-001,,21729.18,0.00,Yes,New,Roofing,Residential,1414.28,16072.02,https://my.acculynx.com/jobs/4f002ed0-8c28-44e7-9346-c98546df212b
RR-3507,Paid,128.86,Material AMEX Home Depot,H1202-387447,,21729.18,0.00,Yes,New,Roofing,Residential,1414.28,16072.02,https://my.acculynx.com/jobs/4f002ed0-8c28-44e7-9346-c98546df212b
RR-3507,Paid,4628.00,Labor V&D Family Home Remodeling Corp Pay,,,21729.18,0.00,Yes,New,Roofing,Residential,1414.28,16072.02,https://my.acculynx.com/jobs/4f002ed0-8c28-44e7-9346-c98546df212b
RR-3507,Paid,1833.00,Labor V&D Family Home Remodeling Corp Dump,,,21729.18,0.00,Yes,New,Roofing,Residential,1414.28,16072.02,https://my.acculynx.com/jobs/4f002ed0-8c28-44e7-9346-c98546df212b
RR-3507,Additional,1414.28,Joseph Cassarra Commission,,T,21729.18,0.00,No,New,Roofing,Residential,1414.28,16072.02,https://my.acculynx.com/jobs/4f002ed0-8c28-44e7-9346-c98546df212b
RR-3522,Paid,182.70,Platinum Warranty,OC-2026-WR-2347517,,20304.01,0.00,Yes,New,Roofing,Residential,1680.58,11430.56,https://my.acculynx.com/jobs/044d49dd-5e53-4882-ae5d-2c025c81542a
RR-3522,Paid,-287.10,Material ACCOUNT National Shop Returns,,(4) 1/2 Plywood(4) 3/4 Plywood,20304.01,0.00,Yes,New,Roofing,Residential,1680.58,11430.56,https://my.acculynx.com/jobs/044d49dd-5e53-4882-ae5d-2c025c81542a
RR-3522,Paid,5201.77,Material ACCOUNT National,0050051342-001,,20304.01,0.00,Yes,New,Roofing,Residential,1680.58,11430.56,https://my.acculynx.com/jobs/044d49dd-5e53-4882-ae5d-2c025c81542a
RR-3522,Additional,1680.58,Michael Dietrich commission,,T,20304.01,0.00,No,New,Roofing,Residential,1680.58,11430.56,https://my.acculynx.com/jobs/044d49dd-5e53-4882-ae5d-2c025c81542a
RR-3522,Paid,1455.00,Labor Flawless Roofing Dump ,,,20304.01,0.00,Yes,New,Roofing,Residential,1680.58,11430.56,https://my.acculynx.com/jobs/044d49dd-5e53-4882-ae5d-2c025c81542a
RR-3522,Paid,3590.00,Labor CASH Flawless Roofing Pay,,,20304.01,0.00,Yes,New,Roofing,Residential,1680.58,11430.56,https://my.acculynx.com/jobs/044d49dd-5e53-4882-ae5d-2c025c81542a
RR-3522,Paid,-392.39,Material ACCOUNT National Returns,,(7) BD Designer Shingle(1) Lifetime Bath Vent,20304.01,0.00,Yes,New,Roofing,Residential,1680.58,11430.56,https://my.acculynx.com/jobs/044d49dd-5e53-4882-ae5d-2c025c81542a
RR-3220,Paid,218.59,Platinum Warranty,,,23687.30,0.00,Yes,New,Roofing,Residential,2598.79,13019.09,https://my.acculynx.com/jobs/33553648-3516-4e38-a855-bcc59ceb0398
RR-3220,Paid,-160.41,Material ACCOUNT National Shop Returns,,(1) Bathroom Vent(1) Ice Water Shield,23687.30,0.00,Yes,New,Roofing,Residential,2598.79,13019.09,https://my.acculynx.com/jobs/33553648-3516-4e38-a855-bcc59ceb0398
RR-3220,Paid,3827.50,Labor Flawless Roofing Pay,,,23687.30,0.00,Yes,New,Roofing,Residential,2598.79,13019.09,https://my.acculynx.com/jobs/33553648-3516-4e38-a855-bcc59ceb0398
RR-3220,Paid,448.70,Material ACCOUNT Beacon,UA56683,,23687.30,0.00,Yes,New,Roofing,Residential,2598.79,13019.09,https://my.acculynx.com/jobs/33553648-3516-4e38-a855-bcc59ceb0398
RR-3220,Paid,672.00,Labor Flawless Roofing Dump,,,23687.30,0.00,Yes,New,Roofing,Residential,2598.79,13019.09,https://my.acculynx.com/jobs/33553648-3516-4e38-a855-bcc59ceb0398
RR-3220,Paid,5582.62,Material ACCOUNT National,0047549709-001,,23687.30,0.00,Yes,New,Roofing,Residential,2598.79,13019.09,https://my.acculynx.com/jobs/33553648-3516-4e38-a855-bcc59ceb0398
RR-3220,Additional,2598.84,Francesco Ambrosio Commission,,Done by Mike M for L10 (T),23687.30,0.00,No,New,Roofing,Residential,2598.79,13019.09,https://my.acculynx.com/jobs/33553648-3516-4e38-a855-bcc59ceb0398
RR-3220,Paid,104.36,Material ACCOUNT National Shop,,(4) Plywood,23687.30,0.00,Yes,New,Roofing,Residential,2598.79,13019.09,https://my.acculynx.com/jobs/33553648-3516-4e38-a855-bcc59ceb0398
RR-3220,Additional,-0.05,Francesco Commission Adjustment,,,23687.30,0.00,No,New,Roofing,Residential,2598.79,13019.09,https://my.acculynx.com/jobs/33553648-3516-4e38-a855-bcc59ceb0398
RR-3220,Paid,-187.50,Labor Flawless Roofing Pay Adj,,,23687.30,0.00,No,New,Roofing,Residential,2598.79,13019.09,https://my.acculynx.com/jobs/33553648-3516-4e38-a855-bcc59ceb0398
RR-3220,Paid,-85.56,Material ACCOUNT National Returns,,(2) BD Shingles,23687.30,0.00,No,New,Roofing,Residential,2598.79,13019.09,https://my.acculynx.com/jobs/33553648-3516-4e38-a855-bcc59ceb0398
RR-3242,Paid,3940.29,Material ACCOUNT National,0047727731-001 1,,24536.58,0.00,Yes,New,Roofing,Residential,2730.96,13612.74,https://my.acculynx.com/jobs/90cc4657-ed6c-4c23-bac6-3b8a0bea0bec
RR-3242,Paid,-336.04,Material ACCOUNT National Shop Returns,,(5) 1/2 Plywood(1) Lifetime Pipe Flange 4"(2) Easy Sleeve 4",24536.58,0.00,Yes,New,Roofing,Residential,2730.96,13612.74,https://my.acculynx.com/jobs/90cc4657-ed6c-4c23-bac6-3b8a0bea0bec
RR-3242,Paid,-128.33,Material ACCOUNT National Returns,,(3) BD Shingles,24536.58,0.00,Yes,New,Roofing,Residential,2730.96,13612.74,https://my.acculynx.com/jobs/90cc4657-ed6c-4c23-bac6-3b8a0bea0bec
RR-3242,Paid,206.63,Platinum Warranty,,,24536.58,0.00,Yes,New,Roofing,Residential,2730.96,13612.74,https://my.acculynx.com/jobs/90cc4657-ed6c-4c23-bac6-3b8a0bea0bec
RR-3242,Paid,123.98,Material ACCOUNT National Shop,,(2) Lifetime Ultimate 3",24536.58,0.00,Yes,New,Roofing,Residential,2730.96,13612.74,https://my.acculynx.com/jobs/90cc4657-ed6c-4c23-bac6-3b8a0bea0bec
RR-3242,Paid,1226.83,Dealer CC Fee,,Dealer Fee,24536.58,0.00,Yes,New,Roofing,Residential,2730.96,13612.74,https://my.acculynx.com/jobs/90cc4657-ed6c-4c23-bac6-3b8a0bea0bec
RR-3242,Additional,2730.96,Michael Dietrich Commission,,T,24536.58,0.00,No,New,Roofing,Residential,2730.96,13612.74,https://my.acculynx.com/jobs/90cc4657-ed6c-4c23-bac6-3b8a0bea0bec
RR-3242,Paid,143.56,Material ACCOUNT National,0047727731-002 1,,24536.58,0.00,Yes,New,Roofing,Residential,2730.96,13612.74,https://my.acculynx.com/jobs/90cc4657-ed6c-4c23-bac6-3b8a0bea0bec
RR-3242,Paid,830.00,Labor Flawless Roofing Dump,,,24536.58,0.00,Yes,New,Roofing,Residential,2730.96,13612.74,https://my.acculynx.com/jobs/90cc4657-ed6c-4c23-bac6-3b8a0bea0bec
RR-3242,Paid,1234.86,Material ACCOUNT National,0047727731-003 1,,24536.58,0.00,Yes,New,Roofing,Residential,2730.96,13612.74,https://my.acculynx.com/jobs/90cc4657-ed6c-4c23-bac6-3b8a0bea0bec
RR-3242,Paid,3640.00,Labor Flawless Roofing Pay,,,24536.58,0.00,Yes,New,Roofing,Residential,2730.96,13612.74,https://my.acculynx.com/jobs/90cc4657-ed6c-4c23-bac6-3b8a0bea0bec
RR-3320,Paid,102.77,Material ACCOUNT National Shop,,(3) Lifetime EasySleeve 3",24101.63,0.00,Yes,New,Roofing,Residential,2723.61,13207.20,https://my.acculynx.com/jobs/a0571a3b-66bb-42e5-8110-47a7c4ca682b
RR-3320,Paid,242.51,Platinum Warranty,OC-2026-WR-2285874,,24101.63,0.00,Yes,New,Roofing,Residential,2723.61,13207.20,https://my.acculynx.com/jobs/a0571a3b-66bb-42e5-8110-47a7c4ca682b
RR-3263,Paid,-149.22,Material ACCOUNT National Returns,0048304380-001,(2) BD Duration (1) BX 2 3/8 Coil Framing Nails,18890.95,0.00,Yes,New,Roofing,Residential,1251.91,11796.79,https://my.acculynx.com/jobs/51f05f06-d554-483f-bf67-1aff916e0e0a
RR-3263,Additional,-51.71,Commissions Adjustments,,,18890.95,0.00,No,New,Roofing,Residential,1251.91,11796.79,https://my.acculynx.com/jobs/51f05f06-d554-483f-bf67-1aff916e0e0a
RR-3263,Additional,1303.62,Francesco Ambrosio Commission,,T,18890.95,0.00,No,New,Roofing,Residential,1251.91,11796.79,https://my.acculynx.com/jobs/51f05f06-d554-483f-bf67-1aff916e0e0a
RR-3263,Paid,500.00,Other Job Expenses Referral Fee,,,18890.95,0.00,Yes,New,Roofing,Residential,1251.91,11796.79,https://my.acculynx.com/jobs/51f05f06-d554-483f-bf67-1aff916e0e0a
RR-3263,Paid,152.05,Material ACCOUNT ABC,2007681268-001,Maha Paid 0327,18890.95,0.00,Yes,New,Roofing,Residential,1251.91,11796.79,https://my.acculynx.com/jobs/51f05f06-d554-483f-bf67-1aff916e0e0a
RR-3263,Paid,588.00,Labor Flawless Roofing Dump,,,18890.95,0.00,Yes,New,Roofing,Residential,1251.91,11796.79,https://my.acculynx.com/jobs/51f05f06-d554-483f-bf67-1aff916e0e0a
RR-3263,Paid,3240.00,Labor Flawless Roofing Pay,,,18890.95,0.00,Yes,New,Roofing,Residential,1251.91,11796.79,https://my.acculynx.com/jobs/51f05f06-d554-483f-bf67-1aff916e0e0a
RR-3263,Paid,194.66,Platinum Warranty,OC-2026-WR-2277474,,18890.95,0.00,Yes,New,Roofing,Residential,1251.91,11796.79,https://my.acculynx.com/jobs/51f05f06-d554-483f-bf67-1aff916e0e0a
RR-3263,Paid,5076.02,Material ACCOUNT National,0047950602-001,,18890.95,0.00,Yes,New,Roofing,Residential,1251.91,11796.79,https://my.acculynx.com/jobs/51f05f06-d554-483f-bf67-1aff916e0e0a
RR-3263,Paid,-26.10,Material ACCOUNT National Shop Returns,,(1) 1/2 Plywood - Kept in the truck,18890.95,0.00,Yes,New,Roofing,Residential,1251.91,11796.79,https://my.acculynx.com/jobs/51f05f06-d554-483f-bf67-1aff916e0e0a
RR-3263,Paid,124.92,Material ACCOUNT National,0047950602-002,,18890.95,0.00,Yes,New,Roofing,Residential,1251.91,11796.79,https://my.acculynx.com/jobs/51f05f06-d554-483f-bf67-1aff916e0e0a
RR-3263,Paid,500.00,Labor Zion Electrical Contracting INC,,,18890.95,0.00,Yes,New,Roofing,Residential,1251.91,11796.79,https://my.acculynx.com/jobs/51f05f06-d554-483f-bf67-1aff916e0e0a
RR-3263,Paid,344.55,Dealer CC Fee,,Dealer fee,18890.95,0.00,Yes,New,Roofing,Residential,1251.91,11796.79,https://my.acculynx.com/jobs/51f05f06-d554-483f-bf67-1aff916e0e0a
RR-3250,Paid,550.00,Labor CASH V&D Family Home Remodeling Corp Pay,,,11366.17,0.00,Yes,New,Roofing,Residential,1105.58,6943.87,https://my.acculynx.com/jobs/80a9de91-2fc8-449b-ba4c-da7f2c2d3f2c
RR-3250,Paid,950.00,Labor All About Gutters,,,11366.17,0.00,Yes,New,Roofing,Residential,1105.58,6943.87,https://my.acculynx.com/jobs/80a9de91-2fc8-449b-ba4c-da7f2c2d3f2c
RR-3250,Paid,350.00,Labor CASH V&D Family Home Remodeling Corp Dump,,,11366.17,0.00,Yes,New,Roofing,Residential,1105.58,6943.87,https://my.acculynx.com/jobs/80a9de91-2fc8-449b-ba4c-da7f2c2d3f2c
RR-3250,Paid,1350.00,Labor CASH V&D Family Home Remodeling Corp Pay,,,11366.17,0.00,Yes,New,Roofing,Residential,1105.58,6943.87,https://my.acculynx.com/jobs/80a9de91-2fc8-449b-ba4c-da7f2c2d3f2c
RR-3250,Paid,134.85,Platinum Warranty,,OC-2026-WR-2270209,11366.17,0.00,Yes,New,Roofing,Residential,1105.58,6943.87,https://my.acculynx.com/jobs/80a9de91-2fc8-449b-ba4c-da7f2c2d3f2c
RR-3250,Paid,132.44,Material AMEX Home Depot,H1218-362749,,11366.17,0.00,Yes,New,Roofing,Residential,1105.58,6943.87,https://my.acculynx.com/jobs/80a9de91-2fc8-449b-ba4c-da7f2c2d3f2c
RR-3250,Paid,124.80,Labor CASH Crew Snacks Lunch,,Cancun Mexican Grill Restaurant (Ryan Paid) ,11366.17,0.00,Yes,New,Roofing,Residential,1105.58,6943.87,https://my.acculynx.com/jobs/80a9de91-2fc8-449b-ba4c-da7f2c2d3f2c
RR-3250,Paid,2624.57,Material ACCOUNT National,47870273,,11366.17,0.00,Yes,New,Roofing,Residential,1105.58,6943.87,https://my.acculynx.com/jobs/80a9de91-2fc8-449b-ba4c-da7f2c2d3f2c
RR-3250,Additional,1116.10,Michael Dietrich Commission,,T,11366.17,0.00,No,New,Roofing,Residential,1105.58,6943.87,https://my.acculynx.com/jobs/80a9de91-2fc8-449b-ba4c-da7f2c2d3f2c
RR-3250,Paid,-378.37,Material ACCOUNT National Returns,,0047975036-001(1) Ridge Vent(1) BD OC Starter Srtrip (4) BD OC Onyx Black (1) Coil Roofing Nails,11366.17,0.00,Yes,New,Roofing,Residential,1105.58,6943.87,https://my.acculynx.com/jobs/80a9de91-2fc8-449b-ba4c-da7f2c2d3f2c
RR-3250,Additional,-10.52,Commissions Adjustments,,,11366.17,0.00,No,New,Roofing,Residential,1105.58,6943.87,https://my.acculynx.com/jobs/80a9de91-2fc8-449b-ba4c-da7f2c2d3f2c
RR-3526,Additional,127.37,Michael Dietrich commission,,T,3900.00,0.00,No,Repair,Roofing,Residential,127.37,2727.47,https://my.acculynx.com/jobs/464a9208-5e15-42ab-a987-394626d09c5a
RR-3526,Paid,512.50,Labor CASH V&D Family Home Remodeling Corp Pay,,,3900.00,0.00,Yes,Repair,Roofing,Residential,127.37,2727.47,https://my.acculynx.com/jobs/464a9208-5e15-42ab-a987-394626d09c5a
RR-3526,Paid,808.77,Material ACCOUNT ABC ,2011927037-001,,3900.00,0.00,Yes,Repair,Roofing,Residential,127.37,2727.47,https://my.acculynx.com/jobs/464a9208-5e15-42ab-a987-394626d09c5a
RR-3526,Paid,1200.00,Labor All About Gutters,,,3900.00,0.00,Yes,Repair,Roofing,Residential,127.37,2727.47,https://my.acculynx.com/jobs/464a9208-5e15-42ab-a987-394626d09c5a
RR-3526,Paid,3.83,Dealer CC Fee,,,3900.00,0.00,Yes,Repair,Roofing,Residential,127.37,2727.47,https://my.acculynx.com/jobs/464a9208-5e15-42ab-a987-394626d09c5a
RR-3526,Paid,75.00,Labor CASH V&D Family Home Remodeling Corp Pay,,,3900.00,0.00,Yes,Repair,Roofing,Residential,127.37,2727.47,https://my.acculynx.com/jobs/464a9208-5e15-42ab-a987-394626d09c5a
RR-3204,Paid,5630.70,Material ACCOUNT National,0047431111-001,,27216.00,0.00,Yes,New,Roofing,Residential,2245.25,18234.98,https://my.acculynx.com/jobs/92ec3aa1-7a8a-40c0-9208-b6b0c1309fee
RR-3204,Paid,1360.80,Dealer CC Fee,,Dealer Fee,27216.00,0.00,Yes,New,Roofing,Residential,2245.25,18234.98,https://my.acculynx.com/jobs/92ec3aa1-7a8a-40c0-9208-b6b0c1309fee
RR-3204,Paid,1326.00,Labor CASH Flawless Roofing Dump,,,27216.00,0.00,Yes,New,Roofing,Residential,2245.25,18234.98,https://my.acculynx.com/jobs/92ec3aa1-7a8a-40c0-9208-b6b0c1309fee
RR-3204,Paid,5835.00,Labor CASH Flawless Roofing Pay,,,27216.00,0.00,Yes,New,Roofing,Residential,2245.25,18234.98,https://my.acculynx.com/jobs/92ec3aa1-7a8a-40c0-9208-b6b0c1309fee
RR-3204,Paid,1050.00,Labor All About Gutters,,,27216.00,0.00,Yes,New,Roofing,Residential,2245.25,18234.98,https://my.acculynx.com/jobs/92ec3aa1-7a8a-40c0-9208-b6b0c1309fee
RR-3204,Additional,2258.70,Michael Dietrich Commission,,500 was transferred need to fix  the rest,27216.00,0.00,No,New,Roofing,Residential,2245.25,18234.98,https://my.acculynx.com/jobs/92ec3aa1-7a8a-40c0-9208-b6b0c1309fee
RR-3204,Paid,-331.64,Material ACCOUNT National Returns,,(4) BD Shingles(2) RL Ventsure,27216.00,0.00,Yes,New,Roofing,Residential,2245.25,18234.98,https://my.acculynx.com/jobs/92ec3aa1-7a8a-40c0-9208-b6b0c1309fee
RR-3204,Paid,290.36,Platinum Warranty,OC-2026-WR-2259009,,27216.00,0.00,Yes,New,Roofing,Residential,2245.25,18234.98,https://my.acculynx.com/jobs/92ec3aa1-7a8a-40c0-9208-b6b0c1309fee
RR-3204,Paid,1330.03,Material ACCOUNT National,0047517915-001,,27216.00,0.00,Yes,New,Roofing,Residential,2245.25,18234.98,https://my.acculynx.com/jobs/92ec3aa1-7a8a-40c0-9208-b6b0c1309fee
RR-3204,Paid,-476.75,Material ACCOUNT National Returns,,(17)TopShield Aluminum F55 Drip Edge(21) TopShield Aluminum C45 Drip Edge,27216.00,0.00,Yes,New,Roofing,Residential,2245.25,18234.98,https://my.acculynx.com/jobs/92ec3aa1-7a8a-40c0-9208-b6b0c1309fee
RR-3204,Paid,-24.77,Material ACCOUNT National Returns,,,27216.00,0.00,Yes,New,Roofing,Residential,2245.25,18234.98,https://my.acculynx.com/jobs/92ec3aa1-7a8a-40c0-9208-b6b0c1309fee
RR-3204,Additional,-13.45,Michael Dietrich Commissions Adj,,,27216.00,0.00,No,New,Roofing,Residential,2245.25,18234.98,https://my.acculynx.com/jobs/92ec3aa1-7a8a-40c0-9208-b6b0c1309fee
RR-3259,Paid,1000.00,Labor Brentwood Roofing And Contracting Inc,,,5300.00,0.00,Yes,Repair,Roofing,Commercial,681.00,2576.02,https://my.acculynx.com/jobs/256e3e43-9283-42f2-9291-cb581018e325
RR-3259,Paid,895.02,Material ACCOUNT National, 0047928390-001,,5300.00,0.00,Yes,Repair,Roofing,Commercial,681.00,2576.02,https://my.acculynx.com/jobs/256e3e43-9283-42f2-9291-cb581018e325
RR-3259,Additional,681.00,Joseph Elshazly Commission,,T,5300.00,0.00,No,Repair,Roofing,Commercial,681.00,2576.02,https://my.acculynx.com/jobs/256e3e43-9283-42f2-9291-cb581018e325
RR-3590,Paid,412.50,Labor CASH V&D Family Home Remodeling Corp Pay,,,3700.00,0.00,Yes,Repair,Roofing,Property Management,609.00,1264.68,https://my.acculynx.com/jobs/f8d2725a-e4c5-4c94-b251-051ec59da5c6
RR-3590,Additional,609.00,Michael Dietrich Commission,,T,3700.00,0.00,No,Repair,Roofing,Property Management,609.00,1264.68,https://my.acculynx.com/jobs/f8d2725a-e4c5-4c94-b251-051ec59da5c6
RR-3590,Paid,243.18,Material ACCOUNT National ,0050540608-001,,3700.00,0.00,Yes,Repair,Roofing,Property Management,609.00,1264.68,https://my.acculynx.com/jobs/f8d2725a-e4c5-4c94-b251-051ec59da5c6
RR-3423,Paid,1450.00,Labor Flawless Roofing Pay,,,6000.00,0.00,Yes,Repair,Roofing,Residential,649.03,3401.16,https://my.acculynx.com/jobs/09dddfbb-ec78-48d5-9377-0973c0e36283
RR-3398,Paid,242.51,Platinum Warranty,OC-2026-WR-2307401,,27449.70,0.00,Yes,New,Roofing,Residential,2639.81,16890.39,https://my.acculynx.com/jobs/b28e8a60-655a-4452-966f-b0eecdb74c86
RR-3423,Paid,-312.47,Material ACCOUNT National Returns,,(3) 3/4 Plywood(1) OC Deckseal(1) BD Duration Shingle - Return to national,6000.00,0.00,Yes,Repair,Roofing,Residential,649.03,3401.16,https://my.acculynx.com/jobs/09dddfbb-ec78-48d5-9377-0973c0e36283
RR-3423,Paid,-110.92,Material ACCOUNT National Returns,,(4) 1/2 Plywood - Return from national truck,6000.00,0.00,Yes,Repair,Roofing,Residential,649.03,3401.16,https://my.acculynx.com/jobs/09dddfbb-ec78-48d5-9377-0973c0e36283
RR-3398,Paid,4048.83,Dealer CC Fee,,Dealer Fee,27449.70,0.00,Yes,New,Roofing,Residential,2639.81,16890.39,https://my.acculynx.com/jobs/b28e8a60-655a-4452-966f-b0eecdb74c86
RR-3398,Paid,85.37,Material ACCOUNT National Shop,,(1) Lifetime Bathroom Vent,27449.70,0.00,Yes,New,Roofing,Residential,2639.81,16890.39,https://my.acculynx.com/jobs/b28e8a60-655a-4452-966f-b0eecdb74c86
RR-3398,Paid,606.00,Labor Flawless Roofing Dump ,,,27449.70,0.00,Yes,New,Roofing,Residential,2639.81,16890.39,https://my.acculynx.com/jobs/b28e8a60-655a-4452-966f-b0eecdb74c86
RR-3398,Paid,3440.00,Labor Flawless Roofing Pay,,,27449.70,0.00,Yes,New,Roofing,Residential,2639.81,16890.39,https://my.acculynx.com/jobs/b28e8a60-655a-4452-966f-b0eecdb74c86
RR-3398,Additional,2639.81,Michael Dietrich Commission,,T,27449.70,0.00,No,New,Roofing,Residential,2639.81,16890.39,https://my.acculynx.com/jobs/b28e8a60-655a-4452-966f-b0eecdb74c86
RR-3398,Paid,-753.88,Material ACCOUNT National Returns,,(9) BD Duration Shingles(1) BD Hip&Ridge(1) RL OC Base Ply (1) RL OC Cap Sheet,27449.70,0.00,Yes,New,Roofing,Residential,2639.81,16890.39,https://my.acculynx.com/jobs/b28e8a60-655a-4452-966f-b0eecdb74c86
RR-3421,Paid,-865.29,Material ACCOUNT National Returns,,(12) Insulation,48675.00,0.00,Yes,Insurance,"Gutters & Soffits, Roofing",Residential,5051.31,28469.76,https://my.acculynx.com/jobs/e5b64d2f-7ad2-411f-9231-5c2de474e5ef
RR-3421,Paid,-207.23,Material ACCOUNT National Shop Returns,,(12) 1x6 ,48675.00,0.00,Yes,Insurance,"Gutters & Soffits, Roofing",Residential,5051.31,28469.76,https://my.acculynx.com/jobs/e5b64d2f-7ad2-411f-9231-5c2de474e5ef
RR-3421,Paid,1575.00,Labor V&D Family Home Remodeling Corp Pay,,,48675.00,0.00,Yes,Insurance,"Gutters & Soffits, Roofing",Residential,5051.31,28469.76,https://my.acculynx.com/jobs/e5b64d2f-7ad2-411f-9231-5c2de474e5ef
RR-3421,Paid,330.49,Material AMEX Home Depot,H1208-524207,,48675.00,0.00,Yes,Insurance,"Gutters & Soffits, Roofing",Residential,5051.31,28469.76,https://my.acculynx.com/jobs/e5b64d2f-7ad2-411f-9231-5c2de474e5ef
RR-3421,Paid,800.10,Material ACCOUNT National,0049373982-001,,48675.00,0.00,Yes,Insurance,"Gutters & Soffits, Roofing",Residential,5051.31,28469.76,https://my.acculynx.com/jobs/e5b64d2f-7ad2-411f-9231-5c2de474e5ef
RR-3421,Paid,1081.63,Material ACCOUNT National,0049208469-002,,48675.00,0.00,Yes,Insurance,"Gutters & Soffits, Roofing",Residential,5051.31,28469.76,https://my.acculynx.com/jobs/e5b64d2f-7ad2-411f-9231-5c2de474e5ef
RR-3421,Paid,782.63,Material ACCOUNT National,0049208469-003,,48675.00,0.00,Yes,Insurance,"Gutters & Soffits, Roofing",Residential,5051.31,28469.76,https://my.acculynx.com/jobs/e5b64d2f-7ad2-411f-9231-5c2de474e5ef
RR-3421,Paid,42.93,Material AMEX Home Depot,H1208-524059,,48675.00,0.00,Yes,Insurance,"Gutters & Soffits, Roofing",Residential,5051.31,28469.76,https://my.acculynx.com/jobs/e5b64d2f-7ad2-411f-9231-5c2de474e5ef
RR-3421,Additional,5051.31,Michael Dietrich Commission,,T,48675.00,0.00,No,Insurance,"Gutters & Soffits, Roofing",Residential,5051.31,28469.76,https://my.acculynx.com/jobs/e5b64d2f-7ad2-411f-9231-5c2de474e5ef
RR-3421,Paid,8095.00,Material ACCOUNT National,0049208469-001,,48675.00,0.00,Yes,Insurance,"Gutters & Soffits, Roofing",Residential,5051.31,28469.76,https://my.acculynx.com/jobs/e5b64d2f-7ad2-411f-9231-5c2de474e5ef
RR-3421,Paid,2000.00,Labor All About Gutters,,,48675.00,0.00,Yes,Insurance,"Gutters & Soffits, Roofing",Residential,5051.31,28469.76,https://my.acculynx.com/jobs/e5b64d2f-7ad2-411f-9231-5c2de474e5ef
RR-3421,Paid,1025.67,Material ACCOUNT National,0049208469-004,,48675.00,0.00,Yes,Insurance,"Gutters & Soffits, Roofing",Residential,5051.31,28469.76,https://my.acculynx.com/jobs/e5b64d2f-7ad2-411f-9231-5c2de474e5ef
RR-3421,Paid,1178.58,Other Job Expenses Land Resource Dump,10902,,48675.00,0.00,Yes,Insurance,"Gutters & Soffits, Roofing",Residential,5051.31,28469.76,https://my.acculynx.com/jobs/e5b64d2f-7ad2-411f-9231-5c2de474e5ef
RR-3421,Paid,266.44,Platinum Warranty,OC-2026-WR-2316375,,48675.00,0.00,Yes,Insurance,"Gutters & Soffits, Roofing",Residential,5051.31,28469.76,https://my.acculynx.com/jobs/e5b64d2f-7ad2-411f-9231-5c2de474e5ef
RR-3421,Paid,7312.50,Labor CASH V&D Family Home Remodeling Corp Pay,,,48675.00,0.00,Yes,Insurance,"Gutters & Soffits, Roofing",Residential,5051.31,28469.76,https://my.acculynx.com/jobs/e5b64d2f-7ad2-411f-9231-5c2de474e5ef
RR-3293,Paid,14820.00,Labor CASH Flawless Roofing Pay,,line 138 ccs,100000.00,0.00,Yes,New,"Gutters & Soffits, Roofing",Residential,6188.52,66171.39,https://my.acculynx.com/jobs/68b1b0c2-3dfc-4c09-b94a-38670dc3043b
RR-3293,Paid,4977.50,Material ACCOUNT National,0048105308-001,,100000.00,0.00,Yes,New,"Gutters & Soffits, Roofing",Residential,6188.52,66171.39,https://my.acculynx.com/jobs/68b1b0c2-3dfc-4c09-b94a-38670dc3043b
RR-3293,Paid,386.97,Material ACCOUNT National,0048280348-001,,100000.00,0.00,Yes,New,"Gutters & Soffits, Roofing",Residential,6188.52,66171.39,https://my.acculynx.com/jobs/68b1b0c2-3dfc-4c09-b94a-38670dc3043b
RR-3293,Paid,1918.12,Other Job Expenses Land Resource Dump,,,100000.00,0.00,Yes,New,"Gutters & Soffits, Roofing",Residential,6188.52,66171.39,https://my.acculynx.com/jobs/68b1b0c2-3dfc-4c09-b94a-38670dc3043b
RR-3293,Paid,546.84,Material ACCOUNT National,0048236080-001,,100000.00,0.00,Yes,New,"Gutters & Soffits, Roofing",Residential,6188.52,66171.39,https://my.acculynx.com/jobs/68b1b0c2-3dfc-4c09-b94a-38670dc3043b
RR-3293,Paid,267.91,Material ACCOUNT National,0048276197-001,,100000.00,0.00,Yes,New,"Gutters & Soffits, Roofing",Residential,6188.52,66171.39,https://my.acculynx.com/jobs/68b1b0c2-3dfc-4c09-b94a-38670dc3043b
RR-3293,Paid,1632.50,Labor Flawless Roofing Pay,,,100000.00,0.00,Yes,New,"Gutters & Soffits, Roofing",Residential,6188.52,66171.39,https://my.acculynx.com/jobs/68b1b0c2-3dfc-4c09-b94a-38670dc3043b
RR-3293,Paid,17844.01,Material ACCOUNT National,0048109342-001,,100000.00,0.00,Yes,New,"Gutters & Soffits, Roofing",Residential,6188.52,66171.39,https://my.acculynx.com/jobs/68b1b0c2-3dfc-4c09-b94a-38670dc3043b
RR-3293,Paid,637.28,Platinum Warranty,OC-2026-WR-2279980,,100000.00,0.00,Yes,New,"Gutters & Soffits, Roofing",Residential,6188.52,66171.39,https://my.acculynx.com/jobs/68b1b0c2-3dfc-4c09-b94a-38670dc3043b
RR-3293,Paid,-2720.90,Material ACCOUNT National Returns,,0048355067-001(18) PC 1x4x18 PVC Trim Boards(8) PC 1x8x18 PVC Trim Boards(1) PC 1x12x18 PVC Trim Board(6) BD OC Proedge(3) BD OC Duration (2) BD OC Ventsure(1) PC 3" Easy Sleeve(13) PC 8oz Chistys's Red Hot Vinyl,100000.00,0.00,Yes,New,"Gutters & Soffits, Roofing",Residential,6188.52,66171.39,https://my.acculynx.com/jobs/68b1b0c2-3dfc-4c09-b94a-38670dc3043b
RR-3293,Paid,5000.00,Dealer CC Fee,,Dealer Fee,100000.00,0.00,Yes,New,"Gutters & Soffits, Roofing",Residential,6188.52,66171.39,https://my.acculynx.com/jobs/68b1b0c2-3dfc-4c09-b94a-38670dc3043b
RR-3293,Paid,261.00,Material ACCOUNT National Shop,,(10) Plywood,100000.00,0.00,Yes,New,"Gutters & Soffits, Roofing",Residential,6188.52,66171.39,https://my.acculynx.com/jobs/68b1b0c2-3dfc-4c09-b94a-38670dc3043b
RR-3293,Paid,11880.00,Labor All About Gutters,,,100000.00,0.00,Yes,New,"Gutters & Soffits, Roofing",Residential,6188.52,66171.39,https://my.acculynx.com/jobs/68b1b0c2-3dfc-4c09-b94a-38670dc3043b
RR-3293,Paid,1291.96,Material ACCOUNT National,0048109342-002,,100000.00,0.00,Yes,New,"Gutters & Soffits, Roofing",Residential,6188.52,66171.39,https://my.acculynx.com/jobs/68b1b0c2-3dfc-4c09-b94a-38670dc3043b
RR-3293,Additional,6188.52,Francesco Ambrosio Commission,,Per Joe 15% (T) ,100000.00,0.00,No,New,"Gutters & Soffits, Roofing",Residential,6188.52,66171.39,https://my.acculynx.com/jobs/68b1b0c2-3dfc-4c09-b94a-38670dc3043b
RR-3293,Paid,1239.68,Other Job Expenses Land Resource Dump,,,100000.00,0.00,No,New,"Gutters & Soffits, Roofing",Residential,6188.52,66171.39,https://my.acculynx.com/jobs/68b1b0c2-3dfc-4c09-b94a-38670dc3043b
RR-3494,Paid,956.00,Labor V&D Family Home Remodeling Corp Dump,,,24286.14,0.00,Yes,New,Roofing,Residential,1162.00,19636.10,https://my.acculynx.com/jobs/e8911de7-8b7a-4eb6-a9d1-761ee82edeed
RR-3494,Paid,3160.00,Labor V&D Family Home Remodeling Corp Pay,,,24286.14,0.00,Yes,New,Roofing,Residential,1162.00,19636.10,https://my.acculynx.com/jobs/e8911de7-8b7a-4eb6-a9d1-761ee82edeed
RR-3494,Paid,297.60,Other Job Expenses AMEX Permits,,,24286.14,0.00,Yes,New,Roofing,Residential,1162.00,19636.10,https://my.acculynx.com/jobs/e8911de7-8b7a-4eb6-a9d1-761ee82edeed
RR-3494,Paid,-46.08,Material ACCOUNT National Shop Returns,,(1) 3/4 Plywood ,24286.14,0.00,Yes,New,Roofing,Residential,1162.00,19636.10,https://my.acculynx.com/jobs/e8911de7-8b7a-4eb6-a9d1-761ee82edeed
RR-3494,Paid,75.04,Material ACCOUNT National,0051196751-001,,24286.14,0.00,Yes,New,Roofing,Residential,1162.00,19636.10,https://my.acculynx.com/jobs/e8911de7-8b7a-4eb6-a9d1-761ee82edeed
RR-3494,Paid,766.69,Platinum Warranty ,,OC-2026-WR-2384070,24286.14,0.00,Yes,New,Roofing,Residential,1162.00,19636.10,https://my.acculynx.com/jobs/e8911de7-8b7a-4eb6-a9d1-761ee82edeed
RR-3494,Paid,4764.85,Material ACCOUNT National,0049825270-001,,24286.14,0.00,Yes,New,Roofing,Residential,1162.00,19636.10,https://my.acculynx.com/jobs/e8911de7-8b7a-4eb6-a9d1-761ee82edeed
RR-3494,Paid,8500.00,Labor Ian RenewUSA solar,,,24286.14,0.00,Yes,New,Roofing,Residential,1162.00,19636.10,https://my.acculynx.com/jobs/e8911de7-8b7a-4eb6-a9d1-761ee82edeed
RR-3494,Additional,1162.00,Joseph Young Commission,,T,24286.14,0.00,No,New,Roofing,Residential,1162.00,19636.10,https://my.acculynx.com/jobs/e8911de7-8b7a-4eb6-a9d1-761ee82edeed
RR-3463,Paid,-210.98,Material ACCOUNT National Returns,,(1) roll PVC Trim Coil,22003.99,0.00,Yes,New,Roofing,Residential,2108.20,13570.48,https://my.acculynx.com/jobs/1278b2c1-2137-48d9-8195-0edd82c9f5c5
RR-3463,Paid,588.00,Labor V&D Family Home Remodeling Corp Dump,,,22003.99,0.00,Yes,New,Roofing,Residential,2108.20,13570.48,https://my.acculynx.com/jobs/1278b2c1-2137-48d9-8195-0edd82c9f5c5
RR-3463,Paid,500.00,Labor Zion Electrical Contracting INC,,,22003.99,0.00,Yes,New,Roofing,Residential,2108.20,13570.48,https://my.acculynx.com/jobs/1278b2c1-2137-48d9-8195-0edd82c9f5c5
RR-3463,Paid,194.66,Platinum Warranty,OC-2026-WR-2324631,,22003.99,0.00,Yes,New,Roofing,Residential,2108.20,13570.48,https://my.acculynx.com/jobs/1278b2c1-2137-48d9-8195-0edd82c9f5c5
RR-3463,Paid,815.63,Material AMEX American Chimney,45007,,22003.99,0.00,Yes,New,Roofing,Residential,2108.20,13570.48,https://my.acculynx.com/jobs/1278b2c1-2137-48d9-8195-0edd82c9f5c5
RR-3463,Paid,3040.00,Labor V&D Family Home Remodeling Corp Pay,,,22003.99,0.00,Yes,New,Roofing,Residential,2108.20,13570.48,https://my.acculynx.com/jobs/1278b2c1-2137-48d9-8195-0edd82c9f5c5
RR-3463,Paid,1100.20,Dealer CC Fee,,,22003.99,0.00,Yes,New,Roofing,Residential,2108.20,13570.48,https://my.acculynx.com/jobs/1278b2c1-2137-48d9-8195-0edd82c9f5c5
RR-3463,Paid,4570.97,Material ACCOUNT National,0049412697-001,,22003.99,0.00,Yes,New,Roofing,Residential,2108.20,13570.48,https://my.acculynx.com/jobs/1278b2c1-2137-48d9-8195-0edd82c9f5c5
RR-3463,Paid,863.80,Material ACCOUNT National,0049412697-002,,22003.99,0.00,Yes,New,Roofing,Residential,2108.20,13570.48,https://my.acculynx.com/jobs/1278b2c1-2137-48d9-8195-0edd82c9f5c5
RR-3463,Additional,2108.20,Francesco Ambrosio Commission,,Comm (T) ,22003.99,0.00,No,New,Roofing,Residential,2108.20,13570.48,https://my.acculynx.com/jobs/1278b2c1-2137-48d9-8195-0edd82c9f5c5
RR-3597,Paid,1450.00,Labor V&D Family Home Remodeling Corp Pay,,,6500.00,0.00,Yes,Repair,Roofing,Residential,767.59,2860.87,https://my.acculynx.com/jobs/2a4c68f0-d14a-4ebc-a228-f0f40b40b0ac
RR-3597,Additional,767.59,Michael Dietrich Commission,,T,6500.00,0.00,No,Repair,Roofing,Residential,767.59,2860.87,https://my.acculynx.com/jobs/2a4c68f0-d14a-4ebc-a228-f0f40b40b0ac
RR-3597,Paid,643.28,Material ACCOUNT National ,50567240,,6500.00,0.00,Yes,Repair,Roofing,Residential,767.59,2860.87,https://my.acculynx.com/jobs/2a4c68f0-d14a-4ebc-a228-f0f40b40b0ac
RR-3595,Paid,825.00,Labor CASH V&D Family Home Remodeling Corp Pay,,,2175.50,0.00,Yes,Repair,Roofing,Residential,158.71,1540.65,https://my.acculynx.com/jobs/bd3d2d8c-5152-4b06-9689-97c86f78b0b7
RR-3595,Paid,452.12,Material ACCOUNT National ,50528490,,2175.50,0.00,Yes,Repair,Roofing,Residential,158.71,1540.65,https://my.acculynx.com/jobs/bd3d2d8c-5152-4b06-9689-97c86f78b0b7
RR-3595,Paid,-85.54,Material ACCOUNT National Returns ,,(2) BD Duration Shingle,2175.50,0.00,Yes,Repair,Roofing,Residential,158.71,1540.65,https://my.acculynx.com/jobs/bd3d2d8c-5152-4b06-9689-97c86f78b0b7
RR-3595,Paid,190.36,Sales Tax,,,2175.50,0.00,Yes,Repair,Roofing,Residential,158.71,1540.65,https://my.acculynx.com/jobs/bd3d2d8c-5152-4b06-9689-97c86f78b0b7
RR-3595,Additional,158.71,Joseph Young Commission,,T,2175.50,0.00,No,Repair,Roofing,Residential,158.71,1540.65,https://my.acculynx.com/jobs/bd3d2d8c-5152-4b06-9689-97c86f78b0b7
RR-3385,Paid,2950.00,Dealer CC Fee,,Dealer Fee,20540.36,0.00,Yes,New,Roofing,Residential,2064.17,12283.70,https://my.acculynx.com/jobs/ea67d9c7-47c9-46b2-a2dd-de26a8e17e08
RR-3385,Paid,167.48,Platinum Warranty,OC-2026-WR-2296969,,20540.36,0.00,Yes,New,Roofing,Residential,2064.17,12283.70,https://my.acculynx.com/jobs/ea67d9c7-47c9-46b2-a2dd-de26a8e17e08
RR-3385,Paid,-392.60,Material ACCOUNT National Returns,,(6) BD Designer Shingle(1) BD Starter(1) 4" Easy Sleeve,20540.36,0.00,Yes,New,Roofing,Residential,2064.17,12283.70,https://my.acculynx.com/jobs/ea67d9c7-47c9-46b2-a2dd-de26a8e17e08
RR-3385,Paid,492.00,Labor Flawless Roofing Dump ,,,20540.36,0.00,Yes,New,Roofing,Residential,2064.17,12283.70,https://my.acculynx.com/jobs/ea67d9c7-47c9-46b2-a2dd-de26a8e17e08
RR-3385,Paid,4188.27,Material ACCOUNT National,0048764279-001,,20540.36,0.00,Yes,New,Roofing,Residential,2064.17,12283.70,https://my.acculynx.com/jobs/ea67d9c7-47c9-46b2-a2dd-de26a8e17e08
RR-3385,Paid,374.38,Material AMEX Home Depot,H1265-370215,,20540.36,0.00,Yes,New,Roofing,Residential,2064.17,12283.70,https://my.acculynx.com/jobs/ea67d9c7-47c9-46b2-a2dd-de26a8e17e08
RR-3385,Paid,2440.00,Labor Flawless Roofing Pay,,,20540.36,0.00,Yes,New,Roofing,Residential,2064.17,12283.70,https://my.acculynx.com/jobs/ea67d9c7-47c9-46b2-a2dd-de26a8e17e08
RR-3385,Additional,2064.17,Michael Dietrich Commission,,T ,20540.36,0.00,No,New,Roofing,Residential,2064.17,12283.70,https://my.acculynx.com/jobs/ea67d9c7-47c9-46b2-a2dd-de26a8e17e08
RR-3547,Paid,189.49,Dealer CC Fee,,Dealer Fee,3789.83,0.00,Yes,Repair,Roofing,Commercial,353.75,2374.85,https://my.acculynx.com/jobs/1b3cfbcf-1b4f-4184-81f3-9d599bf125dc
RR-3547,Additional,353.75,Michael Dietrich Commission,,T,3789.83,0.00,No,Repair,Roofing,Commercial,353.75,2374.85,https://my.acculynx.com/jobs/1b3cfbcf-1b4f-4184-81f3-9d599bf125dc
RR-3198,Paid,35.02,Material ACCOUNT National Shop,,(4) Silicone,3589.86,0.00,Yes,Repair,Roofing,Residential,477.50,1681.04,https://my.acculynx.com/jobs/de88caef-1b26-483d-8a71-97b8b51a1a74
RR-3198,Paid,314.11,Sales Tax,,,3589.86,0.00,Yes,Repair,Roofing,Residential,477.50,1681.04,https://my.acculynx.com/jobs/de88caef-1b26-483d-8a71-97b8b51a1a74
RR-3198,Paid,255.90,Material ACCOUNT National,0047401599-001,,3589.86,0.00,Yes,Repair,Roofing,Residential,477.50,1681.04,https://my.acculynx.com/jobs/de88caef-1b26-483d-8a71-97b8b51a1a74
RR-3198,Paid,675.00,Labor CASH V&D Family Home Remodeling Corp Pay,,,3589.86,0.00,Yes,Repair,Roofing,Residential,477.50,1681.04,https://my.acculynx.com/jobs/de88caef-1b26-483d-8a71-97b8b51a1a74
RR-3198,Additional,477.50,Michael Dietrich Commission,,T,3589.86,0.00,No,Repair,Roofing,Residential,477.50,1681.04,https://my.acculynx.com/jobs/de88caef-1b26-483d-8a71-97b8b51a1a74
RR-3198,Paid,-76.49,Material ACCOUNT National Returns,,(1) BD GAF Shingles(1) GAF Master flow Roof Louver,3589.86,0.00,Yes,Repair,Roofing,Residential,477.50,1681.04,https://my.acculynx.com/jobs/de88caef-1b26-483d-8a71-97b8b51a1a74
RR-3692,Paid,980.00,Labor V&D Family Home Remodeling Corp Dump,,,18600.00,0.00,Yes,New,Roofing,Residential,1425.00,12899.03,https://my.acculynx.com/jobs/0ac12ad2-ee41-4534-88c0-d16c85f2a9e2
RR-3692,Paid,3320.00,Labor V&D Family Home Remodeling Corp Pay,,,18600.00,0.00,Yes,New,Roofing,Residential,1425.00,12899.03,https://my.acculynx.com/jobs/0ac12ad2-ee41-4534-88c0-d16c85f2a9e2
RR-3692,Paid,248.50,Material ACCOUNT National,0051249453-001,,18600.00,0.00,Yes,New,Roofing,Residential,1425.00,12899.03,https://my.acculynx.com/jobs/0ac12ad2-ee41-4534-88c0-d16c85f2a9e2
RR-3692,Paid,94.13,Material ACCOUNT National,0051249453-002,,18600.00,0.00,Yes,New,Roofing,Residential,1425.00,12899.03,https://my.acculynx.com/jobs/0ac12ad2-ee41-4534-88c0-d16c85f2a9e2
RR-3692,Paid,299.06,Material ACCOUNT National Shop,,(10) 1/2 Plywood,18600.00,0.00,Yes,New,Roofing,Residential,1425.00,12899.03,https://my.acculynx.com/jobs/0ac12ad2-ee41-4534-88c0-d16c85f2a9e2
RR-3593,Paid,4396.91,Material ACCOUNT National,0051084965-001,,14994.66,0.00,Yes,New,Roofing,Residential,1623.00,9857.01,https://my.acculynx.com/jobs/6c30fa89-4929-49bd-afb3-f55727473e69
RR-3593,Paid,2910.00,Labor Flawless Roofing Pay,,,14994.66,0.00,Yes,New,Roofing,Residential,1623.00,9857.01,https://my.acculynx.com/jobs/6c30fa89-4929-49bd-afb3-f55727473e69
RR-3593,Paid,182.70,Platinum Warranty ,OC-2026-WR-2383777,,14994.66,0.00,Yes,New,Roofing,Residential,1623.00,9857.01,https://my.acculynx.com/jobs/6c30fa89-4929-49bd-afb3-f55727473e69
RR-3593,Paid,799.00,Labor Flawless Roofing Dump ,,,14994.66,0.00,Yes,New,Roofing,Residential,1623.00,9857.01,https://my.acculynx.com/jobs/6c30fa89-4929-49bd-afb3-f55727473e69
RR-3593,Paid,159.86,Material ACCOUNT National,0051217958-001,,14994.66,0.00,Yes,New,Roofing,Residential,1623.00,9857.01,https://my.acculynx.com/jobs/6c30fa89-4929-49bd-afb3-f55727473e69
RR-3593,Paid,-214.46,Material ACCOUNT National Returns ,,"(3) BD Duration Shingle(1) BD Hip and Ridge",14994.66,0.00,Yes,New,Roofing,Residential,1623.00,9857.01,https://my.acculynx.com/jobs/6c30fa89-4929-49bd-afb3-f55727473e69
RR-3399,Additional,100.00,Francesco Ambrosio,,Comm,500.00,0.00,No,Inspection,Roofing,Residential,100.00,100.00,https://my.acculynx.com/jobs/cd3ed932-c7de-4bcd-8f49-2cca7b6ae008
RR-3254,Paid,749.23,Dealer CC Fee,,,19984.68,0.00,Yes,New,Roofing,Residential,1977.54,12074.53,https://my.acculynx.com/jobs/a0dbca42-e11e-4ad2-9074-8a1db446b234
RR-3254,Paid,233.81,Material ACCOUNT National,48026414,Added the fan from upsell job,19984.68,0.00,Yes,New,Roofing,Residential,1977.54,12074.53,https://my.acculynx.com/jobs/a0dbca42-e11e-4ad2-9074-8a1db446b234
RR-3254,Paid,242.51,Platinum Warranty,,OC-2026-WR-2272824,19984.68,0.00,Yes,New,Roofing,Residential,1977.54,12074.53,https://my.acculynx.com/jobs/a0dbca42-e11e-4ad2-9074-8a1db446b234
RR-3254,Paid,222.94,Material ACCOUNT National Shop,,(1) RL Ice Water Shield(1) BD Starter Strip (2) 3/4 Plywood,19984.68,0.00,Yes,New,Roofing,Residential,1977.54,12074.53,https://my.acculynx.com/jobs/a0dbca42-e11e-4ad2-9074-8a1db446b234
RR-3254,Paid,4405.56,Material ACCOUNT National,0047930049-001,,19984.68,0.00,Yes,New,Roofing,Residential,1977.54,12074.53,https://my.acculynx.com/jobs/a0dbca42-e11e-4ad2-9074-8a1db446b234
RR-3254,Additional,1976.91,Michael Dietrich Commission,,T,19984.68,0.00,No,New,Roofing,Residential,1977.54,12074.53,https://my.acculynx.com/jobs/a0dbca42-e11e-4ad2-9074-8a1db446b234
RR-3254,Additional,21.97,Commissions Adjustments,,,19984.68,0.00,No,New,Roofing,Residential,1977.54,12074.53,https://my.acculynx.com/jobs/a0dbca42-e11e-4ad2-9074-8a1db446b234
RR-3254,Paid,106.68,Material AMEX Home Depot,H1258-362683,,19984.68,0.00,Yes,New,Roofing,Residential,1977.54,12074.53,https://my.acculynx.com/jobs/a0dbca42-e11e-4ad2-9074-8a1db446b234
RR-3254,Paid,-445.80,Material ACCOUNT National Returns,,(2) Lifetime Pipe Flange(4) RL Ventsure Ridge Vent,19984.68,0.00,Yes,New,Roofing,Residential,1977.54,12074.53,https://my.acculynx.com/jobs/a0dbca42-e11e-4ad2-9074-8a1db446b234
RR-3254,Additional,-21.34,Commissions Adjustments,,,19984.68,0.00,No,New,Roofing,Residential,1977.54,12074.53,https://my.acculynx.com/jobs/a0dbca42-e11e-4ad2-9074-8a1db446b234
RR-3236,Paid,134.85,Platinum Warranty,, OC-2026-WR-2269741,9400.00,0.00,Yes,New,Roofing,Residential,837.70,6049.19,https://my.acculynx.com/jobs/0c20cfad-2eb9-46d4-8722-22497eca1e44
RR-3236,Paid,-9.24,Material ACCOUNT National Shop Returns,,(1) Silicone,9400.00,0.00,Yes,New,Roofing,Residential,837.70,6049.19,https://my.acculynx.com/jobs/0c20cfad-2eb9-46d4-8722-22497eca1e44
RR-3236,Paid,550.00,Labor CASH V&D Family Home Remodeling Corp Pay,,,9400.00,0.00,Yes,New,Roofing,Residential,837.70,6049.19,https://my.acculynx.com/jobs/0c20cfad-2eb9-46d4-8722-22497eca1e44
RR-3236,Paid,200.00,Project Management,,,9400.00,0.00,Yes,New,Roofing,Residential,837.70,6049.19,https://my.acculynx.com/jobs/0c20cfad-2eb9-46d4-8722-22497eca1e44
RR-3236,Paid,1350.00,Labor V&D Family Home Remodeling Corp Pay,,,9400.00,0.00,Yes,New,Roofing,Residential,837.70,6049.19,https://my.acculynx.com/jobs/0c20cfad-2eb9-46d4-8722-22497eca1e44
RR-3236,Additional,837.70,Michael Dietrich Commission,,T,9400.00,0.00,No,New,Roofing,Residential,837.70,6049.19,https://my.acculynx.com/jobs/0c20cfad-2eb9-46d4-8722-22497eca1e44
RR-3236,Paid,2887.16,Material ACCOUNT National,47712019,,9400.00,0.00,Yes,New,Roofing,Residential,837.70,6049.19,https://my.acculynx.com/jobs/0c20cfad-2eb9-46d4-8722-22497eca1e44
RR-3236,Paid,500.00,Labor Zion Electrical Contracting INC,,,9400.00,0.00,Yes,New,Roofing,Residential,837.70,6049.19,https://my.acculynx.com/jobs/0c20cfad-2eb9-46d4-8722-22497eca1e44
RR-3236,Paid,-401.28,Material ACCOUNT National Returns,,(3) BD Shingles(8) PC 1/2 Plywood(1) BD OC Starter Strip,9400.00,0.00,Yes,New,Roofing,Residential,837.70,6049.19,https://my.acculynx.com/jobs/0c20cfad-2eb9-46d4-8722-22497eca1e44
RR-3443,Paid,826.90,Other Job Expenses AMEX Permits,,,56429.49,0.00,Yes,New,Roofing,Residential,5798.87,33219.30,https://my.acculynx.com/jobs/5b86df08-a04b-456b-86cd-fa5c71df27ec
RR-3443,Paid,-449.72,Material ACCOUNT National Returns,,(6) BD Duration Shingle(2) OC Ridge Caps,56429.49,0.00,Yes,New,Roofing,Residential,5798.87,33219.30,https://my.acculynx.com/jobs/5b86df08-a04b-456b-86cd-fa5c71df27ec
RR-3443,Paid,1191.00,Labor All About Gutters,,,56429.49,0.00,Yes,New,Roofing,Residential,5798.87,33219.30,https://my.acculynx.com/jobs/5b86df08-a04b-456b-86cd-fa5c71df27ec
RR-3443,Paid,500.00,Labor Zion Electrical Contracting INC,,,56429.49,0.00,Yes,New,Roofing,Residential,5798.87,33219.30,https://my.acculynx.com/jobs/5b86df08-a04b-456b-86cd-fa5c71df27ec
RR-3443,Paid,-85.37,Material ACCOUNT National Shop Returns,,(1) Lifetime Bath & Dryer Vent,56429.49,0.00,Yes,New,Roofing,Residential,5798.87,33219.30,https://my.acculynx.com/jobs/5b86df08-a04b-456b-86cd-fa5c71df27ec
RR-3443,Paid,553.54,Platinum Warranty,OC-2026-WR-2337559,,56429.49,0.00,Yes,New,Roofing,Residential,5798.87,33219.30,https://my.acculynx.com/jobs/5b86df08-a04b-456b-86cd-fa5c71df27ec
RR-3443,Paid,-298.72,Material ACCOUNT National Returns,,(10) 1/2 Plywood,56429.49,0.00,Yes,New,Roofing,Residential,5798.87,33219.30,https://my.acculynx.com/jobs/5b86df08-a04b-456b-86cd-fa5c71df27ec
RR-3443,Paid,119.63,Material ACCOUNT National Shop,,(4) 1/2 Plywood,56429.49,0.00,Yes,New,Roofing,Residential,5798.87,33219.30,https://my.acculynx.com/jobs/5b86df08-a04b-456b-86cd-fa5c71df27ec
RR-3443,Paid,14678.52,Material ACCOUNT National,0049877348-001,,56429.49,0.00,Yes,New,Roofing,Residential,5798.87,33219.30,https://my.acculynx.com/jobs/5b86df08-a04b-456b-86cd-fa5c71df27ec
RR-3443,Paid,8510.00,Labor Flawless Roofing Pay,,,56429.49,0.00,Yes,New,Roofing,Residential,5798.87,33219.30,https://my.acculynx.com/jobs/5b86df08-a04b-456b-86cd-fa5c71df27ec
RR-3443,Paid,1602.00,Labor Flawless Roofing Dump ,,,56429.49,0.00,Yes,New,Roofing,Residential,5798.87,33219.30,https://my.acculynx.com/jobs/5b86df08-a04b-456b-86cd-fa5c71df27ec
RR-3443,Paid,272.65,Material ACCOUNT National,0049877348-002,,56429.49,0.00,Yes,New,Roofing,Residential,5798.87,33219.30,https://my.acculynx.com/jobs/5b86df08-a04b-456b-86cd-fa5c71df27ec
RR-3443,Additional,5798.87,Francesco Ambrosio Commission,,T,56429.49,0.00,No,New,Roofing,Residential,5798.87,33219.30,https://my.acculynx.com/jobs/5b86df08-a04b-456b-86cd-fa5c71df27ec
RR-3280,Paid,2955.77,Material ACCOUNT National,0048043212-001,,15817.25,0.00,Yes,New,Roofing,Residential,1798.19,8624.49,https://my.acculynx.com/jobs/e6901d2e-309d-45e1-909a-a80123e58a9f
RR-3280,Paid,170.74,Platinum Warranty,OC-2026-WR-2275704,,15817.25,0.00,Yes,New,Roofing,Residential,1798.19,8624.49,https://my.acculynx.com/jobs/e6901d2e-309d-45e1-909a-a80123e58a9f
RR-3280,Paid,304.56,Material ACCOUNT National,0048043212-002,,15817.25,0.00,Yes,New,Roofing,Residential,1798.19,8624.49,https://my.acculynx.com/jobs/e6901d2e-309d-45e1-909a-a80123e58a9f
RR-3280,Paid,85.37,Material ACCOUNT National Shop,,(1) Lifetime Bathroom Vent,15817.25,0.00,Yes,New,Roofing,Residential,1798.19,8624.49,https://my.acculynx.com/jobs/e6901d2e-309d-45e1-909a-a80123e58a9f
RR-3280,Paid,793.86,Dealer CC Fee,,Dealer Fee,15817.25,0.00,Yes,New,Roofing,Residential,1798.19,8624.49,https://my.acculynx.com/jobs/e6901d2e-309d-45e1-909a-a80123e58a9f
RR-3280,Paid,426.00,Labor CASH Flawless Roofing Dump,,,15817.25,0.00,Yes,New,Roofing,Residential,1798.19,8624.49,https://my.acculynx.com/jobs/e6901d2e-309d-45e1-909a-a80123e58a9f
RR-3280,Paid,2090.00,Labor CASH Flawless Roofing Pay,,,15817.25,0.00,Yes,New,Roofing,Residential,1798.19,8624.49,https://my.acculynx.com/jobs/e6901d2e-309d-45e1-909a-a80123e58a9f
RR-3280,Additional,1798.19,Michael Dietrich Commission,,T,15817.25,0.00,No,New,Roofing,Residential,1798.19,8624.49,https://my.acculynx.com/jobs/e6901d2e-309d-45e1-909a-a80123e58a9f
RR-3257,Paid,516.00,Labor CASH V&D Family Home Remodeling Corp Dump,,,19693.11,0.00,Yes,New,Roofing,Residential,1783.40,12559.50,https://my.acculynx.com/jobs/a2878833-bd8d-4391-973d-26e360b0b248
RR-3257,Paid,2575.00,Labor CASH V&D Family Home Remodeling Corp Pay,,,19693.11,0.00,Yes,New,Roofing,Residential,1783.40,12559.50,https://my.acculynx.com/jobs/a2878833-bd8d-4391-973d-26e360b0b248
RR-3257,Paid,-208.80,Material ACCOUNT National Shop Returns,,(8) Plywood,19693.11,0.00,Yes,New,Roofing,Residential,1783.40,12559.50,https://my.acculynx.com/jobs/a2878833-bd8d-4391-973d-26e360b0b248
RR-3257,Paid,206.63,Platinum Warranty,OC-2026-WR-2272788,,19693.11,0.00,Yes,New,Roofing,Residential,1783.40,12559.50,https://my.acculynx.com/jobs/a2878833-bd8d-4391-973d-26e360b0b248
RR-3257,Paid,815.63,Material AMEX American Chimney,44760,,19693.11,0.00,Yes,New,Roofing,Residential,1783.40,12559.50,https://my.acculynx.com/jobs/a2878833-bd8d-4391-973d-26e360b0b248
RR-3257,Additional,1783.21,Michael Dietrich Commission,,T,19693.11,0.00,No,New,Roofing,Residential,1783.40,12559.50,https://my.acculynx.com/jobs/a2878833-bd8d-4391-973d-26e360b0b248
RR-3257,Paid,2757.04,Dealer CC Fee,,,19693.11,0.00,Yes,New,Roofing,Residential,1783.40,12559.50,https://my.acculynx.com/jobs/a2878833-bd8d-4391-973d-26e360b0b248
RR-3257,Paid,4114.60,Material ACCOUNT National,47911081,,19693.11,0.00,Yes,New,Roofing,Residential,1783.40,12559.50,https://my.acculynx.com/jobs/a2878833-bd8d-4391-973d-26e360b0b248
RR-3257,Additional,0.19,Commissions Adjustments,,,19693.11,0.00,No,New,Roofing,Residential,1783.40,12559.50,https://my.acculynx.com/jobs/a2878833-bd8d-4391-973d-26e360b0b248
RR-3588,Paid,3275.00,Labor Flawless Roofing Pay,,,24682.34,0.00,Yes,New,Roofing,Residential,2125.17,16189.28,https://my.acculynx.com/jobs/65d485fe-93e8-4bd6-a3e8-fc1812741aa9
RR-3588,Paid,500.00,Labor Zion Electrical Contracting INC,,,24682.34,0.00,Yes,New,Roofing,Residential,2125.17,16189.28,https://my.acculynx.com/jobs/65d485fe-93e8-4bd6-a3e8-fc1812741aa9
RR-3588,Paid,4442.82,Dealer CC Fee,,Dealer Fee,24682.34,0.00,Yes,New,Roofing,Residential,2125.17,16189.28,https://my.acculynx.com/jobs/65d485fe-93e8-4bd6-a3e8-fc1812741aa9
RR-3588,Additional,2125.17,Joseph Young Commission,,T,24682.34,0.00,No,New,Roofing,Residential,2125.17,16189.28,https://my.acculynx.com/jobs/65d485fe-93e8-4bd6-a3e8-fc1812741aa9
RR-3588,Paid,-151.71,Material ACCOUNT National Shop Returns,,(3)1/2 Plywood (1) 3"" Lifetime Pipe Flange",24682.34,0.00,Yes,New,Roofing,Residential,2125.17,16189.28,https://my.acculynx.com/jobs/65d485fe-93e8-4bd6-a3e8-fc1812741aa9
RR-3588,Paid,242.51,Platinum Warranty ,OC-2026-WR-2361337,,24682.34,0.00,Yes,New,Roofing,Residential,2125.17,16189.28,https://my.acculynx.com/jobs/65d485fe-93e8-4bd6-a3e8-fc1812741aa9
RR-3588,Paid,1021.00,Labor Flawless Roofing Dump ,,,24682.34,0.00,Yes,New,Roofing,Residential,2125.17,16189.28,https://my.acculynx.com/jobs/65d485fe-93e8-4bd6-a3e8-fc1812741aa9
RR-3588,Paid,80.46,Material ACCOUNT National Shop,,(1) RL Ridge Vent,24682.34,0.00,Yes,New,Roofing,Residential,2125.17,16189.28,https://my.acculynx.com/jobs/65d485fe-93e8-4bd6-a3e8-fc1812741aa9
RR-3588,Paid,5198.37,Material ACCOUNT National ,0050533605-001,,24682.34,0.00,Yes,New,Roofing,Residential,2125.17,16189.28,https://my.acculynx.com/jobs/65d485fe-93e8-4bd6-a3e8-fc1812741aa9
RR-3588,Paid,-544.34,Material ACCOUNT National Returns ,0050776569-001,(7) BD Duration Shingle(1) OC Ridge Caps (2) Prebent Step Flashing,24682.34,0.00,Yes,New,Roofing,Residential,2125.17,16189.28,https://my.acculynx.com/jobs/65d485fe-93e8-4bd6-a3e8-fc1812741aa9
RR-3365,Paid,600.00,Labor Flawless Roofing Dump ,,,24600.00,0.00,Yes,New,Roofing,Residential,2562.11,14351.58,https://my.acculynx.com/jobs/7004fdc4-4b9a-4f89-af0a-a9de6d77595d
RR-3365,Paid,500.00,Labor Zion Electrical Contracting INC,,,24600.00,0.00,Yes,New,Roofing,Residential,2562.11,14351.58,https://my.acculynx.com/jobs/7004fdc4-4b9a-4f89-af0a-a9de6d77595d
RR-3365,Paid,3685.00,Labor Flawless Roofing Pay,,,24600.00,0.00,Yes,New,Roofing,Residential,2562.11,14351.58,https://my.acculynx.com/jobs/7004fdc4-4b9a-4f89-af0a-a9de6d77595d
RR-3365,Paid,218.59,Platinum Warranty,OC-2026-WR-2295059,,24600.00,0.00,Yes,New,Roofing,Residential,2562.11,14351.58,https://my.acculynx.com/jobs/7004fdc4-4b9a-4f89-af0a-a9de6d77595d
RR-3365,Paid,-265.59,Material ACCOUNT National Returns,,(2) BD Duration Shingles(1) BD Ridge Caps(1) Lifetime Bath Vent,24600.00,0.00,Yes,New,Roofing,Residential,2562.11,14351.58,https://my.acculynx.com/jobs/7004fdc4-4b9a-4f89-af0a-a9de6d77595d
RR-3365,Paid,1200.00,Labor All About Gutters,,,24600.00,0.00,Yes,New,Roofing,Residential,2562.11,14351.58,https://my.acculynx.com/jobs/7004fdc4-4b9a-4f89-af0a-a9de6d77595d
RR-3365,Paid,528.94,Material FL CASH,H6105-378320,Flawless Home Depot- David Paid for it. ,24600.00,0.00,Yes,New,Roofing,Residential,2562.11,14351.58,https://my.acculynx.com/jobs/7004fdc4-4b9a-4f89-af0a-a9de6d77595d
RR-3365,Paid,4890.97,Material ACCOUNT National,0048638666-001,,24600.00,0.00,Yes,New,Roofing,Residential,2562.11,14351.58,https://my.acculynx.com/jobs/7004fdc4-4b9a-4f89-af0a-a9de6d77595d
RR-3365,Paid,159.68,Material ACCOUNT National,0048638666-002,,24600.00,0.00,Yes,New,Roofing,Residential,2562.11,14351.58,https://my.acculynx.com/jobs/7004fdc4-4b9a-4f89-af0a-a9de6d77595d
RR-3378,Additional,2560.17,Francesco Ambrosio Commission,,T,22349.49,0.00,No,New,Roofing,Residential,2560.17,11958.79,https://my.acculynx.com/jobs/a49330b2-c244-4557-9677-94f73ff50f67
RR-3378,Paid,215.33,Platinum Warranty, OC-2026-WR-2297029,,22349.49,0.00,Yes,New,Roofing,Residential,2560.17,11958.79,https://my.acculynx.com/jobs/a49330b2-c244-4557-9677-94f73ff50f67
RR-3378,Paid,144.64,Material ACCOUNT National,0048848340-001,,22349.49,0.00,Yes,New,Roofing,Residential,2560.17,11958.79,https://my.acculynx.com/jobs/a49330b2-c244-4557-9677-94f73ff50f67
RR-3378,Paid,-42.72,Material ACCOUNT National Returns,,(1) BD Duration Shingle,22349.49,0.00,Yes,New,Roofing,Residential,2560.17,11958.79,https://my.acculynx.com/jobs/a49330b2-c244-4557-9677-94f73ff50f67
RR-3378,Paid,-41.87,Material ACCOUNT National Shop Returns,,(1) 3/4 Plywood - Kept in the truck,22349.49,0.00,Yes,New,Roofing,Residential,2560.17,11958.79,https://my.acculynx.com/jobs/a49330b2-c244-4557-9677-94f73ff50f67
RR-3378,Paid,3165.00,Labor V&D Family Home Remodeling Corp Pay,,,22349.49,0.00,Yes,New,Roofing,Residential,2560.17,11958.79,https://my.acculynx.com/jobs/a49330b2-c244-4557-9677-94f73ff50f67
RR-3378,Paid,856.00,Labor V&D Family Home Remodeling Corp Dump,,,22349.49,0.00,Yes,New,Roofing,Residential,2560.17,11958.79,https://my.acculynx.com/jobs/a49330b2-c244-4557-9677-94f73ff50f67
RR-3378,Paid,4752.24,Material ACCOUNT National,0048734088-001,,22349.49,0.00,Yes,New,Roofing,Residential,2560.17,11958.79,https://my.acculynx.com/jobs/a49330b2-c244-4557-9677-94f73ff50f67
RR-3378,Paid,350.00,Labor Zion Electrical Contracting INC,,,22349.49,0.00,Yes,New,Roofing,Residential,2560.17,11958.79,https://my.acculynx.com/jobs/a49330b2-c244-4557-9677-94f73ff50f67
RR-3695,Paid,1000.00,Labor SWJ Construction Pay,,,5587.20,0.00,Yes,Repair,Roofing,Residential,367.00,4119.85,https://my.acculynx.com/jobs/c3b460f1-7af7-47d5-8584-89991d01abab
RR-3695,Paid,116.16,Material AMEX Home Depot,H1202-399001,,5587.20,0.00,Yes,Repair,Roofing,Residential,367.00,4119.85,https://my.acculynx.com/jobs/c3b460f1-7af7-47d5-8584-89991d01abab
RR-3695,Paid,1911.69,Material ACCOUNT National,0051428906-001,,5587.20,0.00,Yes,Repair,Roofing,Residential,367.00,4119.85,https://my.acculynx.com/jobs/c3b460f1-7af7-47d5-8584-89991d01abab
RR-3695,Paid,375.00,Labor SWJ Construction Dump,,,5587.20,0.00,Yes,Repair,Roofing,Residential,367.00,4119.85,https://my.acculynx.com/jobs/c3b460f1-7af7-47d5-8584-89991d01abab
RR-3695,Additional,367.00,Joseph Young Commission,,T,5587.20,0.00,No,Repair,Roofing,Residential,367.00,4119.85,https://my.acculynx.com/jobs/c3b460f1-7af7-47d5-8584-89991d01abab
RR-3695,Paid,350.00,Labor All About Gutters,,,5587.20,0.00,Yes,Repair,Roofing,Residential,367.00,4119.85,https://my.acculynx.com/jobs/c3b460f1-7af7-47d5-8584-89991d01abab
RR-3457,Paid,487.98,Material ACCOUNT National,0049504820-001,,22299.47,0.00,Yes,New,Roofing,Residential,1480.41,16377.85,https://my.acculynx.com/jobs/bce0f99f-954b-40f5-adc7-a4e027743fb0
RR-3457,Paid,464.42,Material AMEX Home Depot,H1218-378986,,22299.47,0.00,Yes,New,Roofing,Residential,1480.41,16377.85,https://my.acculynx.com/jobs/bce0f99f-954b-40f5-adc7-a4e027743fb0
RR-3457,Additional,1704.41,Joseph Young Commission,,T,22299.47,0.00,No,New,Roofing,Residential,1480.41,16377.85,https://my.acculynx.com/jobs/bce0f99f-954b-40f5-adc7-a4e027743fb0
RR-3457,Paid,91.35,Material ACCOUNT National Shop,,(1) 2" Lifetime Pipe Flange(1) Pro Roof Jack,22299.47,0.00,Yes,New,Roofing,Residential,1480.41,16377.85,https://my.acculynx.com/jobs/bce0f99f-954b-40f5-adc7-a4e027743fb0
RR-3457,Paid,210.00,Labor Flawless Roofing Dump,,,22299.47,0.00,Yes,New,Roofing,Residential,1480.41,16377.85,https://my.acculynx.com/jobs/bce0f99f-954b-40f5-adc7-a4e027743fb0
RR-3457,Paid,910.00,Labor Flawless Roofing Pay,,,22299.47,0.00,Yes,New,Roofing,Residential,1480.41,16377.85,https://my.acculynx.com/jobs/bce0f99f-954b-40f5-adc7-a4e027743fb0
RR-3457,Paid,-812.90,Material ACCOUNT National Returns,,(15) BD Duration Shingle(2) Ridge Caps,22299.47,0.00,Yes,New,Roofing,Residential,1480.41,16377.85,https://my.acculynx.com/jobs/bce0f99f-954b-40f5-adc7-a4e027743fb0
RR-3457,Paid,-89.72,Material ACCOUNT National Shop Returns,,(3) 1/2 Plywood - Kept in the trailer ,22299.47,0.00,Yes,New,Roofing,Residential,1480.41,16377.85,https://my.acculynx.com/jobs/bce0f99f-954b-40f5-adc7-a4e027743fb0
RR-3457,Paid,218.59,Platinum Warranty,OC-2026-WR-2321022,,22299.47,0.00,Yes,New,Roofing,Residential,1480.41,16377.85,https://my.acculynx.com/jobs/bce0f99f-954b-40f5-adc7-a4e027743fb0
RR-3457,Paid,3930.00,Labor CASH Flawless Roofing Pay,,,22299.47,0.00,Yes,New,Roofing,Residential,1480.41,16377.85,https://my.acculynx.com/jobs/bce0f99f-954b-40f5-adc7-a4e027743fb0
RR-3457,Paid,8725.72,Material ACCOUNT National,0049394098-001,,22299.47,0.00,Yes,New,Roofing,Residential,1480.41,16377.85,https://my.acculynx.com/jobs/bce0f99f-954b-40f5-adc7-a4e027743fb0
RR-3457,Paid,762.00,Labor Flawless Roofing Dump ,,,22299.47,0.00,Yes,New,Roofing,Residential,1480.41,16377.85,https://my.acculynx.com/jobs/bce0f99f-954b-40f5-adc7-a4e027743fb0
RR-3457,Additional,-224.00,Joseph Young Commission Adj,,,22299.47,0.00,No,New,Roofing,Residential,1480.41,16377.85,https://my.acculynx.com/jobs/bce0f99f-954b-40f5-adc7-a4e027743fb0
RR-3380,Paid,-159.86,Material ACCOUNT National Shop Returns,,(1) Plywood (1) lifetime pipe flange(1) easy sleeve,22250.31,0.00,Yes,New,Roofing,Residential,2109.77,13811.23,https://my.acculynx.com/jobs/a1d5b241-f910-4627-bb61-ec965024d844
RR-3380,Paid,123.84,Material ACCOUNT National,0048722004-002,,22250.31,0.00,Yes,New,Roofing,Residential,2109.77,13811.23,https://my.acculynx.com/jobs/a1d5b241-f910-4627-bb61-ec965024d844
RR-3380,Paid,1800.00,Labor Ian RenewUSA solar,,,22250.31,0.00,Yes,New,Roofing,Residential,2109.77,13811.23,https://my.acculynx.com/jobs/a1d5b241-f910-4627-bb61-ec965024d844
RR-3380,Paid,206.63,Platinum Warranty,OC-2026-WR-2293706,,22250.31,0.00,Yes,New,Roofing,Residential,2109.77,13811.23,https://my.acculynx.com/jobs/a1d5b241-f910-4627-bb61-ec965024d844
RR-3380,Additional,2109.77,Francesco Ambrosio Commission,,Per Joe 20% (T) ,22250.31,0.00,No,New,Roofing,Residential,2109.77,13811.23,https://my.acculynx.com/jobs/a1d5b241-f910-4627-bb61-ec965024d844
RR-3380,Paid,486.00,Labor V&D Family Home Remodeling Corp Dump,,,22250.31,0.00,Yes,New,Roofing,Residential,2109.77,13811.23,https://my.acculynx.com/jobs/a1d5b241-f910-4627-bb61-ec965024d844
RR-3380,Paid,1112.52,Dealer CC Fee,,Dealer Fee,22250.31,0.00,Yes,New,Roofing,Residential,2109.77,13811.23,https://my.acculynx.com/jobs/a1d5b241-f910-4627-bb61-ec965024d844
RR-3380,Paid,4010.00,Labor V&D Family Home Remodeling Corp Pay,,,22250.31,0.00,Yes,New,Roofing,Residential,2109.77,13811.23,https://my.acculynx.com/jobs/a1d5b241-f910-4627-bb61-ec965024d844
RR-3380,Paid,4122.33,Material ACCOUNT National,0048722004-001,,22250.31,0.00,Yes,New,Roofing,Residential,2109.77,13811.23,https://my.acculynx.com/jobs/a1d5b241-f910-4627-bb61-ec965024d844
RR-3619,Paid,30.91,Material AMEX Home Depot,H1206-543322,,5480.00,0.00,Yes,Repair,Roofing,Residential,423.00,3790.39,https://my.acculynx.com/jobs/363bd4b6-6a23-47cd-9582-262795a7fdc0
RR-3619,Paid,1650.00,Labor V&D Family Home Remodeling Corp Pay,,,5480.00,0.00,Yes,Repair,Roofing,Residential,423.00,3790.39,https://my.acculynx.com/jobs/363bd4b6-6a23-47cd-9582-262795a7fdc0
RR-3619,Paid,1563.29,Material ACCOUNT National ,50806796,,5480.00,0.00,Yes,Repair,Roofing,Residential,423.00,3790.39,https://my.acculynx.com/jobs/363bd4b6-6a23-47cd-9582-262795a7fdc0
RR-3619,Paid,-126.81,Material ACCOUNT National Returns,,(2) 1/2" CDX Plywood                             (1) Lifetime Pipe Flange ,5480.00,0.00,Yes,Repair,Roofing,Residential,423.00,3790.39,https://my.acculynx.com/jobs/363bd4b6-6a23-47cd-9582-262795a7fdc0
RR-3619,Paid,250.00,Labor CASH V&D Family Home Remodeling Corp Dump,,,5480.00,0.00,Yes,Repair,Roofing,Residential,423.00,3790.39,https://my.acculynx.com/jobs/363bd4b6-6a23-47cd-9582-262795a7fdc0
RR-3619,Additional,423.00,Joseph Young Commission,,T,5480.00,0.00,No,Repair,Roofing,Residential,423.00,3790.39,https://my.acculynx.com/jobs/363bd4b6-6a23-47cd-9582-262795a7fdc0
RR-3563,Paid,-460.77,Material ACCOUNT National Returns,,(10) 3/4 Plywood,18636.64,0.00,Yes,New,Roofing,Residential,1620.00,12158.83,https://my.acculynx.com/jobs/f7af6739-c90f-4730-8240-a9405f4c78f4
RR-3563,Paid,6075.86,Material ACCOUNT National,0050806622-001,0050806622-001,18636.64,0.00,Yes,New,Roofing,Residential,1620.00,12158.83,https://my.acculynx.com/jobs/f7af6739-c90f-4730-8240-a9405f4c78f4
RR-3645,Paid,866.78,Material ACCOUNT National, 0050937232-001,,9500.00,0.00,Yes,Repair,Roof Repairs,Residential,1083.00,5167.19,https://my.acculynx.com/jobs/594e32e0-66cf-40d4-9ed4-d66cd80ace9c
RR-3645,Paid,2156.03,Material ACCOUNT National,0050910783-001,,9500.00,0.00,Yes,Repair,Roof Repairs,Residential,1083.00,5167.19,https://my.acculynx.com/jobs/594e32e0-66cf-40d4-9ed4-d66cd80ace9c
RR-3645,Additional,1083.00,Michael Dietrich Commission,,T,9500.00,0.00,No,Repair,Roof Repairs,Residential,1083.00,5167.19,https://my.acculynx.com/jobs/594e32e0-66cf-40d4-9ed4-d66cd80ace9c
RR-3645,Paid,300.00,Labor CASH Flawless Roofing Dump ,,,9500.00,0.00,Yes,Repair,Roof Repairs,Residential,1083.00,5167.19,https://my.acculynx.com/jobs/594e32e0-66cf-40d4-9ed4-d66cd80ace9c
RR-3645,Paid,1000.00,Labor CASH Flawless Roofing Pay,,,9500.00,0.00,Yes,Repair,Roof Repairs,Residential,1083.00,5167.19,https://my.acculynx.com/jobs/594e32e0-66cf-40d4-9ed4-d66cd80ace9c
RR-3645,Paid,-238.62,Material ACCOUNT National Returns,,(2) BD Duration Shingle(1) RL Deckseal,9500.00,0.00,Yes,Repair,Roof Repairs,Residential,1083.00,5167.19,https://my.acculynx.com/jobs/594e32e0-66cf-40d4-9ed4-d66cd80ace9c
RR-3246,Paid,344.94,Material ACCOUNT National,0047913591-002,,44643.21,0.00,Yes,New,Roofing,Residential,4423.44,26949.44,https://my.acculynx.com/jobs/87ac3c09-181c-447d-9ca2-e3c77b8166b9
RR-3246,Paid,10112.87,Material ACCOUNT National,0047913591-001,,44643.21,0.00,Yes,New,Roofing,Residential,4423.44,26949.44,https://my.acculynx.com/jobs/87ac3c09-181c-447d-9ca2-e3c77b8166b9
RR-3246,Paid,-88.07,Material AMEX Home Depot Returns,H1229-263882,,44643.21,0.00,Yes,New,Roofing,Residential,4423.44,26949.44,https://my.acculynx.com/jobs/87ac3c09-181c-447d-9ca2-e3c77b8166b9
RR-3246,Paid,52.20,Material ACCOUNT National Shop,,(2) Plywood,44643.21,0.00,Yes,New,Roofing,Residential,4423.44,26949.44,https://my.acculynx.com/jobs/87ac3c09-181c-447d-9ca2-e3c77b8166b9
RR-3246,Paid,153.12,Material AMEX Home Depot,H1229-263882,,44643.21,0.00,Yes,New,Roofing,Residential,4423.44,26949.44,https://my.acculynx.com/jobs/87ac3c09-181c-447d-9ca2-e3c77b8166b9
RR-3246,Additional,4422.13,Michael Dietrich Commission,,T,44643.21,0.00,No,New,Roofing,Residential,4423.44,26949.44,https://my.acculynx.com/jobs/87ac3c09-181c-447d-9ca2-e3c77b8166b9
RR-3246,Additional,1.31,Commissions Adjustments,,,44643.21,0.00,No,New,Roofing,Residential,4423.44,26949.44,https://my.acculynx.com/jobs/87ac3c09-181c-447d-9ca2-e3c77b8166b9
RR-3246,Paid,2500.00,Labor All About Gutters,,,44643.21,0.00,Yes,New,Roofing,Residential,4423.44,26949.44,https://my.acculynx.com/jobs/87ac3c09-181c-447d-9ca2-e3c77b8166b9
RR-3246,Paid,1356.00,Labor CASH V&D Family Home Remodeling Corp Dump,,,44643.21,0.00,Yes,New,Roofing,Residential,4423.44,26949.44,https://my.acculynx.com/jobs/87ac3c09-181c-447d-9ca2-e3c77b8166b9
RR-3246,Paid,7785.00,Labor CASH V&D Family Home Remodeling Corp Pay,,,44643.21,0.00,Yes,New,Roofing,Residential,4423.44,26949.44,https://my.acculynx.com/jobs/87ac3c09-181c-447d-9ca2-e3c77b8166b9
RR-3246,Paid,565.50,Platinum Warranty,,OC-2026-WR-2272659,44643.21,0.00,Yes,New,Roofing,Residential,4423.44,26949.44,https://my.acculynx.com/jobs/87ac3c09-181c-447d-9ca2-e3c77b8166b9
RR-3246,Paid,-255.56,Material ACCOUNT National Returns,,(5) Plywoods(1) RL Trim Coil - Returned to National Truck,44643.21,0.00,Yes,New,Roofing,Residential,4423.44,26949.44,https://my.acculynx.com/jobs/87ac3c09-181c-447d-9ca2-e3c77b8166b9
RR-3423,Paid,120.00,Labor Flawless Roofing Dump ,,,6000.00,0.00,Yes,Repair,Roofing,Residential,649.03,3401.16,https://my.acculynx.com/jobs/09dddfbb-ec78-48d5-9377-0973c0e36283
RR-3423,Additional,649.03,Francesco Ambrosio Commission,,T,6000.00,0.00,No,Repair,Roofing,Residential,649.03,3401.16,https://my.acculynx.com/jobs/09dddfbb-ec78-48d5-9377-0973c0e36283
RR-3398,Paid,6581.75,Material ACCOUNT National,49096430,,27449.70,0.00,Yes,New,Roofing,Residential,2639.81,16890.39,https://my.acculynx.com/jobs/b28e8a60-655a-4452-966f-b0eecdb74c86
RR-3669,Additional,2265.00,Francesco Ambrosio Commission,,T,24414.41,0.00,No,New,Roofing,Residential,2265.00,15354.34,https://my.acculynx.com/jobs/9be95e27-0a69-4731-aa24-0aabacd6d2ba
RR-3669,Paid,1071.50,Labor Flawless Roofing Dump ,,,24414.41,0.00,Yes,New,Roofing,Residential,2265.00,15354.34,https://my.acculynx.com/jobs/9be95e27-0a69-4731-aa24-0aabacd6d2ba
RR-3669,Paid,1500.00,Labor All About Gutters,,,24414.41,0.00,Yes,New,Roofing,Residential,2265.00,15354.34,https://my.acculynx.com/jobs/9be95e27-0a69-4731-aa24-0aabacd6d2ba
RR-3669,Paid,4432.50,Labor Flawless Roofing Pay,,,24414.41,0.00,Yes,New,Roofing,Residential,2265.00,15354.34,https://my.acculynx.com/jobs/9be95e27-0a69-4731-aa24-0aabacd6d2ba
RR-3669,Paid,453.87,Material AMEX Home Depot,H1218-393212,,24414.41,0.00,Yes,New,Roofing,Residential,2265.00,15354.34,https://my.acculynx.com/jobs/9be95e27-0a69-4731-aa24-0aabacd6d2ba
RR-3669,Paid,5801.41,Material ACCOUNT National,0051009623-001,,24414.41,0.00,Yes,New,Roofing,Residential,2265.00,15354.34,https://my.acculynx.com/jobs/9be95e27-0a69-4731-aa24-0aabacd6d2ba
RR-3669,Paid,-876.68,Material ACCOUNT National Returns ,,(3) BD Duration Shingle(2) BD Hip and Ridge(5) 1/2 Plywood                                           (1) box trim nails                                      (17) 1"x6",24414.41,0.00,Yes,New,Roofing,Residential,2265.00,15354.34,https://my.acculynx.com/jobs/9be95e27-0a69-4731-aa24-0aabacd6d2ba
RR-3669,Paid,138.23, Material ACCOUNT National Shop,,(3) 3/4 Plywood ,24414.41,0.00,Yes,New,Roofing,Residential,2265.00,15354.34,https://my.acculynx.com/jobs/9be95e27-0a69-4731-aa24-0aabacd6d2ba
RR-3669,Paid,-150.08,Material ACCOUNT National Returns ,0051041027-001,(2) rolls ice shield ,24414.41,0.00,Yes,New,Roofing,Residential,2265.00,15354.34,https://my.acculynx.com/jobs/9be95e27-0a69-4731-aa24-0aabacd6d2ba
RR-3669,Paid,218.59,Platinum Warranty ,OC-2026-WR-2378782,,24414.41,0.00,Yes,New,Roofing,Residential,2265.00,15354.34,https://my.acculynx.com/jobs/9be95e27-0a69-4731-aa24-0aabacd6d2ba
RR-3669,Paid,500.00,Labor Zion Electrical Contracting INC,,,24414.41,0.00,Yes,New,Roofing,Residential,2265.00,15354.34,https://my.acculynx.com/jobs/9be95e27-0a69-4731-aa24-0aabacd6d2ba
RR-3593,Additional,1353.00,Joseph Young Commission,,T,14994.66,0.00,No,New,Roofing,Residential,1623.00,9857.01,https://my.acculynx.com/jobs/6c30fa89-4929-49bd-afb3-f55727473e69
RR-3593,Additional,270.00,Joseph Young Commission,,Self gen comm %05 (T),14994.66,0.00,No,New,Roofing,Residential,1623.00,9857.01,https://my.acculynx.com/jobs/6c30fa89-4929-49bd-afb3-f55727473e69
RR-3692,Paid,242.51,Platinum Warranty ,OC-2026-WR-2384015,,18600.00,0.00,Yes,New,Roofing,Residential,1425.00,12899.03,https://my.acculynx.com/jobs/0ac12ad2-ee41-4534-88c0-d16c85f2a9e2
RR-3692,Paid,-299.06,Material ACCOUNT National Returns ,,(10) 1/2 Plywood ,18600.00,0.00,Yes,New,Roofing,Residential,1425.00,12899.03,https://my.acculynx.com/jobs/0ac12ad2-ee41-4534-88c0-d16c85f2a9e2
RR-3692,Paid,1069.50,Dealer CC Fee,,Dealer Fee,18600.00,0.00,Yes,New,Roofing,Residential,1425.00,12899.03,https://my.acculynx.com/jobs/0ac12ad2-ee41-4534-88c0-d16c85f2a9e2
RR-3692,Additional,1425.00,Michael Dietrich Commission,,T,18600.00,0.00,No,New,Roofing,Residential,1425.00,12899.03,https://my.acculynx.com/jobs/0ac12ad2-ee41-4534-88c0-d16c85f2a9e2
RR-3692,Paid,5099.79,Material ACCOUNT National,0051240174-001,,18600.00,0.00,Yes,New,Roofing,Residential,1425.00,12899.03,https://my.acculynx.com/jobs/0ac12ad2-ee41-4534-88c0-d16c85f2a9e2
RR-3692,Paid,58.18,Material ACCOUNT National,0051249894-001,,18600.00,0.00,Yes,New,Roofing,Residential,1425.00,12899.03,https://my.acculynx.com/jobs/0ac12ad2-ee41-4534-88c0-d16c85f2a9e2
RR-3692,Paid,361.42,Material ACCOUNT National,0051249453-001,,18600.00,0.00,Yes,New,Roofing,Residential,1425.00,12899.03,https://my.acculynx.com/jobs/0ac12ad2-ee41-4534-88c0-d16c85f2a9e2
RR-3381,Paid,5887.21,Material ACCOUNT National,0048792480-001,,24000.00,0.00,Yes,New,Roofing,Residential,2015.13,15939.47,https://my.acculynx.com/jobs/8b4a3abf-06f3-4780-9cf5-9a3adb9e3af9
RR-3381,Paid,350.00,Labor All About Gutters,,,24000.00,0.00,Yes,New,Roofing,Residential,2015.13,15939.47,https://my.acculynx.com/jobs/8b4a3abf-06f3-4780-9cf5-9a3adb9e3af9
RR-3381,Paid,-59.81,Material ACCOUNT National Shop Returns,,(2) 1/2 Plywood,24000.00,0.00,Yes,New,Roofing,Residential,2015.13,15939.47,https://my.acculynx.com/jobs/8b4a3abf-06f3-4780-9cf5-9a3adb9e3af9
RR-3381,Paid,6715.00,Labor V&D Family Home Remodeling Corp Pay,,,24000.00,0.00,Yes,New,Roofing,Residential,2015.13,15939.47,https://my.acculynx.com/jobs/8b4a3abf-06f3-4780-9cf5-9a3adb9e3af9
RR-3381,Paid,1031.94,Other Job Expenses Land Resource Dump,10956,,24000.00,0.00,Yes,New,Roofing,Residential,2015.13,15939.47,https://my.acculynx.com/jobs/8b4a3abf-06f3-4780-9cf5-9a3adb9e3af9
RR-3381,Additional,2015.13,Michael Dietrich Commission,,T,24000.00,0.00,No,New,Roofing,Residential,2015.13,15939.47,https://my.acculynx.com/jobs/8b4a3abf-06f3-4780-9cf5-9a3adb9e3af9
RR-3491,Paid,969.00,Labor CASH Flawless Roofing Dump ,,,28982.52,0.00,Yes,New,Roofing,Residential,2750.77,18008.78,https://my.acculynx.com/jobs/ee34f7dc-69e2-49ec-a479-7d69f332e742
RR-3491,Additional,2750.77,Joseph Young Commission,,(T),28982.52,0.00,No,New,Roofing,Residential,2750.77,18008.78,https://my.acculynx.com/jobs/ee34f7dc-69e2-49ec-a479-7d69f332e742
RR-3491,Paid,388.78,Material ACCOUNT National Shop,,(13) Plywood,28982.52,0.00,Yes,New,Roofing,Residential,2750.77,18008.78,https://my.acculynx.com/jobs/ee34f7dc-69e2-49ec-a479-7d69f332e742
RR-3491,Paid,1449.13,Dealer CC Fee,,,28982.52,0.00,Yes,New,Roofing,Residential,2750.77,18008.78,https://my.acculynx.com/jobs/ee34f7dc-69e2-49ec-a479-7d69f332e742
RR-3491,Paid,-123.98,Material ACCOUNT National Shop Returns,,(2) 3" Lifetime pipe flange,28982.52,0.00,Yes,New,Roofing,Residential,2750.77,18008.78,https://my.acculynx.com/jobs/ee34f7dc-69e2-49ec-a479-7d69f332e742
RR-3491,Paid,421.95,Platinum Warranty,OC-2026-WR-2334423,,28982.52,0.00,Yes,New,Roofing,Residential,2750.77,18008.78,https://my.acculynx.com/jobs/ee34f7dc-69e2-49ec-a479-7d69f332e742
RR-3491,Paid,6697.47,Material ACCOUNT National,0049765250-001,,28982.52,0.00,Yes,New,Roofing,Residential,2750.77,18008.78,https://my.acculynx.com/jobs/ee34f7dc-69e2-49ec-a479-7d69f332e742
RR-3491,Paid,861.30,Material ACCOUNT National, 0049863590-001,,28982.52,0.00,Yes,New,Roofing,Residential,2750.77,18008.78,https://my.acculynx.com/jobs/ee34f7dc-69e2-49ec-a479-7d69f332e742
RR-3491,Paid,4565.00,Labor CASH Flawless Roofing Pay,,,28982.52,0.00,Yes,New,Roofing,Residential,2750.77,18008.78,https://my.acculynx.com/jobs/ee34f7dc-69e2-49ec-a479-7d69f332e742
RR-3491,Paid,29.36,Material ACCOUNT National,0049863590-002,,28982.52,0.00,Yes,New,Roofing,Residential,2750.77,18008.78,https://my.acculynx.com/jobs/ee34f7dc-69e2-49ec-a479-7d69f332e742
RR-3254,Paid,774.00,Labor Flawless Roofing Dump,,,19984.68,0.00,Yes,New,Roofing,Residential,1977.54,12074.53,https://my.acculynx.com/jobs/a0dbca42-e11e-4ad2-9074-8a1db446b234
RR-3254,Paid,3280.00,Labor Flawless Roofing Pay,,,19984.68,0.00,Yes,New,Roofing,Residential,1977.54,12074.53,https://my.acculynx.com/jobs/a0dbca42-e11e-4ad2-9074-8a1db446b234
RR-3254,Paid,500.00,Labor Zion Electrical Contracting INC,,,19984.68,0.00,Yes,New,Roofing,Residential,1977.54,12074.53,https://my.acculynx.com/jobs/a0dbca42-e11e-4ad2-9074-8a1db446b234
RR-3254,Paid,158.56,Material ACCOUNT National,0047930049-002,,19984.68,0.00,Yes,New,Roofing,Residential,1977.54,12074.53,https://my.acculynx.com/jobs/a0dbca42-e11e-4ad2-9074-8a1db446b234
RR-3254,Paid,-130.50,Material ACCOUNT National Shop Returns,,(5) 1/2 Plywood ,19984.68,0.00,Yes,New,Roofing,Residential,1977.54,12074.53,https://my.acculynx.com/jobs/a0dbca42-e11e-4ad2-9074-8a1db446b234
RR-3218,Paid,-103.86,Material ACCOUNT National Shop Returns,,(2) Lifetime Pipe Flange,26005.96,0.00,Yes,New,Roofing,Residential,3283.65,12871.14,https://my.acculynx.com/jobs/e8cd99c7-9a2a-486a-b753-936d9edcec53
RR-3218,Paid,937.50,Labor CASH Flawless Roofing Dump,,,26005.96,0.00,Yes,New,Roofing,Residential,3283.65,12871.14,https://my.acculynx.com/jobs/e8cd99c7-9a2a-486a-b753-936d9edcec53
RR-3218,Paid,3425.00,Labor CASH Flawless Roofing Pay,,,26005.96,0.00,Yes,New,Roofing,Residential,3283.65,12871.14,https://my.acculynx.com/jobs/e8cd99c7-9a2a-486a-b753-936d9edcec53
RR-3218,Paid,254.48,Platinum Warranty,,,26005.96,0.00,Yes,New,Roofing,Residential,3283.65,12871.14,https://my.acculynx.com/jobs/e8cd99c7-9a2a-486a-b753-936d9edcec53
RR-3218,Paid,130.30,Material ACCOUNT National Shop,,(5) 1/2 Plywood,26005.96,0.00,Yes,New,Roofing,Residential,3283.65,12871.14,https://my.acculynx.com/jobs/e8cd99c7-9a2a-486a-b753-936d9edcec53
RR-3218,Additional,3283.65,Michael Dietrich Commission,,T,26005.96,0.00,No,New,Roofing,Residential,3283.65,12871.14,https://my.acculynx.com/jobs/e8cd99c7-9a2a-486a-b753-936d9edcec53
RR-3218,Paid,5115.16,Material ACCOUNT National,0047567192-001,,26005.96,0.00,Yes,New,Roofing,Residential,3283.65,12871.14,https://my.acculynx.com/jobs/e8cd99c7-9a2a-486a-b753-936d9edcec53
RR-3218,Paid,-171.09,Material ACCOUNT National Returns,,(4) BD Shingles,26005.96,0.00,Yes,New,Roofing,Residential,3283.65,12871.14,https://my.acculynx.com/jobs/e8cd99c7-9a2a-486a-b753-936d9edcec53
RR-3328,Paid,2800.00,Labor Brentwood Roofing And Contracting Inc,,,12636.11,0.00,Yes,Repair,Roofing,Commercial,1437.61,6885.69,https://my.acculynx.com/jobs/b587a8f5-f326-4d7f-bdf6-d138a2f68275
RR-3328,Paid,2648.08,Material ACCOUNT National,0048361584-001,,12636.11,0.00,Yes,Repair,Roofing,Commercial,1437.61,6885.69,https://my.acculynx.com/jobs/b587a8f5-f326-4d7f-bdf6-d138a2f68275
RR-3328,Additional,1437.61,Francesco Ambrosio Commission,,T,12636.11,0.00,No,Repair,Roofing,Commercial,1437.61,6885.69,https://my.acculynx.com/jobs/b587a8f5-f326-4d7f-bdf6-d138a2f68275
RR-3531,Paid,456.00,Labor All About Gutters,,,600.40,0.00,Yes,Repair,Roofing,Residential,0.00,508.54,https://my.acculynx.com/jobs/5e6a04d4-9292-4d06-a0d7-6aee8a35cc0b
RR-3531,Paid,52.54,Sales Tax,,,600.40,0.00,Yes,Repair,Roofing,Residential,0.00,508.54,https://my.acculynx.com/jobs/5e6a04d4-9292-4d06-a0d7-6aee8a35cc0b
RR-3531,Additional,0.00,Joseph Young Commission,,NO COMM,600.40,0.00,No,Repair,Roofing,Residential,0.00,508.54,https://my.acculynx.com/jobs/5e6a04d4-9292-4d06-a0d7-6aee8a35cc0b
RR-3423,Paid,1051.25,Material ACCOUNT National,0049149713-001,,6000.00,0.00,Yes,Repair,Roofing,Residential,649.03,3401.16,https://my.acculynx.com/jobs/09dddfbb-ec78-48d5-9377-0973c0e36283
RR-3423,Paid,554.27,Material ACCOUNT National,0049149713-002,,6000.00,0.00,Yes,Repair,Roofing,Residential,649.03,3401.16,https://my.acculynx.com/jobs/09dddfbb-ec78-48d5-9377-0973c0e36283
RR-3195,Additional,1197.32,Michael Dietrich Commission,,15% as per Joe E (T) ,22388.92,0.00,No,New,Roofing,Residential,1197.32,15604.28,https://my.acculynx.com/jobs/42613352-17b8-4be6-9a7c-fecf84b8abd0
RR-3195,Paid,3302.37,Dealer CC Fee,,Dealer Fee,22388.92,0.00,Yes,New,Roofing,Residential,1197.32,15604.28,https://my.acculynx.com/jobs/42613352-17b8-4be6-9a7c-fecf84b8abd0
RR-3195,Paid,316.24,Material ACCOUNT National,0047386196-001,,22388.92,0.00,Yes,New,Roofing,Residential,1197.32,15604.28,https://my.acculynx.com/jobs/42613352-17b8-4be6-9a7c-fecf84b8abd0
RR-3195,Paid,266.44,Platinum Warranty,,OC-2026-WR-2254442,22388.92,0.00,Yes,New,Roofing,Residential,1197.32,15604.28,https://my.acculynx.com/jobs/42613352-17b8-4be6-9a7c-fecf84b8abd0
RR-3195,Paid,289.28,Material ACCOUNT National,0047326018-002,,22388.92,0.00,Yes,New,Roofing,Residential,1197.32,15604.28,https://my.acculynx.com/jobs/42613352-17b8-4be6-9a7c-fecf84b8abd0
RR-3195,Paid,3890.00,Labor V&D Family Home Remodeling Corp Pay,,,22388.92,0.00,Yes,New,Roofing,Residential,1197.32,15604.28,https://my.acculynx.com/jobs/42613352-17b8-4be6-9a7c-fecf84b8abd0
RR-3195,Paid,995.00,Labor V&D Family Home Remodeling Corp Dump,,,22388.92,0.00,Yes,New,Roofing,Residential,1197.32,15604.28,https://my.acculynx.com/jobs/42613352-17b8-4be6-9a7c-fecf84b8abd0
RR-3195,Paid,5612.99,Material ACCOUNT National,0047326018-001,,22388.92,0.00,Yes,New,Roofing,Residential,1197.32,15604.28,https://my.acculynx.com/jobs/42613352-17b8-4be6-9a7c-fecf84b8abd0
RR-3195,Paid,-265.36,Material ACCOUNT National Returns,,(6) BD Shingle,22388.92,0.00,Yes,New,Roofing,Residential,1197.32,15604.28,https://my.acculynx.com/jobs/42613352-17b8-4be6-9a7c-fecf84b8abd0
RR-3365,Paid,271.88,Material ACCOUNT National Shop,,(2) BX Gutter Guards,24600.00,0.00,Yes,New,Roofing,Residential,2562.11,14351.58,https://my.acculynx.com/jobs/7004fdc4-4b9a-4f89-af0a-a9de6d77595d
RR-3365,Additional,2562.11,Michael Dietrich Commission,,T,24600.00,0.00,No,New,Roofing,Residential,2562.11,14351.58,https://my.acculynx.com/jobs/7004fdc4-4b9a-4f89-af0a-a9de6d77595d
RR-3360,Paid,950.00,Labor All About Gutters,,,34543.58,0.00,Yes,New,Roofing,Residential,4086.93,18195.84,https://my.acculynx.com/jobs/d7207253-f0e1-468e-8330-c5944697db03
RR-3360,Paid,227.29,Platinum Warranty,OC-2026-WR-2297025,,34543.58,0.00,Yes,New,Roofing,Residential,4086.93,18195.84,https://my.acculynx.com/jobs/d7207253-f0e1-468e-8330-c5944697db03
RR-3360,Paid,2630.18,Material ACCOUNT National,0048830518-001,,34543.58,0.00,Yes,New,Roofing,Residential,4086.93,18195.84,https://my.acculynx.com/jobs/d7207253-f0e1-468e-8330-c5944697db03
RR-3360,Paid,5147.09,Material ACCOUNT National, 0048709198-001,,34543.58,0.00,Yes,New,Roofing,Residential,4086.93,18195.84,https://my.acculynx.com/jobs/d7207253-f0e1-468e-8330-c5944697db03
RR-3360,Paid,-360.51,Material ACCOUNT National Shop Returns,,(10) 1/2 Plywood (3) 5/8 plywood Kept in the truck,34543.58,0.00,Yes,New,Roofing,Residential,4086.93,18195.84,https://my.acculynx.com/jobs/d7207253-f0e1-468e-8330-c5944697db03
RR-3360,Paid,1093.50,Labor Flawless Roofing Dump ,,,34543.58,0.00,Yes,New,Roofing,Residential,4086.93,18195.84,https://my.acculynx.com/jobs/d7207253-f0e1-468e-8330-c5944697db03
RR-3360,Paid,419.23,Material ACCOUNT National Shop,,(1) 1/2 Lifetime pipe flange(1) Dryer/Bath Vent(2) BX Gutterguards,34543.58,0.00,Yes,New,Roofing,Residential,4086.93,18195.84,https://my.acculynx.com/jobs/d7207253-f0e1-468e-8330-c5944697db03
RR-3360,Additional,4086.93,Francesco Ambrosio Commission,,T,34543.58,0.00,No,New,Roofing,Residential,4086.93,18195.84,https://my.acculynx.com/jobs/d7207253-f0e1-468e-8330-c5944697db03
RR-3360,Paid,4245.00,Labor Flawless Roofing Pay,,,34543.58,0.00,Yes,New,Roofing,Residential,4086.93,18195.84,https://my.acculynx.com/jobs/d7207253-f0e1-468e-8330-c5944697db03
RR-3360,Paid,-242.87,Material ACCOUNT National Returns,,(4) BD Duration Shingle(1) 4" Easy Sleeve,34543.58,0.00,Yes,New,Roofing,Residential,4086.93,18195.84,https://my.acculynx.com/jobs/d7207253-f0e1-468e-8330-c5944697db03
RR-3392,Paid,409.99,Platinum Warranty,OC-2026-WR-2302127,,49169.16,0.00,Yes,New,Roofing,Residential,3534.76,29138.85,https://my.acculynx.com/jobs/c6f5b73c-5d32-4f42-9966-f47298ec3173
RR-3392,Paid,7200.00,Labor Ian RenewUSA solar,,,49169.16,0.00,Yes,New,Roofing,Residential,3534.76,29138.85,https://my.acculynx.com/jobs/c6f5b73c-5d32-4f42-9966-f47298ec3173
RR-3392,Paid,-104.40,Material ACCOUNT National Shop Returns,,(4) 1/2 Plywood,49169.16,0.00,Yes,New,Roofing,Residential,3534.76,29138.85,https://my.acculynx.com/jobs/c6f5b73c-5d32-4f42-9966-f47298ec3173
RR-3392,Paid,-299.40,Material ACCOUNT National Returns,,(7) BD Designer Shingle,49169.16,0.00,Yes,New,Roofing,Residential,3534.76,29138.85,https://my.acculynx.com/jobs/c6f5b73c-5d32-4f42-9966-f47298ec3173
RR-3392,Paid,8269.37,Material ACCOUNT National,0048847202-002,,49169.16,0.00,Yes,New,Roofing,Residential,3534.76,29138.85,https://my.acculynx.com/jobs/c6f5b73c-5d32-4f42-9966-f47298ec3173
RR-3392,Paid,3820.53,Dealer CC Fee,,Dealer Fee ,49169.16,0.00,Yes,New,Roofing,Residential,3534.76,29138.85,https://my.acculynx.com/jobs/c6f5b73c-5d32-4f42-9966-f47298ec3173
RR-3392,Paid,1068.00,Labor V&D Family Home Remodeling Corp Dump,,,49169.16,0.00,Yes,New,Roofing,Residential,3534.76,29138.85,https://my.acculynx.com/jobs/c6f5b73c-5d32-4f42-9966-f47298ec3173
RR-3392,Paid,5240.00,Labor V&D Family Home Remodeling Corp Pay,,,49169.16,0.00,Yes,New,Roofing,Residential,3534.76,29138.85,https://my.acculynx.com/jobs/c6f5b73c-5d32-4f42-9966-f47298ec3173
RR-3392,Additional,3534.76,Michael Dietrich Commission,,T,49169.16,0.00,No,New,Roofing,Residential,3534.76,29138.85,https://my.acculynx.com/jobs/c6f5b73c-5d32-4f42-9966-f47298ec3173
RR-3262,Paid,-147.17,Material ACCOUNT National Returns,,(1) BD Duration Shingle(4) 1/2 Plywood,7995.11,0.00,Yes,Repair,Roofing,Residential,1048.59,3800.76,https://my.acculynx.com/jobs/9c5640f7-9d2a-49cd-a739-f1b77567795d
RR-3262,Paid,1200.00,Labor CASH Flawless Roofing Pay,,,7995.11,0.00,Yes,Repair,Roofing,Residential,1048.59,3800.76,https://my.acculynx.com/jobs/9c5640f7-9d2a-49cd-a739-f1b77567795d
RR-3262,Paid,125.06,Material ACCOUNT National Shop,,(1) RL Trim Coil,7995.11,0.00,Yes,Repair,Roofing,Residential,1048.59,3800.76,https://my.acculynx.com/jobs/9c5640f7-9d2a-49cd-a739-f1b77567795d
RR-3262,Paid,359.76,Dealer CC Fee,,Dealer Fee,7995.11,0.00,Yes,Repair,Roofing,Residential,1048.59,3800.76,https://my.acculynx.com/jobs/9c5640f7-9d2a-49cd-a739-f1b77567795d
RR-3262,Paid,1214.52,Material ACCOUNT National,47978322,,7995.11,0.00,Yes,Repair,Roofing,Residential,1048.59,3800.76,https://my.acculynx.com/jobs/9c5640f7-9d2a-49cd-a739-f1b77567795d
RR-3262,Additional,1048.59,Francesco Commission,,T,7995.11,0.00,No,Repair,Roofing,Residential,1048.59,3800.76,https://my.acculynx.com/jobs/9c5640f7-9d2a-49cd-a739-f1b77567795d
RR-3563,Paid,500.00,Labor Zion Electrical Contracting INC,,,18636.64,0.00,Yes,New,Roofing,Residential,1620.00,12158.83,https://my.acculynx.com/jobs/f7af6739-c90f-4730-8240-a9405f4c78f4
RR-3563,Paid,1015.00,Labor Flawless Roofing Dump,,,18636.64,0.00,Yes,New,Roofing,Residential,1620.00,12158.83,https://my.acculynx.com/jobs/f7af6739-c90f-4730-8240-a9405f4c78f4
RR-3563,Paid,3520.00,Labor Flawless Roofing Pay,,,18636.64,0.00,Yes,New,Roofing,Residential,1620.00,12158.83,https://my.acculynx.com/jobs/f7af6739-c90f-4730-8240-a9405f4c78f4
RR-3563,Paid,-341.81,Material ACCOUNT National Returns,,(8) Bundles OC Shingles ,18636.64,0.00,Yes,New,Roofing,Residential,1620.00,12158.83,https://my.acculynx.com/jobs/f7af6739-c90f-4730-8240-a9405f4c78f4
RR-3563,Paid,230.55,Platinum Warranty, OC-2026-WR-2375221,,18636.64,0.00,Yes,New,Roofing,Residential,1620.00,12158.83,https://my.acculynx.com/jobs/f7af6739-c90f-4730-8240-a9405f4c78f4
RR-3563,Additional,1620.00,Joseph Young Commission,,T,18636.64,0.00,No,New,Roofing,Residential,1620.00,12158.83,https://my.acculynx.com/jobs/f7af6739-c90f-4730-8240-a9405f4c78f4
RR-3362,Paid,600.00,Labor All About Gutters,,,21617.58,0.00,Yes,New,Roofing,Residential,2388.69,12062.43,https://my.acculynx.com/jobs/beacb203-a79a-41c3-98f2-6849da00fdcb
RR-3362,Paid,4739.90,Material ACCOUNT National,48588694,,21617.58,0.00,Yes,New,Roofing,Residential,2388.69,12062.43,https://my.acculynx.com/jobs/beacb203-a79a-41c3-98f2-6849da00fdcb
RR-3362,Paid,170.74,Platinum Warranty,OC-2026-WR-2290208,,21617.58,0.00,Yes,New,Roofing,Residential,2388.69,12062.43,https://my.acculynx.com/jobs/beacb203-a79a-41c3-98f2-6849da00fdcb
RR-3362,Paid,892.50,Labor V&D Family Home Remodeling Corp Dump,,,21617.58,0.00,Yes,New,Roofing,Residential,2388.69,12062.43,https://my.acculynx.com/jobs/beacb203-a79a-41c3-98f2-6849da00fdcb
RR-3362,Additional,2388.69,Joseph Young Commission,,T,21617.58,0.00,No,New,Roofing,Residential,2388.69,12062.43,https://my.acculynx.com/jobs/beacb203-a79a-41c3-98f2-6849da00fdcb
RR-3362,Paid,3619.00,Labor V&D Family Home Remodeling Corp Pay,,,21617.58,0.00,Yes,New,Roofing,Residential,2388.69,12062.43,https://my.acculynx.com/jobs/beacb203-a79a-41c3-98f2-6849da00fdcb
RR-3362,Paid,-348.40,Material ACCOUNT National Returns,,(8) BD Duration Shingle,21617.58,0.00,Yes,New,Roofing,Residential,2388.69,12062.43,https://my.acculynx.com/jobs/beacb203-a79a-41c3-98f2-6849da00fdcb
RR-3671,Paid,16.63,Dealer CC Fee,,CC Fee,491.63,0.00,Yes,Repair,Roofing,Residential,0.00,116.13,https://my.acculynx.com/jobs/513eb329-36bd-4239-9add-8ed9ba1cc938
RR-3671,Paid,56.48,Material AMEX Century Store,,,491.63,0.00,Yes,Repair,Roofing,Residential,0.00,116.13,https://my.acculynx.com/jobs/513eb329-36bd-4239-9add-8ed9ba1cc938
RR-3671,Paid,43.02,Sales Tax,,Sales Tax,491.63,0.00,Yes,Repair,Roofing,Residential,0.00,116.13,https://my.acculynx.com/jobs/513eb329-36bd-4239-9add-8ed9ba1cc938
RR-3545,Paid,124.59,Material ACCOUNT National ,50302515,,16500.00,0.00,Yes,New,Roofing,Residential,1596.56,11710.34,https://my.acculynx.com/jobs/6eecaf76-c854-47a3-87b0-e96066bcc7b5
RR-3545,Additional,1596.56,Joseph Young Commission,,T,16500.00,0.00,No,New,Roofing,Residential,1596.56,11710.34,https://my.acculynx.com/jobs/6eecaf76-c854-47a3-87b0-e96066bcc7b5
RR-3545,Paid,4236.98,Material ACCOUNT National ,0050212647-001,,16500.00,0.00,Yes,New,Roofing,Residential,1596.56,11710.34,https://my.acculynx.com/jobs/6eecaf76-c854-47a3-87b0-e96066bcc7b5
RR-3545,Paid,1155.00,Dealer CC Fee,,Dealer Fee,16500.00,0.00,Yes,New,Roofing,Residential,1596.56,11710.34,https://my.acculynx.com/jobs/6eecaf76-c854-47a3-87b0-e96066bcc7b5
RR-3545,Paid,3225.00,Labor CASH V&D Family Home Remodeling Corp Pay,,,16500.00,0.00,Yes,New,Roofing,Residential,1596.56,11710.34,https://my.acculynx.com/jobs/6eecaf76-c854-47a3-87b0-e96066bcc7b5
RR-3545,Paid,218.59,Platinum Warranty , OC-2026-WR-2349188,,16500.00,0.00,Yes,New,Roofing,Residential,1596.56,11710.34,https://my.acculynx.com/jobs/6eecaf76-c854-47a3-87b0-e96066bcc7b5
RR-3323,Paid,814.69,Other Job Expenses Land Resource Dump,13008,,226000.00,0.00,Yes,New,Signature Roofing,Residential,6129.77,172398.07,https://my.acculynx.com/jobs/e4e151b3-c1e9-4db8-985d-9160d0e32b3a
RR-3323,Paid,-2148.39,Material ACCOUNT National Returns,0049379232,,226000.00,0.00,Yes,New,Signature Roofing,Residential,6129.77,172398.07,https://my.acculynx.com/jobs/e4e151b3-c1e9-4db8-985d-9160d0e32b3a
RR-3323,Paid,6000.00,Labor V&D Family Home Remodeling Corp Pay,,,226000.00,0.00,Yes,New,Signature Roofing,Residential,6129.77,172398.07,https://my.acculynx.com/jobs/e4e151b3-c1e9-4db8-985d-9160d0e32b3a
RR-3323,Paid,3000.00,Labor V&D Family Home Remodeling Corp Pay,,BONUS,226000.00,0.00,Yes,New,Signature Roofing,Residential,6129.77,172398.07,https://my.acculynx.com/jobs/e4e151b3-c1e9-4db8-985d-9160d0e32b3a
RR-3323,Paid,-3475.66,Material ACCOUNT National Returns,0049375211,(12) BND Cedar Perfections(10) BND Yellow Cedar,226000.00,0.00,Yes,New,Signature Roofing,Residential,6129.77,172398.07,https://my.acculynx.com/jobs/e4e151b3-c1e9-4db8-985d-9160d0e32b3a
RR-3323,Paid,165.87,Other Job Expenses AMEX Call A Head,2226622,,226000.00,0.00,Yes,New,Signature Roofing,Residential,6129.77,172398.07,https://my.acculynx.com/jobs/e4e151b3-c1e9-4db8-985d-9160d0e32b3a
RR-3323,Paid,-6761.01,Material ACCOUNT National Returns,0049374374,(7) BND Brava Solid Tiles (146) BND Brava Field Tiles,226000.00,0.00,Yes,New,Signature Roofing,Residential,6129.77,172398.07,https://my.acculynx.com/jobs/e4e151b3-c1e9-4db8-985d-9160d0e32b3a
RR-3323,Paid,17874.24,Material ACCOUNT National,0048583578-001,,226000.00,0.00,Yes,New,Signature Roofing,Residential,6129.77,172398.07,https://my.acculynx.com/jobs/e4e151b3-c1e9-4db8-985d-9160d0e32b3a
RR-3323,Paid,989.62,Material ACCOUNT National,0048801478-001,,226000.00,0.00,Yes,New,Signature Roofing,Residential,6129.77,172398.07,https://my.acculynx.com/jobs/e4e151b3-c1e9-4db8-985d-9160d0e32b3a
RR-3323,Paid,74141.02,Material ACCOUNT National,0048564616-001,,226000.00,0.00,Yes,New,Signature Roofing,Residential,6129.77,172398.07,https://my.acculynx.com/jobs/e4e151b3-c1e9-4db8-985d-9160d0e32b3a
RR-3323,Paid,5983.02,Material ACCOUNT National,0049223635-001,,226000.00,0.00,Yes,New,Signature Roofing,Residential,6129.77,172398.07,https://my.acculynx.com/jobs/e4e151b3-c1e9-4db8-985d-9160d0e32b3a
RR-3323,Paid,14142.34,Material ACCOUNT National,0049217446-001,,226000.00,0.00,Yes,New,Signature Roofing,Residential,6129.77,172398.07,https://my.acculynx.com/jobs/e4e151b3-c1e9-4db8-985d-9160d0e32b3a
RR-3323,Paid,4697.22,Material ACCOUNT National,0048564616-003,,226000.00,0.00,Yes,New,Signature Roofing,Residential,6129.77,172398.07,https://my.acculynx.com/jobs/e4e151b3-c1e9-4db8-985d-9160d0e32b3a
RR-3323,Paid,1174.50,Material ACCOUNT National,0048715135-002,,226000.00,0.00,Yes,New,Signature Roofing,Residential,6129.77,172398.07,https://my.acculynx.com/jobs/e4e151b3-c1e9-4db8-985d-9160d0e32b3a
RR-3323,Paid,6718.82,Material ACCOUNT National,0048564616-002,,226000.00,0.00,Yes,New,Signature Roofing,Residential,6129.77,172398.07,https://my.acculynx.com/jobs/e4e151b3-c1e9-4db8-985d-9160d0e32b3a
RR-3323,Paid,1139.66,Material ACCOUNT National,0049083368-001,,226000.00,0.00,Yes,New,Signature Roofing,Residential,6129.77,172398.07,https://my.acculynx.com/jobs/e4e151b3-c1e9-4db8-985d-9160d0e32b3a
RR-3323,Paid,-261.00,Material ACCOUNT National,0048694935-001,(10) 1/2" Plywood ,226000.00,0.00,Yes,New,Signature Roofing,Residential,6129.77,172398.07,https://my.acculynx.com/jobs/e4e151b3-c1e9-4db8-985d-9160d0e32b3a
RR-3323,Paid,-8526.58,Material ACCOUNT National,0048902379-001,(1) Box Cap Nails(5) C6 Drip Edge (22) Rolls Henry Blue Skin,226000.00,0.00,Yes,New,Signature Roofing,Residential,6129.77,172398.07,https://my.acculynx.com/jobs/e4e151b3-c1e9-4db8-985d-9160d0e32b3a
RR-3323,Paid,-202.91,Material ACCOUNT National Shop Returns,,(1) Copper sheets were used to RR-3386,226000.00,0.00,Yes,New,Signature Roofing,Residential,6129.77,172398.07,https://my.acculynx.com/jobs/e4e151b3-c1e9-4db8-985d-9160d0e32b3a
RR-3323,Paid,59.37,Material ACCOUNT National,0049259805-001,,226000.00,0.00,Yes,New,Signature Roofing,Residential,6129.77,172398.07,https://my.acculynx.com/jobs/e4e151b3-c1e9-4db8-985d-9160d0e32b3a
RR-3323,Additional,6129.77,Francesco Ambrosio Commission,,Per Joe 10% (T) ,226000.00,0.00,No,New,Signature Roofing,Residential,6129.77,172398.07,https://my.acculynx.com/jobs/e4e151b3-c1e9-4db8-985d-9160d0e32b3a
RR-3323,Paid,-157.68,Material ACCOUNT National Returns,,(4) PC Cedar Rough Sawn Board,226000.00,0.00,Yes,New,Signature Roofing,Residential,6129.77,172398.07,https://my.acculynx.com/jobs/e4e151b3-c1e9-4db8-985d-9160d0e32b3a
RR-3323,Paid,1566.00,Material ACCOUNT National,0048715135-003,,226000.00,0.00,No,New,Signature Roofing,Residential,6129.77,172398.07,https://my.acculynx.com/jobs/e4e151b3-c1e9-4db8-985d-9160d0e32b3a
RR-3547,Paid,1500.00,Labor Brentwood Roofing And Contracting Inc,,,3789.83,0.00,Yes,Repair,Roofing,Commercial,353.75,2374.85,https://my.acculynx.com/jobs/1b3cfbcf-1b4f-4184-81f3-9d599bf125dc
RR-3547,Paid,331.61,Sales Tax,,,3789.83,0.00,Yes,Repair,Roofing,Commercial,353.75,2374.85,https://my.acculynx.com/jobs/1b3cfbcf-1b4f-4184-81f3-9d599bf125dc
RR-3569,Paid,1736.00,Labor Flawless Roofing Dump ,,,30035.36,0.00,Yes,New,Roofing,Property Management,3132.19,17510.94,https://my.acculynx.com/jobs/1fc8068b-d80d-4cfd-8c7b-fd00c47045aa
RR-3460,Paid,314.29,Platinum Warranty,OC-2026-WR-2319984,,20949.90,0.00,Yes,New,Roofing,Residential,1901.22,13345.01,https://my.acculynx.com/jobs/1a57dd76-150c-44b3-8dd7-d7c5c4c6816d
RR-3460,Paid,92.44,Material ACCOUNT New Castle Metals,11EP0002783935-001,,20949.90,0.00,Yes,New,Roofing,Residential,1901.22,13345.01,https://my.acculynx.com/jobs/1a57dd76-150c-44b3-8dd7-d7c5c4c6816d
RR-3460,Paid,6496.12,Material ACCOUNT National,0049385959-001,,20949.90,0.00,Yes,New,Roofing,Residential,1901.22,13345.01,https://my.acculynx.com/jobs/1a57dd76-150c-44b3-8dd7-d7c5c4c6816d
RR-3460,Paid,-299.06,Material ACCOUNT National Shop Returns,,(10) 1/2 Plywood ,20949.90,0.00,Yes,New,Roofing,Residential,1901.22,13345.01,https://my.acculynx.com/jobs/1a57dd76-150c-44b3-8dd7-d7c5c4c6816d
RR-3460,Paid,4000.00,Labor V&D Family Home Remodeling Corp Pay,,,20949.90,0.00,Yes,New,Roofing,Residential,1901.22,13345.01,https://my.acculynx.com/jobs/1a57dd76-150c-44b3-8dd7-d7c5c4c6816d
RR-3460,Paid,840.00,Labor V&D Family Home Remodeling Corp Dump,,,20949.90,0.00,Yes,New,Roofing,Residential,1901.22,13345.01,https://my.acculynx.com/jobs/1a57dd76-150c-44b3-8dd7-d7c5c4c6816d
RR-3460,Additional,1901.22,Michael Dietrich Commission,,T,20949.90,0.00,No,New,Roofing,Residential,1901.22,13345.01,https://my.acculynx.com/jobs/1a57dd76-150c-44b3-8dd7-d7c5c4c6816d
RR-3569,Paid,4615.00,Labor CASH Flawless Roofing Pay,,,30035.36,0.00,Yes,New,Roofing,Property Management,3132.19,17510.94,https://my.acculynx.com/jobs/1fc8068b-d80d-4cfd-8c7b-fd00c47045aa
RR-3569,Paid,6442.64,Material ACCOUNT National,0050390376-001,,30035.36,0.00,Yes,New,Roofing,Property Management,3132.19,17510.94,https://my.acculynx.com/jobs/1fc8068b-d80d-4cfd-8c7b-fd00c47045aa
RR-3569,Additional,3132.19,Michael Meinardus Commission,,T,30035.36,0.00,No,New,Roofing,Property Management,3132.19,17510.94,https://my.acculynx.com/jobs/1fc8068b-d80d-4cfd-8c7b-fd00c47045aa
RR-3569,Paid,-257.23,Material ACCOUNT National Returns,,(4) BD Duration Shingle(1) OC Hip&Ridge,30035.36,0.00,Yes,New,Roofing,Property Management,3132.19,17510.94,https://my.acculynx.com/jobs/1fc8068b-d80d-4cfd-8c7b-fd00c47045aa
RR-3650,Additional,157.00,Michael Dietrich Commission,,T,1380.00,0.00,No,Repair,Roofing,Residential,157.00,754.27,https://my.acculynx.com/jobs/f3a42489-2e49-4aa8-be81-fd7844b158dd
RR-3650,Paid,197.27,Material ACCOUNT National,0050914628-001,,1380.00,0.00,Yes,Repair,Roofing,Residential,157.00,754.27,https://my.acculynx.com/jobs/f3a42489-2e49-4aa8-be81-fd7844b158dd
RR-3650,Paid,400.00,Labor CASH Flawless Roofing Pay,,,1380.00,0.00,Yes,Repair,Roofing,Residential,157.00,754.27,https://my.acculynx.com/jobs/f3a42489-2e49-4aa8-be81-fd7844b158dd
RR-3714,Paid,800.00,Other Job Expenses Referral Fee,,,26500.00,0.00,Yes,New,Roofing,Residential,1742.00,19405.18,https://my.acculynx.com/jobs/7de20a12-ec66-47fb-aac6-9d35c4362a0c
RR-3714,Paid,102.76,Material ACCOUNT National,0051379354-002,,26500.00,0.00,Yes,New,Roofing,Residential,1742.00,19405.18,https://my.acculynx.com/jobs/7de20a12-ec66-47fb-aac6-9d35c4362a0c
RR-3714,Paid,362.14,Platinum Warranty , OC-2026-WR-2389019,,26500.00,0.00,Yes,New,Roofing,Residential,1742.00,19405.18,https://my.acculynx.com/jobs/7de20a12-ec66-47fb-aac6-9d35c4362a0c
RR-3714,Paid,-385.50,Material ACCOUNT National Returns,0051382309-001,,26500.00,0.00,Yes,New,Roofing,Residential,1742.00,19405.18,https://my.acculynx.com/jobs/7de20a12-ec66-47fb-aac6-9d35c4362a0c
RR-3714,Paid,5435.00,Labor Flawless Roofing Pay,,,26500.00,0.00,Yes,New,Roofing,Residential,1742.00,19405.18,https://my.acculynx.com/jobs/7de20a12-ec66-47fb-aac6-9d35c4362a0c
RR-3714,Paid,237.31,Material ACCOUNT National Shop,,(6) 5/8 Plywood ,26500.00,0.00,Yes,New,Roofing,Residential,1742.00,19405.18,https://my.acculynx.com/jobs/7de20a12-ec66-47fb-aac6-9d35c4362a0c
RR-3714,Paid,1590.00,Dealer CC Fee,,,26500.00,0.00,Yes,New,Roofing,Residential,1742.00,19405.18,https://my.acculynx.com/jobs/7de20a12-ec66-47fb-aac6-9d35c4362a0c
RR-3714,Additional,1742.00,Michael Dietrich Commission,,T,26500.00,0.00,No,New,Roofing,Residential,1742.00,19405.18,https://my.acculynx.com/jobs/7de20a12-ec66-47fb-aac6-9d35c4362a0c
RR-3714,Paid,1680.00,Labor Flawless Roofing Dump ,,,26500.00,0.00,Yes,New,Roofing,Residential,1742.00,19405.18,https://my.acculynx.com/jobs/7de20a12-ec66-47fb-aac6-9d35c4362a0c
RR-3714,Paid,-128.18,Material ACCOUNT National Returns,0051429316-001,added from skill - this was missing,26500.00,0.00,No,New,Roofing,Residential,1742.00,19405.18,https://my.acculynx.com/jobs/7de20a12-ec66-47fb-aac6-9d35c4362a0c
RR-3714,Paid,159.86,Material ACCOUNT National,0051379354-001,Split from upsell file ,26500.00,0.00,Yes,New,Roofing,Residential,1742.00,19405.18,https://my.acculynx.com/jobs/7de20a12-ec66-47fb-aac6-9d35c4362a0c
RR-3714,Paid,7809.79,Material ACCOUNT National,0051355524-001,,26500.00,0.00,Yes,New,Roofing,Residential,1742.00,19405.18,https://my.acculynx.com/jobs/7de20a12-ec66-47fb-aac6-9d35c4362a0c
RR-3722,Paid,3939.00,Labor CASH Flawless Roofing Dump ,,,74834.48,0.00,Yes,New,"Gutters & Soffits, Roofing",Residential,5613.00,52380.31,https://my.acculynx.com/jobs/f7ebee13-332f-49fd-9712-e290d98d6ffe
RR-3722,Paid,4884.00,Labor All About Gutters,,,74834.48,0.00,Yes,New,"Gutters & Soffits, Roofing",Residential,5613.00,52380.31,https://my.acculynx.com/jobs/f7ebee13-332f-49fd-9712-e290d98d6ffe
RR-3722,Paid,-1026.50,Material ACCOUNT National Returns,0051556499-001,,74834.48,0.00,Yes,New,"Gutters & Soffits, Roofing",Residential,5613.00,52380.31,https://my.acculynx.com/jobs/f7ebee13-332f-49fd-9712-e290d98d6ffe
RR-3722,Paid,3741.72,Dealer CC Fee,,,74834.48,0.00,Yes,New,"Gutters & Soffits, Roofing",Residential,5613.00,52380.31,https://my.acculynx.com/jobs/f7ebee13-332f-49fd-9712-e290d98d6ffe
RR-3722,Paid,206.08,Material ACCOUNT National,0051564168-001,,74834.48,0.00,Yes,New,"Gutters & Soffits, Roofing",Residential,5613.00,52380.31,https://my.acculynx.com/jobs/f7ebee13-332f-49fd-9712-e290d98d6ffe
RR-3722,Paid,804.75,Platinum Warranty, OC-2026-WR-2398753,,74834.48,0.00,Yes,New,"Gutters & Soffits, Roofing",Residential,5613.00,52380.31,https://my.acculynx.com/jobs/f7ebee13-332f-49fd-9712-e290d98d6ffe
RR-3722,Paid,-809.62,Material ACCOUNT National Returns,,"(3) 2x6x10(1) BD Ridge Cap (2) RL Ice and Water(2) RL RIdge Vent(1) 3"" Pipe Flange",74834.48,0.00,Yes,New,"Gutters & Soffits, Roofing",Residential,5613.00,52380.31,https://my.acculynx.com/jobs/f7ebee13-332f-49fd-9712-e290d98d6ffe
RR-3722,Paid,19119.15,Material ACCOUNT National,0051512751-001,,74834.48,0.00,Yes,New,"Gutters & Soffits, Roofing",Residential,5613.00,52380.31,https://my.acculynx.com/jobs/f7ebee13-332f-49fd-9712-e290d98d6ffe
RR-3722,Paid,1593.73,Material ACCOUNT National,0051549846-001,Split from Upgrade file ,74834.48,0.00,Yes,New,"Gutters & Soffits, Roofing",Residential,5613.00,52380.31,https://my.acculynx.com/jobs/f7ebee13-332f-49fd-9712-e290d98d6ffe
RR-3722,Paid,14315.00,Labor CASH Flawless Roofing Pay,,,74834.48,0.00,Yes,New,"Gutters & Soffits, Roofing",Residential,5613.00,52380.31,https://my.acculynx.com/jobs/f7ebee13-332f-49fd-9712-e290d98d6ffe
RR-3722,Additional,5613.00,Francesco Ambrosio Commission,,T,74834.48,0.00,No,New,"Gutters & Soffits, Roofing",Residential,5613.00,52380.31,https://my.acculynx.com/jobs/f7ebee13-332f-49fd-9712-e290d98d6ffe
RR-3717,Paid,-734.06,Material ACCOUNT National Returns,,(20) 1/2 Plywood ,20875.00,0.00,Yes,New,Roofing,Residential,1429.00,15160.72,https://my.acculynx.com/jobs/5e023407-ad1f-4b43-bdce-1b68d32b6dbc
RR-3717,Paid,350.00,Labor All About Gutters,,,20875.00,0.00,Yes,New,Roofing,Residential,1429.00,15160.72,https://my.acculynx.com/jobs/5e023407-ad1f-4b43-bdce-1b68d32b6dbc
RR-3717,Paid,138.08,Material AMEX Century Building Materials,,,20875.00,0.00,Yes,New,Roofing,Residential,1429.00,15160.72,https://my.acculynx.com/jobs/5e023407-ad1f-4b43-bdce-1b68d32b6dbc
RR-3717,Paid,791.60,Material ACCOUNT National,0051569215-001,,20875.00,0.00,Yes,New,Roofing,Residential,1429.00,15160.72,https://my.acculynx.com/jobs/5e023407-ad1f-4b43-bdce-1b68d32b6dbc
RR-3717,Paid,306.68,Material ACCOUNT National,0051578435-001,,20875.00,0.00,Yes,New,Roofing,Residential,1429.00,15160.72,https://my.acculynx.com/jobs/5e023407-ad1f-4b43-bdce-1b68d32b6dbc
RR-3717,Paid,-87.73,Material ACCOUNT National Returns,,(2) BD Shingle,20875.00,0.00,Yes,New,Roofing,Residential,1429.00,15160.72,https://my.acculynx.com/jobs/5e023407-ad1f-4b43-bdce-1b68d32b6dbc
RR-3717,Paid,218.59,Platinum Warranty, OC-2026-WR-2398757,,20875.00,0.00,Yes,New,Roofing,Residential,1429.00,15160.72,https://my.acculynx.com/jobs/5e023407-ad1f-4b43-bdce-1b68d32b6dbc
RR-3717,Paid,7655.56,Material ACCOUNT National,0051387613-001,,20875.00,0.00,Yes,New,Roofing,Residential,1429.00,15160.72,https://my.acculynx.com/jobs/5e023407-ad1f-4b43-bdce-1b68d32b6dbc
RR-3717,Paid,1013.00,Labor SWJ Construction Dump,,,20875.00,0.00,Yes,New,Roofing,Residential,1429.00,15160.72,https://my.acculynx.com/jobs/5e023407-ad1f-4b43-bdce-1b68d32b6dbc
RR-3717,Paid,4080.00,Labor SWJ Construction Pay,,,20875.00,0.00,Yes,New,Roofing,Residential,1429.00,15160.72,https://my.acculynx.com/jobs/5e023407-ad1f-4b43-bdce-1b68d32b6dbc
RR-3717,Additional,1429.00,Joseph Young Commission,,t,20875.00,0.00,No,New,Roofing,Residential,1429.00,15160.72,https://my.acculynx.com/jobs/5e023407-ad1f-4b43-bdce-1b68d32b6dbc
RR-3730,Additional,2231.00,Michael Dietrich Commission,,T,29733.97,0.00,No,New,Roofing,Residential,2231.00,20811.08,https://my.acculynx.com/jobs/8156a3c4-8baa-4fdc-b731-ecb837e04ec3
RR-3730,Paid,6560.00,Labor V&D Family Home Remodeling Corp Pay,,,29733.97,0.00,Yes,New,Roofing,Residential,2231.00,20811.08,https://my.acculynx.com/jobs/8156a3c4-8baa-4fdc-b731-ecb837e04ec3
RR-3730,Paid,557.78,Material ACCOUNT National,0051569379-001,,29733.97,0.00,Yes,New,Roofing,Residential,2231.00,20811.08,https://my.acculynx.com/jobs/8156a3c4-8baa-4fdc-b731-ecb837e04ec3
RR-3730,Paid,-219.32,Material ACCOUNT National Returns,,(5) BD Duration Shingle,29733.97,0.00,Yes,New,Roofing,Residential,2231.00,20811.08,https://my.acculynx.com/jobs/8156a3c4-8baa-4fdc-b731-ecb837e04ec3
RR-3730,Paid,1810.00,Labor V&D Family Home Remodeling Corp Dump,,,29733.97,0.00,Yes,New,Roofing,Residential,2231.00,20811.08,https://my.acculynx.com/jobs/8156a3c4-8baa-4fdc-b731-ecb837e04ec3
RR-3730,Paid,374.10,Platinum Warranty,OC-2026-WR-2398636,,29733.97,0.00,Yes,New,Roofing,Residential,2231.00,20811.08,https://my.acculynx.com/jobs/8156a3c4-8baa-4fdc-b731-ecb837e04ec3
RR-3730,Paid,9526.45,Material ACCOUNT National,0051495378-001,,29733.97,0.00,Yes,New,Roofing,Residential,2231.00,20811.08,https://my.acculynx.com/jobs/8156a3c4-8baa-4fdc-b731-ecb837e04ec3
RR-3730,Paid,-28.93,Material ACCOUNT National Shop Returns,,(2) boxes of trim nails,29733.97,0.00,Yes,New,Roofing,Residential,2231.00,20811.08,https://my.acculynx.com/jobs/8156a3c4-8baa-4fdc-b731-ecb837e04ec3
RR-3742,Paid,3250.00,Labor SWJ Construction Pay,,,19040.00,0.00,Yes,New,Roofing,Residential,1763.00,11990.34,https://my.acculynx.com/jobs/d3b0b295-ef19-404e-ab01-79dfd392ee1a
RR-3742,Paid,1054.00,Labor SWJ Construction Dump,,,19040.00,0.00,Yes,New,Roofing,Residential,1763.00,11990.34,https://my.acculynx.com/jobs/d3b0b295-ef19-404e-ab01-79dfd392ee1a
RR-3742,Paid,103.86,Material ACCOUNT National,0051627679-001,,19040.00,0.00,Yes,New,Roofing,Residential,1763.00,11990.34,https://my.acculynx.com/jobs/d3b0b295-ef19-404e-ab01-79dfd392ee1a
RR-3742,Paid,5190.94,Material ACCOUNT National,0051430739-001,,19040.00,0.00,Yes,New,Roofing,Residential,1763.00,11990.34,https://my.acculynx.com/jobs/d3b0b295-ef19-404e-ab01-79dfd392ee1a
RR-3742,Paid,386.03,Material ACCOUNT Beacon,VN04192,,19040.00,0.00,Yes,New,Roofing,Residential,1763.00,11990.34,https://my.acculynx.com/jobs/d3b0b295-ef19-404e-ab01-79dfd392ee1a
RR-3742,Paid,242.51,Platinum Warranty,OC-2026-WR-2398781,,19040.00,0.00,Yes,New,Roofing,Residential,1763.00,11990.34,https://my.acculynx.com/jobs/d3b0b295-ef19-404e-ab01-79dfd392ee1a
RR-3742,Additional,1763.00,Michael Dietrich Commission,,T,19040.00,0.00,No,New,Roofing,Residential,1763.00,11990.34,https://my.acculynx.com/jobs/d3b0b295-ef19-404e-ab01-79dfd392ee1a
RR-3709,Paid,85.36,Material ACCOUNT National,0051469153-001,,7800.00,0.00,Yes,Repair,Roofing,Residential,717.00,4932.25,https://my.acculynx.com/jobs/704617e0-b598-488c-9679-dfa69e02eb66
RR-3709,Paid,2073.43,Material ACCOUNT National,0051303637-001,,7800.00,0.00,Yes,Repair,Roofing,Residential,717.00,4932.25,https://my.acculynx.com/jobs/704617e0-b598-488c-9679-dfa69e02eb66
RR-3709,Paid,350.00,Labor CASH V&D Family Home Remodeling Corp Dump,,,7800.00,0.00,Yes,Repair,Roofing,Residential,717.00,4932.25,https://my.acculynx.com/jobs/704617e0-b598-488c-9679-dfa69e02eb66
RR-3709,Paid,1650.00,Labor CASH V&D Family Home Remodeling Corp Pay,,,7800.00,0.00,Yes,Repair,Roofing,Residential,717.00,4932.25,https://my.acculynx.com/jobs/704617e0-b598-488c-9679-dfa69e02eb66
RR-3709,Paid,34.73,Material AMEX Home Depot,H1258-387201,,7800.00,0.00,Yes,Repair,Roofing,Residential,717.00,4932.25,https://my.acculynx.com/jobs/704617e0-b598-488c-9679-dfa69e02eb66
RR-3709,Paid,21.73,Material AMEX Home Depot,H6955-252786,,7800.00,0.00,Yes,Repair,Roofing,Residential,717.00,4932.25,https://my.acculynx.com/jobs/704617e0-b598-488c-9679-dfa69e02eb66
RR-3709,Additional,717.00,Michael Dietrich Commission,,T,7800.00,0.00,No,Repair,Roofing,Residential,717.00,4932.25,https://my.acculynx.com/jobs/704617e0-b598-488c-9679-dfa69e02eb66
RR-3725,Paid,652.50,Other Job Expenses Land Resource Dump,11872,,8348.26,0.00,Yes,Repair,Roofing,Residential,720.00,5468.77,https://my.acculynx.com/jobs/577017a9-31b2-49a0-805f-bb5ab5f3d7c7
RR-3725,Paid,2146.27,Material ACCOUNT National,0051504542-001,,8348.26,0.00,Yes,Repair,Roofing,Residential,720.00,5468.77,https://my.acculynx.com/jobs/577017a9-31b2-49a0-805f-bb5ab5f3d7c7
RR-3725,Paid,1650.00,Labor V&D Family Home Remodeling Corp Pay,,,8348.26,0.00,Yes,Repair,Roofing,Residential,720.00,5468.77,https://my.acculynx.com/jobs/577017a9-31b2-49a0-805f-bb5ab5f3d7c7
RR-3725,Additional,720.00,Michael Dietrich Commission,,T,8348.26,0.00,No,Repair,Roofing,Residential,720.00,5468.77,https://my.acculynx.com/jobs/577017a9-31b2-49a0-805f-bb5ab5f3d7c7
RR-3725,Paid,300.00,Labor V&D Family Home Remodeling Corp Dump,,,8348.26,0.00,Yes,Repair,Roofing,Residential,720.00,5468.77,https://my.acculynx.com/jobs/577017a9-31b2-49a0-805f-bb5ab5f3d7c7
RR-3715,Paid,646.48,Material ACCOUNT National,0051412141-001,,8347.04,300.00,Yes,Repair,Roofing,Residential,689.00,5590.46,https://my.acculynx.com/jobs/0b2d78f9-473a-44e5-b40b-8ed03edb15c3
RR-3715,Paid,2254.98,Material ACCOUNT National,0051303781-001,,8347.04,300.00,Yes,Repair,Roofing,Residential,689.00,5590.46,https://my.acculynx.com/jobs/0b2d78f9-473a-44e5-b40b-8ed03edb15c3
RR-3715,Paid,350.00,Labor CASH V&D Family Home Remodeling Corp Dump,,,8347.04,300.00,Yes,Repair,Roofing,Residential,689.00,5590.46,https://my.acculynx.com/jobs/0b2d78f9-473a-44e5-b40b-8ed03edb15c3
RR-3715,Additional,689.00,Michael Dietrich Commission,,T,8347.04,300.00,No,Repair,Roofing,Residential,689.00,5590.46,https://my.acculynx.com/jobs/0b2d78f9-473a-44e5-b40b-8ed03edb15c3
RR-3715,Paid,1650.00,Labor CASH V&D Family Home Remodeling Corp Pay,,,8347.04,300.00,Yes,Repair,Roofing,Residential,689.00,5590.46,https://my.acculynx.com/jobs/0b2d78f9-473a-44e5-b40b-8ed03edb15c3
RR-3713,Additional,1345.00,Michael Dietrich Commission,,T,13813.02,0.00,No,Repair,Roofing,Residential,1345.00,8432.96,https://my.acculynx.com/jobs/ab30bff4-5a4a-460c-b91d-cff635f35e1b
RR-3713,Paid,113.05,Material ACCOUNT National,0051442620-001,,13813.02,0.00,Yes,Repair,Roofing,Residential,1345.00,8432.96,https://my.acculynx.com/jobs/ab30bff4-5a4a-460c-b91d-cff635f35e1b
RR-3713,Paid,600.00,Labor All About Gutters,,,13813.02,0.00,Yes,Repair,Roofing,Residential,1345.00,8432.96,https://my.acculynx.com/jobs/ab30bff4-5a4a-460c-b91d-cff635f35e1b
RR-3713,Paid,350.00,Labor SWJ Construction Dump,,,13813.02,0.00,Yes,Repair,Roofing,Residential,1345.00,8432.96,https://my.acculynx.com/jobs/ab30bff4-5a4a-460c-b91d-cff635f35e1b
RR-3713,Paid,2500.00,Labor SWJ Construction Pay,,,13813.02,0.00,Yes,Repair,Roofing,Residential,1345.00,8432.96,https://my.acculynx.com/jobs/ab30bff4-5a4a-460c-b91d-cff635f35e1b
RR-3713,Paid,61.53,Material AMEX Home Depot,H6105-404093,,13813.02,0.00,Yes,Repair,Roofing,Residential,1345.00,8432.96,https://my.acculynx.com/jobs/ab30bff4-5a4a-460c-b91d-cff635f35e1b
RR-3713,Paid,576.95,Material ACCOUNT ABC,2014884538-001,,13813.02,0.00,Yes,Repair,Roofing,Residential,1345.00,8432.96,https://my.acculynx.com/jobs/ab30bff4-5a4a-460c-b91d-cff635f35e1b
RR-3713,Paid,2886.43,Material ACCOUNT National,0051359558-001,,13813.02,0.00,Yes,Repair,Roofing,Residential,1345.00,8432.96,https://my.acculynx.com/jobs/ab30bff4-5a4a-460c-b91d-cff635f35e1b
RR-3719,Paid,371.89,Material ACCOUNT National, 0051358763-001,,1800.00,0.00,Yes,Repair,Roofing,Residential,176.00,1097.89,https://my.acculynx.com/jobs/c6cdd612-4d03-404e-95dc-42bed65eb9ad
RR-3719,Paid,550.00,Labor CASH V&D Family Home Remodeling Corp Pay,,,1800.00,0.00,Yes,Repair,Roofing,Residential,176.00,1097.89,https://my.acculynx.com/jobs/c6cdd612-4d03-404e-95dc-42bed65eb9ad
RR-3719,Additional,176.00,Michael Dietrich Commission,,T,1800.00,0.00,No,Repair,Roofing,Residential,176.00,1097.89,https://my.acculynx.com/jobs/c6cdd612-4d03-404e-95dc-42bed65eb9ad
RR-3699,Paid,290.36,Platinum Warranty,OC-2026-WR-2395768,,18998.40,0.00,Yes,New,Roofing,Residential,1274.00,13903.56,https://my.acculynx.com/jobs/b95a796a-eca4-4d43-a653-9dbd21077cf0
RR-3629,Paid,1607.93,Material ACCOUNT National ,0050841111-001,,10592.00,0.00,Yes,Repair,"Gutters & Soffits, Roofing",Residential,1057.00,6392.95,https://my.acculynx.com/jobs/36b9cca9-2f1a-4515-8c0b-5cc15ffb434b
RR-3629,Paid,2500.00,Labor V&D Family Home Remodeling Corp Pay,,,10592.00,0.00,Yes,Repair,"Gutters & Soffits, Roofing",Residential,1057.00,6392.95,https://my.acculynx.com/jobs/36b9cca9-2f1a-4515-8c0b-5cc15ffb434b
RR-3629,Paid,1572.00,Labor All About Gutters,,,10592.00,0.00,Yes,Repair,"Gutters & Soffits, Roofing",Residential,1057.00,6392.95,https://my.acculynx.com/jobs/36b9cca9-2f1a-4515-8c0b-5cc15ffb434b
RR-3629,Additional,1057.00,Francesco Ambrosio Commission,,T,10592.00,0.00,No,Repair,"Gutters & Soffits, Roofing",Residential,1057.00,6392.95,https://my.acculynx.com/jobs/36b9cca9-2f1a-4515-8c0b-5cc15ffb434b
RR-3629,Paid,-343.98,Material ACCOUNT National Returns,,(5) PC Soffit(11) PC J Channel (8) Fascia,10592.00,0.00,Yes,Repair,"Gutters & Soffits, Roofing",Residential,1057.00,6392.95,https://my.acculynx.com/jobs/36b9cca9-2f1a-4515-8c0b-5cc15ffb434b
RR-3508,Paid,345.75,Material ACCOUNT National,0049838887-001,,7277.50,0.00,Yes,Repair,Roofing,Residential,630.66,4754.82,https://my.acculynx.com/jobs/38152944-2a5f-4268-ae78-089c700ed3b9
RR-3508,Paid,394.24,Material ACCOUNT National,0050067873-001,,7277.50,0.00,Yes,Repair,Roofing,Residential,630.66,4754.82,https://my.acculynx.com/jobs/38152944-2a5f-4268-ae78-089c700ed3b9
RR-3508,Paid,1563.50,Material ACCOUNT National,0049907647-001,,7277.50,0.00,Yes,Repair,Roofing,Residential,630.66,4754.82,https://my.acculynx.com/jobs/38152944-2a5f-4268-ae78-089c700ed3b9
RR-3508,Additional,630.66,Michael Dietrich commission,,T,7277.50,0.00,No,Repair,Roofing,Residential,630.66,4754.82,https://my.acculynx.com/jobs/38152944-2a5f-4268-ae78-089c700ed3b9
RR-3508,Paid,120.67,Material AMEX Home Depot,H1258-377045,,7277.50,0.00,Yes,Repair,Roofing,Residential,630.66,4754.82,https://my.acculynx.com/jobs/38152944-2a5f-4268-ae78-089c700ed3b9
RR-3508,Paid,250.00,Labor CASH V&D Family Home Remodeling Corp Dump,,,7277.50,0.00,Yes,Repair,Roofing,Residential,630.66,4754.82,https://my.acculynx.com/jobs/38152944-2a5f-4268-ae78-089c700ed3b9
RR-3508,Paid,1450.00,Labor CASH V&D Family Home Remodeling Corp Pay,,,7277.50,0.00,Yes,Repair,Roofing,Residential,630.66,4754.82,https://my.acculynx.com/jobs/38152944-2a5f-4268-ae78-089c700ed3b9
RR-3186,Paid,374.12,Material ACCOUNT National,0047529107-001,,5537.18,0.00,Yes,Repair,Roofing,Residential,0.00,3530.30,https://my.acculynx.com/jobs/618a930f-b4c3-4564-94f3-56d4d54d2630
RR-3186,Paid,58.18,Material ACCOUNT National Shop,,(5) Silicone,5537.18,0.00,Yes,Repair,Roofing,Residential,0.00,3530.30,https://my.acculynx.com/jobs/618a930f-b4c3-4564-94f3-56d4d54d2630
RR-3186,Paid,27.18,Labor CASH Ryan Crew Snacks Lunch,,(1) BX Hot Coffee Dunkin ( Paid with Ryan's Card) ,5537.18,0.00,Yes,Repair,Roofing,Residential,0.00,3530.30,https://my.acculynx.com/jobs/618a930f-b4c3-4564-94f3-56d4d54d2630
RR-3186,Paid,25.84,Material AMEX Home Depot,H1229-262384,,5537.18,0.00,Yes,Repair,Roofing,Residential,0.00,3530.30,https://my.acculynx.com/jobs/618a930f-b4c3-4564-94f3-56d4d54d2630
RR-3186,Paid,1575.00,Labor CASH V&D Family Home Remodeling Corp Pay,,,5537.18,0.00,Yes,Repair,Roofing,Residential,0.00,3530.30,https://my.acculynx.com/jobs/618a930f-b4c3-4564-94f3-56d4d54d2630
RR-3186,Paid,103.36,Material AMEX Home Depot,H1229-262369,,5537.18,0.00,Yes,Repair,Roofing,Residential,0.00,3530.30,https://my.acculynx.com/jobs/618a930f-b4c3-4564-94f3-56d4d54d2630
RR-3186,Paid,1410.85,Material ACCOUNT National,0047383186-001,,5537.18,0.00,Yes,Repair,Roofing,Residential,0.00,3530.30,https://my.acculynx.com/jobs/618a930f-b4c3-4564-94f3-56d4d54d2630
RR-3186,Paid,-44.23,Material ACCOUNT National Returns,,(1) BD GAF Shingles,5537.18,0.00,Yes,Repair,Roofing,Residential,0.00,3530.30,https://my.acculynx.com/jobs/618a930f-b4c3-4564-94f3-56d4d54d2630
RR-3327,Paid,290.12,Sales Tax,,,3363.69,0.00,Yes,Repair,Roofing,Residential,436.97,1615.80,https://my.acculynx.com/jobs/c5de5cfe-9f48-40f8-8857-702ea8cc2b38
RR-3327,Paid,362.50,Labor CASH V&D Family Home Remodeling Corp Pay,,,3363.69,0.00,Yes,Repair,Roofing,Residential,436.97,1615.80,https://my.acculynx.com/jobs/c5de5cfe-9f48-40f8-8857-702ea8cc2b38
RR-3327,Paid,26.21,Material ACCOUNT National Shop,,(2) C45 Drip edge ,3363.69,0.00,Yes,Repair,Roofing,Residential,436.97,1615.80,https://my.acculynx.com/jobs/c5de5cfe-9f48-40f8-8857-702ea8cc2b38
RR-3327,Paid,500.00,Labor All About Gutters,,,3363.69,0.00,Yes,Repair,Roofing,Residential,436.97,1615.80,https://my.acculynx.com/jobs/c5de5cfe-9f48-40f8-8857-702ea8cc2b38
RR-3327,Additional,436.97,Michael Dietrich Commission,,T,3363.69,0.00,No,Repair,Roofing,Residential,436.97,1615.80,https://my.acculynx.com/jobs/c5de5cfe-9f48-40f8-8857-702ea8cc2b38
RR-3604,Paid,345.82,Material ACCOUNT National ,0050683609-001,,3800.00,0.00,Yes,Repair,Roofing,Residential,507.10,1771.61,https://my.acculynx.com/jobs/6dc66fa8-2a33-4200-90e1-4a394a0b462b
RR-3604,Additional,507.10,Michael Dietrich Commission,,T,3800.00,0.00,No,Repair,Roofing,Residential,507.10,1771.61,https://my.acculynx.com/jobs/6dc66fa8-2a33-4200-90e1-4a394a0b462b
RR-3604,Paid,850.00,Labor SWJ Construction Pay,,,3800.00,0.00,Yes,Repair,Roofing,Residential,507.10,1771.61,https://my.acculynx.com/jobs/6dc66fa8-2a33-4200-90e1-4a394a0b462b
RR-3253,Additional,884.81,Francesco Ambrosio Commission,,T,7917.00,0.00,No,Repair,Roofing,Residential,884.81,4377.77,https://my.acculynx.com/jobs/842efb04-1748-4efe-bb3c-79961896cb09
RR-3253,Paid,261.00,Material ACCOUNT National,0047911182-002,,7917.00,0.00,Yes,Repair,Roofing,Residential,884.81,4377.77,https://my.acculynx.com/jobs/842efb04-1748-4efe-bb3c-79961896cb09
RR-3253,Paid,11.64,Material ACCOUNT National Shop,,(1) Silicone,7917.00,0.00,Yes,Repair,Roofing,Residential,884.81,4377.77,https://my.acculynx.com/jobs/842efb04-1748-4efe-bb3c-79961896cb09
RR-3253,Paid,24.77,Material AMEX Home Depot,H1222-394750,,7917.00,0.00,Yes,Repair,Roofing,Residential,884.81,4377.77,https://my.acculynx.com/jobs/842efb04-1748-4efe-bb3c-79961896cb09
RR-3253,Paid,1845.55,Material ACCOUNT National,0047911182-001 ,,7917.00,0.00,Yes,Repair,Roofing,Residential,884.81,4377.77,https://my.acculynx.com/jobs/842efb04-1748-4efe-bb3c-79961896cb09
RR-3253,Paid,1350.00,Labor CASH V&D Family Home Remodeling Corp Pay,,,7917.00,0.00,Yes,Repair,Roofing,Residential,884.81,4377.77,https://my.acculynx.com/jobs/842efb04-1748-4efe-bb3c-79961896cb09
RR-3642,Paid,774.00,Labor V&D Family Home Remodeling Corp Dump,,,14297.45,0.00,Yes,New,Roofing,Residential,1447.00,8509.67,https://my.acculynx.com/jobs/4f3822d3-ca9c-42a6-b358-37264846611d
RR-3642,Paid,206.63,Platinum Warranty ,OC-2026-WR-2379669,,14297.45,0.00,Yes,New,Roofing,Residential,1447.00,8509.67,https://my.acculynx.com/jobs/4f3822d3-ca9c-42a6-b358-37264846611d
RR-3642,Additional,1447.00,Michael Dietrich Commission,,T,14297.45,0.00,No,New,Roofing,Residential,1447.00,8509.67,https://my.acculynx.com/jobs/4f3822d3-ca9c-42a6-b358-37264846611d
RR-3642,Paid,2400.00,Labor V&D Family Home Remodeling Corp Pay,,,14297.45,0.00,Yes,New,Roofing,Residential,1447.00,8509.67,https://my.acculynx.com/jobs/4f3822d3-ca9c-42a6-b358-37264846611d
RR-3642,Paid,3741.85,Material ACCOUNT National,0050927911-001,,14297.45,0.00,Yes,New,Roofing,Residential,1447.00,8509.67,https://my.acculynx.com/jobs/4f3822d3-ca9c-42a6-b358-37264846611d
RR-3642,Paid,-59.81,Material ACCOUNT National Shop Returns,,(2) 1/2 Plywood,14297.45,0.00,Yes,New,Roofing,Residential,1447.00,8509.67,https://my.acculynx.com/jobs/4f3822d3-ca9c-42a6-b358-37264846611d
RR-3566,Paid,550.33,Material ACCOUNT National,50387937,,2720.00,0.00,Yes,Repair,Roofing,Residential,285.27,1579.24,https://my.acculynx.com/jobs/f7a1509f-a233-462e-8192-3bd26f32e55c
RR-3566,Paid,1000.00,Labor V&D Family Home Remodeling Corp Pay,,,2720.00,0.00,Yes,Repair,Roofing,Residential,285.27,1579.24,https://my.acculynx.com/jobs/f7a1509f-a233-462e-8192-3bd26f32e55c
RR-3566,Additional,285.27,Joseph Young Commission,,T,2720.00,0.00,No,Repair,Roofing,Residential,285.27,1579.24,https://my.acculynx.com/jobs/f7a1509f-a233-462e-8192-3bd26f32e55c
RR-3566,Paid,-256.36,Material ACCOUNT National Returns,,(6) Bundles of Shingles ,2720.00,0.00,Yes,Repair,Roofing,Residential,285.27,1579.24,https://my.acculynx.com/jobs/f7a1509f-a233-462e-8192-3bd26f32e55c
RR-3680,Paid,1530.00,Labor V&D Family Home Remodeling Corp Dump,,,21065.60,0.00,Yes,New,Roofing,Residential,2006.00,13058.01,https://my.acculynx.com/jobs/298e386f-a383-4506-8fe5-a9757cee2b11
RR-3680,Paid,4130.00,Labor V&D Family Home Remodeling Corp Pay,,,21065.60,0.00,Yes,New,Roofing,Residential,2006.00,13058.01,https://my.acculynx.com/jobs/298e386f-a383-4506-8fe5-a9757cee2b11
RR-3680,Paid,-103.74,Material ACCOUNT National Returns,0051275444-001,(2) lifetime flanges,21065.60,0.00,Yes,New,Roofing,Residential,2006.00,13058.01,https://my.acculynx.com/jobs/298e386f-a383-4506-8fe5-a9757cee2b11
RR-3680,Paid,159.86,Material ACCOUNT National,0051241701-001,,21065.60,0.00,Yes,New,Roofing,Residential,2006.00,13058.01,https://my.acculynx.com/jobs/298e386f-a383-4506-8fe5-a9757cee2b11
RR-3680,Paid,183.97,Material ACCOUNT National,0051235854-001,,21065.60,0.00,Yes,New,Roofing,Residential,2006.00,13058.01,https://my.acculynx.com/jobs/298e386f-a383-4506-8fe5-a9757cee2b11
RR-3680,Paid,230.55,Platinum Warranty ,OC-2026-WR-2383776,,21065.60,0.00,Yes,New,Roofing,Residential,2006.00,13058.01,https://my.acculynx.com/jobs/298e386f-a383-4506-8fe5-a9757cee2b11
RR-3680,Paid,299.06,Material ACCOUNT National Shop,,(10) 1/2 Plywood,21065.60,0.00,Yes,New,Roofing,Residential,2006.00,13058.01,https://my.acculynx.com/jobs/298e386f-a383-4506-8fe5-a9757cee2b11
RR-3680,Paid,-140.56,Material ACCOUNT National Returns ,,(3) 3/4 plywood ,21065.60,0.00,Yes,New,Roofing,Residential,2006.00,13058.01,https://my.acculynx.com/jobs/298e386f-a383-4506-8fe5-a9757cee2b11
RR-3680,Paid,4745.51,Material ACCOUNT National,0051070588-001,,21065.60,0.00,Yes,New,Roofing,Residential,2006.00,13058.01,https://my.acculynx.com/jobs/298e386f-a383-4506-8fe5-a9757cee2b11
RR-3680,Additional,2006.00,Michael Dietrich Commission,,T,21065.60,0.00,No,New,Roofing,Residential,2006.00,13058.01,https://my.acculynx.com/jobs/298e386f-a383-4506-8fe5-a9757cee2b11
RR-3680,Paid,17.36,Material AMEX Home Depot,H1211-310088,,21065.60,0.00,No,New,Roofing,Residential,2006.00,13058.01,https://my.acculynx.com/jobs/298e386f-a383-4506-8fe5-a9757cee2b11
RR-3672,Paid,582.98,Material ACCOUNT National,0051076956-001,,21999.20,0.00,Yes,New,Roofing,Residential,1564.00,15092.83,https://my.acculynx.com/jobs/84049c1b-182f-468f-88a0-26d1b7293ba3
RR-3672,Paid,59.81,Material ACCOUNT National Shop,,(2) 1/ Plywood,21999.20,0.00,Yes,New,Roofing,Residential,1564.00,15092.83,https://my.acculynx.com/jobs/84049c1b-182f-468f-88a0-26d1b7293ba3
RR-3672,Paid,6007.30,Material ACCOUNT National,0051050549-001,,21999.20,0.00,Yes,New,Roofing,Residential,1564.00,15092.83,https://my.acculynx.com/jobs/84049c1b-182f-468f-88a0-26d1b7293ba3
RR-3672,Paid,19.06,Material ACCOUNT National,0051111530-001,,21999.20,0.00,Yes,New,Roofing,Residential,1564.00,15092.83,https://my.acculynx.com/jobs/84049c1b-182f-468f-88a0-26d1b7293ba3
RR-3672,Paid,4020.00,Labor V&D Family Home Remodeling Corp Pay,,,21999.20,0.00,Yes,New,Roofing,Residential,1564.00,15092.83,https://my.acculynx.com/jobs/84049c1b-182f-468f-88a0-26d1b7293ba3
RR-3672,Paid,750.00,Labor All About Gutters,,,21999.20,0.00,Yes,New,Roofing,Residential,1564.00,15092.83,https://my.acculynx.com/jobs/84049c1b-182f-468f-88a0-26d1b7293ba3
RR-3672,Paid,1250.00,Labor V&D Family Home Remodeling Corp Dump,,,21999.20,0.00,Yes,New,Roofing,Residential,1564.00,15092.83,https://my.acculynx.com/jobs/84049c1b-182f-468f-88a0-26d1b7293ba3
RR-3672,Paid,-138.23,Material ACCOUNT National Returns ,,(3) 3/4 Plywood,21999.20,0.00,Yes,New,Roofing,Residential,1564.00,15092.83,https://my.acculynx.com/jobs/84049c1b-182f-468f-88a0-26d1b7293ba3
RR-3672,Paid,36.84,Material AMEX Home Depot ,H1258-384601,,21999.20,0.00,Yes,New,Roofing,Residential,1564.00,15092.83,https://my.acculynx.com/jobs/84049c1b-182f-468f-88a0-26d1b7293ba3
RR-3672,Paid,42.36,Material ACCOUNT National,0051218133-001,,21999.20,0.00,Yes,New,Roofing,Residential,1564.00,15092.83,https://my.acculynx.com/jobs/84049c1b-182f-468f-88a0-26d1b7293ba3
RR-3672,Paid,290.36,Platinum Warranty ,OC-2026-WR-2378861,,21999.20,0.00,Yes,New,Roofing,Residential,1564.00,15092.83,https://my.acculynx.com/jobs/84049c1b-182f-468f-88a0-26d1b7293ba3
RR-3672,Additional,1564.00,Joseph Young Commission,,T,21999.20,0.00,No,New,Roofing,Residential,1564.00,15092.83,https://my.acculynx.com/jobs/84049c1b-182f-468f-88a0-26d1b7293ba3
RR-3672,Paid,25.37,Material ACCOUNT National,0051050549-002,,21999.20,0.00,Yes,New,Roofing,Residential,1564.00,15092.83,https://my.acculynx.com/jobs/84049c1b-182f-468f-88a0-26d1b7293ba3
RR-3672,Paid,582.98,Material ACCOUNT National,0051076956-001,Split from main file,21999.20,0.00,Yes,New,Roofing,Residential,1564.00,15092.83,https://my.acculynx.com/jobs/84049c1b-182f-468f-88a0-26d1b7293ba3
RR-3557,Paid,3720.00,Labor V&D Family Home Remodeling Corp Pay,,,23699.55,0.00,Yes,New,Roofing,Residential,2440.00,13940.45,https://my.acculynx.com/jobs/e5008ae1-4c67-4550-b510-29189a3e1997
RR-3557,Paid,5602.13,Material ACCOUNT National,0050755946-001,,23699.55,0.00,Yes,New,Roofing,Residential,2440.00,13940.45,https://my.acculynx.com/jobs/e5008ae1-4c67-4550-b510-29189a3e1997
RR-3557,Additional,2440.00,Joseph Cassara Commission,,T,23699.55,0.00,No,New,Roofing,Residential,2440.00,13940.45,https://my.acculynx.com/jobs/e5008ae1-4c67-4550-b510-29189a3e1997
RR-3557,Paid,657.96,Material ACCOUNT National,0050921967-001,Split from upsell file ,23699.55,0.00,Yes,New,Roofing,Residential,2440.00,13940.45,https://my.acculynx.com/jobs/e5008ae1-4c67-4550-b510-29189a3e1997
RR-3557,Paid,290.36,Platinum Warranty ,OC-2026-WR-2373407,,23699.55,0.00,Yes,New,Roofing,Residential,2440.00,13940.45,https://my.acculynx.com/jobs/e5008ae1-4c67-4550-b510-29189a3e1997
RR-3557,Paid,1230.00,Labor V&D Family Home Remodeling Corp Dump,,,23699.55,0.00,Yes,New,Roofing,Residential,2440.00,13940.45,https://my.acculynx.com/jobs/e5008ae1-4c67-4550-b510-29189a3e1997
RR-3608,Additional,256.50,Joseph Cassara Commission,,T,2789.00,0.00,No,Repair,Roofing,Residential,256.50,1763.00,https://my.acculynx.com/jobs/641a61a1-6e42-4844-b52b-2fa1e0a990d4
RR-3608,Paid,850.00,Labor Flawless Roofing Pay,,,2789.00,0.00,Yes,Repair,Roofing,Residential,256.50,1763.00,https://my.acculynx.com/jobs/641a61a1-6e42-4844-b52b-2fa1e0a990d4
RR-3608,Paid,822.16,Material ACCOUNT National ,0050662737-001,,2789.00,0.00,Yes,Repair,Roofing,Residential,256.50,1763.00,https://my.acculynx.com/jobs/641a61a1-6e42-4844-b52b-2fa1e0a990d4
RR-3608,Paid,-165.66,Material ACCOUNT National Returns ,0050776231-001,(2) BD GAF Shingle (1) RL Ice Water & Shield,2789.00,0.00,Yes,Repair,Roofing,Residential,256.50,1763.00,https://my.acculynx.com/jobs/641a61a1-6e42-4844-b52b-2fa1e0a990d4
RR-3190,Additional,205.15,Michael Dietrich Commission,,T,1100.00,0.00,No,Repair,Roofing,Residential,205.15,279.40,https://my.acculynx.com/jobs/3267293f-a748-4dbe-af33-e201b0ceb43b
RR-3190,Paid,56.74,Material ACCOUNT National,0047233632-001,,1100.00,0.00,Yes,Repair,Roofing,Residential,205.15,279.40,https://my.acculynx.com/jobs/3267293f-a748-4dbe-af33-e201b0ceb43b
RR-3573,Paid,185.56,Material ACCOUNT ABC,2012800855,,23953.79,0.00,Yes,New,Roofing,Residential,2243.14,15311.81,https://my.acculynx.com/jobs/fdd5864b-6d09-4208-9529-d653ca61c11d
RR-3573,Paid,230.55,Platinum Warranty,OC-2026-WR-2357744,,23953.79,0.00,Yes,New,Roofing,Residential,2243.14,15311.81,https://my.acculynx.com/jobs/fdd5864b-6d09-4208-9529-d653ca61c11d
RR-3573,Paid,-87.73,Material ACCOUNT National Returns,,(2) BD Duration Shingle,23953.79,0.00,Yes,New,Roofing,Residential,2243.14,15311.81,https://my.acculynx.com/jobs/fdd5864b-6d09-4208-9529-d653ca61c11d
RR-3573,Paid,89.72,Material ACCOUNT National Shop,,(3) 1/2 Plywood,23953.79,0.00,Yes,New,Roofing,Residential,2243.14,15311.81,https://my.acculynx.com/jobs/fdd5864b-6d09-4208-9529-d653ca61c11d
RR-3573,Paid,4395.00,Labor V&D Family Home Remodeling Corp Pay,,,23953.79,0.00,Yes,New,Roofing,Residential,2243.14,15311.81,https://my.acculynx.com/jobs/fdd5864b-6d09-4208-9529-d653ca61c11d
RR-3573,Paid,6663.41,Material ACCOUNT National,0050450838-001,,23953.79,0.00,Yes,New,Roofing,Residential,2243.14,15311.81,https://my.acculynx.com/jobs/fdd5864b-6d09-4208-9529-d653ca61c11d
RR-3573,Paid,-309.94,Material ACCOUNT National Returns,0050506119-001,(10) 1/2" Plywood ,23953.79,0.00,Yes,New,Roofing,Residential,2243.14,15311.81,https://my.acculynx.com/jobs/fdd5864b-6d09-4208-9529-d653ca61c11d
RR-3573,Paid,1571.50,Labor V&D Family Home Remodeling Corp Dump,,,23953.79,0.00,Yes,New,Roofing,Residential,2243.14,15311.81,https://my.acculynx.com/jobs/fdd5864b-6d09-4208-9529-d653ca61c11d
RR-3573,Additional,2243.14,Michael Dietrich Commission,,T,23953.79,0.00,No,New,Roofing,Residential,2243.14,15311.81,https://my.acculynx.com/jobs/fdd5864b-6d09-4208-9529-d653ca61c11d
RR-3573,Paid,330.60,Material ACCOUNT National ,0050507081-001,,23953.79,0.00,No,New,Roofing,Residential,2243.14,15311.81,https://my.acculynx.com/jobs/fdd5864b-6d09-4208-9529-d653ca61c11d
RR-3476,Paid,413.44,Sales Tax,,,4725.00,0.00,Yes,Repair,Roofing,Residential,425.00,3859.60,https://my.acculynx.com/jobs/8d6875fc-feea-4dba-8bb2-6e1699156a16
RR-3476,Paid,120.00,Labor Flawless Roofing Dump,,,4725.00,0.00,Yes,Repair,Roofing,Residential,425.00,3859.60,https://my.acculynx.com/jobs/8d6875fc-feea-4dba-8bb2-6e1699156a16
RR-3476,Paid,1696.76,Material ACCOUNT National,0049631306-001,,4725.00,0.00,Yes,Repair,Roofing,Residential,425.00,3859.60,https://my.acculynx.com/jobs/8d6875fc-feea-4dba-8bb2-6e1699156a16
RR-3476,Paid,1450.00,Labor Flawless Roofing Pay,,,4725.00,0.00,Yes,Repair,Roofing,Residential,425.00,3859.60,https://my.acculynx.com/jobs/8d6875fc-feea-4dba-8bb2-6e1699156a16
RR-3476,Paid,48.89,Material AMEX Home Depot,H1229-273806,,4725.00,0.00,Yes,Repair,Roofing,Residential,425.00,3859.60,https://my.acculynx.com/jobs/8d6875fc-feea-4dba-8bb2-6e1699156a16
RR-3476,Additional,425.00,Francesco Ambrosio Commission,,(T),4725.00,0.00,No,Repair,Roofing,Residential,425.00,3859.60,https://my.acculynx.com/jobs/8d6875fc-feea-4dba-8bb2-6e1699156a16
RR-3476,Paid,165.53,Dealer CC Fee,,CC Fee,4725.00,0.00,Yes,Repair,Roofing,Residential,425.00,3859.60,https://my.acculynx.com/jobs/8d6875fc-feea-4dba-8bb2-6e1699156a16
RR-3476,Paid,-460.02,Material ACCOUNT National Returns,,(2) RL OC DECKSEAL(1) RL BASE SHEET,4725.00,0.00,Yes,Repair,Roofing,Residential,425.00,3859.60,https://my.acculynx.com/jobs/8d6875fc-feea-4dba-8bb2-6e1699156a16
RR-3308,Paid,351.30,Material ACCOUNT National,48300571,,18035.28,0.00,Yes,New,Roofing,Residential,2105.15,9614.70,https://my.acculynx.com/jobs/8d082501-7e80-480c-88e9-6740e51b0a1d
RR-3308,Paid,540.00,Labor CASH V&D Family Home Remodeling Corp Dump,,,18035.28,0.00,Yes,New,Roofing,Residential,2105.15,9614.70,https://my.acculynx.com/jobs/8d082501-7e80-480c-88e9-6740e51b0a1d
RR-3308,Paid,-261.00,Material ACCOUNT National Shop Returns,,(10) Plywood - Kept in truck,18035.28,0.00,Yes,New,Roofing,Residential,2105.15,9614.70,https://my.acculynx.com/jobs/8d082501-7e80-480c-88e9-6740e51b0a1d
RR-3308,Paid,218.59,Platinum Warranty,OC-2026-WR-2278960,,18035.28,0.00,Yes,New,Roofing,Residential,2105.15,9614.70,https://my.acculynx.com/jobs/8d082501-7e80-480c-88e9-6740e51b0a1d
RR-3308,Paid,2590.00,Labor CASH V&D Family Home Remodeling Corp Pay,,,18035.28,0.00,Yes,New,Roofing,Residential,2105.15,9614.70,https://my.acculynx.com/jobs/8d082501-7e80-480c-88e9-6740e51b0a1d
RR-3308,Paid,4070.66,Material ACCOUNT National,0048181637-001,,18035.28,0.00,Yes,New,Roofing,Residential,2105.15,9614.70,https://my.acculynx.com/jobs/8d082501-7e80-480c-88e9-6740e51b0a1d
RR-3308,Additional,2105.15,Michael Dietrich Commission,,T,18035.28,0.00,No,New,Roofing,Residential,2105.15,9614.70,https://my.acculynx.com/jobs/8d082501-7e80-480c-88e9-6740e51b0a1d
RR-3185,Paid,182.70,Platinum Warranty,,OC-2026-WR-2268806,18393.00,0.00,Yes,New,Roofing,Residential,1892.18,10824.30,https://my.acculynx.com/jobs/270c86f5-7620-4a05-83df-79dd47de82f8
RR-3185,Paid,2235.00,Labor V&D Family Home Remodeling Corp Pay,,,18393.00,0.00,Yes,New,Roofing,Residential,1892.18,10824.30,https://my.acculynx.com/jobs/270c86f5-7620-4a05-83df-79dd47de82f8
RR-3185,Paid,610.00,Labor V&D Family Home Remodeling Corp Dump,,,18393.00,0.00,Yes,New,Roofing,Residential,1892.18,10824.30,https://my.acculynx.com/jobs/270c86f5-7620-4a05-83df-79dd47de82f8
RR-3185,Paid,-522.00,Material ACCOUNT National Returns,,"(20) Plywood -It was loaded onto the delivery truck, but since it wasn’t needed, it was returned, so no return sheet was created.",18393.00,0.00,Yes,New,Roofing,Residential,1892.18,10824.30,https://my.acculynx.com/jobs/270c86f5-7620-4a05-83df-79dd47de82f8
RR-3185,Paid,2677.25,Dealer CC Fee,,Dealer Fee -14.75% ,18393.00,0.00,Yes,New,Roofing,Residential,1892.18,10824.30,https://my.acculynx.com/jobs/270c86f5-7620-4a05-83df-79dd47de82f8
RR-3185,Paid,3618.67,Material ACCOUNT National,0047228459-001 1,,18393.00,0.00,Yes,New,Roofing,Residential,1892.18,10824.30,https://my.acculynx.com/jobs/270c86f5-7620-4a05-83df-79dd47de82f8
RR-3185,Paid,130.50,Material ACCOUNT National Shop,,(5) 1/2 Plywood(1) BX Gutter Guards,18393.00,0.00,Yes,New,Roofing,Residential,1892.18,10824.30,https://my.acculynx.com/jobs/270c86f5-7620-4a05-83df-79dd47de82f8
RR-3185,Additional,1892.18,Michael Dietrich Commission,,T,18393.00,0.00,No,New,Roofing,Residential,1892.18,10824.30,https://my.acculynx.com/jobs/270c86f5-7620-4a05-83df-79dd47de82f8
RR-3275,Paid,765.00,Labor CASH V&D Family Home Remodeling Corp Pay,,,4305.00,0.00,Yes,Repair,Roofing,Residential,293.65,2640.96,https://my.acculynx.com/jobs/ba879965-51a3-45ae-8336-cbf9e628822c
RR-3275,Paid,1336.44,Material ACCOUNT National,0048020136-001,,4305.00,0.00,Yes,Repair,Roofing,Residential,293.65,2640.96,https://my.acculynx.com/jobs/ba879965-51a3-45ae-8336-cbf9e628822c
RR-3275,Paid,371.31,Sales Tax,,,4305.00,0.00,Yes,Repair,Roofing,Residential,293.65,2640.96,https://my.acculynx.com/jobs/ba879965-51a3-45ae-8336-cbf9e628822c
RR-3275,Paid,81.47,Material ACCOUNT Beacon,UE0056,,4305.00,0.00,Yes,Repair,Roofing,Residential,293.65,2640.96,https://my.acculynx.com/jobs/ba879965-51a3-45ae-8336-cbf9e628822c
RR-3275,Paid,18.49,Material ACCOUNT National Shop,,(2) Silicone,4305.00,0.00,Yes,Repair,Roofing,Residential,293.65,2640.96,https://my.acculynx.com/jobs/ba879965-51a3-45ae-8336-cbf9e628822c
RR-3275,Additional,198.80,Francesco Commission,,T,4305.00,0.00,No,Repair,Roofing,Residential,293.65,2640.96,https://my.acculynx.com/jobs/ba879965-51a3-45ae-8336-cbf9e628822c
RR-3275,Paid,-225.40,Material ACCOUNT National Returns,,(1) 3/4 Plywood(1) BD Starter Strip (1) RL Pro Armor,4305.00,0.00,Yes,Repair,Roofing,Residential,293.65,2640.96,https://my.acculynx.com/jobs/ba879965-51a3-45ae-8336-cbf9e628822c
RR-3275,Additional,94.85,Commissions Adjustments,,,4305.00,0.00,No,Repair,Roofing,Residential,293.65,2640.96,https://my.acculynx.com/jobs/ba879965-51a3-45ae-8336-cbf9e628822c
RR-3260,Paid,-321.64,Material ACCOUNT National Returns,,(10) 1/2 Plywoods ( returned from national truck ) ,19400.00,0.00,Yes,New,Roofing,Residential,1943.10,11670.59,https://my.acculynx.com/jobs/e92960a6-765e-4b09-bf27-f5762b2f1a33
RR-3260,Paid,2892.40,Labor CASH Flawless Roofing Pay,,,19400.00,0.00,Yes,New,Roofing,Residential,1943.10,11670.59,https://my.acculynx.com/jobs/e92960a6-765e-4b09-bf27-f5762b2f1a33
RR-3260,Paid,640.55,Labor CASH Flawless Roofing Dump,,,19400.00,0.00,Yes,New,Roofing,Residential,1943.10,11670.59,https://my.acculynx.com/jobs/e92960a6-765e-4b09-bf27-f5762b2f1a33
RR-3260,Paid,60.64,Material ACCOUNT National,,(4) PCS Lumber,19400.00,0.00,Yes,New,Roofing,Residential,1943.10,11670.59,https://my.acculynx.com/jobs/e92960a6-765e-4b09-bf27-f5762b2f1a33
RR-3260,Paid,4505.39,Material ACCOUNT National,0047955211-001,,19400.00,0.00,Yes,New,Roofing,Residential,1943.10,11670.59,https://my.acculynx.com/jobs/e92960a6-765e-4b09-bf27-f5762b2f1a33
RR-3260,Paid,377.47,Material AMEX Home Depot,H1229-264930,,19400.00,0.00,Yes,New,Roofing,Residential,1943.10,11670.59,https://my.acculynx.com/jobs/e92960a6-765e-4b09-bf27-f5762b2f1a33
RR-3260,Paid,1440.00,Dealer CC Fee,,Dealer Fee,19400.00,0.00,Yes,New,Roofing,Residential,1943.10,11670.59,https://my.acculynx.com/jobs/e92960a6-765e-4b09-bf27-f5762b2f1a33
RR-3260,Additional,1943.10,Francesco Commission,,T,19400.00,0.00,No,New,Roofing,Residential,1943.10,11670.59,https://my.acculynx.com/jobs/e92960a6-765e-4b09-bf27-f5762b2f1a33
RR-3260,Paid,261.00,Material ACCOUNT National Shop,,(10) 1/2 Plywoods,19400.00,0.00,Yes,New,Roofing,Residential,1943.10,11670.59,https://my.acculynx.com/jobs/e92960a6-765e-4b09-bf27-f5762b2f1a33
RR-3260,Paid,-128.32,Material ACCOUNT National Returns,,(3) BD Shingles,19400.00,0.00,Yes,New,Roofing,Residential,1943.10,11670.59,https://my.acculynx.com/jobs/e92960a6-765e-4b09-bf27-f5762b2f1a33
RR-3348,Paid,516.00,Labor V&D Family Home Remodeling Corp Dump,,,16112.20,0.00,Yes,New,Roofing,Residential,1676.78,9405.07,https://my.acculynx.com/jobs/e212c1b3-f024-4395-9839-ea8a43a49b0e
RR-3348,Paid,230.55,Platinum Warranty,OC-2026-WR-2285882,,16112.20,0.00,Yes,New,Roofing,Residential,1676.78,9405.07,https://my.acculynx.com/jobs/e212c1b3-f024-4395-9839-ea8a43a49b0e
RR-3348,Paid,2760.00,Labor V&D Family Home Remodeling Corp Pay,,,16112.20,0.00,Yes,New,Roofing,Residential,1676.78,9405.07,https://my.acculynx.com/jobs/e212c1b3-f024-4395-9839-ea8a43a49b0e
RR-3348,Paid,4221.74,Material ACCOUNT National,0048473548-001,,16112.20,0.00,Yes,New,Roofing,Residential,1676.78,9405.07,https://my.acculynx.com/jobs/e212c1b3-f024-4395-9839-ea8a43a49b0e
RR-3348,Additional,1676.78,Michael Dietrich Commission,,T,16112.20,0.00,No,New,Roofing,Residential,1676.78,9405.07,https://my.acculynx.com/jobs/e212c1b3-f024-4395-9839-ea8a43a49b0e
RR-3394,Paid,851.43,Material ACCOUNT National,0048876474-001,,4102.57,0.00,Yes,Repair,Roofing,Residential,402.82,2491.30,https://my.acculynx.com/jobs/70349a47-d929-4fb3-a03d-8967b6769ba5
RR-3394,Paid,63.08,Material ACCOUNT National Shop,,(1) BX Coil Roofing Nails ,4102.57,0.00,Yes,Repair,Roofing,Residential,402.82,2491.30,https://my.acculynx.com/jobs/70349a47-d929-4fb3-a03d-8967b6769ba5
RR-3394,Additional,402.82,Francesco Ambrosio Commission,,T,4102.57,0.00,No,Repair,Roofing,Residential,402.82,2491.30,https://my.acculynx.com/jobs/70349a47-d929-4fb3-a03d-8967b6769ba5
RR-3446,Paid,465.00,Labor V&D Family Home Remodeling Corp Dump,,,11842.48,0.00,Yes,New,Roofing,Residential,809.78,7328.73,https://my.acculynx.com/jobs/c010e212-daef-4671-8d6d-5882b41eea37
RR-3446,Paid,138.66,Material ACCOUNT National Shop,,(5) 1/2 Plywood,11842.48,0.00,Yes,New,Roofing,Residential,809.78,7328.73,https://my.acculynx.com/jobs/c010e212-daef-4671-8d6d-5882b41eea37
RR-3446,Paid,170.74,Platinum Warranty,OC-2026-WR-2316663,,11842.48,0.00,Yes,New,Roofing,Residential,809.78,7328.73,https://my.acculynx.com/jobs/c010e212-daef-4671-8d6d-5882b41eea37
RR-3446,Paid,2320.00,Labor V&D Family Home Remodeling Corp Pay,,,11842.48,0.00,Yes,New,Roofing,Residential,809.78,7328.73,https://my.acculynx.com/jobs/c010e212-daef-4671-8d6d-5882b41eea37
RR-3446,Additional,809.78,Michael Dietrich Commission,,T,11842.48,0.00,No,New,Roofing,Residential,809.78,7328.73,https://my.acculynx.com/jobs/c010e212-daef-4671-8d6d-5882b41eea37
RR-3446,Paid,3435.68,Material ACCOUNT National,49309652,,11842.48,0.00,Yes,New,Roofing,Residential,809.78,7328.73,https://my.acculynx.com/jobs/c010e212-daef-4671-8d6d-5882b41eea37
RR-3446,Paid,-86.13,Material ACCOUNT National Returns,,(1) BD Proedge,11842.48,0.00,Yes,New,Roofing,Residential,809.78,7328.73,https://my.acculynx.com/jobs/c010e212-daef-4671-8d6d-5882b41eea37
RR-3446,Paid,75.00,Labor V&D Family Home Remodeling Corp Pay,,was 5 short 5 Plywood on Renz labor sheet,11842.48,0.00,No,New,Roofing,Residential,809.78,7328.73,https://my.acculynx.com/jobs/c010e212-daef-4671-8d6d-5882b41eea37
RR-3633,Paid,532.90,Material ACCOUNT National,0050852715-001,,2600.00,0.00,Yes,Repair,Roofing,Residential,303.00,1385.90,https://my.acculynx.com/jobs/318fd92c-6077-4a95-b149-820d754e2347
RR-3633,Paid,550.00,Labor CASH V&D Family Home Remodeling Corp Pay,,,2600.00,0.00,Yes,Repair,Roofing,Residential,303.00,1385.90,https://my.acculynx.com/jobs/318fd92c-6077-4a95-b149-820d754e2347
RR-3633,Additional,303.00,Francesco Ambrosio Commission,,T,2600.00,0.00,No,Repair,Roofing,Residential,303.00,1385.90,https://my.acculynx.com/jobs/318fd92c-6077-4a95-b149-820d754e2347
RR-3347,Paid,146.38,Material AMEX Home Depot,H1206-505727,,10531.18,0.00,Yes,New,Roofing,Residential,1162.95,5879.36,https://my.acculynx.com/jobs/6532fdfc-01d2-4a61-9846-ce479ab73040
RR-3347,Paid,1795.86,Material ACCOUNT National,0048429553-001,,10531.18,0.00,Yes,New,Roofing,Residential,1162.95,5879.36,https://my.acculynx.com/jobs/6532fdfc-01d2-4a61-9846-ce479ab73040
RR-3347,Paid,400.11,Material AMEX Home Depot,H1206-506034,,10531.18,0.00,Yes,New,Roofing,Residential,1162.95,5879.36,https://my.acculynx.com/jobs/6532fdfc-01d2-4a61-9846-ce479ab73040
RR-3347,Paid,78.06,Material AMEX Home Depot,H1218-368466,,10531.18,0.00,Yes,New,Roofing,Residential,1162.95,5879.36,https://my.acculynx.com/jobs/6532fdfc-01d2-4a61-9846-ce479ab73040
RR-3347,Paid,2065.00,Labor V&D Family Home Remodeling Corp Pay,,,10531.18,0.00,Yes,New,Roofing,Residential,1162.95,5879.36,https://my.acculynx.com/jobs/6532fdfc-01d2-4a61-9846-ce479ab73040
RR-3347,Additional,1162.95,Francesco Ambrosio Commission,,T,10531.18,0.00,No,New,Roofing,Residential,1162.95,5879.36,https://my.acculynx.com/jobs/6532fdfc-01d2-4a61-9846-ce479ab73040
RR-3347,Paid,231.00,Labor V&D Family Home Remodeling Corp Dump,,,10531.18,0.00,Yes,New,Roofing,Residential,1162.95,5879.36,https://my.acculynx.com/jobs/6532fdfc-01d2-4a61-9846-ce479ab73040
RR-3408,Paid,1150.00,Labor All About Gutters,,,3992.00,0.00,Yes,New,Gutters & Soffits,Residential,568.40,1718.40,https://my.acculynx.com/jobs/72d83d3f-93b1-44e3-a9d9-a4014d254ba1
RR-3408,Additional,568.40,Michael Dietrich Commission,,T,3992.00,0.00,No,New,Gutters & Soffits,Residential,568.40,1718.40,https://my.acculynx.com/jobs/72d83d3f-93b1-44e3-a9d9-a4014d254ba1
RR-3265,Paid,631.00,Labor CASH Flawless Roofing Dump,,,14199.86,0.00,Yes,New,Roofing,Residential,1043.05,8026.91,https://my.acculynx.com/jobs/768da3cd-4d37-4e08-9e27-c0d7bb98761f
RR-3265,Paid,182.70,Platinum Warranty,,,14199.86,0.00,Yes,New,Roofing,Residential,1043.05,8026.91,https://my.acculynx.com/jobs/768da3cd-4d37-4e08-9e27-c0d7bb98761f
RR-3265,Paid,2640.00,Labor CASH Flawless Roofing Pay,,,14199.86,0.00,Yes,New,Roofing,Residential,1043.05,8026.91,https://my.acculynx.com/jobs/768da3cd-4d37-4e08-9e27-c0d7bb98761f
RR-3265,Paid,3501.53,Material ACCOUNT National,0047946347-001,,14199.86,0.00,Yes,New,Roofing,Residential,1043.05,8026.91,https://my.acculynx.com/jobs/768da3cd-4d37-4e08-9e27-c0d7bb98761f
RR-3265,Paid,114.19,Material ACCOUNT National Shop,,(2) 1/2 Plywood(1) Pipe Flange,14199.86,0.00,Yes,New,Roofing,Residential,1043.05,8026.91,https://my.acculynx.com/jobs/768da3cd-4d37-4e08-9e27-c0d7bb98761f
RR-3265,Additional,1043.05,Michael Dietrich Commission,,Joe included -400 commission on this job (T),14199.86,0.00,No,New,Roofing,Residential,1043.05,8026.91,https://my.acculynx.com/jobs/768da3cd-4d37-4e08-9e27-c0d7bb98761f
RR-3265,Paid,-85.56,Material ACCOUNT National Returns,,(2) BD Designer Shingles,14199.86,0.00,Yes,New,Roofing,Residential,1043.05,8026.91,https://my.acculynx.com/jobs/768da3cd-4d37-4e08-9e27-c0d7bb98761f
RR-3292,Paid,2340.00,Labor CASH V&D Family Home Remodeling Corp Pay,,,14000.00,0.00,Yes,New,Roofing,Residential,1515.26,7938.97,https://my.acculynx.com/jobs/dc7a788f-703d-466b-aefe-c524a630f993
RR-3292,Paid,492.00,Labor CASH V&D Family Home Remodeling Corp Dump,,,14000.00,0.00,Yes,New,Roofing,Residential,1515.26,7938.97,https://my.acculynx.com/jobs/dc7a788f-703d-466b-aefe-c524a630f993
RR-3292,Paid,3591.71,Material ACCOUNT National,0048085251-001,,14000.00,0.00,Yes,New,Roofing,Residential,1515.26,7938.97,https://my.acculynx.com/jobs/dc7a788f-703d-466b-aefe-c524a630f993
RR-3292,Additional,1515.26,Michael Dietrich Commission,,T,14000.00,0.00,No,New,Roofing,Residential,1515.26,7938.97,https://my.acculynx.com/jobs/dc7a788f-703d-466b-aefe-c524a630f993
RR-3229,Paid,-193.54,Material ACCOUNT National Shop,,(1) RL IWS(9) PC Silicone,5750.51,0.00,Yes,Repair,Roofing,Residential,658.87,3115.04,https://my.acculynx.com/jobs/edae23cb-fd15-4860-b698-9228ede8bc4e
RR-3229,Paid,-64.56,Material AMEX Home Depot Returns,,(1) Cobra Vents,5750.51,0.00,Yes,Repair,Roofing,Residential,658.87,3115.04,https://my.acculynx.com/jobs/edae23cb-fd15-4860-b698-9228ede8bc4e
RR-3229,Paid,74.41,Material ACCOUNT National Shop,,(1) BX Coil Nails,5750.51,0.00,Yes,Repair,Roofing,Residential,658.87,3115.04,https://my.acculynx.com/jobs/edae23cb-fd15-4860-b698-9228ede8bc4e
RR-3229,Paid,-26.07,Material ACCOUNT National Returns,,(1) PC Plywood,5750.51,0.00,Yes,Repair,Roofing,Residential,658.87,3115.04,https://my.acculynx.com/jobs/edae23cb-fd15-4860-b698-9228ede8bc4e
RR-3229,Paid,963.52,Material ACCOUNT National,47613241,,5750.51,0.00,Yes,Repair,Roofing,Residential,658.87,3115.04,https://my.acculynx.com/jobs/edae23cb-fd15-4860-b698-9228ede8bc4e
RR-3229,Paid,352.41,Material AMEX Home Depot,H8466-283536,,5750.51,0.00,Yes,Repair,Roofing,Residential,658.87,3115.04,https://my.acculynx.com/jobs/edae23cb-fd15-4860-b698-9228ede8bc4e
RR-3229,Paid,1350.00,Labor CASH V&D Family Home Remodeling Corp Pay,,,5750.51,0.00,Yes,Repair,Roofing,Residential,658.87,3115.04,https://my.acculynx.com/jobs/edae23cb-fd15-4860-b698-9228ede8bc4e
RR-3229,Additional,658.87,Francesco Ambrosio Commission,,T,5750.51,0.00,No,Repair,Roofing,Residential,658.87,3115.04,https://my.acculynx.com/jobs/edae23cb-fd15-4860-b698-9228ede8bc4e
RR-3530,Paid,250.00,Labor CASH V&D Family Home Remodeling Corp Dump,,,6240.00,0.00,Yes,Repair,Roofing,Residential,677.00,3782.01,https://my.acculynx.com/jobs/e122f0e3-9a39-4e59-92ce-beb7f974b6de
RR-3530,Paid,1680.01,Material ACCOUNT National,0050084231-001,,6240.00,0.00,Yes,Repair,Roofing,Residential,677.00,3782.01,https://my.acculynx.com/jobs/e122f0e3-9a39-4e59-92ce-beb7f974b6de
RR-3530,Paid,925.00,Labor CASH V&D Family Home Remodeling Corp Pay,,,6240.00,0.00,Yes,Repair,Roofing,Residential,677.00,3782.01,https://my.acculynx.com/jobs/e122f0e3-9a39-4e59-92ce-beb7f974b6de
RR-3530,Paid,250.00,Labor CASH V&D Family Home Remodeling Corp Pay,,,6240.00,0.00,No,Repair,Roofing,Residential,677.00,3782.01,https://my.acculynx.com/jobs/e122f0e3-9a39-4e59-92ce-beb7f974b6de
RR-3530,Additional,677.00,Joseph Cassara Commission,,T,6240.00,0.00,No,Repair,Roofing,Residential,677.00,3782.01,https://my.acculynx.com/jobs/e122f0e3-9a39-4e59-92ce-beb7f974b6de
RR-3450,Paid,-59.81,Material ACCOUNT National Returns,,(2) 1/2 Plywood,5254.82,0.00,Yes,Repair,Signature Roofing,Residential,330.82,4031.55,https://my.acculynx.com/jobs/72cc7a44-602b-4c21-a91f-973095069834
RR-3450,Paid,2210.54,Material ACCOUNT National, 0049365130-001,,5254.82,0.00,Yes,Repair,Signature Roofing,Residential,330.82,4031.55,https://my.acculynx.com/jobs/72cc7a44-602b-4c21-a91f-973095069834
RR-3450,Paid,1450.00,Labor V&D Family Home Remodeling Corp Pay,,,5254.82,0.00,Yes,Repair,Signature Roofing,Residential,330.82,4031.55,https://my.acculynx.com/jobs/72cc7a44-602b-4c21-a91f-973095069834
RR-3450,Additional,330.82,Francesco Ambrosio Commission,,T,5254.82,0.00,No,Repair,Signature Roofing,Residential,330.82,4031.55,https://my.acculynx.com/jobs/72cc7a44-602b-4c21-a91f-973095069834
RR-3450,Paid,100.00,Labor V&D Family Home Remodeling Corp Pay,,$100 in PM pay (special circumstance),5254.82,0.00,Yes,Repair,Signature Roofing,Residential,330.82,4031.55,https://my.acculynx.com/jobs/72cc7a44-602b-4c21-a91f-973095069834
RR-3592,Paid,412.50,Labor CASH V&D Family Home Remodeling Corp Pay,,,3500.00,0.00,Yes,Repair,Roofing,Property Management,617.00,1029.50,https://my.acculynx.com/jobs/eac028b4-6d0c-4792-8c7c-0b0edb84860c
RR-3592,Additional,617.00,Michael Dietrich Commission,,T,3500.00,0.00,No,Repair,Roofing,Property Management,617.00,1029.50,https://my.acculynx.com/jobs/eac028b4-6d0c-4792-8c7c-0b0edb84860c
RR-3592,Paid,197.54,Material ACCOUNT National ,0050540609-001,,3500.00,0.00,Yes,Repair,Roofing,Property Management,617.00,1029.50,https://my.acculynx.com/jobs/eac028b4-6d0c-4792-8c7c-0b0edb84860c
RR-3592,Paid,-197.54,Material ACCOUNT National Returns,0050777423-001,,3500.00,0.00,Yes,Repair,Roofing,Property Management,617.00,1029.50,https://my.acculynx.com/jobs/eac028b4-6d0c-4792-8c7c-0b0edb84860c
RR-3340,Additional,348.41,Francesco Ambrosio Commission,,T,8500.00,0.00,No,Repair,Gutters & Soffits,Residential,348.41,5364.27,https://my.acculynx.com/jobs/2a172ee7-9ae0-44a7-b018-a07342431094
RR-3190,Paid,17.51,Material ACCOUNT National Shop,,(2) silicone,1100.00,0.00,Yes,Repair,Roofing,Residential,205.15,279.40,https://my.acculynx.com/jobs/3267293f-a748-4dbe-af33-e201b0ceb43b
RR-3340,Paid,2827.39,Material ACCOUNT National,0048408385-001,,8500.00,0.00,Yes,Repair,Gutters & Soffits,Residential,348.41,5364.27,https://my.acculynx.com/jobs/2a172ee7-9ae0-44a7-b018-a07342431094
RR-3340,Paid,1600.00,Labor CASH Flawless Roofing Pay,,,8500.00,0.00,Yes,Repair,Gutters & Soffits,Residential,348.41,5364.27,https://my.acculynx.com/jobs/2a172ee7-9ae0-44a7-b018-a07342431094
RR-3340,Paid,588.47,Material ACCOUNT National,0048483555-001,,8500.00,0.00,Yes,Repair,Gutters & Soffits,Residential,348.41,5364.27,https://my.acculynx.com/jobs/2a172ee7-9ae0-44a7-b018-a07342431094
RR-3422,Paid,306.00,Labor Flawless Roofing Dump ,,,9500.00,0.00,Yes,New,Roofing,Residential,1038.57,5259.57,https://my.acculynx.com/jobs/4313a181-f74c-4b96-9884-8dda94e772ac
RR-3422,Paid,1980.00,Labor Flawless Roofing Pay,,,9500.00,0.00,Yes,New,Roofing,Residential,1038.57,5259.57,https://my.acculynx.com/jobs/4313a181-f74c-4b96-9884-8dda94e772ac
RR-3422,Paid,83.74,Material ACCOUNT National Shop,,(2) 3/4 Plywood,9500.00,0.00,Yes,New,Roofing,Residential,1038.57,5259.57,https://my.acculynx.com/jobs/4313a181-f74c-4b96-9884-8dda94e772ac
RR-3422,Additional,1038.57,Michael Dietrich Commission,,T,9500.00,0.00,No,New,Roofing,Residential,1038.57,5259.57,https://my.acculynx.com/jobs/4313a181-f74c-4b96-9884-8dda94e772ac
RR-3422,Paid,2343.61,Material ACCOUNT National,0049147430-001,,9500.00,0.00,Yes,New,Roofing,Residential,1038.57,5259.57,https://my.acculynx.com/jobs/4313a181-f74c-4b96-9884-8dda94e772ac
RR-3422,Paid,-42.77,Material ACCOUNT National Returns,,1 BD Designer Shingle,9500.00,0.00,No,New,Roofing,Residential,1038.57,5259.57,https://my.acculynx.com/jobs/4313a181-f74c-4b96-9884-8dda94e772ac
RR-3422,Paid,-363.44,Material ACCOUNT National Returns,,(10) 1/2 Plywood(1) OC Hip & Ridge,9500.00,0.00,Yes,New,Roofing,Residential,1038.57,5259.57,https://my.acculynx.com/jobs/4313a181-f74c-4b96-9884-8dda94e772ac
RR-3422,Paid,-86.14,Material ACCOUNT National Returns,0050045997-001,,9500.00,0.00,No,New,Roofing,Residential,1038.57,5259.57,https://my.acculynx.com/jobs/4313a181-f74c-4b96-9884-8dda94e772ac
RR-3314,Paid,63.08,Material ACCOUNT National Shop,,(1) BX Roofing Nail,2228.00,0.00,Yes,Repair,Roofing,Residential,0.00,1613.64,https://my.acculynx.com/jobs/fb35db88-9d49-461f-87e2-ead5957cc6a5
RR-3314,Paid,150.19,Material AMEX Home Depot,#H1265-366487,,2228.00,0.00,Yes,Repair,Roofing,Residential,0.00,1613.64,https://my.acculynx.com/jobs/fb35db88-9d49-461f-87e2-ead5957cc6a5
RR-3314,Paid,-211.33,Material ACCOUNT National Returns,,(4) 1/2 Plywood(1) BD Duration Shingle(1) BD Started Strip,2228.00,0.00,Yes,Repair,Roofing,Residential,0.00,1613.64,https://my.acculynx.com/jobs/fb35db88-9d49-461f-87e2-ead5957cc6a5
RR-3314,Paid,886.70,Material ACCOUNT National,0048256514-001,,2228.00,0.00,Yes,Repair,Roofing,Residential,0.00,1613.64,https://my.acculynx.com/jobs/fb35db88-9d49-461f-87e2-ead5957cc6a5
RR-3314,Paid,725.00,Labor CASH Flawless Roofing Pay,,,2228.00,0.00,Yes,Repair,Roofing,Residential,0.00,1613.64,https://my.acculynx.com/jobs/fb35db88-9d49-461f-87e2-ead5957cc6a5
RR-3394,Paid,815.00,Labor CASH Flawless Roofing Pay,,,4102.57,0.00,Yes,Repair,Roofing,Residential,402.82,2491.30,https://my.acculynx.com/jobs/70349a47-d929-4fb3-a03d-8967b6769ba5
RR-3394,Paid,358.97,Sales Tax,,,4102.57,0.00,Yes,Repair,Roofing,Residential,402.82,2491.30,https://my.acculynx.com/jobs/70349a47-d929-4fb3-a03d-8967b6769ba5
RR-3179,Paid,262.08,Material ACCOUNT National,,,4229.97,0.00,Yes,Repair,Roofing,Residential,581.05,1905.76,https://my.acculynx.com/jobs/5956e4af-8283-4409-a584-4451fc9e48b9
RR-3179,Paid,370.12,Sales Tax,,,4229.97,0.00,Yes,Repair,Roofing,Residential,581.05,1905.76,https://my.acculynx.com/jobs/5956e4af-8283-4409-a584-4451fc9e48b9
RR-3179,Paid,675.00,Labor CASH V&D Family Home Remodeling Corp Pay,,,4229.97,0.00,Yes,Repair,Roofing,Residential,581.05,1905.76,https://my.acculynx.com/jobs/5956e4af-8283-4409-a584-4451fc9e48b9
RR-3179,Paid,17.51,Material ACCOUNT National Shop,,(2) Silicone,4229.97,0.00,Yes,Repair,Roofing,Residential,581.05,1905.76,https://my.acculynx.com/jobs/5956e4af-8283-4409-a584-4451fc9e48b9
RR-3179,Additional,581.05,Francesco Ambrosio Commission,,T,4229.97,0.00,No,Repair,Roofing,Residential,581.05,1905.76,https://my.acculynx.com/jobs/5956e4af-8283-4409-a584-4451fc9e48b9
RR-3556,Paid,991.80,Material ACCOUNT National,0050327601-002,,16200.00,0.00,Yes,New,Roofing,Residential,448.00,11908.04,https://my.acculynx.com/jobs/ae2b0b90-bb15-47a8-bb85-efa81a36ffd2
RR-3556,Paid,206.63,Platinum Warranty,OC-2026-WR-2352805,,16200.00,0.00,Yes,New,Roofing,Residential,448.00,11908.04,https://my.acculynx.com/jobs/ae2b0b90-bb15-47a8-bb85-efa81a36ffd2
RR-3556,Paid,2389.50,Dealer CC Fee,,Dealer Fee,16200.00,0.00,Yes,New,Roofing,Residential,448.00,11908.04,https://my.acculynx.com/jobs/ae2b0b90-bb15-47a8-bb85-efa81a36ffd2
RR-3556,Paid,880.00,Labor Flawless Roofing Dump ,,,16200.00,0.00,Yes,New,Roofing,Residential,448.00,11908.04,https://my.acculynx.com/jobs/ae2b0b90-bb15-47a8-bb85-efa81a36ffd2
RR-3556,Paid,4503.32,Material ACCOUNT National,0050327601-001,,16200.00,0.00,Yes,New,Roofing,Residential,448.00,11908.04,https://my.acculynx.com/jobs/ae2b0b90-bb15-47a8-bb85-efa81a36ffd2
RR-3556,Paid,2810.00,Labor Flawless Roofing Pay,,,16200.00,0.00,Yes,New,Roofing,Residential,448.00,11908.04,https://my.acculynx.com/jobs/ae2b0b90-bb15-47a8-bb85-efa81a36ffd2
RR-3556,Paid,-321.21,Material ACCOUNT National Returns,0050421089-001,(2) Designer Shingle(1) OC Hip & Ridge(1) Lifetime Bathroom Vent(1) 3" Lifetime Pipe Flange,16200.00,0.00,Yes,New,Roofing,Residential,448.00,11908.04,https://my.acculynx.com/jobs/ae2b0b90-bb15-47a8-bb85-efa81a36ffd2
RR-3556,Additional,448.00,Michael Dietrich Commission,,"I deducted $500 from Mikes comms, I split the cost of the skylight with him. -[T]",16200.00,0.00,No,New,Roofing,Residential,448.00,11908.04,https://my.acculynx.com/jobs/ae2b0b90-bb15-47a8-bb85-efa81a36ffd2
RR-3335,Paid,401.09,Sales Tax,,,4650.30,0.00,Yes,Repair,Roofing,Residential,456.73,2823.37,https://my.acculynx.com/jobs/401fd45e-b0b0-4c27-b5d3-5cd58996f596
RR-3335,Paid,350.00,Labor All About Gutters,,,4650.30,0.00,Yes,Repair,Roofing,Residential,456.73,2823.37,https://my.acculynx.com/jobs/401fd45e-b0b0-4c27-b5d3-5cd58996f596
RR-3335,Paid,845.00,Labor CASH V&D Family Home Remodeling Corp Pay,,,4650.30,0.00,Yes,Repair,Roofing,Residential,456.73,2823.37,https://my.acculynx.com/jobs/401fd45e-b0b0-4c27-b5d3-5cd58996f596
RR-3335,Paid,112.07,Material ACCOUNT National Shop,,(1) BX Staple (1) Ice Water Shield (3) Silicone,4650.30,0.00,Yes,Repair,Roofing,Residential,456.73,2823.37,https://my.acculynx.com/jobs/401fd45e-b0b0-4c27-b5d3-5cd58996f596
RR-3335,Additional,456.73,Michael Dietrich Commission,,T,4650.30,0.00,No,Repair,Roofing,Residential,456.73,2823.37,https://my.acculynx.com/jobs/401fd45e-b0b0-4c27-b5d3-5cd58996f596
RR-3335,Paid,700.90,Material ACCOUNT National,0048338748-001,,4650.30,0.00,Yes,Repair,Roofing,Residential,456.73,2823.37,https://my.acculynx.com/jobs/401fd45e-b0b0-4c27-b5d3-5cd58996f596
RR-3335,Paid,-42.42,Material ACCOUNT National Returns,,(1) BD Tamako Shingles,4650.30,0.00,Yes,Repair,Roofing,Residential,456.73,2823.37,https://my.acculynx.com/jobs/401fd45e-b0b0-4c27-b5d3-5cd58996f596
RR-3567,Paid,215.98,Material ACCOUNT Beacon,VB77166,,5462.50,0.00,Yes,Repair,Roofing,Residential,536.04,3318.78,https://my.acculynx.com/jobs/851494ef-c0bf-427e-8e1d-4743a66669dc
RR-3567,Paid,360.62,Material ACCOUNT National,50387562,,5462.50,0.00,Yes,Repair,Roofing,Residential,536.04,3318.78,https://my.acculynx.com/jobs/851494ef-c0bf-427e-8e1d-4743a66669dc
RR-3567,Additional,536.04,Michael Dietrich Commission,,T,5462.50,0.00,No,Repair,Roofing,Residential,536.04,3318.78,https://my.acculynx.com/jobs/851494ef-c0bf-427e-8e1d-4743a66669dc
RR-3567,Paid,1400.00,Labor V&D Family Home Remodeling Corp Pay,,,5462.50,0.00,Yes,Repair,Roofing,Residential,536.04,3318.78,https://my.acculynx.com/jobs/851494ef-c0bf-427e-8e1d-4743a66669dc
RR-3567,Paid,806.14,Dealer CC Fee,,Dealer Fee,5462.50,0.00,Yes,Repair,Roofing,Residential,536.04,3318.78,https://my.acculynx.com/jobs/851494ef-c0bf-427e-8e1d-4743a66669dc
RR-3211,Paid,-286.65,Material ACCOUNT National Shop,,(11) PC Plywood,17645.00,0.00,Yes,New,Roofing,Residential,2168.29,8971.84,https://my.acculynx.com/jobs/34258e9a-b284-4270-8cb8-bafeafb5f2fb
RR-3211,Paid,607.00,Labor V&D Family Home Remodeling Corp Dump,,,17645.00,0.00,Yes,New,Roofing,Residential,2168.29,8971.84,https://my.acculynx.com/jobs/34258e9a-b284-4270-8cb8-bafeafb5f2fb
RR-3211,Paid,182.49,Platinum Warranty,,,17645.00,0.00,Yes,New,Roofing,Residential,2168.29,8971.84,https://my.acculynx.com/jobs/34258e9a-b284-4270-8cb8-bafeafb5f2fb
RR-3211,Paid,2720.00,Labor V&D Family Home Remodeling Corp Pay,,,17645.00,0.00,Yes,New,Roofing,Residential,2168.29,8971.84,https://my.acculynx.com/jobs/34258e9a-b284-4270-8cb8-bafeafb5f2fb
RR-3211,Paid,3580.71,Material ACCOUNT National,0047466374-001,,17645.00,0.00,Yes,New,Roofing,Residential,2168.29,8971.84,https://my.acculynx.com/jobs/34258e9a-b284-4270-8cb8-bafeafb5f2fb
RR-3211,Additional,2168.29,Michael Dietrich Commission,,T,17645.00,0.00,No,New,Roofing,Residential,2168.29,8971.84,https://my.acculynx.com/jobs/34258e9a-b284-4270-8cb8-bafeafb5f2fb
RR-3498,Paid,146.81,Platinum Warranty ,,OC-2026-WR-2362304,10500.95,0.00,Yes,New,Roofing,Residential,717.94,7629.20,https://my.acculynx.com/jobs/a55805a0-5814-4061-83c9-4c770ff486d2
RR-3498,Paid,-59.81,Material ACCOUNT National Shop Returns ,,(2) 1/2 Plywood,10500.95,0.00,Yes,New,Roofing,Residential,717.94,7629.20,https://my.acculynx.com/jobs/a55805a0-5814-4061-83c9-4c770ff486d2
RR-3498,Paid,674.00,Labor V&D Family Home Remodeling Corp Dump,,,10500.95,0.00,Yes,New,Roofing,Residential,717.94,7629.20,https://my.acculynx.com/jobs/a55805a0-5814-4061-83c9-4c770ff486d2
RR-3498,Paid,2350.00,Labor V&D Family Home Remodeling Corp Pay,,,10500.95,0.00,Yes,New,Roofing,Residential,717.94,7629.20,https://my.acculynx.com/jobs/a55805a0-5814-4061-83c9-4c770ff486d2
RR-3498,Additional,717.94,Michael Dietrich Commission,,T,10500.95,0.00,No,New,Roofing,Residential,717.94,7629.20,https://my.acculynx.com/jobs/a55805a0-5814-4061-83c9-4c770ff486d2
RR-3498,Paid,3800.26,Material ACCOUNT National ,50638351,,10500.95,0.00,Yes,New,Roofing,Residential,717.94,7629.20,https://my.acculynx.com/jobs/a55805a0-5814-4061-83c9-4c770ff486d2
RR-3369,Paid,182.70,Platinum Warranty,OC-2026-WR-2298451,,18582.84,0.00,Yes,New,Roofing,Residential,2012.55,10532.65,https://my.acculynx.com/jobs/2db08453-ba4e-4f0e-aa9f-6fa154d01180
RR-3369,Paid,-327.34,Material ACCOUNT National Shop Returns,,(2) Lifetime Pipe Flange(1) RL Trim Coil (3) 1/2 Plywood,18582.84,0.00,Yes,New,Roofing,Residential,2012.55,10532.65,https://my.acculynx.com/jobs/2db08453-ba4e-4f0e-aa9f-6fa154d01180
RR-3369,Paid,200.09,Material ACCOUNT National Shop,,(1) RL Synthetic underlayment(1) RL Ridge Vent,18582.84,0.00,Yes,New,Roofing,Residential,2012.55,10532.65,https://my.acculynx.com/jobs/2db08453-ba4e-4f0e-aa9f-6fa154d01180
RR-3369,Paid,-295.13,Material ACCOUNT National Returns,,(1) BD Onyx Black (5) 3/4 Plywood,18582.84,0.00,Yes,New,Roofing,Residential,2012.55,10532.65,https://my.acculynx.com/jobs/2db08453-ba4e-4f0e-aa9f-6fa154d01180
RR-3369,Paid,2630.00,Labor Flawless Roofing Pay,,,18582.84,0.00,Yes,New,Roofing,Residential,2012.55,10532.65,https://my.acculynx.com/jobs/2db08453-ba4e-4f0e-aa9f-6fa154d01180
RR-3369,Paid,510.00,Labor Flawless Roofing Dump ,,,18582.84,0.00,Yes,New,Roofing,Residential,2012.55,10532.65,https://my.acculynx.com/jobs/2db08453-ba4e-4f0e-aa9f-6fa154d01180
RR-3369,Paid,929.14,Dealer CC Fee,,Dealer Fee,18582.84,0.00,Yes,New,Roofing,Residential,2012.55,10532.65,https://my.acculynx.com/jobs/2db08453-ba4e-4f0e-aa9f-6fa154d01180
RR-3369,Paid,393.13,Material ACCOUNT National,0048901158-001,split from upsell file,18582.84,0.00,Yes,New,Roofing,Residential,2012.55,10532.65,https://my.acculynx.com/jobs/2db08453-ba4e-4f0e-aa9f-6fa154d01180
RR-3369,Additional,2012.55,Michael Dietrich Commission,,T,18582.84,0.00,No,New,Roofing,Residential,2012.55,10532.65,https://my.acculynx.com/jobs/2db08453-ba4e-4f0e-aa9f-6fa154d01180
RR-3369,Paid,4197.51,Material ACCOUNT National,48670769,,18582.84,0.00,Yes,New,Roofing,Residential,2012.55,10532.65,https://my.acculynx.com/jobs/2db08453-ba4e-4f0e-aa9f-6fa154d01180
RR-3369,Paid,100.00,Material ACCOUNT National,,,18582.84,0.00,Yes,New,Roofing,Residential,2012.55,10532.65,https://my.acculynx.com/jobs/2db08453-ba4e-4f0e-aa9f-6fa154d01180
RR-3305,Paid,75.04,Material ACCOUNT National Shop,,(1) RL Ice Water Shield,4983.40,0.00,Yes,Repair,Roofing,Residential,584.39,2525.86,https://my.acculynx.com/jobs/b3a906b1-7772-4a1d-b281-171db00f242e
RR-3305,Paid,1054.53,Material ACCOUNT National,0048174002-001,,4983.40,0.00,Yes,Repair,Roofing,Residential,584.39,2525.86,https://my.acculynx.com/jobs/b3a906b1-7772-4a1d-b281-171db00f242e
RR-3305,Paid,160.86,Material AMEX Home Depot,H6105-372325,,4983.40,0.00,Yes,Repair,Roofing,Residential,584.39,2525.86,https://my.acculynx.com/jobs/b3a906b1-7772-4a1d-b281-171db00f242e
RR-3305,Paid,795.00,Labor CASH V&D Family Home Remodeling Corp Pay,,,4983.40,0.00,Yes,Repair,Roofing,Residential,584.39,2525.86,https://my.acculynx.com/jobs/b3a906b1-7772-4a1d-b281-171db00f242e
RR-3305,Additional,669.32,Michael Dietrich Commission,,T,4983.40,0.00,No,Repair,Roofing,Residential,584.39,2525.86,https://my.acculynx.com/jobs/b3a906b1-7772-4a1d-b281-171db00f242e
RR-3305,Paid,-263.96,Material ACCOUNT National Returns,,(4) CenterTeed Landmark (1) OC Starter Strip plus,4983.40,0.00,Yes,Repair,Roofing,Residential,584.39,2525.86,https://my.acculynx.com/jobs/b3a906b1-7772-4a1d-b281-171db00f242e
RR-3305,Additional,-24.00,Michael Dietrich Commissions Adj,,,4983.40,0.00,No,Repair,Roofing,Residential,584.39,2525.86,https://my.acculynx.com/jobs/b3a906b1-7772-4a1d-b281-171db00f242e
RR-3305,Paid,120.00,Labor V&D Family Home Remodeling Corp Dump,,,4983.40,0.00,No,Repair,Roofing,Residential,584.39,2525.86,https://my.acculynx.com/jobs/b3a906b1-7772-4a1d-b281-171db00f242e
RR-3305,Additional,-60.93,Commissions Adjustments,,,4983.40,0.00,No,Repair,Roofing,Residential,584.39,2525.86,https://my.acculynx.com/jobs/b3a906b1-7772-4a1d-b281-171db00f242e
RR-3238,Additional,826.95,Michael Dietrich Commission,,T,7098.75,0.00,No,Repair,Roof Repairs,Residential,826.95,3790.96,https://my.acculynx.com/jobs/a1eefbc4-146a-4afe-8a90-6093cbb9cb0e
RR-3238,Paid,-63.08,Material ACCOUNT National Returns,,(1) BX Coil Roofing Nails,7098.75,0.00,Yes,Repair,Roof Repairs,Residential,826.95,3790.96,https://my.acculynx.com/jobs/a1eefbc4-146a-4afe-8a90-6093cbb9cb0e
RR-3238,Paid,-119.62,Material ACCOUNT National Returns,,(1) RL Pro Armor ,7098.75,0.00,Yes,Repair,Roof Repairs,Residential,826.95,3790.96,https://my.acculynx.com/jobs/a1eefbc4-146a-4afe-8a90-6093cbb9cb0e
RR-3697,Paid,4638.04,Material ACCOUNT National,0051184922-001,,13430.40,0.00,Yes,Repair,Roofing,Residential,1109.00,8996.24,https://my.acculynx.com/jobs/2f0dd129-02d1-44f4-9d74-4c5fa16a0935
RR-3697,Paid,-338.98,Material ACCOUNT National Returns ,0051380290-001,,13430.40,0.00,Yes,Repair,Roofing,Residential,1109.00,8996.24,https://my.acculynx.com/jobs/2f0dd129-02d1-44f4-9d74-4c5fa16a0935
RR-3697,Paid,29.91,Material ACCOUNT National Shop,,(1) 1/2 Plywood ,13430.40,0.00,Yes,Repair,Roofing,Residential,1109.00,8996.24,https://my.acculynx.com/jobs/2f0dd129-02d1-44f4-9d74-4c5fa16a0935
RR-3697,Paid,207.99,Material ACCOUNT National,0051376608-001,,13430.40,0.00,Yes,Repair,Roofing,Residential,1109.00,8996.24,https://my.acculynx.com/jobs/2f0dd129-02d1-44f4-9d74-4c5fa16a0935
RR-3697,Additional,1109.00,Michael Dietrich Commission,,T,13430.40,0.00,No,Repair,Roofing,Residential,1109.00,8996.24,https://my.acculynx.com/jobs/2f0dd129-02d1-44f4-9d74-4c5fa16a0935
RR-3697,Paid,-87.72,Material ACCOUNT National Shop Returns,,(2) BD Designer Shingles ,13430.40,0.00,Yes,Repair,Roofing,Residential,1109.00,8996.24,https://my.acculynx.com/jobs/2f0dd129-02d1-44f4-9d74-4c5fa16a0935
RR-3697,Paid,853.00,Labor CASH V&D Family Home Remodeling Corp Dump,,,13430.40,0.00,Yes,Repair,Roofing,Residential,1109.00,8996.24,https://my.acculynx.com/jobs/2f0dd129-02d1-44f4-9d74-4c5fa16a0935
RR-3697,Paid,2585.00,Labor CASH V&D Family Home Remodeling Corp Pay,,,13430.40,0.00,Yes,Repair,Roofing,Residential,1109.00,8996.24,https://my.acculynx.com/jobs/2f0dd129-02d1-44f4-9d74-4c5fa16a0935
RR-3614,Paid,1650.00,Labor V&D Family Home Remodeling Corp Pay,,,6631.25,0.00,Yes,Repair,Roofing,Residential,678.00,3920.03,https://my.acculynx.com/jobs/9a529be4-565e-49b6-95e1-78e20ab982c9
RR-3614,Paid,1010.64,Material ACCOUNT National,0050762326-001,,6631.25,0.00,Yes,Repair,Roofing,Residential,678.00,3920.03,https://my.acculynx.com/jobs/9a529be4-565e-49b6-95e1-78e20ab982c9
RR-3614,Paid,150.00,Labor CASH V&D Family Home Remodeling Corp Dump,,,6631.25,0.00,Yes,Repair,Roofing,Residential,678.00,3920.03,https://my.acculynx.com/jobs/9a529be4-565e-49b6-95e1-78e20ab982c9
RR-3614,Paid,99.83,Material ACCOUNT National,0050897676-001,,6631.25,0.00,Yes,Repair,Roofing,Residential,678.00,3920.03,https://my.acculynx.com/jobs/9a529be4-565e-49b6-95e1-78e20ab982c9
RR-3614,Paid,331.56,Dealer CC Fee,,Dealer Fee,6631.25,0.00,Yes,Repair,Roofing,Residential,678.00,3920.03,https://my.acculynx.com/jobs/9a529be4-565e-49b6-95e1-78e20ab982c9
RR-3614,Additional,678.00,Michael Dietrich Commission,,T,6631.25,0.00,No,Repair,Roofing,Residential,678.00,3920.03,https://my.acculynx.com/jobs/9a529be4-565e-49b6-95e1-78e20ab982c9
RR-3708,Paid,1039.68,Material ACCOUNT National,0051361898-001,,30303.47,0.00,Yes,New,Roofing,Residential,2593.00,20275.81,https://my.acculynx.com/jobs/4884af23-f452-404f-b213-bffa32f6d66d
RR-3708,Paid,386.06,Platinum Warranty ,OC-2026-WR-2388930,,30303.47,0.00,Yes,New,Roofing,Residential,2593.00,20275.81,https://my.acculynx.com/jobs/4884af23-f452-404f-b213-bffa32f6d66d
RR-3708,Paid,6535.00,Labor Flawless Roofing Pay,,,30303.47,0.00,Yes,New,Roofing,Residential,2593.00,20275.81,https://my.acculynx.com/jobs/4884af23-f452-404f-b213-bffa32f6d66d
RR-3708,Paid,1755.00,Labor Flawless Roofing Dump ,,,30303.47,0.00,Yes,New,Roofing,Residential,2593.00,20275.81,https://my.acculynx.com/jobs/4884af23-f452-404f-b213-bffa32f6d66d
RR-3708,Paid,7624.89,Material ACCOUNT National,0051280362-001,,30303.47,0.00,Yes,New,Roofing,Residential,2593.00,20275.81,https://my.acculynx.com/jobs/4884af23-f452-404f-b213-bffa32f6d66d
RR-3708,Additional,2593.00,Joseph Young Commission,,T,30303.47,0.00,No,New,Roofing,Residential,2593.00,20275.81,https://my.acculynx.com/jobs/4884af23-f452-404f-b213-bffa32f6d66d
RR-3708,Paid,427.74,Material ACCOUNT National,0051280362-002,added from monday skill - was missing,30303.47,0.00,No,New,Roofing,Residential,2593.00,20275.81,https://my.acculynx.com/jobs/4884af23-f452-404f-b213-bffa32f6d66d
RR-3708,Paid,-85.56,Material ACCOUNT National Returns,0051394003-001,added from skill - was missing,30303.47,0.00,No,New,Roofing,Residential,2593.00,20275.81,https://my.acculynx.com/jobs/4884af23-f452-404f-b213-bffa32f6d66d
RR-3461,Paid,1823.53,Material ACCOUNT National,0049511063-001,,7788.00,0.00,Yes,New,Roofing,Residential,677.59,5077.63,https://my.acculynx.com/jobs/8b4e95c6-706b-44df-9cfd-c3f86ca6fa52
RR-3461,Paid,77.12,Material AMEX Home Depot,H6105-386293,,7788.00,0.00,Yes,New,Roofing,Residential,677.59,5077.63,https://my.acculynx.com/jobs/8b4e95c6-706b-44df-9cfd-c3f86ca6fa52
RR-3461,Paid,191.99,Material AMEX Home Depot,H6105-386274,,7788.00,0.00,Yes,New,Roofing,Residential,677.59,5077.63,https://my.acculynx.com/jobs/8b4e95c6-706b-44df-9cfd-c3f86ca6fa52
RR-3461,Paid,-26.10,Material ACCOUNT National Shop Returns,,(1) 1/2 Plywood - kept in the truck ,7788.00,0.00,Yes,New,Roofing,Residential,677.59,5077.63,https://my.acculynx.com/jobs/8b4e95c6-706b-44df-9cfd-c3f86ca6fa52
RR-3461,Paid,300.50,Labor Flawless Roofing Dump ,,,7788.00,0.00,Yes,New,Roofing,Residential,677.59,5077.63,https://my.acculynx.com/jobs/8b4e95c6-706b-44df-9cfd-c3f86ca6fa52
RR-3461,Additional,677.59,Michael Dietrich Commission,,T,7788.00,0.00,No,New,Roofing,Residential,677.59,5077.63,https://my.acculynx.com/jobs/8b4e95c6-706b-44df-9cfd-c3f86ca6fa52
RR-3461,Paid,2033.00,Labor CASH Flawless Roofing Pay,,,7788.00,0.00,Yes,New,Roofing,Residential,677.59,5077.63,https://my.acculynx.com/jobs/8b4e95c6-706b-44df-9cfd-c3f86ca6fa52
RR-3418,Paid,4314.69,Material ACCOUNT National,0049411743-001,,22456.53,0.00,Yes,New,Roofing,Residential,1830.76,15179.37,https://my.acculynx.com/jobs/d8b494db-293c-4c2c-901e-15ff865b15ef
RR-3418,Paid,359.40,Material ACCOUNT National,0049449415-001,,22456.53,0.00,Yes,New,Roofing,Residential,1830.76,15179.37,https://my.acculynx.com/jobs/d8b494db-293c-4c2c-901e-15ff865b15ef
RR-3418,Paid,2475.00,Labor V&D Family Home Remodeling Corp Pay,,,22456.53,0.00,Yes,New,Roofing,Residential,1830.76,15179.37,https://my.acculynx.com/jobs/d8b494db-293c-4c2c-901e-15ff865b15ef
RR-3418,Paid,45.69,Platinum Warranty,,,22456.53,0.00,Yes,New,Roofing,Residential,1830.76,15179.37,https://my.acculynx.com/jobs/d8b494db-293c-4c2c-901e-15ff865b15ef
RR-3418,Paid,1033.31,Material AMEX American Chimney,44986,,22456.53,0.00,Yes,New,Roofing,Residential,1830.76,15179.37,https://my.acculynx.com/jobs/d8b494db-293c-4c2c-901e-15ff865b15ef
RR-3216,Paid,17.51,Material ACCOUNT National Shop,,(2) Silicone,4466.00,0.00,Yes,Repair,Roofing,Residential,571.24,3349.91,https://my.acculynx.com/jobs/bebb9053-e877-4654-aaf0-471fd37e8975
RR-3216,Paid,-61.99,Material ACCOUNT National Shop Returns,,(1) BD Step Flashing,4466.00,0.00,Yes,Repair,Roofing,Residential,571.24,3349.91,https://my.acculynx.com/jobs/bebb9053-e877-4654-aaf0-471fd37e8975
RR-3216,Paid,1250.00,Labor CASH V&D Family Home Remodeling Corp Pay,,,4466.00,0.00,Yes,Repair,Roofing,Residential,571.24,3349.91,https://my.acculynx.com/jobs/bebb9053-e877-4654-aaf0-471fd37e8975
RR-3216,Paid,39.04,Material AMEX Home Depot,H6105-365816,,4466.00,0.00,Yes,Repair,Roofing,Residential,571.24,3349.91,https://my.acculynx.com/jobs/bebb9053-e877-4654-aaf0-471fd37e8975
RR-3216,Additional,571.24,Michael Dietrich Commission,,T,4466.00,0.00,No,Repair,Roofing,Residential,571.24,3349.91,https://my.acculynx.com/jobs/bebb9053-e877-4654-aaf0-471fd37e8975
RR-3216,Paid,859.11,Material ACCOUNT National ,47529198,,4466.00,0.00,Yes,Repair,Roofing,Residential,571.24,3349.91,https://my.acculynx.com/jobs/bebb9053-e877-4654-aaf0-471fd37e8975
RR-3216,Paid,675.00,Labor CASH V&D Family Home Remodeling Corp Pay,,,4466.00,0.00,Yes,Repair,Roofing,Residential,571.24,3349.91,https://my.acculynx.com/jobs/bebb9053-e877-4654-aaf0-471fd37e8975
RR-3591,Paid,412.50,Labor CASH V&D Family Home Remodeling Corp Pay,,,2800.00,0.00,Yes,Repair,Roofing,Commercial,462.00,951.10,https://my.acculynx.com/jobs/c95ba10a-431b-49a1-9fe4-03a10226323b
RR-3591,Paid,76.60,Material ACCOUNT National ,0050583195-001,,2800.00,0.00,Yes,Repair,Roofing,Commercial,462.00,951.10,https://my.acculynx.com/jobs/c95ba10a-431b-49a1-9fe4-03a10226323b
RR-3591,Additional,462.00,Michael Dietrich Commission,,T,2800.00,0.00,No,Repair,Roofing,Commercial,462.00,951.10,https://my.acculynx.com/jobs/c95ba10a-431b-49a1-9fe4-03a10226323b
RR-3572,Paid,3900.77,Material ACCOUNT National,0050391138-001,,17929.74,0.00,Yes,New,Roofing,Residential,1913.08,10280.94,https://my.acculynx.com/jobs/c4614ae5-b35d-4db9-8518-1a4de44ce720
RR-3572,Paid,-89.72,Material ACCOUNT National Shop Returns,,(3) 1/2 Plywood,17929.74,0.00,Yes,New,Roofing,Residential,1913.08,10280.94,https://my.acculynx.com/jobs/c4614ae5-b35d-4db9-8518-1a4de44ce720
RR-3572,Paid,780.00,Labor Flawless Roofing Dump ,,,17929.74,0.00,Yes,New,Roofing,Residential,1913.08,10280.94,https://my.acculynx.com/jobs/c4614ae5-b35d-4db9-8518-1a4de44ce720
RR-3572,Additional,1913.08,Joseph Young Commission,,T,17929.74,0.00,No,New,Roofing,Residential,1913.08,10280.94,https://my.acculynx.com/jobs/c4614ae5-b35d-4db9-8518-1a4de44ce720
RR-3572,Paid,2985.00,Labor CASH Flawless Roofing Pay,,,17929.74,0.00,Yes,New,Roofing,Residential,1913.08,10280.94,https://my.acculynx.com/jobs/c4614ae5-b35d-4db9-8518-1a4de44ce720
RR-3572,Paid,1030.96,Dealer CC Fee,,Dealer Fee,17929.74,0.00,Yes,New,Roofing,Residential,1913.08,10280.94,https://my.acculynx.com/jobs/c4614ae5-b35d-4db9-8518-1a4de44ce720
RR-3572,Paid,-207.47,Material ACCOUNT National Returns,,(3) BD Duration Shingle(1) PC Prebent Step Flashing,17929.74,0.00,Yes,New,Roofing,Residential,1913.08,10280.94,https://my.acculynx.com/jobs/c4614ae5-b35d-4db9-8518-1a4de44ce720
RR-3572,Paid,-214.38,Material ACCOUNT National Shop Returns,,(5) 3/4 Plywood  in trailer,17929.74,0.00,Yes,New,Roofing,Residential,1913.08,10280.94,https://my.acculynx.com/jobs/c4614ae5-b35d-4db9-8518-1a4de44ce720
RR-3572,Paid,182.70,Platinum Warranty,OC-2026-WR-2356559,,17929.74,0.00,Yes,New,Roofing,Residential,1913.08,10280.94,https://my.acculynx.com/jobs/c4614ae5-b35d-4db9-8518-1a4de44ce720
RR-3412,Paid,-161.53,Material ACCOUNT National Shop Returns,,(2) 1/2 Plywood(9) 1x6 8ft Fascia - Kept on the truck,17700.43,0.00,Yes,New,Roofing,Residential,940.81,12369.19,https://my.acculynx.com/jobs/9319bbbb-9121-45d1-85b7-0966215cc7d7
RR-3412,Paid,815.63,Material AMEX American Chimney,44938,,17700.43,0.00,Yes,New,Roofing,Residential,940.81,12369.19,https://my.acculynx.com/jobs/9319bbbb-9121-45d1-85b7-0966215cc7d7
RR-3412,Paid,3892.82,Material ACCOUNT National,49076716,,17700.43,0.00,Yes,New,Roofing,Residential,940.81,12369.19,https://my.acculynx.com/jobs/9319bbbb-9121-45d1-85b7-0966215cc7d7
RR-3412,Additional,940.81,Michael Dietrich Commission,,T,17700.43,0.00,No,New,Roofing,Residential,940.81,12369.19,https://my.acculynx.com/jobs/9319bbbb-9121-45d1-85b7-0966215cc7d7
RR-3412,Paid,3001.50,Labor V&D Family Home Remodeling Corp Pay,,,17700.43,0.00,Yes,New,Roofing,Residential,940.81,12369.19,https://my.acculynx.com/jobs/9319bbbb-9121-45d1-85b7-0966215cc7d7
RR-3412,Paid,504.00,Labor V&D Family Home Remodeling Corp Dump,,,17700.43,0.00,Yes,New,Roofing,Residential,940.81,12369.19,https://my.acculynx.com/jobs/9319bbbb-9121-45d1-85b7-0966215cc7d7
RR-3412,Paid,1000.00,Labor All About Gutters,,,17700.43,0.00,Yes,New,Roofing,Residential,940.81,12369.19,https://my.acculynx.com/jobs/9319bbbb-9121-45d1-85b7-0966215cc7d7
RR-3412,Paid,402.22,Material ACCOUNT National,49205906,,17700.43,0.00,Yes,New,Roofing,Residential,940.81,12369.19,https://my.acculynx.com/jobs/9319bbbb-9121-45d1-85b7-0966215cc7d7
RR-3412,Paid,8.66,Material AMEX Home Depot,H6167-223447,,17700.43,0.00,Yes,New,Roofing,Residential,940.81,12369.19,https://my.acculynx.com/jobs/9319bbbb-9121-45d1-85b7-0966215cc7d7
RR-3412,Paid,165.41,Material AMEX Home Depot,H1202-381491,,17700.43,0.00,Yes,New,Roofing,Residential,940.81,12369.19,https://my.acculynx.com/jobs/9319bbbb-9121-45d1-85b7-0966215cc7d7
RR-3412,Paid,206.63,Platinum Warranty, OC-2026-WR-2307283,,17700.43,0.00,Yes,New,Roofing,Residential,940.81,12369.19,https://my.acculynx.com/jobs/9319bbbb-9121-45d1-85b7-0966215cc7d7
RR-3412,Paid,1593.04,Dealer CC Fee,,Dealer Fee,17700.43,0.00,Yes,New,Roofing,Residential,940.81,12369.19,https://my.acculynx.com/jobs/9319bbbb-9121-45d1-85b7-0966215cc7d7
RR-3235,Additional,1214.77,Michael Dietrich Commissions,,T,9911.33,0.00,No,Repair,Roofing,Residential,1214.77,4937.40,https://my.acculynx.com/jobs/065b31d4-c64d-4858-b5bb-d8c1d268368b
RR-3235,Paid,1350.00,Labor CASH V&D Family Home Remodeling Corp Pay,,,9911.33,0.00,Yes,Repair,Roofing,Residential,1214.77,4937.40,https://my.acculynx.com/jobs/065b31d4-c64d-4858-b5bb-d8c1d268368b
RR-3235,Paid,10.72,Material AMEX Home Depot,H1285-244871,,9911.33,0.00,Yes,Repair,Roofing,Residential,1214.77,4937.40,https://my.acculynx.com/jobs/065b31d4-c64d-4858-b5bb-d8c1d268368b
RR-3235,Paid,125.06,Material ACCOUNT National Shop,,(1) RL Trim Coil,9911.33,0.00,Yes,Repair,Roofing,Residential,1214.77,4937.40,https://my.acculynx.com/jobs/065b31d4-c64d-4858-b5bb-d8c1d268368b
RR-3235,Paid,1570.71,Material ACCOUNT National,47677642,,9911.33,0.00,Yes,Repair,Roofing,Residential,1214.77,4937.40,https://my.acculynx.com/jobs/065b31d4-c64d-4858-b5bb-d8c1d268368b
RR-3235,Paid,248.28,Material ACCOUNT Beacon,T277223,,9911.33,0.00,Yes,Repair,Roofing,Residential,1214.77,4937.40,https://my.acculynx.com/jobs/065b31d4-c64d-4858-b5bb-d8c1d268368b
RR-3235,Paid,495.57,Dealer CC Fee,,Dealer Fee,9911.33,0.00,Yes,Repair,Roofing,Residential,1214.77,4937.40,https://my.acculynx.com/jobs/065b31d4-c64d-4858-b5bb-d8c1d268368b
RR-3235,Paid,37.15,Material AMEX Home Depot,H1285-244870,,9911.33,0.00,Yes,Repair,Roofing,Residential,1214.77,4937.40,https://my.acculynx.com/jobs/065b31d4-c64d-4858-b5bb-d8c1d268368b
RR-3235,Paid,-114.86,Material ACCOUNT National Returns,,(2) GAF Timberline HDZ Shingles(2) TopShield Aluminum C45 Drip Edge,9911.33,0.00,No,Repair,Roofing,Residential,1214.77,4937.40,https://my.acculynx.com/jobs/065b31d4-c64d-4858-b5bb-d8c1d268368b
RR-3683,Paid,62.23,Material ACCOUNT ABC,2014304115-001,,4900.00,0.00,Yes,New,Gutters & Soffits,Residential,0.00,4520.92,https://my.acculynx.com/jobs/8604f505-eee0-4ce1-8600-e9ceab08d311
RR-3683,Paid,1358.69,Material ACCOUNT National,0051121338-001,,4900.00,0.00,Yes,New,Gutters & Soffits,Residential,0.00,4520.92,https://my.acculynx.com/jobs/8604f505-eee0-4ce1-8600-e9ceab08d311
RR-3683,Paid,950.00,Labor All About Gutters,,,4900.00,0.00,Yes,New,Gutters & Soffits,Residential,0.00,4520.92,https://my.acculynx.com/jobs/8604f505-eee0-4ce1-8600-e9ceab08d311
RR-3683,Paid,2150.00,Labor CASH V&D Family Home Remodeling Corp Pay,,,4900.00,0.00,Yes,New,Gutters & Soffits,Residential,0.00,4520.92,https://my.acculynx.com/jobs/8604f505-eee0-4ce1-8600-e9ceab08d311
RR-3683,Additional,0.00,Michael Dietrich Commission,,No Comm,4900.00,0.00,No,New,Gutters & Soffits,Residential,0.00,4520.92,https://my.acculynx.com/jobs/8604f505-eee0-4ce1-8600-e9ceab08d311
RR-3664,Paid,69.67,Dealer CC Fee,,CC Fee,1986.28,0.00,Yes,New,Gutters & Soffits,Residential,169.00,1312.82,https://my.acculynx.com/jobs/f9782661-b3cd-4e20-96be-5cdd6b369c6b
RR-3664,Paid,99.15,Material ACCOUNT National,0051010163-001,,1986.28,0.00,Yes,New,Gutters & Soffits,Residential,169.00,1312.82,https://my.acculynx.com/jobs/f9782661-b3cd-4e20-96be-5cdd6b369c6b
RR-3664,Paid,975.00,Labor All About Gutters,,,1986.28,0.00,Yes,New,Gutters & Soffits,Residential,169.00,1312.82,https://my.acculynx.com/jobs/f9782661-b3cd-4e20-96be-5cdd6b369c6b
RR-3664,Additional,169.00,Francesco Ambrosio Commission,,,1986.28,0.00,No,New,Gutters & Soffits,Residential,169.00,1312.82,https://my.acculynx.com/jobs/f9782661-b3cd-4e20-96be-5cdd6b369c6b
RR-3518,Paid,318.10,Material ACCOUNT National ,0050293005-002,,124000.00,0.00,Yes,New,Roofing,Residential,12750.26,72841.06,https://my.acculynx.com/jobs/2a9401ee-81d1-4dd3-b3b2-863dfae8653b
RR-3518,Paid,1542.64,Material ACCOUNT National ,0050153159-001,,124000.00,0.00,Yes,New,Roofing,Residential,12750.26,72841.06,https://my.acculynx.com/jobs/2a9401ee-81d1-4dd3-b3b2-863dfae8653b
RR-3518,Paid,1140.62,Material ACCOUNT National ,0050206896-001,,124000.00,0.00,Yes,New,Roofing,Residential,12750.26,72841.06,https://my.acculynx.com/jobs/2a9401ee-81d1-4dd3-b3b2-863dfae8653b
RR-3518,Paid,24356.72,Material ACCOUNT National,0050054897-001,,124000.00,0.00,Yes,New,Roofing,Residential,12750.26,72841.06,https://my.acculynx.com/jobs/2a9401ee-81d1-4dd3-b3b2-863dfae8653b
RR-3663,Additional,0.00,Francesco Ambrosio Commission,,No Comm,2500.00,0.00,No,Repair,Roofing,Residential,0.00,2652.02,https://my.acculynx.com/jobs/ec6ce2ad-3a42-4818-8292-9d5aa5590f3e
RR-3663,Paid,218.75,Sales Tax,,,2500.00,0.00,Yes,Repair,Roofing,Residential,0.00,2652.02,https://my.acculynx.com/jobs/ec6ce2ad-3a42-4818-8292-9d5aa5590f3e
RR-3663,Paid,587.23,Material ACCOUNT National,0051069390-001,,2500.00,0.00,Yes,Repair,Roofing,Residential,0.00,2652.02,https://my.acculynx.com/jobs/ec6ce2ad-3a42-4818-8292-9d5aa5590f3e
RR-3518,Paid,-434.61,Material ACCOUNT National Returns ,,(5) 1x4x18(2) 1x6x16- National picked it up,124000.00,0.00,Yes,New,Roofing,Residential,12750.26,72841.06,https://my.acculynx.com/jobs/2a9401ee-81d1-4dd3-b3b2-863dfae8653b
RR-3518,Paid,11000.00,Labor V&D Family Home Remodeling Corp Pay,,Maha Paid on 07/22,124000.00,0.00,Yes,New,Roofing,Residential,12750.26,72841.06,https://my.acculynx.com/jobs/2a9401ee-81d1-4dd3-b3b2-863dfae8653b
RR-3518,Paid,500.00,Labor Zion Electrical Contracting INC,,,124000.00,0.00,Yes,New,Roofing,Residential,12750.26,72841.06,https://my.acculynx.com/jobs/2a9401ee-81d1-4dd3-b3b2-863dfae8653b
RR-3518,Paid,17600.00,Labor V&D Family Home Remodeling Corp Pay,,,124000.00,0.00,Yes,New,Roofing,Residential,12750.26,72841.06,https://my.acculynx.com/jobs/2a9401ee-81d1-4dd3-b3b2-863dfae8653b
RR-3518,Paid,2700.00,Labor CASH V&D Family Home Remodeling Corp Dump,,,124000.00,0.00,Yes,New,Roofing,Residential,12750.26,72841.06,https://my.acculynx.com/jobs/2a9401ee-81d1-4dd3-b3b2-863dfae8653b
RR-3518,Paid,577.46,Platinum Warranty ,OC-2026-WR-2351936,,124000.00,0.00,Yes,New,Roofing,Residential,12750.26,72841.06,https://my.acculynx.com/jobs/2a9401ee-81d1-4dd3-b3b2-863dfae8653b
RR-3699,Paid,-85.56,Material ACCOUNT National Returns,0051454431-001,(2) bundles of OC Shingles ,18998.40,0.00,Yes,New,Roofing,Residential,1274.00,13903.56,https://my.acculynx.com/jobs/b95a796a-eca4-4d43-a653-9dbd21077cf0
RR-3699,Additional,1274.00,Joseph Young Commission,,T,18998.40,0.00,No,New,Roofing,Residential,1274.00,13903.56,https://my.acculynx.com/jobs/b95a796a-eca4-4d43-a653-9dbd21077cf0
RR-3699,Paid,1033.13,Material AMEX American Chimney,45306,,18998.40,0.00,Yes,New,Roofing,Residential,1274.00,13903.56,https://my.acculynx.com/jobs/b95a796a-eca4-4d43-a653-9dbd21077cf0
RR-3699,Paid,5621.63,Material ACCOUNT National,0051178002-001,,18998.40,0.00,Yes,New,Roofing,Residential,1274.00,13903.56,https://my.acculynx.com/jobs/b95a796a-eca4-4d43-a653-9dbd21077cf0
RR-3699,Paid,1530.00,Labor Flawless Roofing Dump ,,,18998.40,0.00,Yes,New,Roofing,Residential,1274.00,13903.56,https://my.acculynx.com/jobs/b95a796a-eca4-4d43-a653-9dbd21077cf0
RR-3699,Paid,4240.00,Labor Flawless Roofing Pay,,,18998.40,0.00,Yes,New,Roofing,Residential,1274.00,13903.56,https://my.acculynx.com/jobs/b95a796a-eca4-4d43-a653-9dbd21077cf0
RR-3681,Paid,183.75,Sales Tax,,,2100.00,0.00,Yes,Repair,Roofing,Residential,213.00,1246.43,https://my.acculynx.com/jobs/b07d1909-b3a2-454f-be52-c60bbc6ae2bc
RR-3681,Paid,-42.77,Material ACCOUNT National Returns ,,(1) BD Duration Shingle ,2100.00,0.00,Yes,Repair,Roofing,Residential,213.00,1246.43,https://my.acculynx.com/jobs/b07d1909-b3a2-454f-be52-c60bbc6ae2bc
RR-3681,Paid,90.02,Material AMEX Home Depot,H1265-388842,,2100.00,0.00,Yes,Repair,Roofing,Residential,213.00,1246.43,https://my.acculynx.com/jobs/b07d1909-b3a2-454f-be52-c60bbc6ae2bc
RR-3681,Paid,483.34,Labor CASH V&D Family Home Remodeling Corp Pay,,,2100.00,0.00,Yes,Repair,Roofing,Residential,213.00,1246.43,https://my.acculynx.com/jobs/b07d1909-b3a2-454f-be52-c60bbc6ae2bc
RR-3681,Additional,213.00,Michael Dietrich Commission,,T,2100.00,0.00,No,Repair,Roofing,Residential,213.00,1246.43,https://my.acculynx.com/jobs/b07d1909-b3a2-454f-be52-c60bbc6ae2bc
RR-3681,Paid,319.09,Material ACCOUNT National,0051090291-001,,2100.00,0.00,Yes,Repair,Roofing,Residential,213.00,1246.43,https://my.acculynx.com/jobs/b07d1909-b3a2-454f-be52-c60bbc6ae2bc
RR-3684,Additional,1350.00,Joseph Young Commission,,T,26410.36,0.00,No,New,Roofing,Residential,1350.00,21011.37,https://my.acculynx.com/jobs/7b3c76d2-220a-4b96-abc6-2733a6b80145
RR-3684,Paid,381.72,Material ACCOUNT National,0051209038-001,,26410.36,0.00,Yes,New,Roofing,Residential,1350.00,21011.37,https://my.acculynx.com/jobs/7b3c76d2-220a-4b96-abc6-2733a6b80145
RR-3684,Paid,175.52,Material ACCOUNT National,0051218358-001,,26410.36,0.00,Yes,New,Roofing,Residential,1350.00,21011.37,https://my.acculynx.com/jobs/7b3c76d2-220a-4b96-abc6-2733a6b80145
RR-3684,Paid,570.52,Dealer CC Fee,,Dealer Fee,26410.36,0.00,Yes,New,Roofing,Residential,1350.00,21011.37,https://my.acculynx.com/jobs/7b3c76d2-220a-4b96-abc6-2733a6b80145
RR-3684,Paid,5760.00,Labor V&D Family Home Remodeling Corp Pay,,,26410.36,0.00,Yes,New,Roofing,Residential,1350.00,21011.37,https://my.acculynx.com/jobs/7b3c76d2-220a-4b96-abc6-2733a6b80145
RR-3684,Paid,800.00,Other Job Expenses Referral Fee,,,26410.36,0.00,Yes,New,Roofing,Residential,1350.00,21011.37,https://my.acculynx.com/jobs/7b3c76d2-220a-4b96-abc6-2733a6b80145
RR-3684,Paid,213.88,Material ACCOUNT National,0051192792-001,,26410.36,0.00,Yes,New,Roofing,Residential,1350.00,21011.37,https://my.acculynx.com/jobs/7b3c76d2-220a-4b96-abc6-2733a6b80145
RR-3684,Paid,8636.17,Material ACCOUNT National,0051105807-001,,26410.36,0.00,Yes,New,Roofing,Residential,1350.00,21011.37,https://my.acculynx.com/jobs/7b3c76d2-220a-4b96-abc6-2733a6b80145
RR-3684,Paid,386.06,Platinum Warranty ,OC-2026-WR-2383775,,26410.36,0.00,Yes,New,Roofing,Residential,1350.00,21011.37,https://my.acculynx.com/jobs/7b3c76d2-220a-4b96-abc6-2733a6b80145
RR-3684,Paid,500.00,Labor Zion Electrical Contracting INC,,,26410.36,0.00,Yes,New,Roofing,Residential,1350.00,21011.37,https://my.acculynx.com/jobs/7b3c76d2-220a-4b96-abc6-2733a6b80145
RR-3684,Paid,157.97,Material ACCOUNT National,0051174910-001,,26410.36,0.00,Yes,New,Roofing,Residential,1350.00,21011.37,https://my.acculynx.com/jobs/7b3c76d2-220a-4b96-abc6-2733a6b80145
RR-3684,Paid,149.53,Material ACCOUNT National Shop,,(5) 1/2 Plywood,26410.36,0.00,Yes,New,Roofing,Residential,1350.00,21011.37,https://my.acculynx.com/jobs/7b3c76d2-220a-4b96-abc6-2733a6b80145
RR-3684,Paid,1930.00,Labor V&D Family Home Remodeling Corp Dump,,,26410.36,0.00,Yes,New,Roofing,Residential,1350.00,21011.37,https://my.acculynx.com/jobs/7b3c76d2-220a-4b96-abc6-2733a6b80145
RR-3565,Paid,656.86,Material ACCOUNT National,0050682688-001,,5600.00,0.00,Yes,Repair,Roofing,Residential,241.08,4501.74,https://my.acculynx.com/jobs/5b79dc3c-3c65-4c60-ae6b-b2dca7f08efe
RR-3565,Paid,1603.80,Material ACCOUNT National ,0050363809-001,,5600.00,0.00,Yes,Repair,Roofing,Residential,241.08,4501.74,https://my.acculynx.com/jobs/5b79dc3c-3c65-4c60-ae6b-b2dca7f08efe
RR-3565,Additional,241.08,Joseph Young Commission,,production missed a chance to sell and upgrade. Rep should not be held accountable (T),5600.00,0.00,No,Repair,Roofing,Residential,241.08,4501.74,https://my.acculynx.com/jobs/5b79dc3c-3c65-4c60-ae6b-b2dca7f08efe
RR-3565,Paid,400.00,Labor V&D Family Home Remodeling Corp Dump,,,5600.00,0.00,Yes,Repair,Roofing,Residential,241.08,4501.74,https://my.acculynx.com/jobs/5b79dc3c-3c65-4c60-ae6b-b2dca7f08efe
RR-3565,Paid,1600.00,Labor V&D Family Home Remodeling Corp Pay,,,5600.00,0.00,Yes,Repair,Roofing,Residential,241.08,4501.74,https://my.acculynx.com/jobs/5b79dc3c-3c65-4c60-ae6b-b2dca7f08efe
RR-3234,Paid,85.56,Material ACCOUNT National,0047677417-002 1,,12180.00,0.00,Yes,Repair,Roofing,Residential,1434.02,6443.91,https://my.acculynx.com/jobs/4f73d442-4ddb-4fa4-a751-d70b155ea51c
RR-3234,Paid,2136.79,Material ACCOUNT National,0047677417-001 1,,12180.00,0.00,Yes,Repair,Roofing,Residential,1434.02,6443.91,https://my.acculynx.com/jobs/4f73d442-4ddb-4fa4-a751-d70b155ea51c
RR-3234,Paid,1600.00,Labor CASH V&D Family Home Remodeling Corp Pay,,,12180.00,0.00,Yes,Repair,Roofing,Residential,1434.02,6443.91,https://my.acculynx.com/jobs/4f73d442-4ddb-4fa4-a751-d70b155ea51c
RR-3234,Paid,-125.06,Material ACCOUNT National Shop Returns,,(1) BD Step Flashing(1) BX Roofing Nails,12180.00,0.00,Yes,Repair,Roofing,Residential,1434.02,6443.91,https://my.acculynx.com/jobs/4f73d442-4ddb-4fa4-a751-d70b155ea51c
RR-3234,Paid,278.13,Material ACCOUNT National,47830562,,12180.00,0.00,Yes,Repair,Roofing,Residential,1434.02,6443.91,https://my.acculynx.com/jobs/4f73d442-4ddb-4fa4-a751-d70b155ea51c
RR-3234,Paid,78.84,Material ACCOUNT National Shop,,(1) Ice Water Shield,12180.00,0.00,Yes,Repair,Roofing,Residential,1434.02,6443.91,https://my.acculynx.com/jobs/4f73d442-4ddb-4fa4-a751-d70b155ea51c
RR-3234,Additional,1433.20,Francesco Ambrosio Commission,,T,12180.00,0.00,No,Repair,Roofing,Residential,1434.02,6443.91,https://my.acculynx.com/jobs/4f73d442-4ddb-4fa4-a751-d70b155ea51c
RR-3234,Paid,1144.66,Dealer CC Fee,,,12180.00,0.00,Yes,Repair,Roofing,Residential,1434.02,6443.91,https://my.acculynx.com/jobs/4f73d442-4ddb-4fa4-a751-d70b155ea51c
RR-3234,Paid,-189.03,Material ACCOUNT National Returns,,(4) 1/2" Plywood(1) ¾” Plywood(1) BD Duration Shingles,12180.00,0.00,Yes,Repair,Roofing,Residential,1434.02,6443.91,https://my.acculynx.com/jobs/4f73d442-4ddb-4fa4-a751-d70b155ea51c
RR-3234,Additional,0.82,Commissions Adjustments,,,12180.00,0.00,No,Repair,Roofing,Residential,1434.02,6443.91,https://my.acculynx.com/jobs/4f73d442-4ddb-4fa4-a751-d70b155ea51c
RR-3548,Additional,-340.00,Michael Dietrich Commission Adj,,,34000.09,0.00,No,New,Roofing,Commercial,3957.65,18333.35,https://my.acculynx.com/jobs/fca26e67-f419-4e44-9750-20a71099c713
RR-3548,Paid,8000.00,Labor Brentwood Roofing And Contracting Inc,,,34000.09,0.00,Yes,New,Roofing,Commercial,3957.65,18333.35,https://my.acculynx.com/jobs/fca26e67-f419-4e44-9750-20a71099c713
RR-3548,Paid,4511.82,Material ACCOUNT National,0050249323-001,,34000.09,0.00,Yes,New,Roofing,Commercial,3957.65,18333.35,https://my.acculynx.com/jobs/fca26e67-f419-4e44-9750-20a71099c713
RR-3548,Additional,4297.65,Michael Dietrich commission,,T,34000.09,0.00,No,New,Roofing,Commercial,3957.65,18333.35,https://my.acculynx.com/jobs/fca26e67-f419-4e44-9750-20a71099c713
RR-3548,Paid,163.87,Material ACCOUNT National ,46239,,34000.09,0.00,No,New,Roofing,Commercial,3957.65,18333.35,https://my.acculynx.com/jobs/fca26e67-f419-4e44-9750-20a71099c713
RR-3548,Paid,1700.01,Dealer CC Fee,,,34000.09,0.00,No,New,Roofing,Commercial,3957.65,18333.35,https://my.acculynx.com/jobs/fca26e67-f419-4e44-9750-20a71099c713
RR-3493,Paid,2160.00,Labor All About Gutters,,,39390.14,0.00,Yes,New,Roofing,Residential,2443.98,29528.63,https://my.acculynx.com/jobs/69b35cdc-6fe1-47f8-965c-bfff40a8ac5d
RR-3493,Paid,-85.56,Material ACCOUNT National Returns,,,39390.14,0.00,Yes,New,Roofing,Residential,2443.98,29528.63,https://my.acculynx.com/jobs/69b35cdc-6fe1-47f8-965c-bfff40a8ac5d
RR-3493,Paid,750.00,Labor Zion Electrical Contracting INC,,,39390.14,0.00,Yes,New,Roofing,Residential,2443.98,29528.63,https://my.acculynx.com/jobs/69b35cdc-6fe1-47f8-965c-bfff40a8ac5d
RR-3493,Paid,5600.00,Labor Ian RenewUSA solar,,,39390.14,0.00,Yes,New,Roofing,Residential,2443.98,29528.63,https://my.acculynx.com/jobs/69b35cdc-6fe1-47f8-965c-bfff40a8ac5d
RR-3493,Paid,1230.00,Labor V&D Family Home Remodeling Corp Dump,,,39390.14,0.00,Yes,New,Roofing,Residential,2443.98,29528.63,https://my.acculynx.com/jobs/69b35cdc-6fe1-47f8-965c-bfff40a8ac5d
RR-3493,Paid,409.99,Platinum Warranty,OC-2026-WR-2338203,,39390.14,0.00,Yes,New,Roofing,Residential,2443.98,29528.63,https://my.acculynx.com/jobs/69b35cdc-6fe1-47f8-965c-bfff40a8ac5d
RR-3493,Paid,5910.00,Labor V&D Family Home Remodeling Corp Pay,,,39390.14,0.00,Yes,New,Roofing,Residential,2443.98,29528.63,https://my.acculynx.com/jobs/69b35cdc-6fe1-47f8-965c-bfff40a8ac5d
RR-3493,Paid,1969.51,Dealer CC Fee,,Dealer Fee,39390.14,0.00,Yes,New,Roofing,Residential,2443.98,29528.63,https://my.acculynx.com/jobs/69b35cdc-6fe1-47f8-965c-bfff40a8ac5d
RR-3493,Paid,9140.71,Material ACCOUNT National,,0049778872-001,39390.14,0.00,Yes,New,Roofing,Residential,2443.98,29528.63,https://my.acculynx.com/jobs/69b35cdc-6fe1-47f8-965c-bfff40a8ac5d
RR-3493,Additional,2443.98,Michael Dietrich commission,,T,39390.14,0.00,No,New,Roofing,Residential,2443.98,29528.63,https://my.acculynx.com/jobs/69b35cdc-6fe1-47f8-965c-bfff40a8ac5d
RR-3700,Paid,1419.60,Material ACCOUNT National,0051355957-001,,3500.00,0.00,Yes,Repair,Roofing,Residential,208.00,2669.10,https://my.acculynx.com/jobs/d8bb6692-8cc8-45b4-bf5a-c8f3c4c3fac3
RR-3700,Paid,925.00,Labor CASH V&D Family Home Remodeling Corp Pay,,,3500.00,0.00,Yes,Repair,Roofing,Residential,208.00,2669.10,https://my.acculynx.com/jobs/d8bb6692-8cc8-45b4-bf5a-c8f3c4c3fac3
RR-3700,Paid,150.00,Labor CASH V&D Family Home Remodeling Corp Dump,,,3500.00,0.00,Yes,Repair,Roofing,Residential,208.00,2669.10,https://my.acculynx.com/jobs/d8bb6692-8cc8-45b4-bf5a-c8f3c4c3fac3
RR-3700,Additional,208.00,Francesco Ambrosio Commission,,T,3500.00,0.00,No,Repair,Roofing,Residential,208.00,2669.10,https://my.acculynx.com/jobs/d8bb6692-8cc8-45b4-bf5a-c8f3c4c3fac3
RR-3700,Paid,-33.50,Material ACCOUNT National Returns ,,(1) 1/2 Plywood - Returned to trailer,3500.00,0.00,Yes,Repair,Roofing,Residential,208.00,2669.10,https://my.acculynx.com/jobs/d8bb6692-8cc8-45b4-bf5a-c8f3c4c3fac3
RR-3438,Paid,725.00,Labor V&D Family Home Remodeling Corp Pay,,,1850.00,0.00,Yes,Repair,Roofing,Residential,0.00,1856.72,https://my.acculynx.com/jobs/42bc4c03-e84f-41ef-831d-8689934e830d
RR-3438,Paid,161.88,Sales Tax,,,1850.00,0.00,Yes,Repair,Roofing,Residential,0.00,1856.72,https://my.acculynx.com/jobs/42bc4c03-e84f-41ef-831d-8689934e830d
RR-3438,Paid,474.58,Material ACCOUNT National,49248215,,1850.00,0.00,Yes,Repair,Roofing,Residential,0.00,1856.72,https://my.acculynx.com/jobs/42bc4c03-e84f-41ef-831d-8689934e830d
RR-3438,Paid,495.26,Material ACCOUNT National,0049470083-001,,1850.00,0.00,No,Repair,Roofing,Residential,0.00,1856.72,https://my.acculynx.com/jobs/42bc4c03-e84f-41ef-831d-8689934e830d
RR-3455,Paid,49.32,Material ACCOUNT Beacon,US55554,,17300.00,0.00,Yes,New,Roofing,Residential,1393.52,11725.80,https://my.acculynx.com/jobs/047a4b10-4c8f-478a-bc78-2f77ad29b156
RR-3455,Paid,218.59,Platinum Warranty,OC-2026-WR-2321211,,17300.00,0.00,Yes,New,Roofing,Residential,1393.52,11725.80,https://my.acculynx.com/jobs/047a4b10-4c8f-478a-bc78-2f77ad29b156
RR-3455,Paid,641.08,Material ACCOUNT National,0049498174-001,,17300.00,0.00,Yes,New,Roofing,Residential,1393.52,11725.80,https://my.acculynx.com/jobs/047a4b10-4c8f-478a-bc78-2f77ad29b156
RR-3455,Paid,6150.58,Material ACCOUNT National,0049382323-001,,17300.00,0.00,Yes,New,Roofing,Residential,1393.52,11725.80,https://my.acculynx.com/jobs/047a4b10-4c8f-478a-bc78-2f77ad29b156
RR-3455,Paid,630.00,Labor V&D Family Home Remodeling Corp Dump,,,17300.00,0.00,Yes,New,Roofing,Residential,1393.52,11725.80,https://my.acculynx.com/jobs/047a4b10-4c8f-478a-bc78-2f77ad29b156
RR-3455,Paid,299.06,Material ACCOUNT National Shop,,(10) 1/2 Plywood,17300.00,0.00,Yes,New,Roofing,Residential,1393.52,11725.80,https://my.acculynx.com/jobs/047a4b10-4c8f-478a-bc78-2f77ad29b156
RR-3455,Paid,3540.00,Labor V&D Family Home Remodeling Corp Pay,,,17300.00,0.00,Yes,New,Roofing,Residential,1393.52,11725.80,https://my.acculynx.com/jobs/047a4b10-4c8f-478a-bc78-2f77ad29b156
RR-3455,Additional,1393.52,Michael Dietrich Commission,,T,17300.00,0.00,No,New,Roofing,Residential,1393.52,11725.80,https://my.acculynx.com/jobs/047a4b10-4c8f-478a-bc78-2f77ad29b156
RR-3455,Paid,-1196.35,Material ACCOUNT National Returns,,(28) BD Duration Shingle,17300.00,0.00,Yes,New,Roofing,Residential,1393.52,11725.80,https://my.acculynx.com/jobs/047a4b10-4c8f-478a-bc78-2f77ad29b156
RR-3638,Paid,628.00,Labor CASH V&D Family Home Remodeling Corp Dump,,,16151.55,0.00,Yes,Repair,Roofing,Residential,1568.00,9877.23,https://my.acculynx.com/jobs/f9d5f924-da11-4faf-9478-e91ec6fd6ab8
RR-3638,Paid,2280.00,Labor V&D Family Home Remodeling Corp Pay,,,16151.55,0.00,Yes,Repair,Roofing,Residential,1568.00,9877.23,https://my.acculynx.com/jobs/f9d5f924-da11-4faf-9478-e91ec6fd6ab8
RR-3638,Paid,258.83,Material AMEX Home Depot,H1202-395484,,16151.55,0.00,Yes,Repair,Roofing,Residential,1568.00,9877.23,https://my.acculynx.com/jobs/f9d5f924-da11-4faf-9478-e91ec6fd6ab8
RR-3638,Paid,110.68,Material ACCOUNT National,0051003104-001,,16151.55,0.00,Yes,Repair,Roofing,Residential,1568.00,9877.23,https://my.acculynx.com/jobs/f9d5f924-da11-4faf-9478-e91ec6fd6ab8
RR-3638,Paid,125.62,Material ACCOUNT National,0050975174-002,,16151.55,0.00,Yes,Repair,Roofing,Residential,1568.00,9877.23,https://my.acculynx.com/jobs/f9d5f924-da11-4faf-9478-e91ec6fd6ab8
RR-3638,Paid,63.28,Material AMEX Home Depot,H6955-250650,,16151.55,0.00,Yes,Repair,Roofing,Residential,1568.00,9877.23,https://my.acculynx.com/jobs/f9d5f924-da11-4faf-9478-e91ec6fd6ab8
RR-3638,Paid,2967.49,Material ACCOUNT National,0050908536-001 ,,16151.55,0.00,Yes,Repair,Roofing,Residential,1568.00,9877.23,https://my.acculynx.com/jobs/f9d5f924-da11-4faf-9478-e91ec6fd6ab8
RR-3638,Paid,1348.90,Material ACCOUNT National,0050975174-002,,16151.55,0.00,Yes,Repair,Roofing,Residential,1568.00,9877.23,https://my.acculynx.com/jobs/f9d5f924-da11-4faf-9478-e91ec6fd6ab8
RR-3638,Paid,-119.63,Material ACCOUNT National Shop Returns,,(4) 1/2 Kept in the trailer ,16151.55,0.00,Yes,Repair,Roofing,Residential,1568.00,9877.23,https://my.acculynx.com/jobs/f9d5f924-da11-4faf-9478-e91ec6fd6ab8
RR-3638,Additional,1568.00,Michael Dietrich Commission,,T,16151.55,0.00,No,Repair,Roofing,Residential,1568.00,9877.23,https://my.acculynx.com/jobs/f9d5f924-da11-4faf-9478-e91ec6fd6ab8
RR-3638,Paid,646.06,Dealer CC Fee,,Dealer Fee 4%,16151.55,0.00,Yes,Repair,Roofing,Residential,1568.00,9877.23,https://my.acculynx.com/jobs/f9d5f924-da11-4faf-9478-e91ec6fd6ab8
RR-3387,Paid,725.00,Labor CASH V&D Family Home Remodeling Corp Pay,,,2200.00,0.00,Yes,Repair,Roofing,Residential,258.67,1165.30,https://my.acculynx.com/jobs/fa6dbade-2553-4b61-98c4-25e5465ff0fa
RR-3387,Paid,270.08,Material ACCOUNT National,0048790345-001,,2200.00,0.00,Yes,Repair,Roofing,Residential,258.67,1165.30,https://my.acculynx.com/jobs/fa6dbade-2553-4b61-98c4-25e5465ff0fa
RR-3387,Paid,-88.45,Material ACCOUNT National Shop Returns,,(2) BD GAF Shingle,2200.00,0.00,Yes,Repair,Roofing,Residential,258.67,1165.30,https://my.acculynx.com/jobs/fa6dbade-2553-4b61-98c4-25e5465ff0fa
RR-3387,Additional,258.67,Francesco Ambrosio Commission,,T,2200.00,0.00,No,Repair,Roofing,Residential,258.67,1165.30,https://my.acculynx.com/jobs/fa6dbade-2553-4b61-98c4-25e5465ff0fa
RR-3524,Paid,1083.03,Material ACCOUNT National,0050216624-001,,3255.00,0.00,Yes,Repair,Roofing,Residential,238.60,2001.31,https://my.acculynx.com/jobs/b79a6a60-b81b-42c3-a37d-e05560b78add
RR-3524,Paid,725.00,Labor V&D Family Home Remodeling Corp Pay,,,3255.00,0.00,Yes,Repair,Roofing,Residential,238.60,2001.31,https://my.acculynx.com/jobs/b79a6a60-b81b-42c3-a37d-e05560b78add
RR-3524,Paid,-45.32,Material ACCOUNT National Returns,,(1) BD GAF Shingle,3255.00,0.00,Yes,Repair,Roofing,Residential,238.60,2001.31,https://my.acculynx.com/jobs/b79a6a60-b81b-42c3-a37d-e05560b78add
RR-3524,Additional,238.60,Joseph Young Commission,,T,3255.00,0.00,No,Repair,Roofing,Residential,238.60,2001.31,https://my.acculynx.com/jobs/b79a6a60-b81b-42c3-a37d-e05560b78add
RR-3677,Paid,5447.78,Material ACCOUNT National,0051170677-001,,20478.40,0.00,Yes,New,Roofing,Residential,1973.00,12500.46,https://my.acculynx.com/jobs/fa837089-5f32-4466-bfee-9d25b2606bda
RR-3677,Paid,356.50,Material ACCOUNT National,0051318434-001,,20478.40,0.00,Yes,New,Roofing,Residential,1973.00,12500.46,https://my.acculynx.com/jobs/fa837089-5f32-4466-bfee-9d25b2606bda
RR-3677,Paid,266.44,Platinum Warranty ,OC-2026-WR-2388630,,20478.40,0.00,Yes,New,Roofing,Residential,1973.00,12500.46,https://my.acculynx.com/jobs/fa837089-5f32-4466-bfee-9d25b2606bda
RR-3677,Paid,3715.00,Labor SWJ Construction Pay,,,20478.40,0.00,Yes,New,Roofing,Residential,1973.00,12500.46,https://my.acculynx.com/jobs/fa837089-5f32-4466-bfee-9d25b2606bda
RR-3677,Paid,1165.00,Labor SWJ Construction Dump,,,20478.40,0.00,Yes,New,Roofing,Residential,1973.00,12500.46,https://my.acculynx.com/jobs/fa837089-5f32-4466-bfee-9d25b2606bda
RR-3677,Additional,1973.00,Michael Dietrich Commission,,T,20478.40,0.00,No,New,Roofing,Residential,1973.00,12500.46,https://my.acculynx.com/jobs/fa837089-5f32-4466-bfee-9d25b2606bda
RR-3677,Paid,-423.26,Material ACCOUNT National Returns ,0051429481-001,(6) BD Duration Shingle (1) BD OC Ridge Caps (1) RL Ridge Vent,20478.40,0.00,Yes,New,Roofing,Residential,1973.00,12500.46,https://my.acculynx.com/jobs/fa837089-5f32-4466-bfee-9d25b2606bda
RR-3701,Additional,1493.00,Michael Dietrich Commission,,T,21000.00,0.00,No,New,Roofing,Residential,1493.00,14901.02,https://my.acculynx.com/jobs/3d1c0130-c110-4f44-98df-30e4a0bb6c6e
RR-3701,Paid,-128.76,Material ACCOUNT National Returns,0051393815-001,added from skill - missing,21000.00,0.00,No,New,Roofing,Residential,1493.00,14901.02,https://my.acculynx.com/jobs/3d1c0130-c110-4f44-98df-30e4a0bb6c6e
RR-3594,Paid,265.90,Material ACCOUNT National ,0050526245-002,,29807.30,0.00,Yes,New,Roofing,Residential,2657.38,19182.14,https://my.acculynx.com/jobs/f30c1b31-daec-409f-8640-07369b7a58ac
RR-3594,Paid,9228.30,Material ACCOUNT National ,0050526245-001,,29807.30,0.00,Yes,New,Roofing,Residential,2657.38,19182.14,https://my.acculynx.com/jobs/f30c1b31-daec-409f-8640-07369b7a58ac
RR-3594,Paid,5230.00,Labor Flawless Roofing Pay,,,29807.30,0.00,Yes,New,Roofing,Residential,2657.38,19182.14,https://my.acculynx.com/jobs/f30c1b31-daec-409f-8640-07369b7a58ac
RR-3594,Paid,97.85,Material AMEX Home Depot,H1265-383834,,29807.30,0.00,Yes,New,Roofing,Residential,2657.38,19182.14,https://my.acculynx.com/jobs/f30c1b31-daec-409f-8640-07369b7a58ac
RR-3594,Paid,386.06,Platinum Warranty ,OC-2026-WR-2361127,,29807.30,0.00,Yes,New,Roofing,Residential,2657.38,19182.14,https://my.acculynx.com/jobs/f30c1b31-daec-409f-8640-07369b7a58ac
RR-3594,Additional,2657.38,Michael Dietrich Commission,,T,29807.30,0.00,No,New,Roofing,Residential,2657.38,19182.14,https://my.acculynx.com/jobs/f30c1b31-daec-409f-8640-07369b7a58ac
RR-3594,Paid,1660.00,Labor Flawless Roofing Dump,,,29807.30,0.00,Yes,New,Roofing,Residential,2657.38,19182.14,https://my.acculynx.com/jobs/f30c1b31-daec-409f-8640-07369b7a58ac
RR-3594,Paid,-343.35,Material ACCOUNT National Returns ,,(4) BD Designer Shingle(2)  Hip&Ridge,29807.30,0.00,Yes,New,Roofing,Residential,2657.38,19182.14,https://my.acculynx.com/jobs/f30c1b31-daec-409f-8640-07369b7a58ac
RR-3687,Paid,6257.30,Material ACCOUNT National,0051121180-001,,20437.88,0.00,Yes,New,Roofing,Residential,1783.00,13329.61,https://my.acculynx.com/jobs/6417c44b-e577-4fd1-b0b8-34ddc5e64e6d
RR-3687,Paid,169.12,Material ACCOUNT National,0051337443-001,,20437.88,0.00,Yes,New,Roofing,Residential,1783.00,13329.61,https://my.acculynx.com/jobs/6417c44b-e577-4fd1-b0b8-34ddc5e64e6d
RR-3687,Paid,314.29,Platinum Warranty ,OC-2026-WR-2388632,,20437.88,0.00,Yes,New,Roofing,Residential,1783.00,13329.61,https://my.acculynx.com/jobs/6417c44b-e577-4fd1-b0b8-34ddc5e64e6d
RR-3687,Paid,61.98,Material ACCOUNT National,0051346799-001,,20437.88,0.00,Yes,New,Roofing,Residential,1783.00,13329.61,https://my.acculynx.com/jobs/6417c44b-e577-4fd1-b0b8-34ddc5e64e6d
RR-3687,Paid,3415.00,Labor SWJ Construction Pay,,,20437.88,0.00,Yes,New,Roofing,Residential,1783.00,13329.61,https://my.acculynx.com/jobs/6417c44b-e577-4fd1-b0b8-34ddc5e64e6d
RR-3687,Additional,1783.00,Joseph Young Commission,,T,20437.88,0.00,No,New,Roofing,Residential,1783.00,13329.61,https://my.acculynx.com/jobs/6417c44b-e577-4fd1-b0b8-34ddc5e64e6d
RR-3687,Paid,1259.00,Labor SWJ Construction Dump,,,20437.88,0.00,Yes,New,Roofing,Residential,1783.00,13329.61,https://my.acculynx.com/jobs/6417c44b-e577-4fd1-b0b8-34ddc5e64e6d
RR-3687,Paid,521.89,Dealer CC Fee,,,20437.88,0.00,Yes,New,Roofing,Residential,1783.00,13329.61,https://my.acculynx.com/jobs/6417c44b-e577-4fd1-b0b8-34ddc5e64e6d
RR-3687,Paid,-451.97,Material ACCOUNT National Returns ,0051429534-001,(9) BD Duration Shingle (2) 1/2 Plywood,20437.88,0.00,Yes,New,Roofing,Residential,1783.00,13329.61,https://my.acculynx.com/jobs/6417c44b-e577-4fd1-b0b8-34ddc5e64e6d
RR-3576,Paid,725.00,Labor V&D Family Home Remodeling Corp Pay,,,2000.00,0.00,Yes,Repair,Roofing,Residential,152.35,1390.61,https://my.acculynx.com/jobs/35568da9-2f06-457e-a80c-712bffd2e777
RR-3576,Additional,152.35,Francesco Ambrosio Commission,,T,2000.00,0.00,No,Repair,Roofing,Residential,152.35,1390.61,https://my.acculynx.com/jobs/35568da9-2f06-457e-a80c-712bffd2e777
RR-3576,Paid,338.26,Material ACCOUNT National,0050438970-001,,2000.00,0.00,Yes,Repair,Roofing,Residential,152.35,1390.61,https://my.acculynx.com/jobs/35568da9-2f06-457e-a80c-712bffd2e777
RR-3576,Paid,175.00,Sales Tax,,,2000.00,0.00,Yes,Repair,Roofing,Residential,152.35,1390.61,https://my.acculynx.com/jobs/35568da9-2f06-457e-a80c-712bffd2e777
RR-3623,Additional,-106.00,Joseph Young Commission,,,28578.51,0.00,No,New,Roofing,Residential,1989.00,20692.82,https://my.acculynx.com/jobs/67430762-d685-4121-a4b2-b5ddf4ae6bd9
RR-3623,Paid,1409.00,Labor Flawless Roofing Dump ,,,28578.51,0.00,Yes,New,Roofing,Residential,1989.00,20692.82,https://my.acculynx.com/jobs/67430762-d685-4121-a4b2-b5ddf4ae6bd9
RR-3623,Paid,2136.00,Labor All About Gutters,,,28578.51,0.00,Yes,New,Roofing,Residential,1989.00,20692.82,https://my.acculynx.com/jobs/67430762-d685-4121-a4b2-b5ddf4ae6bd9
RR-3623,Paid,4745.00,Labor Flawless Roofing Pay,,,28578.51,0.00,Yes,New,Roofing,Residential,1989.00,20692.82,https://my.acculynx.com/jobs/67430762-d685-4121-a4b2-b5ddf4ae6bd9
RR-3623,Paid,500.00,Labor Zion Electrical Contracting INC,,,28578.51,0.00,Yes,New,Roofing,Residential,1989.00,20692.82,https://my.acculynx.com/jobs/67430762-d685-4121-a4b2-b5ddf4ae6bd9
RR-3623,Paid,-1144.05,Material ACCOUNT National Returns,,(2) 30x45 fixed skylights - returned on National Truck ,28578.51,0.00,Yes,New,Roofing,Residential,1989.00,20692.82,https://my.acculynx.com/jobs/67430762-d685-4121-a4b2-b5ddf4ae6bd9
RR-3623,Paid,314.29,Platinum Warranty ,OC-2026-WR-2370779,,28578.51,0.00,Yes,New,Roofing,Residential,1989.00,20692.82,https://my.acculynx.com/jobs/67430762-d685-4121-a4b2-b5ddf4ae6bd9
RR-3623,Paid,7989.36,Material ACCOUNT National,50887159,,28578.51,0.00,Yes,New,Roofing,Residential,1989.00,20692.82,https://my.acculynx.com/jobs/67430762-d685-4121-a4b2-b5ddf4ae6bd9
RR-3623,Paid,-59.81,Material ACCOUNT National Shop Returns,,(2) 1/2 Plywood,28578.51,0.00,Yes,New,Roofing,Residential,1989.00,20692.82,https://my.acculynx.com/jobs/67430762-d685-4121-a4b2-b5ddf4ae6bd9
RR-3623,Paid,1523.58,Material ACCOUNT National,50892061,,28578.51,0.00,Yes,New,Roofing,Residential,1989.00,20692.82,https://my.acculynx.com/jobs/67430762-d685-4121-a4b2-b5ddf4ae6bd9
RR-3623,Additional,2095.00,Joseph Young Commission,,T,28578.51,0.00,No,New,Roofing,Residential,1989.00,20692.82,https://my.acculynx.com/jobs/67430762-d685-4121-a4b2-b5ddf4ae6bd9
RR-3623,Paid,531.78,Material ACCOUNT New Castle ,12RO0002872206-001,,28578.51,0.00,No,New,Roofing,Residential,1989.00,20692.82,https://my.acculynx.com/jobs/67430762-d685-4121-a4b2-b5ddf4ae6bd9
RR-3623,Paid,-655.26,Material ACCOUNT National Returns,,(1) Pro Armor(2) Ice Water & Shield(7) BD Duration Shingle(1) OC Hip and Ridge",28578.51,0.00,Yes,New,Roofing,Residential,1989.00,20692.82,https://my.acculynx.com/jobs/67430762-d685-4121-a4b2-b5ddf4ae6bd9
RR-3623,Paid,1413.93,Dealer CC Fee,,Dealer Fee,28578.51,0.00,Yes,New,Roofing,Residential,1989.00,20692.82,https://my.acculynx.com/jobs/67430762-d685-4121-a4b2-b5ddf4ae6bd9
RR-3658,Paid,550.00,Labor CASH V&D Family Home Remodeling Corp Pay,,,6100.00,0.00,Yes,Repair,Roofing,Commercial,787.00,2950.62,https://my.acculynx.com/jobs/88be0502-9ad2-4bd7-9f71-55531c6c1864
RR-3658,Paid,418.72,Material ACCOUNT National,51092751,,6100.00,0.00,Yes,Repair,Roofing,Commercial,787.00,2950.62,https://my.acculynx.com/jobs/88be0502-9ad2-4bd7-9f71-55531c6c1864
RR-3658,Paid,483.33,Labor CASH V&D Family Home Remodeling Corp Pay,,,6100.00,0.00,Yes,Repair,Roofing,Commercial,787.00,2950.62,https://my.acculynx.com/jobs/88be0502-9ad2-4bd7-9f71-55531c6c1864
RR-3658,Paid,604.25,Material ACCOUNT National,0050968940-001,,6100.00,0.00,Yes,Repair,Roofing,Commercial,787.00,2950.62,https://my.acculynx.com/jobs/88be0502-9ad2-4bd7-9f71-55531c6c1864
RR-3658,Paid,107.32,Material ACCOUNT National,51249460,,6100.00,0.00,Yes,Repair,Roofing,Commercial,787.00,2950.62,https://my.acculynx.com/jobs/88be0502-9ad2-4bd7-9f71-55531c6c1864
RR-3658,Additional,787.00,Michael Dietrich Commission,,T,6100.00,0.00,No,Repair,Roofing,Commercial,787.00,2950.62,https://my.acculynx.com/jobs/88be0502-9ad2-4bd7-9f71-55531c6c1864
RR-3456,Paid,988.63,Material ACCOUNT National,0049385574-001,,2500.00,0.00,Yes,Repair,Roofing,Residential,157.27,1970.90,https://my.acculynx.com/jobs/93d89c7e-91a8-40b5-9224-a506fc656430
RR-3456,Additional,157.27,Francesco Ambrosio Commission,,T,2500.00,0.00,No,Repair,Roofing,Residential,157.27,1970.90,https://my.acculynx.com/jobs/93d89c7e-91a8-40b5-9224-a506fc656430
RR-3456,Paid,725.00,Labor V&D Family Home Remodeling Corp Pay,,,2500.00,0.00,Yes,Repair,Roofing,Residential,157.27,1970.90,https://my.acculynx.com/jobs/93d89c7e-91a8-40b5-9224-a506fc656430
RR-3456,Paid,100.00,Labor V&D Family Home Remodeling Corp Pay,,$100 in PM pay (special circumstance),2500.00,0.00,Yes,Repair,Roofing,Residential,157.27,1970.90,https://my.acculynx.com/jobs/93d89c7e-91a8-40b5-9224-a506fc656430
RR-3345,Paid,133.07,Material Flawless Pay,,,6966.78,0.00,Yes,Repair,Roofing,Residential,276.47,4480.67,https://my.acculynx.com/jobs/47641136-7bb4-4ba0-a6fe-d781f5943a91
RR-3345,Additional,276.47,Michael Dietrich Commission,,T,6966.78,0.00,No,Repair,Roofing,Residential,276.47,4480.67,https://my.acculynx.com/jobs/47641136-7bb4-4ba0-a6fe-d781f5943a91
RR-3345,Paid,144.64,Material ACCOUNT National,0048416757-002,,6966.78,0.00,Yes,Repair,Roofing,Residential,276.47,4480.67,https://my.acculynx.com/jobs/47641136-7bb4-4ba0-a6fe-d781f5943a91
RR-3345,Paid,1995.05,Material ACCOUNT National,0048416757-001,,6966.78,0.00,Yes,Repair,Roofing,Residential,276.47,4480.67,https://my.acculynx.com/jobs/47641136-7bb4-4ba0-a6fe-d781f5943a91
RR-3345,Paid,348.34,Dealer CC Fee,,Dealer Fee,6966.78,0.00,Yes,Repair,Roofing,Residential,276.47,4480.67,https://my.acculynx.com/jobs/47641136-7bb4-4ba0-a6fe-d781f5943a91
RR-3345,Paid,1219.00,Labor Flawless Roofing Pay,,,6966.78,0.00,Yes,Repair,Roofing,Residential,276.47,4480.67,https://my.acculynx.com/jobs/47641136-7bb4-4ba0-a6fe-d781f5943a91
RR-3345,Paid,99.00,Labor Flawless Roofing Dump,,,6966.78,0.00,Yes,Repair,Roofing,Residential,276.47,4480.67,https://my.acculynx.com/jobs/47641136-7bb4-4ba0-a6fe-d781f5943a91
RR-3345,Paid,500.00,Labor Flawless Roofing Pay,,Labor for interior work ,6966.78,0.00,Yes,Repair,Roofing,Residential,276.47,4480.67,https://my.acculynx.com/jobs/47641136-7bb4-4ba0-a6fe-d781f5943a91
RR-3345,Paid,-234.90,Material ACCOUNT National Returns,,(3) BD Durations Shiingle(4) 1/2 Plywood,6966.78,0.00,Yes,Repair,Roofing,Residential,276.47,4480.67,https://my.acculynx.com/jobs/47641136-7bb4-4ba0-a6fe-d781f5943a91
RR-3678,Paid,8937.37,Material ACCOUNT National,0051068065-001,,29000.00,0.00,Yes,New,Roofing,Residential,2547.00,18811.11,https://my.acculynx.com/jobs/b83a49c8-2482-4b2d-b4ce-6d48587a53e4
RR-3678,Paid,1856.00,Labor V&D Family Home Remodeling Corp Dump,,,29000.00,0.00,Yes,New,Roofing,Residential,2547.00,18811.11,https://my.acculynx.com/jobs/b83a49c8-2482-4b2d-b4ce-6d48587a53e4
RR-3678,Paid,5300.00,Labor V&D Family Home Remodeling Corp Pay,,,29000.00,0.00,Yes,New,Roofing,Residential,2547.00,18811.11,https://my.acculynx.com/jobs/b83a49c8-2482-4b2d-b4ce-6d48587a53e4
RR-3678,Paid,409.99,Platinum Warranty ,OC-2026-WR-2379670,,29000.00,0.00,Yes,New,Roofing,Residential,2547.00,18811.11,https://my.acculynx.com/jobs/b83a49c8-2482-4b2d-b4ce-6d48587a53e4
RR-3678,Additional,2547.00,Michael Dietrich Commission,,T,29000.00,0.00,No,New,Roofing,Residential,2547.00,18811.11,https://my.acculynx.com/jobs/b83a49c8-2482-4b2d-b4ce-6d48587a53e4
RR-3678,Paid,-239.25,Material ACCOUNT National Shop Returns ,,(8) 1/2 Plywood - kept in the truck,29000.00,0.00,Yes,New,Roofing,Residential,2547.00,18811.11,https://my.acculynx.com/jobs/b83a49c8-2482-4b2d-b4ce-6d48587a53e4
RR-3400,Paid,128.32,Material ACCOUNT National,0049369396-001,,13723.94,0.00,Yes,New,Roofing,Residential,602.64,8300.12,https://my.acculynx.com/jobs/f22dbc2b-8146-4c6c-8e8f-68df53491d94
RR-3400,Paid,-179.44,Material ACCOUNT National Shop Returns,,(6) 1/2 Plywood - Kept in the truck,13723.94,0.00,Yes,New,Roofing,Residential,602.64,8300.12,https://my.acculynx.com/jobs/f22dbc2b-8146-4c6c-8e8f-68df53491d94
RR-3400,Paid,146.81,Platinum Warranty,OC-2026-WR-2316477,,13723.94,0.00,Yes,New,Roofing,Residential,602.64,8300.12,https://my.acculynx.com/jobs/f22dbc2b-8146-4c6c-8e8f-68df53491d94
RR-3400,Paid,255.81,Material ACCOUNT National,0049062294-002,,13723.94,0.00,Yes,New,Roofing,Residential,602.64,8300.12,https://my.acculynx.com/jobs/f22dbc2b-8146-4c6c-8e8f-68df53491d94
RR-3400,Paid,372.00,Labor Flawless Roofing Dump ,,,13723.94,0.00,Yes,New,Roofing,Residential,602.64,8300.12,https://my.acculynx.com/jobs/f22dbc2b-8146-4c6c-8e8f-68df53491d94
RR-3400,Paid,1860.00,Labor Flawless Roofing Pay,,,13723.94,0.00,Yes,New,Roofing,Residential,602.64,8300.12,https://my.acculynx.com/jobs/f22dbc2b-8146-4c6c-8e8f-68df53491d94
RR-3400,Additional,602.64,Michael Dietrich Commission,,T,13723.94,0.00,No,New,Roofing,Residential,602.64,8300.12,https://my.acculynx.com/jobs/f22dbc2b-8146-4c6c-8e8f-68df53491d94
RR-3400,Paid,2024.28,Dealer CC Fee,,Dealer Fee,13723.94,0.00,Yes,New,Roofing,Residential,602.64,8300.12,https://my.acculynx.com/jobs/f22dbc2b-8146-4c6c-8e8f-68df53491d94
RR-3400,Paid,3175.16,Material ACCOUNT National,0049062294-001,,13723.94,0.00,Yes,New,Roofing,Residential,602.64,8300.12,https://my.acculynx.com/jobs/f22dbc2b-8146-4c6c-8e8f-68df53491d94
RR-3400,Paid,-85.46,Material ACCOUNT National Returns,,(2) BD Duration Shingle,13723.94,0.00,Yes,New,Roofing,Residential,602.64,8300.12,https://my.acculynx.com/jobs/f22dbc2b-8146-4c6c-8e8f-68df53491d94
RR-3701,Paid,290.36,Platinum Warranty ,OC-2026-WR-2388927,,21000.00,0.00,Yes,New,Roofing,Residential,1493.00,14901.02,https://my.acculynx.com/jobs/3d1c0130-c110-4f44-98df-30e4a0bb6c6e
RR-3701,Paid,299.06,Material ACCOUNT National Shop,,(10) 1/2 Plywood,21000.00,0.00,Yes,New,Roofing,Residential,1493.00,14901.02,https://my.acculynx.com/jobs/3d1c0130-c110-4f44-98df-30e4a0bb6c6e
RR-3701,Paid,-320.88,Material ACCOUNT National Returns ,0051366443-001,(10) 1/2" Plywood ,21000.00,0.00,Yes,New,Roofing,Residential,1493.00,14901.02,https://my.acculynx.com/jobs/3d1c0130-c110-4f44-98df-30e4a0bb6c6e
RR-3701,Paid,1230.00,Labor Flawless Roofing Dump ,,,21000.00,0.00,Yes,New,Roofing,Residential,1493.00,14901.02,https://my.acculynx.com/jobs/3d1c0130-c110-4f44-98df-30e4a0bb6c6e
RR-3701,Paid,6963.24,Material ACCOUNT National,0051263784-001,,21000.00,0.00,Yes,New,Roofing,Residential,1493.00,14901.02,https://my.acculynx.com/jobs/3d1c0130-c110-4f44-98df-30e4a0bb6c6e
RR-3701,Paid,5075.00,Labor Flawless Roofing Pay,,,21000.00,0.00,Yes,New,Roofing,Residential,1493.00,14901.02,https://my.acculynx.com/jobs/3d1c0130-c110-4f44-98df-30e4a0bb6c6e
RR-3312,Paid,265.44,Platinum Warranty,OC-2026-WR-2280078,,28561.10,0.00,Yes,New,Roofing,Residential,3207.78,15729.96,https://my.acculynx.com/jobs/e758fd47-0502-4e6b-a4dd-7bfe90426d8f
RR-3312,Paid,4505.00,Labor V&D Family Home Remodeling Corp Pay,,,28561.10,0.00,Yes,New,Roofing,Residential,3207.78,15729.96,https://my.acculynx.com/jobs/e758fd47-0502-4e6b-a4dd-7bfe90426d8f
RR-3312,Paid,182.70,Material ACCOUNT National Shop,,(7) 1/2 Plywood ,28561.10,0.00,Yes,New,Roofing,Residential,3207.78,15729.96,https://my.acculynx.com/jobs/e758fd47-0502-4e6b-a4dd-7bfe90426d8f
RR-3312,Paid,157.68,Material ACCOUNT National,0048291037-001,,28561.10,0.00,Yes,New,Roofing,Residential,3207.78,15729.96,https://my.acculynx.com/jobs/e758fd47-0502-4e6b-a4dd-7bfe90426d8f
RR-3312,Paid,998.50,Labor V&D Family Home Remodeling Corp Dump,,,28561.10,0.00,Yes,New,Roofing,Residential,3207.78,15729.96,https://my.acculynx.com/jobs/e758fd47-0502-4e6b-a4dd-7bfe90426d8f
RR-3312,Paid,6423.56,Material ACCOUNT National,0048269123-001,,28561.10,0.00,Yes,New,Roofing,Residential,3207.78,15729.96,https://my.acculynx.com/jobs/e758fd47-0502-4e6b-a4dd-7bfe90426d8f
RR-3312,Additional,3257.78,Francesco Ambrosio Commission,,T,28561.10,0.00,No,New,Roofing,Residential,3207.78,15729.96,https://my.acculynx.com/jobs/e758fd47-0502-4e6b-a4dd-7bfe90426d8f
RR-3312,Paid,-260.70,Material ACCOUNT National Returns,,(10) Plywood,28561.10,0.00,Yes,New,Roofing,Residential,3207.78,15729.96,https://my.acculynx.com/jobs/e758fd47-0502-4e6b-a4dd-7bfe90426d8f
RR-3312,Additional,-50.00,Francesco Ambrosio Commission,,,28561.10,0.00,No,New,Roofing,Residential,3207.78,15729.96,https://my.acculynx.com/jobs/e758fd47-0502-4e6b-a4dd-7bfe90426d8f
RR-3312,Paid,250.00,Labor V&D Family Home Remodeling Corp Pay,,,28561.10,0.00,No,New,Roofing,Residential,3207.78,15729.96,https://my.acculynx.com/jobs/e758fd47-0502-4e6b-a4dd-7bfe90426d8f
RR-3269,Paid,1350.00,Labor CASH V&D Family Home Remodeling Corp Pay,,,6300.00,0.00,Yes,Repair,Roofing,Residential,633.06,4017.76,https://my.acculynx.com/jobs/af523648-1196-4f8e-940e-61d822c18031
RR-3269,Paid,-132.14,Material ACCOUNT National Returns,,(5) C45 Drip Edge(5) f55 drip Edge,6300.00,0.00,Yes,Repair,Roofing,Residential,633.06,4017.76,https://my.acculynx.com/jobs/af523648-1196-4f8e-940e-61d822c18031
RR-3269,Paid,75.04,Material ACCOUNT National Shop,,(1) RL Ice Water Shield,6300.00,0.00,Yes,Repair,Roofing,Residential,633.06,4017.76,https://my.acculynx.com/jobs/af523648-1196-4f8e-940e-61d822c18031
RR-3269,Paid,27.19,Material ACCOUNT ABC,2007340726,,6300.00,0.00,Yes,Repair,Roofing,Residential,633.06,4017.76,https://my.acculynx.com/jobs/af523648-1196-4f8e-940e-61d822c18031
RR-3269,Paid,890.66,Material ACCOUNT ABC,2007326659,,6300.00,0.00,Yes,Repair,Roofing,Residential,633.06,4017.76,https://my.acculynx.com/jobs/af523648-1196-4f8e-940e-61d822c18031
RR-3269,Paid,-84.83,Material ACCOUNT ABC Returns,,(1) BD Tamako Shingles ,6300.00,0.00,Yes,Repair,Roofing,Residential,633.06,4017.76,https://my.acculynx.com/jobs/af523648-1196-4f8e-940e-61d822c18031
RR-3269,Paid,321.38,Material ACCOUNT National,0047999310-001,,6300.00,0.00,Yes,Repair,Roofing,Residential,633.06,4017.76,https://my.acculynx.com/jobs/af523648-1196-4f8e-940e-61d822c18031
RR-3269,Paid,315.00,Dealer CC Fee,,Dealer fee,6300.00,0.00,Yes,Repair,Roofing,Residential,633.06,4017.76,https://my.acculynx.com/jobs/af523648-1196-4f8e-940e-61d822c18031
RR-3269,Paid,372.40,Material ACCOUNT National,0048021933-0,,6300.00,0.00,Yes,Repair,Roofing,Residential,633.06,4017.76,https://my.acculynx.com/jobs/af523648-1196-4f8e-940e-61d822c18031
RR-3269,Paid,250.00,Other Job Expenses Referral Fee,,,6300.00,0.00,Yes,Repair,Roofing,Residential,633.06,4017.76,https://my.acculynx.com/jobs/af523648-1196-4f8e-940e-61d822c18031
RR-3269,Additional,633.06,Francesco Ambrosio Commission,,Confirmed with Joe Leave Commissions as is ,6300.00,0.00,No,Repair,Roofing,Residential,633.06,4017.76,https://my.acculynx.com/jobs/af523648-1196-4f8e-940e-61d822c18031
RR-3359,Paid,104.40,Material ACCOUNT National Shop,,(4) Plywood,5550.00,0.00,Yes,New,Roofing,Residential,854.79,2823.19,https://my.acculynx.com/jobs/0e936231-1816-4c5f-9b35-4ae8c858880d
RR-3359,Paid,1222.04,Material ACCOUNT National,0048544926-001,,5550.00,0.00,Yes,New,Roofing,Residential,854.79,2823.19,https://my.acculynx.com/jobs/0e936231-1816-4c5f-9b35-4ae8c858880d
RR-3359,Paid,138.00,Labor Flawless Roofing Dump,,,5550.00,0.00,Yes,New,Roofing,Residential,854.79,2823.19,https://my.acculynx.com/jobs/0e936231-1816-4c5f-9b35-4ae8c858880d
RR-3359,Paid,610.00,Labor Flawless Roofing Pay,,,5550.00,0.00,Yes,New,Roofing,Residential,854.79,2823.19,https://my.acculynx.com/jobs/0e936231-1816-4c5f-9b35-4ae8c858880d
RR-3359,Additional,854.79,Michael Dietrich Commission,,T,5550.00,0.00,No,New,Roofing,Residential,854.79,2823.19,https://my.acculynx.com/jobs/0e936231-1816-4c5f-9b35-4ae8c858880d
RR-3359,Paid,-106.04,Material ACCOUNT National Returns,,(1) RL of Underlayment,5550.00,0.00,Yes,New,Roofing,Residential,854.79,2823.19,https://my.acculynx.com/jobs/0e936231-1816-4c5f-9b35-4ae8c858880d
RR-3287,Additional,2339.52,Michael Dietrich Commission,,T,15904.00,0.00,No,New,Roofing,Residential,2339.52,6545.93,https://my.acculynx.com/jobs/7219c17d-ed42-4b12-b6b0-16954da44c85
RR-3287,Paid,244.68,Material ACCOUNT National,0048146902-001,,15904.00,0.00,Yes,New,Roofing,Residential,2339.52,6545.93,https://my.acculynx.com/jobs/7219c17d-ed42-4b12-b6b0-16954da44c85
RR-3287,Paid,1861.73,Material ACCOUNT National,0048111551-001,,15904.00,0.00,Yes,New,Roofing,Residential,2339.52,6545.93,https://my.acculynx.com/jobs/7219c17d-ed42-4b12-b6b0-16954da44c85
RR-3287,Paid,2100.00,Labor Brentwood Roofing And Contracting Inc,,,15904.00,0.00,Yes,New,Roofing,Residential,2339.52,6545.93,https://my.acculynx.com/jobs/7219c17d-ed42-4b12-b6b0-16954da44c85
RR-3660,Paid,-564.77,Material ACCOUNT National Returns,,(7) BD Duration Shingle(1) BX Coil Roofing Nails(1) BX Ice Water & Shield(1) RL Pro Armor,15525.45,0.00,Yes,New,Roofing,Residential,1787.00,8394.76,https://my.acculynx.com/jobs/70474886-db16-44ac-bbf2-34a53877b119
RR-3660,Paid,600.00,Labor V&D Family Home Remodeling Corp Dump,,,15525.45,0.00,Yes,New,Roofing,Residential,1787.00,8394.76,https://my.acculynx.com/jobs/70474886-db16-44ac-bbf2-34a53877b119
RR-3660,Paid,-299.06,Material ACCOUNT National Shop Returns,,(10) 1/2 Plywood,15525.45,0.00,Yes,New,Roofing,Residential,1787.00,8394.76,https://my.acculynx.com/jobs/70474886-db16-44ac-bbf2-34a53877b119
RR-3660,Paid,3837.36,Material ACCOUNT National,0050966443-001,,15525.45,0.00,Yes,New,Roofing,Residential,1787.00,8394.76,https://my.acculynx.com/jobs/70474886-db16-44ac-bbf2-34a53877b119
RR-3660,Paid,182.70,Platinum Warranty ,OC-2026-WR-2374992,,15525.45,0.00,Yes,New,Roofing,Residential,1787.00,8394.76,https://my.acculynx.com/jobs/70474886-db16-44ac-bbf2-34a53877b119
RR-3660,Paid,207.99,Material ACCOUNT National,0051006528-001,,15525.45,0.00,Yes,New,Roofing,Residential,1787.00,8394.76,https://my.acculynx.com/jobs/70474886-db16-44ac-bbf2-34a53877b119
RR-3660,Additional,1787.00,Michael Dietrich Commission,,T,15525.45,0.00,No,New,Roofing,Residential,1787.00,8394.76,https://my.acculynx.com/jobs/70474886-db16-44ac-bbf2-34a53877b119
RR-3660,Paid,2100.00,Labor V&D Family Home Remodeling Corp Pay,,,15525.45,0.00,Yes,New,Roofing,Residential,1787.00,8394.76,https://my.acculynx.com/jobs/70474886-db16-44ac-bbf2-34a53877b119
RR-3660,Paid,543.54,Dealer CC Fee,,CC Fee,15525.45,0.00,Yes,New,Roofing,Residential,1787.00,8394.76,https://my.acculynx.com/jobs/70474886-db16-44ac-bbf2-34a53877b119
RR-3352,Paid,500.00,Labor Brentwood Roofing And Contracting Inc,,,5045.78,0.00,Yes,Repair,Roofing,Residential,779.57,1927.52,https://my.acculynx.com/jobs/e91bf683-913a-49b1-9df7-738d76b3962b
RR-3352,Additional,779.57,Michael Dietrich Commission,,T,5045.78,0.00,No,Repair,Roofing,Residential,779.57,1927.52,https://my.acculynx.com/jobs/e91bf683-913a-49b1-9df7-738d76b3962b
RR-3352,Paid,647.95,Material ACCOUNT National,0048538455-001,,5045.78,0.00,Yes,Repair,Roofing,Residential,779.57,1927.52,https://my.acculynx.com/jobs/e91bf683-913a-49b1-9df7-738d76b3962b
RR-3343,Paid,-103.86,Material ACCOUNT National Shop Returns,,(1) LIfetime Pipe Flange (1) 3/4 Plywood - Kept in the truck,19782.46,0.00,Yes,New,Roofing,Residential,500.00,13639.88,https://my.acculynx.com/jobs/f97c5a75-e62a-4106-a9bb-1c56421bce80
RR-3343,Paid,194.66,Platinum Warranty,OC-2026-WR-2288261,,19782.46,0.00,Yes,New,Roofing,Residential,500.00,13639.88,https://my.acculynx.com/jobs/f97c5a75-e62a-4106-a9bb-1c56421bce80
RR-3343,Paid,702.23,Material ACCOUNT Beacon,UJI3734,Split from upsell ,19782.46,0.00,Yes,New,Roofing,Residential,500.00,13639.88,https://my.acculynx.com/jobs/f97c5a75-e62a-4106-a9bb-1c56421bce80
RR-3343,Paid,4800.00,Labor Ian RenewUSA solar,,,19782.46,0.00,Yes,New,Roofing,Residential,500.00,13639.88,https://my.acculynx.com/jobs/f97c5a75-e62a-4106-a9bb-1c56421bce80
RR-3343,Paid,150.08,Material ACCOUNT National Shop,,(2) RL Ice Water & Shield,19782.46,0.00,Yes,New,Roofing,Residential,500.00,13639.88,https://my.acculynx.com/jobs/f97c5a75-e62a-4106-a9bb-1c56421bce80
RR-3343,Paid,3957.27,Material ACCOUNT National,0048397095-001,,19782.46,0.00,Yes,New,Roofing,Residential,500.00,13639.88,https://my.acculynx.com/jobs/f97c5a75-e62a-4106-a9bb-1c56421bce80
RR-3343,Paid,697.50,Labor Flawless Roofing Dump ,,,19782.46,0.00,Yes,New,Roofing,Residential,500.00,13639.88,https://my.acculynx.com/jobs/f97c5a75-e62a-4106-a9bb-1c56421bce80
RR-3343,Additional,500.00,Michael Dietrich Commission,,T,19782.46,0.00,No,New,Roofing,Residential,500.00,13639.88,https://my.acculynx.com/jobs/f97c5a75-e62a-4106-a9bb-1c56421bce80
RR-3343,Paid,170.74,Material ACCOUNT National,0048589993-001,,19782.46,0.00,Yes,New,Roofing,Residential,500.00,13639.88,https://my.acculynx.com/jobs/f97c5a75-e62a-4106-a9bb-1c56421bce80
RR-3343,Paid,2845.00,Labor Flawless Roofing Pay,,,19782.46,0.00,Yes,New,Roofing,Residential,500.00,13639.88,https://my.acculynx.com/jobs/f97c5a75-e62a-4106-a9bb-1c56421bce80
RR-3343,Paid,-273.74,Material ACCOUNT National Returns,,3) BD Onyx BLack (2) Easy Sleeves,19782.46,0.00,Yes,New,Roofing,Residential,500.00,13639.88,https://my.acculynx.com/jobs/f97c5a75-e62a-4106-a9bb-1c56421bce80
RR-3694,Paid,532.64,Material ACCOUNT National,0051144910-001,,3400.00,0.00,Yes,Repair,Roofing,Residential,331.00,2074.12,https://my.acculynx.com/jobs/37e4135a-2f20-4a7e-b79f-b259dc60ad2c
RR-3426,Paid,4500.00,Labor CASH V&D Family Home Remodeling Corp Pay,,Includes upsell labors,19550.00,0.00,Yes,New,Roofing,Residential,1368.36,11795.97,https://my.acculynx.com/jobs/da656842-f0b9-453b-b729-3d4d8b58bd0c
RR-3426,Paid,160.69,Material ACCOUNT National,0049285146-001,,19550.00,0.00,Yes,New,Roofing,Residential,1368.36,11795.97,https://my.acculynx.com/jobs/da656842-f0b9-453b-b729-3d4d8b58bd0c
RR-3426,Paid,531.34,Material ACCOUNT National,0049302825-001,,19550.00,0.00,Yes,New,Roofing,Residential,1368.36,11795.97,https://my.acculynx.com/jobs/da656842-f0b9-453b-b729-3d4d8b58bd0c
RR-3426,Paid,165.41,Material AMEX Home Depot,H1272-299762,,19550.00,0.00,Yes,New,Roofing,Residential,1368.36,11795.97,https://my.acculynx.com/jobs/da656842-f0b9-453b-b729-3d4d8b58bd0c
RR-3426,Paid,5472.23,Material ACCOUNT National,0049224540-001,,19550.00,0.00,Yes,New,Roofing,Residential,1368.36,11795.97,https://my.acculynx.com/jobs/da656842-f0b9-453b-b729-3d4d8b58bd0c
RR-3426,Paid,141.59,Material AMEX Home Depot,,,19550.00,0.00,Yes,New,Roofing,Residential,1368.36,11795.97,https://my.acculynx.com/jobs/da656842-f0b9-453b-b729-3d4d8b58bd0c
RR-3426,Additional,1368.36,Francesco Ambrosio Commission,,T,19550.00,0.00,No,New,Roofing,Residential,1368.36,11795.97,https://my.acculynx.com/jobs/da656842-f0b9-453b-b729-3d4d8b58bd0c
RR-3426,Paid,71.33,Material AMEX Home Depot,H1272-299741,THIS ONE,19550.00,0.00,Yes,New,Roofing,Residential,1368.36,11795.97,https://my.acculynx.com/jobs/da656842-f0b9-453b-b729-3d4d8b58bd0c
RR-3426,Paid,-614.98,Material ACCOUNT National Returns,49374604,,19550.00,0.00,Yes,New,Roofing,Residential,1368.36,11795.97,https://my.acculynx.com/jobs/da656842-f0b9-453b-b729-3d4d8b58bd0c
RR-3613,Paid,2031.00,Labor V&D Family Home Remodeling Corp Dump,,,29910.00,0.00,Yes,New,Roofing,Residential,1521.07,24297.88,https://my.acculynx.com/jobs/e0ef02d1-91a0-4a6b-97aa-367d8fe2ab4f
RR-3613,Paid,6855.00,Labor V&D Family Home Remodeling Corp Pay,,,29910.00,0.00,Yes,New,Roofing,Residential,1521.07,24297.88,https://my.acculynx.com/jobs/e0ef02d1-91a0-4a6b-97aa-367d8fe2ab4f
RR-3613,Paid,-61.01,Material ACCOUNT National Returns,,(3) Karnak Primer ,29910.00,0.00,Yes,New,Roofing,Residential,1521.07,24297.88,https://my.acculynx.com/jobs/e0ef02d1-91a0-4a6b-97aa-367d8fe2ab4f
RR-3613,Paid,2109.86,Material ACCOUNT National ,0050744422-001,,29910.00,0.00,Yes,New,Roofing,Residential,1521.07,24297.88,https://my.acculynx.com/jobs/e0ef02d1-91a0-4a6b-97aa-367d8fe2ab4f
RR-3613,Paid,9359.24,Material ACCOUNT National,0050736902-001,,29910.00,0.00,Yes,New,Roofing,Residential,1521.07,24297.88,https://my.acculynx.com/jobs/e0ef02d1-91a0-4a6b-97aa-367d8fe2ab4f
RR-3613,Paid,409.99,Platinum Warranty,OC-2026-WR-2366087,,29910.00,0.00,Yes,New,Roofing,Residential,1521.07,24297.88,https://my.acculynx.com/jobs/e0ef02d1-91a0-4a6b-97aa-367d8fe2ab4f
RR-3613,Additional,1816.07,Michael Dietrich Commission,,T,29910.00,0.00,No,New,Roofing,Residential,1521.07,24297.88,https://my.acculynx.com/jobs/e0ef02d1-91a0-4a6b-97aa-367d8fe2ab4f
RR-3613,Paid,-921.10,Material ACCOUNT National Returns,,(21) BD Duration Shingle ,29910.00,0.00,Yes,New,Roofing,Residential,1521.07,24297.88,https://my.acculynx.com/jobs/e0ef02d1-91a0-4a6b-97aa-367d8fe2ab4f
RR-3613,Paid,209.34,Material ACCOUNT National Shop,,(7) 1/2 Plywood ,29910.00,0.00,Yes,New,Roofing,Residential,1521.07,24297.88,https://my.acculynx.com/jobs/e0ef02d1-91a0-4a6b-97aa-367d8fe2ab4f
RR-3613,Paid,1062.42,Material ACCOUNT National,0050757299-001,,29910.00,0.00,Yes,New,Roofing,Residential,1521.07,24297.88,https://my.acculynx.com/jobs/e0ef02d1-91a0-4a6b-97aa-367d8fe2ab4f
RR-3613,Paid,1473.02,Material ACCOUNT National ,0050757299-002,,29910.00,0.00,No,New,Roofing,Residential,1521.07,24297.88,https://my.acculynx.com/jobs/e0ef02d1-91a0-4a6b-97aa-367d8fe2ab4f
RR-3613,Additional,-295.00,Michael Dietrich Commissions Adj,,,29910.00,0.00,No,New,Roofing,Residential,1521.07,24297.88,https://my.acculynx.com/jobs/e0ef02d1-91a0-4a6b-97aa-367d8fe2ab4f
RR-3613,Paid,-128.32,Material ACCOUNT National Returns,0051095215-001,,29910.00,0.00,No,New,Roofing,Residential,1521.07,24297.88,https://my.acculynx.com/jobs/e0ef02d1-91a0-4a6b-97aa-367d8fe2ab4f
RR-3613,Paid,-96.79,Material ACCOUNT National Returns,,(1) Pro Edge ,29910.00,0.00,Yes,New,Roofing,Residential,1521.07,24297.88,https://my.acculynx.com/jobs/e0ef02d1-91a0-4a6b-97aa-367d8fe2ab4f
RR-3613,Paid,402.38,Material AMEX American Chimney,,,29910.00,0.00,No,New,Roofing,Residential,1521.07,24297.88,https://my.acculynx.com/jobs/e0ef02d1-91a0-4a6b-97aa-367d8fe2ab4f
RR-3613,Paid,71.78,Material ACCOUNT National ,0050736902-002,,29910.00,0.00,No,New,Roofing,Residential,1521.07,24297.88,https://my.acculynx.com/jobs/e0ef02d1-91a0-4a6b-97aa-367d8fe2ab4f
RR-3702,Paid,150.00,Labor CASH V&D Family Home Remodeling Corp Dump,,,4514.40,0.00,Yes,Repair,Roofing,Residential,324.00,3220.85,https://my.acculynx.com/jobs/1fc4c466-2ec9-41ef-b4bd-2dd5cafad4b1
RR-3702,Additional,324.00,Joseph Young Commission,,T,4514.40,0.00,No,Repair,Roofing,Residential,324.00,3220.85,https://my.acculynx.com/jobs/1fc4c466-2ec9-41ef-b4bd-2dd5cafad4b1
RR-3702,Paid,350.00,Labor All About Gutters,,,4514.40,0.00,Yes,Repair,Roofing,Residential,324.00,3220.85,https://my.acculynx.com/jobs/1fc4c466-2ec9-41ef-b4bd-2dd5cafad4b1
RR-3702,Paid,1100.00,Labor CASH V&D Family Home Remodeling Corp Pay,,,4514.40,0.00,Yes,Repair,Roofing,Residential,324.00,3220.85,https://my.acculynx.com/jobs/1fc4c466-2ec9-41ef-b4bd-2dd5cafad4b1
RR-3702,Paid,1296.85,Material ACCOUNT National,0051242633-001,,4514.40,0.00,Yes,Repair,Roofing,Residential,324.00,3220.85,https://my.acculynx.com/jobs/1fc4c466-2ec9-41ef-b4bd-2dd5cafad4b1
RR-3453,Paid,-29.91,Material ACCOUNT National Shop Returns,,(1) 1/2 Plywood - Kept in the trailer,5550.00,0.00,Yes,Repair,Roofing,Residential,576.20,3245.22,https://my.acculynx.com/jobs/43dcd842-889d-4c7f-a57e-54fb0d5a134f
RR-3453,Paid,1450.00,Labor Flawless Roofing Pay,,,5550.00,0.00,Yes,Repair,Roofing,Residential,576.20,3245.22,https://my.acculynx.com/jobs/43dcd842-889d-4c7f-a57e-54fb0d5a134f
RR-3453,Paid,32.61,Material AMEX Home Depot,H6105-387084,,5550.00,0.00,Yes,Repair,Roofing,Residential,576.20,3245.22,https://my.acculynx.com/jobs/43dcd842-889d-4c7f-a57e-54fb0d5a134f
RR-3402,Paid,123.98,Material ACCOUNT National Shop,,(2) 3" Pipe Flashing,43781.06,0.00,Yes,New,Roofing,Residential,3737.81,28829.83,https://my.acculynx.com/jobs/a3117d45-777f-4c44-8dfd-afba473573a7
RR-3402,Paid,5750.00,Labor CASH Flawless Roofing Pay,,,43781.06,0.00,Yes,New,Roofing,Residential,3737.81,28829.83,https://my.acculynx.com/jobs/a3117d45-777f-4c44-8dfd-afba473573a7
RR-3402,Paid,350.00,Labor All About Gutters,,,43781.06,0.00,Yes,New,Roofing,Residential,3737.81,28829.83,https://my.acculynx.com/jobs/a3117d45-777f-4c44-8dfd-afba473573a7
RR-3402,Paid,314.29,Platinum Warranty,OC-2026-WR-2321133,,43781.06,0.00,Yes,New,Roofing,Residential,3737.81,28829.83,https://my.acculynx.com/jobs/a3117d45-777f-4c44-8dfd-afba473573a7
RR-3402,Paid,12558.69,Material ACCOUNT National,0049097193-001,,43781.06,0.00,Yes,New,Roofing,Residential,3737.81,28829.83,https://my.acculynx.com/jobs/a3117d45-777f-4c44-8dfd-afba473573a7
RR-3402,Paid,2882.55,Material ACCOUNT National,0049026106-001,,43781.06,0.00,Yes,New,Roofing,Residential,3737.81,28829.83,https://my.acculynx.com/jobs/a3117d45-777f-4c44-8dfd-afba473573a7
RR-3402,Paid,2189.05,Dealer CC Fee,,Dealer Fee,43781.06,0.00,Yes,New,Roofing,Residential,3737.81,28829.83,https://my.acculynx.com/jobs/a3117d45-777f-4c44-8dfd-afba473573a7
RR-3402,Paid,1080.00,Labor Flawless Roofing Dump ,,,43781.06,0.00,Yes,New,Roofing,Residential,3737.81,28829.83,https://my.acculynx.com/jobs/a3117d45-777f-4c44-8dfd-afba473573a7
RR-3402,Additional,3737.81,Francesco Ambrosio Commission,,T,43781.06,0.00,No,New,Roofing,Residential,3737.81,28829.83,https://my.acculynx.com/jobs/a3117d45-777f-4c44-8dfd-afba473573a7
RR-3402,Paid,-156.54,Material ACCOUNT National Shop Returns,,(6) 1/2 Plywood - Kept in the trailer,43781.06,0.00,Yes,New,Roofing,Residential,3737.81,28829.83,https://my.acculynx.com/jobs/a3117d45-777f-4c44-8dfd-afba473573a7
RR-3579,Paid,1160.94,Material ACCOUNT National,,,6172.00,0.00,Yes,Repair,Roofing,Residential,642.00,3602.94,https://my.acculynx.com/jobs/ed90cf2d-2fc0-4497-9f2e-96b7955243b9
RR-3579,Paid,150.00,Labor CASH V&D Family Home Remodeling Corp Dump,,,6172.00,0.00,Yes,Repair,Roofing,Residential,642.00,3602.94,https://my.acculynx.com/jobs/ed90cf2d-2fc0-4497-9f2e-96b7955243b9
RR-3579,Additional,642.00,Francesco Ambrosio Commission,,T,6172.00,0.00,No,Repair,Roofing,Residential,642.00,3602.94,https://my.acculynx.com/jobs/ed90cf2d-2fc0-4497-9f2e-96b7955243b9
RR-3579,Paid,1650.00,Labor V&D Family Home Remodeling Corp Pay,,,6172.00,0.00,Yes,Repair,Roofing,Residential,642.00,3602.94,https://my.acculynx.com/jobs/ed90cf2d-2fc0-4497-9f2e-96b7955243b9
RR-3464,Paid,609.58,Dealer CC Fee,,,12191.54,0.00,Yes,Repair,Roofing,Residential,0.00,9014.17,https://my.acculynx.com/jobs/56905136-d10f-4f84-b81d-45b6ab589d28
RR-3464,Paid,1207.50,Labor Flawless Roofing Dump ,,,12191.54,0.00,Yes,Repair,Roofing,Residential,0.00,9014.17,https://my.acculynx.com/jobs/56905136-d10f-4f84-b81d-45b6ab589d28
RR-3464,Paid,3220.00,Labor Flawless Roofing Pay,,,12191.54,0.00,Yes,Repair,Roofing,Residential,0.00,9014.17,https://my.acculynx.com/jobs/56905136-d10f-4f84-b81d-45b6ab589d28
RR-3464,Paid,3369.55,Material ACCOUNT National,0049427648-001,,12191.54,0.00,Yes,Repair,Roofing,Residential,0.00,9014.17,https://my.acculynx.com/jobs/56905136-d10f-4f84-b81d-45b6ab589d28
RR-3464,Paid,74.30,Material AMEX Home Depot,H1267-387634,,12191.54,0.00,Yes,Repair,Roofing,Residential,0.00,9014.17,https://my.acculynx.com/jobs/56905136-d10f-4f84-b81d-45b6ab589d28
RR-3464,Paid,842.82,Material ACCOUNT National,0049427648-002,,12191.54,0.00,Yes,Repair,Roofing,Residential,0.00,9014.17,https://my.acculynx.com/jobs/56905136-d10f-4f84-b81d-45b6ab589d28
RR-3464,Additional,0.00,Michael Dietrich Commission,,,12191.54,0.00,No,Repair,Roofing,Residential,0.00,9014.17,https://my.acculynx.com/jobs/56905136-d10f-4f84-b81d-45b6ab589d28
RR-3464,Paid,-189.96,Material ACCOUNT National Returns,,(1) BD GAF Shingle(1) Trim Coil,12191.54,0.00,Yes,Repair,Roofing,Residential,0.00,9014.17,https://my.acculynx.com/jobs/56905136-d10f-4f84-b81d-45b6ab589d28
RR-3464,Paid,-119.62,Material ACCOUNT National Returns,0049545238-001,(4) 1/2 Plywood,12191.54,0.00,Yes,Repair,Roofing,Residential,0.00,9014.17,https://my.acculynx.com/jobs/56905136-d10f-4f84-b81d-45b6ab589d28
RR-3663,Paid,546.04,Material ACCOUNT National,0051274208-001,,2500.00,0.00,Yes,Repair,Roofing,Residential,0.00,2652.02,https://my.acculynx.com/jobs/ec6ce2ad-3a42-4818-8292-9d5aa5590f3e
RR-3663,Paid,200.00,Labor CASH V&D Family Home Remodeling Corp Dump,,,2500.00,0.00,Yes,Repair,Roofing,Residential,0.00,2652.02,https://my.acculynx.com/jobs/ec6ce2ad-3a42-4818-8292-9d5aa5590f3e
RR-3663,Paid,1100.00,Labor CASH V&D Family Home Remodeling Corp Pay,,,2500.00,0.00,Yes,Repair,Roofing,Residential,0.00,2652.02,https://my.acculynx.com/jobs/ec6ce2ad-3a42-4818-8292-9d5aa5590f3e
RR-3518,Additional,12750.26,Francesco Ambrosio Commission,,T,124000.00,0.00,No,New,Roofing,Residential,12750.26,72841.06,https://my.acculynx.com/jobs/2a9401ee-81d1-4dd3-b3b2-863dfae8653b
RR-3518,Paid,133.44,Material ACCOUNT National ,0050249182-001,,124000.00,0.00,Yes,New,Roofing,Residential,12750.26,72841.06,https://my.acculynx.com/jobs/2a9401ee-81d1-4dd3-b3b2-863dfae8653b
RR-3518,Paid,166.38,Material ACCOUNT National ,0050308989-001,,124000.00,0.00,Yes,New,Roofing,Residential,12750.26,72841.06,https://my.acculynx.com/jobs/2a9401ee-81d1-4dd3-b3b2-863dfae8653b
RR-3518,Paid,-629.01,Material ACCOUNT National Shop Returns ,,(6) PC 1x6 (18) 1/2 Plywood-Kept on the trailer,124000.00,0.00,Yes,New,Roofing,Residential,12750.26,72841.06,https://my.acculynx.com/jobs/2a9401ee-81d1-4dd3-b3b2-863dfae8653b
RR-3518,Paid,366.49,Material ACCOUNT National Shop,,(3) Ice Water & Shield (1) Deck Seal,124000.00,0.00,Yes,New,Roofing,Residential,12750.26,72841.06,https://my.acculynx.com/jobs/2a9401ee-81d1-4dd3-b3b2-863dfae8653b
RR-3518,Paid,688.41,Material ACCOUNT National ,0050293005-001,,124000.00,0.00,Yes,New,Roofing,Residential,12750.26,72841.06,https://my.acculynx.com/jobs/2a9401ee-81d1-4dd3-b3b2-863dfae8653b
RR-3518,Paid,64.16,Material ACCOUNT National ,0050256036-001,,124000.00,0.00,Yes,New,Roofing,Residential,12750.26,72841.06,https://my.acculynx.com/jobs/2a9401ee-81d1-4dd3-b3b2-863dfae8653b
RR-3227,Paid,775.00,Labor Flawless Roofing Dump,,,19981.06,0.00,Yes,New,Roofing,Residential,2207.96,11149.21,https://my.acculynx.com/jobs/0b8b16e3-c7e0-4c32-adeb-647cae2d3d84
RR-3227,Paid,206.63,Platinum Warranty,,,19981.06,0.00,Yes,New,Roofing,Residential,2207.96,11149.21,https://my.acculynx.com/jobs/0b8b16e3-c7e0-4c32-adeb-647cae2d3d84
RR-3227,Paid,2735.00,Labor Flawless Roofing Pay,,,19981.06,0.00,Yes,New,Roofing,Residential,2207.96,11149.21,https://my.acculynx.com/jobs/0b8b16e3-c7e0-4c32-adeb-647cae2d3d84
RR-3227,Paid,217.50,Material ACCOUNT National Shop,,(4) 1/2 Plywood(1) 3/4 Plywood(1) 4" Lifetime Pipe Flange,19981.06,0.00,Yes,New,Roofing,Residential,2207.96,11149.21,https://my.acculynx.com/jobs/0b8b16e3-c7e0-4c32-adeb-647cae2d3d84
RR-3227,Paid,-61.99,Material ACCOUNT National Shop Returns,,(1) Lifetime Ultimate 3" Pipe ,19981.06,0.00,Yes,New,Roofing,Residential,2207.96,11149.21,https://my.acculynx.com/jobs/0b8b16e3-c7e0-4c32-adeb-647cae2d3d84
RR-3227,Paid,4198.38,Material ACCOUNT National,47870310,,19981.06,0.00,Yes,New,Roofing,Residential,2207.96,11149.21,https://my.acculynx.com/jobs/0b8b16e3-c7e0-4c32-adeb-647cae2d3d84
RR-3227,Paid,999.05,Dealer CC Fee,,Dealer Fee,19981.06,0.00,Yes,New,Roofing,Residential,2207.96,11149.21,https://my.acculynx.com/jobs/0b8b16e3-c7e0-4c32-adeb-647cae2d3d84
RR-3227,Additional,2207.96,Francesco Ambrosio Commission,,T,19981.06,0.00,No,New,Roofing,Residential,2207.96,11149.21,https://my.acculynx.com/jobs/0b8b16e3-c7e0-4c32-adeb-647cae2d3d84
RR-3227,Paid,-128.32,Material ACCOUNT National Returns,,(3) BD Shingles(5) 1/2 Plywood,19981.06,0.00,Yes,New,Roofing,Residential,2207.96,11149.21,https://my.acculynx.com/jobs/0b8b16e3-c7e0-4c32-adeb-647cae2d3d84
RR-3604,Paid,332.50,Sales Tax,,,3800.00,0.00,Yes,Repair,Roofing,Residential,507.10,1771.61,https://my.acculynx.com/jobs/6dc66fa8-2a33-4200-90e1-4a394a0b462b
RR-3604,Paid,-625.30,Material ACCOUNT National Returns,0050728733-001,,3800.00,0.00,Yes,Repair,Roofing,Residential,507.10,1771.61,https://my.acculynx.com/jobs/6dc66fa8-2a33-4200-90e1-4a394a0b462b
RR-3604,Paid,-544.84,Material ACCOUNT National Returns ,,(6) BD GAF Shingle (1) BD GAF Seal A Ridge (3) BX 1-1/4 Coil Nails (2) BX Staples - Returned to National Truck,3800.00,0.00,Yes,Repair,Roofing,Residential,507.10,1771.61,https://my.acculynx.com/jobs/6dc66fa8-2a33-4200-90e1-4a394a0b462b
RR-3604,Paid,-87.00,Material ACCOUNT National Returns ,,(2) BD GAF Shingle - Returned to Warehouse Pallet ,3800.00,0.00,Yes,Repair,Roofing,Residential,507.10,1771.61,https://my.acculynx.com/jobs/6dc66fa8-2a33-4200-90e1-4a394a0b462b
RR-3661,Paid,562.50,Labor Flawless Roofing Dump,,,13923.56,0.00,Yes,New,Roofing,Residential,1409.00,8286.61,https://my.acculynx.com/jobs/311ae478-9252-44a9-94cb-4c4475a4dc0c
RR-3661,Paid,2920.00,Labor Flawless Roofing Pay,,,13923.56,0.00,Yes,New,Roofing,Residential,1409.00,8286.61,https://my.acculynx.com/jobs/311ae478-9252-44a9-94cb-4c4475a4dc0c
RR-3609,Paid,2950.00,Labor All About Gutters,,,44505.19,0.00,Yes,New,Roofing,Residential,2480.00,34593.17,https://my.acculynx.com/jobs/b5b6c9b2-ec74-4dda-989f-61f69744acf3
RR-3609,Paid,10840.00,Labor Flawless Roofing Pay,,,44505.19,0.00,Yes,New,Roofing,Residential,2480.00,34593.17,https://my.acculynx.com/jobs/b5b6c9b2-ec74-4dda-989f-61f69744acf3
RR-3609,Paid,-85.37,Material ACCOUNT National Shop Returns,,(1) Bath Vent,44505.19,0.00,Yes,New,Roofing,Residential,2480.00,34593.17,https://my.acculynx.com/jobs/b5b6c9b2-ec74-4dda-989f-61f69744acf3
RR-3609,Paid,-102.23,Material ACCOUNT National Shop Returns,,(1) Lifetime 3"" Pipe Flange (1) Louver Vent,44505.19,0.00,Yes,New,Roofing,Residential,2480.00,34593.17,https://my.acculynx.com/jobs/b5b6c9b2-ec74-4dda-989f-61f69744acf3
RR-3609,Paid,493.73,Platinum Warranty ,OC-2026-WR-237157,,44505.19,0.00,Yes,New,Roofing,Residential,2480.00,34593.17,https://my.acculynx.com/jobs/b5b6c9b2-ec74-4dda-989f-61f69744acf3
RR-3609,Paid,150.72,Material ACCOUNT National,0050876645-003,,44505.19,0.00,Yes,New,Roofing,Residential,2480.00,34593.17,https://my.acculynx.com/jobs/b5b6c9b2-ec74-4dda-989f-61f69744acf3
RR-3609,Paid,51.93,Material ACCOUNT National Shop,,(1) Lifetime 2" Pipe Flange,44505.19,0.00,Yes,New,Roofing,Residential,2480.00,34593.17,https://my.acculynx.com/jobs/b5b6c9b2-ec74-4dda-989f-61f69744acf3
RR-3609,Paid,389.00,Material ACCOUNT National,0050876645-001,,44505.19,0.00,Yes,New,Roofing,Residential,2480.00,34593.17,https://my.acculynx.com/jobs/b5b6c9b2-ec74-4dda-989f-61f69744acf3
RR-3609,Paid,2031.72,Other Job Expenses Land Resource Dump,,,44505.19,0.00,Yes,New,Roofing,Residential,2480.00,34593.17,https://my.acculynx.com/jobs/b5b6c9b2-ec74-4dda-989f-61f69744acf3
RR-3609,Paid,1505.50,Dealer CC Fee,,CC FEE,44505.19,0.00,Yes,New,Roofing,Residential,2480.00,34593.17,https://my.acculynx.com/jobs/b5b6c9b2-ec74-4dda-989f-61f69744acf3
RR-3609,Paid,306.68,Material ACCOUNT National,0050876645-002,,44505.19,0.00,Yes,New,Roofing,Residential,2480.00,34593.17,https://my.acculynx.com/jobs/b5b6c9b2-ec74-4dda-989f-61f69744acf3
RR-3609,Paid,13838.15,Material ACCOUNT National,0050640323-001,,44505.19,0.00,Yes,New,Roofing,Residential,2480.00,34593.17,https://my.acculynx.com/jobs/b5b6c9b2-ec74-4dda-989f-61f69744acf3
RR-3609,Additional,2480.00,Joseph Young Commission,,T,44505.19,0.00,No,New,Roofing,Residential,2480.00,34593.17,https://my.acculynx.com/jobs/b5b6c9b2-ec74-4dda-989f-61f69744acf3
RR-3609,Paid,-256.66,Material ACCOUNT National Returns,,(6) BD Duration Shingle,44505.19,0.00,Yes,New,Roofing,Residential,2480.00,34593.17,https://my.acculynx.com/jobs/b5b6c9b2-ec74-4dda-989f-61f69744acf3
RR-3575,Paid,825.00,Labor CASH V&D Family Home Remodeling Corp Pay,,,2632.00,0.00,Yes,Repair,Roofing,Residential,268.64,1557.79,https://my.acculynx.com/jobs/9932895a-e8ef-43ab-8267-dd5e55b2d8dd
RR-3575,Additional,268.64,Joseph Young Commission,,T,2632.00,0.00,No,Repair,Roofing,Residential,268.64,1557.79,https://my.acculynx.com/jobs/9932895a-e8ef-43ab-8267-dd5e55b2d8dd
RR-3575,Paid,776.27,Material ACCOUNT National ,0050441291-001,,2632.00,0.00,Yes,Repair,Roofing,Residential,268.64,1557.79,https://my.acculynx.com/jobs/9932895a-e8ef-43ab-8267-dd5e55b2d8dd
RR-3575,Paid,-123.84,Material ACCOUNT National Returns,0050789607-001,,2632.00,0.00,Yes,Repair,Roofing,Residential,268.64,1557.79,https://my.acculynx.com/jobs/9932895a-e8ef-43ab-8267-dd5e55b2d8dd
RR-3575,Paid,-188.28,Material ACCOUNT National Returns,0050777559-001,,2632.00,0.00,Yes,Repair,Roofing,Residential,268.64,1557.79,https://my.acculynx.com/jobs/9932895a-e8ef-43ab-8267-dd5e55b2d8dd
RR-3532,Paid,-39.86,Material ACCOUNT National Returns,,1 BD GAF Shingle,2380.00,0.00,Yes,Repair,Roofing,Residential,224.13,1275.25,https://my.acculynx.com/jobs/b1ad2dc9-2faf-491e-8d1c-d61b29bb5908
RR-3532,Paid,23.36,Material AMEX Home Depot,H1267-394403,,2380.00,0.00,Yes,Repair,Roofing,Residential,224.13,1275.25,https://my.acculynx.com/jobs/b1ad2dc9-2faf-491e-8d1c-d61b29bb5908
RR-3532,Paid,725.00,Labor V&D Family Home Remodeling Corp Dump,,,2380.00,0.00,Yes,Repair,Roofing,Residential,224.13,1275.25,https://my.acculynx.com/jobs/b1ad2dc9-2faf-491e-8d1c-d61b29bb5908
RR-3532,Paid,523.88,Material ACCOUNT National,50102191,,2380.00,0.00,Yes,Repair,Roofing,Residential,224.13,1275.25,https://my.acculynx.com/jobs/b1ad2dc9-2faf-491e-8d1c-d61b29bb5908
RR-3532,Additional,224.13,Michael Dietrich Commission,,T,2380.00,0.00,No,Repair,Roofing,Residential,224.13,1275.25,https://my.acculynx.com/jobs/b1ad2dc9-2faf-491e-8d1c-d61b29bb5908
RR-3532,Paid,-181.26,Material ACCOUNT National Returns,0050789879-001,4 BD GAF Shingle,2380.00,0.00,Yes,Repair,Roofing,Residential,224.13,1275.25,https://my.acculynx.com/jobs/b1ad2dc9-2faf-491e-8d1c-d61b29bb5908
RR-3628,Additional,738.00,Michael Meinardus Commission,,10% of GP (T),20000.00,0.00,No,New,Roofing,Residential,1238.00,13853.92,https://my.acculynx.com/jobs/b54867d6-1697-477a-9647-69f19cd4b297
RR-3628,Additional,500.00,Joseph Cassara Commission,,T,20000.00,0.00,No,New,Roofing,Residential,1238.00,13853.92,https://my.acculynx.com/jobs/b54867d6-1697-477a-9647-69f19cd4b297
RR-3628,Paid,75.04,Material ACCOUNT National Shop,,(1) RL Ice Water & Shield ,20000.00,0.00,Yes,New,Roofing,Residential,1238.00,13853.92,https://my.acculynx.com/jobs/b54867d6-1697-477a-9647-69f19cd4b297
RR-3628,Paid,666.21,Material ACCOUNT National ,0050966415-001,,20000.00,0.00,Yes,New,Roofing,Residential,1238.00,13853.92,https://my.acculynx.com/jobs/b54867d6-1697-477a-9647-69f19cd4b297
RR-3628,Paid,314.29,Platinum Warranty ,,,20000.00,0.00,Yes,New,Roofing,Residential,1238.00,13853.92,https://my.acculynx.com/jobs/b54867d6-1697-477a-9647-69f19cd4b297
RR-3628,Paid,-238.65,Material ACCOUNT National Shop Returns,,(19) F55 Dripedge - kept in trailer,20000.00,0.00,Yes,New,Roofing,Residential,1238.00,13853.92,https://my.acculynx.com/jobs/b54867d6-1697-477a-9647-69f19cd4b297
RR-3628,Paid,1330.00,Labor V&D Family Home Remodeling Corp Dump,,,20000.00,0.00,Yes,New,Roofing,Residential,1238.00,13853.92,https://my.acculynx.com/jobs/b54867d6-1697-477a-9647-69f19cd4b297
RR-3628,Paid,4058.00,Labor V&D Family Home Remodeling Corp Pay,,,20000.00,0.00,Yes,New,Roofing,Residential,1238.00,13853.92,https://my.acculynx.com/jobs/b54867d6-1697-477a-9647-69f19cd4b297
RR-3628,Paid,408.90,Material ACCOUNT National,0050898007-001,,20000.00,0.00,Yes,New,Roofing,Residential,1238.00,13853.92,https://my.acculynx.com/jobs/b54867d6-1697-477a-9647-69f19cd4b297
RR-3628,Paid,6002.13,Material ACCOUNT National,,0050830908-001,20000.00,0.00,Yes,New,Roofing,Residential,1238.00,13853.92,https://my.acculynx.com/jobs/b54867d6-1697-477a-9647-69f19cd4b297
RR-3238,Paid,14.01,Material ACCOUNT National,0047880432-001,,7098.75,0.00,Yes,Repair,Roof Repairs,Residential,826.95,3790.96,https://my.acculynx.com/jobs/a1eefbc4-146a-4afe-8a90-6093cbb9cb0e
RR-3238,Paid,-9.24,Material ACCOUNT National Shop Returns,,(1) TB Silicone,7098.75,0.00,Yes,Repair,Roof Repairs,Residential,826.95,3790.96,https://my.acculynx.com/jobs/a1eefbc4-146a-4afe-8a90-6093cbb9cb0e
RR-3238,Paid,1197.20,Material ACCOUNT National,0047712592-001,,7098.75,0.00,Yes,Repair,Roof Repairs,Residential,826.95,3790.96,https://my.acculynx.com/jobs/a1eefbc4-146a-4afe-8a90-6093cbb9cb0e
RR-3238,Paid,139.80,Material ACCOUNT National Shop,,(1) RL Trim Coil (1) BX Trim Nails,7098.75,0.00,Yes,Repair,Roof Repairs,Residential,826.95,3790.96,https://my.acculynx.com/jobs/a1eefbc4-146a-4afe-8a90-6093cbb9cb0e
RR-3238,Paid,1450.00,Labor CASH V&D Family Home Remodeling Corp Pay,,,7098.75,0.00,Yes,Repair,Roof Repairs,Residential,826.95,3790.96,https://my.acculynx.com/jobs/a1eefbc4-146a-4afe-8a90-6093cbb9cb0e
RR-3238,Paid,354.94,Dealer CC Fee,,Dealer Fee,7098.75,0.00,Yes,Repair,Roof Repairs,Residential,826.95,3790.96,https://my.acculynx.com/jobs/a1eefbc4-146a-4afe-8a90-6093cbb9cb0e
RR-3553,Paid,105.36,Material ACCOUNT National,0050312337-001,,2800.00,0.00,Yes,Repair,Roofing,Residential,181.80,2072.79,https://my.acculynx.com/jobs/86d734c7-e281-4411-b36b-4aca8ae97393
RR-3553,Paid,245.00,Sales Tax,,,2800.00,0.00,Yes,Repair,Roofing,Residential,181.80,2072.79,https://my.acculynx.com/jobs/86d734c7-e281-4411-b36b-4aca8ae97393
RR-3553,Additional,181.80,Michael Dietrich Commission,,T,2800.00,0.00,No,Repair,Roofing,Residential,181.80,2072.79,https://my.acculynx.com/jobs/86d734c7-e281-4411-b36b-4aca8ae97393
RR-3553,Paid,815.63,Material AMEX American Chimney,45138,,2800.00,0.00,Yes,Repair,Roofing,Residential,181.80,2072.79,https://my.acculynx.com/jobs/86d734c7-e281-4411-b36b-4aca8ae97393
RR-3553,Paid,725.00,Labor V&D Family Home Remodeling Corp Pay,,,2800.00,0.00,Yes,Repair,Roofing,Residential,181.80,2072.79,https://my.acculynx.com/jobs/86d734c7-e281-4411-b36b-4aca8ae97393
RR-3647,Paid,1030.00,Labor V&D Family Home Remodeling Corp Dump,,,19344.54,0.00,Yes,New,Roofing,Residential,1812.00,12096.89,https://my.acculynx.com/jobs/a9b17c48-dbcb-4bc4-8bcf-88918193fe73
RR-3647,Paid,3100.00,Labor V&D Family Home Remodeling Corp Pay,,,19344.54,0.00,Yes,New,Roofing,Residential,1812.00,12096.89,https://my.acculynx.com/jobs/a9b17c48-dbcb-4bc4-8bcf-88918193fe73
RR-3647,Paid,242.51,Platinum Warranty ,OC-2026-WR-2388626,,19344.54,0.00,Yes,New,Roofing,Residential,1812.00,12096.89,https://my.acculynx.com/jobs/a9b17c48-dbcb-4bc4-8bcf-88918193fe73
RR-3647,Additional,1812.00,Joseph Young Commission,,T,19344.54,0.00,No,New,Roofing,Residential,1812.00,12096.89,https://my.acculynx.com/jobs/a9b17c48-dbcb-4bc4-8bcf-88918193fe73
RR-3647,Paid,967.23,Dealer CC Fee,,Dealer Fee,19344.54,0.00,Yes,New,Roofing,Residential,1812.00,12096.89,https://my.acculynx.com/jobs/a9b17c48-dbcb-4bc4-8bcf-88918193fe73
RR-3647,Paid,4796.64,Material ACCOUNT National,0050936902-001,,19344.54,0.00,Yes,New,Roofing,Residential,1812.00,12096.89,https://my.acculynx.com/jobs/a9b17c48-dbcb-4bc4-8bcf-88918193fe73
RR-3647,Paid,148.51,Material ACCOUNT National,0051284446-001,Split from upsell file ,19344.54,0.00,Yes,New,Roofing,Residential,1812.00,12096.89,https://my.acculynx.com/jobs/a9b17c48-dbcb-4bc4-8bcf-88918193fe73
RR-3403,Paid,370.84,Material ACCOUNT National,0048967908-001,,7604.19,0.00,Yes,Repair,Roofing,Commercial,1246.67,2617.51,https://my.acculynx.com/jobs/4412e437-1e64-4386-a6a4-71050fec7093
RR-3403,Paid,1000.00,Labor Brentwood Roofing And Contracting Inc,,,7604.19,0.00,Yes,Repair,Roofing,Commercial,1246.67,2617.51,https://my.acculynx.com/jobs/4412e437-1e64-4386-a6a4-71050fec7093
RR-3403,Additional,1246.67,Michael Dietrich Commission,,T,7604.19,0.00,No,Repair,Roofing,Commercial,1246.67,2617.51,https://my.acculynx.com/jobs/4412e437-1e64-4386-a6a4-71050fec7093
RR-3474,Paid,659.19,Material ACCOUNT National,49572022,,2700.00,0.00,Yes,Repair,Roofing,Residential,209.93,1860.28,https://my.acculynx.com/jobs/76603457-25e5-436b-9f4d-91ce8a7a6fad
RR-3474,Paid,29.91,Material ACCOUNT National Shop,,(1) 1/2 Plywood ,2700.00,0.00,Yes,Repair,Roofing,Residential,209.93,1860.28,https://my.acculynx.com/jobs/76603457-25e5-436b-9f4d-91ce8a7a6fad
RR-3474,Paid,236.25,Sales Tax,,,2700.00,0.00,Yes,Repair,Roofing,Residential,209.93,1860.28,https://my.acculynx.com/jobs/76603457-25e5-436b-9f4d-91ce8a7a6fad
RR-3474,Paid,725.00,Labor Flawless Roofing Pay,,,2700.00,0.00,Yes,Repair,Roofing,Residential,209.93,1860.28,https://my.acculynx.com/jobs/76603457-25e5-436b-9f4d-91ce8a7a6fad
RR-3474,Additional,209.93,Francesco Ambrosio Commission,,Comm. (T),2700.00,0.00,No,Repair,Roofing,Residential,209.93,1860.28,https://my.acculynx.com/jobs/76603457-25e5-436b-9f4d-91ce8a7a6fad
RR-3561,Paid,815.63,Material AMEX American Chimney Supplies,45139,,3945.00,0.00,Yes,Repair,Roofing,Residential,325.47,2643.24,https://my.acculynx.com/jobs/b79b3624-2db5-4427-adc8-e21accdf367c
RR-3561,Paid,345.19,Sales Tax,,,3945.00,0.00,Yes,Repair,Roofing,Residential,325.47,2643.24,https://my.acculynx.com/jobs/b79b3624-2db5-4427-adc8-e21accdf367c
RR-3561,Paid,422.46,Material ACCOUNT National ,0050442169-001,,3945.00,0.00,Yes,Repair,Roofing,Residential,325.47,2643.24,https://my.acculynx.com/jobs/b79b3624-2db5-4427-adc8-e21accdf367c
RR-3561,Additional,325.47,Joseph Young Commission,,T,3945.00,0.00,No,Repair,Roofing,Residential,325.47,2643.24,https://my.acculynx.com/jobs/b79b3624-2db5-4427-adc8-e21accdf367c
RR-3561,Paid,825.00,Labor CASH V&D Family Home Remodeling Corp Pay,,,3945.00,0.00,Yes,Repair,Roofing,Residential,325.47,2643.24,https://my.acculynx.com/jobs/b79b3624-2db5-4427-adc8-e21accdf367c
RR-3561,Paid,-90.51,Material ACCOUNT National Returns ,,(2) BD GAF Shingle,3945.00,0.00,Yes,Repair,Roofing,Residential,325.47,2643.24,https://my.acculynx.com/jobs/b79b3624-2db5-4427-adc8-e21accdf367c
RR-3479,Additional,2358.65,Michael Dietrich Commissions,,(T),24469.57,0.00,No,New,Roofing,Residential,2358.65,15027.31,https://my.acculynx.com/jobs/32d15fec-69e7-447b-a3b5-ea126e131b61
RR-3479,Paid,1172.00,Labor All About Gutters,,Gutters Only. $100 for the gutter gaurds is in RR-3490,24469.57,0.00,Yes,New,Roofing,Residential,2358.65,15027.31,https://my.acculynx.com/jobs/32d15fec-69e7-447b-a3b5-ea126e131b61
RR-3479,Paid,705.00,Labor V&D Family Home Remodeling Corp Dump,,,24469.57,0.00,Yes,New,Roofing,Residential,2358.65,15027.31,https://my.acculynx.com/jobs/32d15fec-69e7-447b-a3b5-ea126e131b61
RR-3479,Paid,233.79,Material AMEX Home Depot,H6167-226749,,24469.57,0.00,Yes,New,Roofing,Residential,2358.65,15027.31,https://my.acculynx.com/jobs/32d15fec-69e7-447b-a3b5-ea126e131b61
RR-3479,Paid,239.25,Material ACCOUNT National Shop,,(8) 1/2 Plywood,24469.57,0.00,Yes,New,Roofing,Residential,2358.65,15027.31,https://my.acculynx.com/jobs/32d15fec-69e7-447b-a3b5-ea126e131b61
RR-3479,Paid,353.48,Material AMEX Home Depot,H6167-226728,,24469.57,0.00,Yes,New,Roofing,Residential,2358.65,15027.31,https://my.acculynx.com/jobs/32d15fec-69e7-447b-a3b5-ea126e131b61
RR-3479,Paid,242.51,Platinum Warranty,OC-2026-WR-2330382,,24469.57,0.00,Yes,New,Roofing,Residential,2358.65,15027.31,https://my.acculynx.com/jobs/32d15fec-69e7-447b-a3b5-ea126e131b61
RR-3479,Paid,6484.98,Material ACCOUNT National,0049676598-001,,24469.57,0.00,Yes,New,Roofing,Residential,2358.65,15027.31,https://my.acculynx.com/jobs/32d15fec-69e7-447b-a3b5-ea126e131b61
RR-3479,Paid,313.74,Material ACCOUNT National,0049676598-002,,24469.57,0.00,Yes,New,Roofing,Residential,2358.65,15027.31,https://my.acculynx.com/jobs/32d15fec-69e7-447b-a3b5-ea126e131b61
RR-3479,Paid,3505.00,Labor V&D Family Home Remodeling Corp Pay,,,24469.57,0.00,Yes,New,Roofing,Residential,2358.65,15027.31,https://my.acculynx.com/jobs/32d15fec-69e7-447b-a3b5-ea126e131b61
RR-3479,Paid,-581.09,Material ACCOUNT National Returns,,(7) Designer Shingle(1) GAF Master Attic Vent,24469.57,0.00,Yes,New,Roofing,Residential,2358.65,15027.31,https://my.acculynx.com/jobs/32d15fec-69e7-447b-a3b5-ea126e131b61
RR-3375,Paid,-217.50,Material ACCOUNT National Returns ,,(1) Ice Water & Shield(3) GAF Shingle,2500.00,0.00,Yes,Repair,Roofing,Residential,262.39,1450.45,https://my.acculynx.com/jobs/c9f170ab-76cc-4ca5-b509-1940c954d21b
RR-3375,Paid,125.06,Material ACCOUNT National Shop,,(1) RL of trim coil,2500.00,0.00,Yes,Repair,Roofing,Residential,262.39,1450.45,https://my.acculynx.com/jobs/c9f170ab-76cc-4ca5-b509-1940c954d21b
RR-3375,Paid,725.00,Labor Flawless Roofing Pay,,,2500.00,0.00,Yes,Repair,Roofing,Residential,262.39,1450.45,https://my.acculynx.com/jobs/c9f170ab-76cc-4ca5-b509-1940c954d21b
RR-3375,Paid,336.75,Material ACCOUNT National,48696311,,2500.00,0.00,Yes,Repair,Roofing,Residential,262.39,1450.45,https://my.acculynx.com/jobs/c9f170ab-76cc-4ca5-b509-1940c954d21b
RR-3375,Paid,218.75,Sales Tax,,,2500.00,0.00,Yes,Repair,Roofing,Residential,262.39,1450.45,https://my.acculynx.com/jobs/c9f170ab-76cc-4ca5-b509-1940c954d21b
RR-3375,Additional,262.39,Francesco Ambrosio Commission,,T,2500.00,0.00,No,Repair,Roofing,Residential,262.39,1450.45,https://my.acculynx.com/jobs/c9f170ab-76cc-4ca5-b509-1940c954d21b
RR-3582,Paid,1530.00,Labor V&D Family Home Remodeling Corp Dump,,,24990.13,0.00,Yes,New,Roofing,Residential,2234.10,16053.74,https://my.acculynx.com/jobs/b183f978-d458-449c-a2d9-a58e6789bfcd
RR-3582,Paid,350.18,Platinum Warranty ,OC-2026-WR-2362306,,24990.13,0.00,Yes,New,Roofing,Residential,2234.10,16053.74,https://my.acculynx.com/jobs/b183f978-d458-449c-a2d9-a58e6789bfcd
RR-3582,Paid,1249.51,Dealer CC Fee,,Dealer Fee,24990.13,0.00,Yes,New,Roofing,Residential,2234.10,16053.74,https://my.acculynx.com/jobs/b183f978-d458-449c-a2d9-a58e6789bfcd
RR-3582,Paid,4350.00,Labor V&D Family Home Remodeling Corp Pay,,,24990.13,0.00,Yes,New,Roofing,Residential,2234.10,16053.74,https://my.acculynx.com/jobs/b183f978-d458-449c-a2d9-a58e6789bfcd
RR-3582,Paid,6339.95,Material ACCOUNT National,0050491375-001,,24990.13,0.00,Yes,New,Roofing,Residential,2234.10,16053.74,https://my.acculynx.com/jobs/b183f978-d458-449c-a2d9-a58e6789bfcd
RR-3582,Additional,2234.10,Joseph Young Commission,,T,24990.13,0.00,No,New,Roofing,Residential,2234.10,16053.74,https://my.acculynx.com/jobs/b183f978-d458-449c-a2d9-a58e6789bfcd
RR-3309,Paid,61.99,Material ACCOUNT National Shop,,(1) BD Step Flashing,3375.00,0.00,Yes,Repair,Roofing,Residential,143.19,2086.26,https://my.acculynx.com/jobs/2d278a74-a7f4-416e-a641-fc1fd7e494c0
RR-3309,Paid,943.90,Material ACCOUNT National,0048192608-001,,3375.00,0.00,Yes,Repair,Roofing,Residential,143.19,2086.26,https://my.acculynx.com/jobs/2d278a74-a7f4-416e-a641-fc1fd7e494c0
RR-3309,Paid,291.09,Sales Tax,,,3375.00,0.00,Yes,Repair,Roofing,Residential,143.19,2086.26,https://my.acculynx.com/jobs/2d278a74-a7f4-416e-a641-fc1fd7e494c0
RR-3309,Paid,815.00,Labor CASH V&D Family Home Remodeling Corp Pay,,,3375.00,0.00,Yes,Repair,Roofing,Residential,143.19,2086.26,https://my.acculynx.com/jobs/2d278a74-a7f4-416e-a641-fc1fd7e494c0
RR-3309,Additional,138.77,Michael Dietrich Commission,,T,3375.00,0.00,No,Repair,Roofing,Residential,143.19,2086.26,https://my.acculynx.com/jobs/2d278a74-a7f4-416e-a641-fc1fd7e494c0
RR-3309,Paid,-168.91,Material ACCOUNT National Returns ,,(2) BD GAF (1) Ridge vent ( ventsure),3375.00,0.00,Yes,Repair,Roofing,Residential,143.19,2086.26,https://my.acculynx.com/jobs/2d278a74-a7f4-416e-a641-fc1fd7e494c0
RR-3309,Additional,4.42,Commissions Adjustments,,,3375.00,0.00,No,Repair,Roofing,Residential,143.19,2086.26,https://my.acculynx.com/jobs/2d278a74-a7f4-416e-a641-fc1fd7e494c0
RR-3224,Paid,675.00,Labor CASH V&D Family Home Remodeling Corp Pay,,,3700.00,0.00,Yes,Repair,Roofing,Residential,572.74,1409.05,https://my.acculynx.com/jobs/f73ea764-fab8-4004-baba-d21c3295c8fd
RR-3224,Additional,572.74,Francesco ,,T,3700.00,0.00,No,Repair,Roofing,Residential,572.74,1409.05,https://my.acculynx.com/jobs/f73ea764-fab8-4004-baba-d21c3295c8fd
RR-3224,Paid,18.49,Material ACCOUNT National Shop,,(2) Silicone,3700.00,0.00,Yes,Repair,Roofing,Residential,572.74,1409.05,https://my.acculynx.com/jobs/f73ea764-fab8-4004-baba-d21c3295c8fd
RR-3224,Paid,213.15,Material ACCOUNT National,0047565706-001,,3700.00,0.00,Yes,Repair,Roofing,Residential,572.74,1409.05,https://my.acculynx.com/jobs/f73ea764-fab8-4004-baba-d21c3295c8fd
RR-3224,Paid,-70.33,Material ACCOUNT National Returns,,(1) 1/2" Plywood(1) BD GAF,3700.00,0.00,Yes,Repair,Roofing,Residential,572.74,1409.05,https://my.acculynx.com/jobs/f73ea764-fab8-4004-baba-d21c3295c8fd
RR-3485,Additional,1618.68,MIchael Dietrich Commission,,(T),22463.15,0.00,No,New,Roofing,Residential,1618.68,15988.41,https://my.acculynx.com/jobs/024900b8-771e-4b8b-ae3b-0db6b7ad11eb
RR-3485,Paid,278.40,Platinum Warranty,OC-2026-WR-2333575,,22463.15,0.00,Yes,New,Roofing,Residential,1618.68,15988.41,https://my.acculynx.com/jobs/024900b8-771e-4b8b-ae3b-0db6b7ad11eb
RR-3485,Paid,-211.52,Material ACCOUNT National Shop Returns,,(5) 1/2 Plywood (1) 3' Lifetime Pipe Flange,22463.15,0.00,Yes,New,Roofing,Residential,1618.68,15988.41,https://my.acculynx.com/jobs/024900b8-771e-4b8b-ae3b-0db6b7ad11eb
RR-3485,Paid,992.50,Labor CASH Flawless Roofing Dump ,,,22463.15,0.00,Yes,New,Roofing,Residential,1618.68,15988.41,https://my.acculynx.com/jobs/024900b8-771e-4b8b-ae3b-0db6b7ad11eb
RR-3485,Paid,6707.94,Material ACCOUNT National,0049725055-001,,22463.15,0.00,Yes,New,Roofing,Residential,1618.68,15988.41,https://my.acculynx.com/jobs/024900b8-771e-4b8b-ae3b-0db6b7ad11eb
RR-3485,Paid,-573.18,Material ACCOUNT National Returns,0049879036-001,(1) BD Starter Strip Plus (8)  BD Duration Shingle (1) OC DeckSeal,22463.15,0.00,Yes,New,Roofing,Residential,1618.68,15988.41,https://my.acculynx.com/jobs/024900b8-771e-4b8b-ae3b-0db6b7ad11eb
RR-3485,Paid,85.36,Material ACCOUNT National,0049853024-001,,22463.15,0.00,Yes,New,Roofing,Residential,1618.68,15988.41,https://my.acculynx.com/jobs/024900b8-771e-4b8b-ae3b-0db6b7ad11eb
RR-3485,Paid,112.97,Material ACCOUNT National,0049725055-002,,22463.15,0.00,Yes,New,Roofing,Residential,1618.68,15988.41,https://my.acculynx.com/jobs/024900b8-771e-4b8b-ae3b-0db6b7ad11eb
RR-3485,Paid,1789.06,Material ACCOUNT National,0049831885-001,,22463.15,0.00,Yes,New,Roofing,Residential,1618.68,15988.41,https://my.acculynx.com/jobs/024900b8-771e-4b8b-ae3b-0db6b7ad11eb
RR-3485,Paid,4770.00,Labor CASH Flawless Roofing Pay,,,22463.15,0.00,Yes,New,Roofing,Residential,1618.68,15988.41,https://my.acculynx.com/jobs/024900b8-771e-4b8b-ae3b-0db6b7ad11eb
RR-3485,Paid,418.20,Material ACCOUNT National,0049831885-002,,22463.15,0.00,Yes,New,Roofing,Residential,1618.68,15988.41,https://my.acculynx.com/jobs/024900b8-771e-4b8b-ae3b-0db6b7ad11eb
RR-3694,Paid,483.33,Labor CASH V&D Family Home Remodeling Corp Pay,,,3400.00,0.00,Yes,Repair,Roofing,Residential,331.00,2074.12,https://my.acculynx.com/jobs/37e4135a-2f20-4a7e-b79f-b259dc60ad2c
RR-3694,Additional,331.00,Michael Dietrich Commission,,T,3400.00,0.00,No,Repair,Roofing,Residential,331.00,2074.12,https://my.acculynx.com/jobs/37e4135a-2f20-4a7e-b79f-b259dc60ad2c
RR-3694,Paid,297.50,Sales Tax,,,3400.00,0.00,Yes,Repair,Roofing,Residential,331.00,2074.12,https://my.acculynx.com/jobs/37e4135a-2f20-4a7e-b79f-b259dc60ad2c
RR-3694,Paid,-120.35,Material ACCOUNT National Returns ,,(2) BD GAF Shingle(1) RL Ice Water& Shield,3400.00,0.00,Yes,Repair,Roofing,Residential,331.00,2074.12,https://my.acculynx.com/jobs/37e4135a-2f20-4a7e-b79f-b259dc60ad2c
RR-3694,Paid,550.00,Labor CASH V&D Family Home Remodeling Corp Pay,,,3400.00,0.00,Yes,Repair,Roofing,Residential,331.00,2074.12,https://my.acculynx.com/jobs/37e4135a-2f20-4a7e-b79f-b259dc60ad2c
RR-3442,Paid,230.55,Platinum Warranty,,,17089.55,0.00,Yes,New,Roofing,Residential,1835.20,9748.76,https://my.acculynx.com/jobs/47a3cbe4-b9cc-451f-8546-671b375d59d0
RR-3442,Paid,-84.83,Material ACCOUNT National Shop Returns,,(2) 3/4 Plywood - Kept in the trailer,17089.55,0.00,Yes,New,Roofing,Residential,1835.20,9748.76,https://my.acculynx.com/jobs/47a3cbe4-b9cc-451f-8546-671b375d59d0
RR-3442,Paid,2690.00,Labor Flawless Roofing Pay,,,17089.55,0.00,Yes,New,Roofing,Residential,1835.20,9748.76,https://my.acculynx.com/jobs/47a3cbe4-b9cc-451f-8546-671b375d59d0
RR-3442,Paid,380.26,Material ACCOUNT National Shop,,(1) Lifetime Bath & Dry Vent(7) 1/2 Plywood(2) BD Duration Shingle,17089.55,0.00,Yes,New,Roofing,Residential,1835.20,9748.76,https://my.acculynx.com/jobs/47a3cbe4-b9cc-451f-8546-671b375d59d0
RR-3442,Additional,1835.20,Joseph Cassara Commission,,T,17089.55,0.00,No,New,Roofing,Residential,1835.20,9748.76,https://my.acculynx.com/jobs/47a3cbe4-b9cc-451f-8546-671b375d59d0
RR-3442,Paid,4127.58,Material ACCOUNT National,0049277572-001,,17089.55,0.00,Yes,New,Roofing,Residential,1835.20,9748.76,https://my.acculynx.com/jobs/47a3cbe4-b9cc-451f-8546-671b375d59d0
RR-3442,Paid,570.00,Labor Flawless Roofing Dump ,,,17089.55,0.00,Yes,New,Roofing,Residential,1835.20,9748.76,https://my.acculynx.com/jobs/47a3cbe4-b9cc-451f-8546-671b375d59d0
RR-3621,Paid,211.37,Material ACCOUNT National,0050966865-001,,6900.00,0.00,Yes,Repair,Roofing,Residential,588.00,4548.68,https://my.acculynx.com/jobs/f87e3155-3c08-4d0e-bd0b-d03e4fb7dc80
RR-3621,Paid,250.00,Labor CASH V&D Family Home Remodeling Corp Dump,,,6900.00,0.00,Yes,Repair,Roofing,Residential,588.00,4548.68,https://my.acculynx.com/jobs/f87e3155-3c08-4d0e-bd0b-d03e4fb7dc80
RR-3621,Paid,1650.00,Labor V&D Family Home Remodeling Corp Pay,,,6900.00,0.00,Yes,Repair,Roofing,Residential,588.00,4548.68,https://my.acculynx.com/jobs/f87e3155-3c08-4d0e-bd0b-d03e4fb7dc80
RR-3621,Paid,128.32,Material ACCOUNT National,0050937549-001,,6900.00,0.00,Yes,Repair,Roofing,Residential,588.00,4548.68,https://my.acculynx.com/jobs/f87e3155-3c08-4d0e-bd0b-d03e4fb7dc80
RR-3621,Paid,1720.99,Material ACCOUNT National,0050716321-001,,6900.00,0.00,Yes,Repair,Roofing,Residential,588.00,4548.68,https://my.acculynx.com/jobs/f87e3155-3c08-4d0e-bd0b-d03e4fb7dc80
RR-3621,Additional,588.00,Michael Dietrich Commission,,T,6900.00,0.00,No,Repair,Roofing,Residential,588.00,4548.68,https://my.acculynx.com/jobs/f87e3155-3c08-4d0e-bd0b-d03e4fb7dc80
RR-3418,Paid,826.91,Other Job Expenses Land Resource Dump,10958,,22456.53,0.00,Yes,New,Roofing,Residential,1830.76,15179.37,https://my.acculynx.com/jobs/d8b494db-293c-4c2c-901e-15ff865b15ef
RR-3418,Paid,4000.00,Labor Ian RenewUSA solar,,,22456.53,0.00,Yes,New,Roofing,Residential,1830.76,15179.37,https://my.acculynx.com/jobs/d8b494db-293c-4c2c-901e-15ff865b15ef
RR-3418,Paid,-299.06,Material ACCOUNT National Returns,,(10) Plywood,22456.53,0.00,Yes,New,Roofing,Residential,1830.76,15179.37,https://my.acculynx.com/jobs/d8b494db-293c-4c2c-901e-15ff865b15ef
RR-3418,Paid,677.50,Platinum Warranty,,,22456.53,0.00,Yes,New,Roofing,Residential,1830.76,15179.37,https://my.acculynx.com/jobs/d8b494db-293c-4c2c-901e-15ff865b15ef
RR-3418,Paid,-84.83,Material ACCOUNT National Shop Returns,,(2) 3/4 Plywood ,22456.53,0.00,Yes,New,Roofing,Residential,1830.76,15179.37,https://my.acculynx.com/jobs/d8b494db-293c-4c2c-901e-15ff865b15ef
RR-3418,Additional,1830.76,Michael Dietrich Commission,,T,22456.53,0.00,No,New,Roofing,Residential,1830.76,15179.37,https://my.acculynx.com/jobs/d8b494db-293c-4c2c-901e-15ff865b15ef
RR-3453,Additional,576.20,Michael Dietrich Commission,,T,5550.00,0.00,No,Repair,Roofing,Residential,576.20,3245.22,https://my.acculynx.com/jobs/43dcd842-889d-4c7f-a57e-54fb0d5a134f
RR-3453,Paid,1216.32,Material ACCOUNT National,0049357735-001,,5550.00,0.00,Yes,Repair,Roofing,Residential,576.20,3245.22,https://my.acculynx.com/jobs/43dcd842-889d-4c7f-a57e-54fb0d5a134f
RR-3712,Paid,550.00,Labor CASH V&D Family Home Remodeling Corp Pay,,,1560.00,0.00,Yes,Repair,Roofing,Residential,105.00,1141.07,https://my.acculynx.com/jobs/c50454b7-114d-42b9-989a-0337c0c9e8b5
RR-3712,Paid,486.07,Material ACCOUNT National,0051303819-001,,1560.00,0.00,Yes,Repair,Roofing,Residential,105.00,1141.07,https://my.acculynx.com/jobs/c50454b7-114d-42b9-989a-0337c0c9e8b5
RR-3712,Additional,105.00,Michael Dietrich Commission,,T,1560.00,0.00,No,Repair,Roofing,Residential,105.00,1141.07,https://my.acculynx.com/jobs/c50454b7-114d-42b9-989a-0337c0c9e8b5
RR-3604,Paid,993.33,Material ACCOUNT National ,0050662412,,3800.00,0.00,Yes,Repair,Roofing,Residential,507.10,1771.61,https://my.acculynx.com/jobs/6dc66fa8-2a33-4200-90e1-4a394a0b462b
RR-3661,Additional,1409.00,Joseph Young Commission,,T,13923.56,0.00,No,New,Roofing,Residential,1409.00,8286.61,https://my.acculynx.com/jobs/311ae478-9252-44a9-94cb-4c4475a4dc0c
RR-3661,Paid,3395.11,Material ACCOUNT National ,50967746,,13923.56,0.00,Yes,New,Roofing,Residential,1409.00,8286.61,https://my.acculynx.com/jobs/311ae478-9252-44a9-94cb-4c4475a4dc0c
RR-3205,Paid,17.50,Dealer CC Fee,,,500.00,0.00,Yes,Repair,Roofing,Residential,0.00,417.50,https://my.acculynx.com/jobs/6dba8d4b-95d8-41b2-97ca-f5fdd8dcaf1c
RR-3205,Paid,400.00,Labor Flawless Roofing Pay,,,500.00,0.00,Yes,Repair,Roofing,Residential,0.00,417.50,https://my.acculynx.com/jobs/6dba8d4b-95d8-41b2-97ca-f5fdd8dcaf1c
RR-3433,Additional,0.00,Joseph Young Commission,,T,2520.00,0.00,No,Repair,Roofing,Residential,0.00,1952.34,https://my.acculynx.com/jobs/de62b854-efe0-4dd0-b4f7-0d9b8385e7ae
RR-3433,Paid,725.00,Labor V&D Family Home Remodeling Corp Pay,,,2520.00,0.00,Yes,Repair,Roofing,Residential,0.00,1952.34,https://my.acculynx.com/jobs/de62b854-efe0-4dd0-b4f7-0d9b8385e7ae
RR-3433,Paid,1227.34,Material ACCOUNT National,0049618815-001,,2520.00,0.00,Yes,Repair,Roofing,Residential,0.00,1952.34,https://my.acculynx.com/jobs/de62b854-efe0-4dd0-b4f7-0d9b8385e7ae
RR-3355,Paid,700.00,Labor Flawless Roofing Pay,,,5750.00,0.00,Yes,Repair,Roofing,Residential,642.80,3213.08,https://my.acculynx.com/jobs/eba863e7-f687-442d-8e02-1187f883cba3
RR-3355,Paid,156.00,Labor Flawless Roofing Dump,,,5750.00,0.00,Yes,Repair,Roofing,Residential,642.80,3213.08,https://my.acculynx.com/jobs/eba863e7-f687-442d-8e02-1187f883cba3
RR-3355,Paid,-78.30,Material ACCOUNT National Shop Returns,,(3) Plywood - Kept in the truck ,5750.00,0.00,Yes,Repair,Roofing,Residential,642.80,3213.08,https://my.acculynx.com/jobs/eba863e7-f687-442d-8e02-1187f883cba3
RR-3355,Additional,642.80,Francesco Ambrosio Commission,,T,5750.00,0.00,No,Repair,Roofing,Residential,642.80,3213.08,https://my.acculynx.com/jobs/eba863e7-f687-442d-8e02-1187f883cba3
RR-3355,Paid,1699.24,Material ACCOUNT National,0048496003-001,,5750.00,0.00,Yes,Repair,Roofing,Residential,642.80,3213.08,https://my.acculynx.com/jobs/eba863e7-f687-442d-8e02-1187f883cba3
RR-3355,Paid,234.90,Material ACCOUNT National Shop,,(9) 1/2 Plywood ( just confirmed it with him) ,5750.00,0.00,Yes,Repair,Roofing,Residential,642.80,3213.08,https://my.acculynx.com/jobs/eba863e7-f687-442d-8e02-1187f883cba3
RR-3355,Paid,-141.56,Material ACCOUNT National Returns,,(1) BD GAF Shingles (1) Lifetime Flange 3" (1) 3" Easysleeve,5750.00,0.00,Yes,Repair,Roofing,Residential,642.80,3213.08,https://my.acculynx.com/jobs/eba863e7-f687-442d-8e02-1187f883cba3
RR-3693,Paid,143.07,Dealer CC Fee,,CC Fee,20998.74,0.00,Yes,New,Roofing,Residential,1142.00,16432.23,https://my.acculynx.com/jobs/b86f487e-5a53-431f-a86b-998dd9ec4d3a
RR-3693,Paid,2495.02,Dealer CC Fee,,,20998.74,0.00,Yes,New,Roofing,Residential,1142.00,16432.23,https://my.acculynx.com/jobs/b86f487e-5a53-431f-a86b-998dd9ec4d3a
RR-3693,Paid,3260.00,Labor V&D Family Home Remodeling Corp Pay,,,20998.74,0.00,Yes,New,Roofing,Residential,1142.00,16432.23,https://my.acculynx.com/jobs/b86f487e-5a53-431f-a86b-998dd9ec4d3a
RR-3693,Paid,3541.18,Material ACCOUNT National,0051248645-002,,20998.74,0.00,Yes,New,Roofing,Residential,1142.00,16432.23,https://my.acculynx.com/jobs/b86f487e-5a53-431f-a86b-998dd9ec4d3a
RR-3693,Paid,4521.77,Material ACCOUNT National,0051248645-001,,20998.74,0.00,Yes,New,Roofing,Residential,1142.00,16432.23,https://my.acculynx.com/jobs/b86f487e-5a53-431f-a86b-998dd9ec4d3a
RR-3693,Additional,1142.00,Michael Dietrich Commission,,T,20998.74,0.00,No,New,Roofing,Residential,1142.00,16432.23,https://my.acculynx.com/jobs/b86f487e-5a53-431f-a86b-998dd9ec4d3a
RR-3693,Paid,856.00,Labor V&D Family Home Remodeling Corp Dump,,,20998.74,0.00,Yes,New,Roofing,Residential,1142.00,16432.23,https://my.acculynx.com/jobs/b86f487e-5a53-431f-a86b-998dd9ec4d3a
RR-3693,Paid,-241.11,Material ACCOUNT National Returns ,0051275312-001,(3) Ridge Vent ,20998.74,0.00,Yes,New,Roofing,Residential,1142.00,16432.23,https://my.acculynx.com/jobs/b86f487e-5a53-431f-a86b-998dd9ec4d3a
RR-3693,Paid,-239.25,Material ACCOUNT National Shop Returns,,(8) 1/2 Plywood,20998.74,0.00,Yes,New,Roofing,Residential,1142.00,16432.23,https://my.acculynx.com/jobs/b86f487e-5a53-431f-a86b-998dd9ec4d3a
RR-3693,Paid,685.12,Material ACCOUNT National,0051256326-001,,20998.74,0.00,Yes,New,Roofing,Residential,1142.00,16432.23,https://my.acculynx.com/jobs/b86f487e-5a53-431f-a86b-998dd9ec4d3a
RR-3693,Paid,49.84,Material AMEX Home Depot,H1206-548776,,20998.74,0.00,Yes,New,Roofing,Residential,1142.00,16432.23,https://my.acculynx.com/jobs/b86f487e-5a53-431f-a86b-998dd9ec4d3a
RR-3693,Paid,218.59,Platinum Warranty ,OC-2026-WR-2387856,,20998.74,0.00,Yes,New,Roofing,Residential,1142.00,16432.23,https://my.acculynx.com/jobs/b86f487e-5a53-431f-a86b-998dd9ec4d3a
RR-3537,Paid,5656.04,Material ACCOUNT National,0050157966-002,Split from upsell file ,23167.00,0.00,No,New,Roofing,Residential,1617.07,16702.29,https://my.acculynx.com/jobs/04ffab2f-e1c7-4d00-b869-0daa95a4f14b
RR-3537,Paid,520.00,Labor All About Gutters,,,23167.00,0.00,No,New,Roofing,Residential,1617.07,16702.29,https://my.acculynx.com/jobs/04ffab2f-e1c7-4d00-b869-0daa95a4f14b
RR-3537,Paid,4843.57,Material ACCOUNT National,0050157966-001,,23167.00,0.00,No,New,Roofing,Residential,1617.07,16702.29,https://my.acculynx.com/jobs/04ffab2f-e1c7-4d00-b869-0daa95a4f14b
RR-3537,Paid,242.51,Platinum Warranty,OC-2026-WR-2347660,,23167.00,0.00,No,New,Roofing,Residential,1617.07,16702.29,https://my.acculynx.com/jobs/04ffab2f-e1c7-4d00-b869-0daa95a4f14b
RR-3537,Paid,980.00,Labor Flawless Roofing Dump ,,,23167.00,0.00,No,New,Roofing,Residential,1617.07,16702.29,https://my.acculynx.com/jobs/04ffab2f-e1c7-4d00-b869-0daa95a4f14b
RR-3537,Paid,3270.00,Labor CASH Flawless Roofing Pay,,,23167.00,0.00,No,New,Roofing,Residential,1617.07,16702.29,https://my.acculynx.com/jobs/04ffab2f-e1c7-4d00-b869-0daa95a4f14b
RR-3537,Additional,1617.07,Michael Dietrich commission,,,23167.00,0.00,No,New,Roofing,Residential,1617.07,16702.29,https://my.acculynx.com/jobs/04ffab2f-e1c7-4d00-b869-0daa95a4f14b
RR-3537,Paid,-128.18,Material ACCOUNT National Returns,,(3) BD Duration Shingle,23167.00,0.00,No,New,Roofing,Residential,1617.07,16702.29,https://my.acculynx.com/jobs/04ffab2f-e1c7-4d00-b869-0daa95a4f14b
RR-3537,Paid,-298.72,Material ACCOUNT National Returns,,(10) 1/2 Plywood ,23167.00,0.00,No,New,Roofing,Residential,1617.07,16702.29,https://my.acculynx.com/jobs/04ffab2f-e1c7-4d00-b869-0daa95a4f14b
RR-3356,Paid,1514.48,Material ACCOUNT National, 0048531324-001,,6000.00,0.00,Yes,Repair,Roofing,Residential,641.10,3329.54,https://my.acculynx.com/jobs/ae07bf10-74d5-4369-aa0d-873cb1a0db69
RR-3356,Paid,1100.00,Labor Flawless Roofing Pay,,,6000.00,0.00,Yes,Repair,Roofing,Residential,641.10,3329.54,https://my.acculynx.com/jobs/ae07bf10-74d5-4369-aa0d-873cb1a0db69
RR-3356,Paid,180.00,Labor Flawless Roofing Dump,,,6000.00,0.00,Yes,Repair,Roofing,Residential,641.10,3329.54,https://my.acculynx.com/jobs/ae07bf10-74d5-4369-aa0d-873cb1a0db69
RR-3356,Additional,641.10,Francesco Ambrosio Commission,,T,6000.00,0.00,No,Repair,Roofing,Residential,641.10,3329.54,https://my.acculynx.com/jobs/ae07bf10-74d5-4369-aa0d-873cb1a0db69
RR-3356,Paid,-106.04,Material ACCOUNT National Returns,,,6000.00,0.00,No,Repair,Roofing,Residential,641.10,3329.54,https://my.acculynx.com/jobs/ae07bf10-74d5-4369-aa0d-873cb1a0db69
RR-3739,Paid,505.69,Platinum Warranty,OC-2026-WR-2398641,,31000.00,0.00,Yes,New,Roofing,Residential,2435.00,21618.74,https://my.acculynx.com/jobs/20094a79-3171-4c69-8b50-2b5600b7ba78
RR-3739,Paid,172.92,Material ACCOUNT National,0051536335-001,,31000.00,0.00,Yes,New,Roofing,Residential,2435.00,21618.74,https://my.acculynx.com/jobs/20094a79-3171-4c69-8b50-2b5600b7ba78
RR-3739,Paid,-239.25,Material ACCOUNT National Returns,,(8) 1/2 plywood,31000.00,0.00,Yes,New,Roofing,Residential,2435.00,21618.74,https://my.acculynx.com/jobs/20094a79-3171-4c69-8b50-2b5600b7ba78
RR-3739,Paid,6590.00,Labor V&D Family Home Remodeling Corp Pay,,,31000.00,0.00,Yes,New,Roofing,Residential,2435.00,21618.74,https://my.acculynx.com/jobs/20094a79-3171-4c69-8b50-2b5600b7ba78
RR-3739,Paid,293.07,Material ACCOUNT National,0051582398-001,split with 3756 ,31000.00,0.00,Yes,New,Roofing,Residential,2435.00,21618.74,https://my.acculynx.com/jobs/20094a79-3171-4c69-8b50-2b5600b7ba78
RR-3739,Paid,2206.00,Labor V&D Family Home Remodeling Corp Dump,,,31000.00,0.00,Yes,New,Roofing,Residential,2435.00,21618.74,https://my.acculynx.com/jobs/20094a79-3171-4c69-8b50-2b5600b7ba78
RR-3739,Additional,2435.00,Michael Dietrich Commission,,T,31000.00,0.00,No,New,Roofing,Residential,2435.00,21618.74,https://my.acculynx.com/jobs/20094a79-3171-4c69-8b50-2b5600b7ba78
RR-3739,Paid,9295.31,Material ACCOUNT National,0051410970-001,,31000.00,0.00,Yes,New,Roofing,Residential,2435.00,21618.74,https://my.acculynx.com/jobs/20094a79-3171-4c69-8b50-2b5600b7ba78
RR-3739,Paid,360.00,Labor V&D Family Home Remodeling Corp Pay,,,31000.00,0.00,No,New,Roofing,Residential,2435.00,21618.74,https://my.acculynx.com/jobs/20094a79-3171-4c69-8b50-2b5600b7ba78
RR-3520,Paid,1094.11,Dealer CC Fee,,Dealer Fee,21695.51,0.00,Yes,New,Roofing,Residential,1824.85,12643.82,https://my.acculynx.com/jobs/72357811-7aab-4a71-a5f0-7cfe1765f8bd
RR-3520,Paid,1280.00,Labor Flawless Roofing Dump ,,,21695.51,0.00,Yes,New,Roofing,Residential,1824.85,12643.82,https://my.acculynx.com/jobs/72357811-7aab-4a71-a5f0-7cfe1765f8bd
RR-3520,Paid,-85.56,Material ACCOUNT National Returns,,(2) BD Duration Shingle,21695.51,0.00,Yes,New,Roofing,Residential,1824.85,12643.82,https://my.acculynx.com/jobs/72357811-7aab-4a71-a5f0-7cfe1765f8bd
RR-3520,Additional,1824.85,Joseph Young Commission,,T,21695.51,0.00,No,New,Roofing,Residential,1824.85,12643.82,https://my.acculynx.com/jobs/72357811-7aab-4a71-a5f0-7cfe1765f8bd
RR-3520,Paid,230.55,Platinum Warranty, OC-2026-WR-2345541,,21695.51,0.00,Yes,New,Roofing,Residential,1824.85,12643.82,https://my.acculynx.com/jobs/72357811-7aab-4a71-a5f0-7cfe1765f8bd
RR-3520,Paid,4799.87,Material ACCOUNT National,0050030993-001,,21695.51,0.00,Yes,New,Roofing,Residential,1824.85,12643.82,https://my.acculynx.com/jobs/72357811-7aab-4a71-a5f0-7cfe1765f8bd
RR-3520,Paid,3500.00,Labor CASH Flawless Roofing Pay,,,21695.51,0.00,Yes,New,Roofing,Residential,1824.85,12643.82,https://my.acculynx.com/jobs/72357811-7aab-4a71-a5f0-7cfe1765f8bd
RR-3682,Paid,8415.77,Material ACCOUNT National,0051139961-001,,28002.37,0.00,Yes,New,Roofing,Residential,1479.00,22085.51,https://my.acculynx.com/jobs/a69e4fa9-ebb9-434c-83e2-158232e3b84c
RR-3682,Paid,500.00,Labor Zion Electrical Contracting INC,,,28002.37,0.00,Yes,New,Roofing,Residential,1479.00,22085.51,https://my.acculynx.com/jobs/a69e4fa9-ebb9-434c-83e2-158232e3b84c
RR-3682,Paid,-334.96,Material ACCOUNT National Returns ,0051246608-001,,28002.37,0.00,Yes,New,Roofing,Residential,1479.00,22085.51,https://my.acculynx.com/jobs/a69e4fa9-ebb9-434c-83e2-158232e3b84c
RR-3682,Paid,409.99,Platinum Warranty ,OC-2026-WR-2382872,,28002.37,0.00,Yes,New,Roofing,Residential,1479.00,22085.51,https://my.acculynx.com/jobs/a69e4fa9-ebb9-434c-83e2-158232e3b84c
RR-3682,Additional,2223.00,Joseph Young Commission,,T,28002.37,0.00,No,New,Roofing,Residential,1479.00,22085.51,https://my.acculynx.com/jobs/a69e4fa9-ebb9-434c-83e2-158232e3b84c
RR-3682,Paid,3719.26,Material ACCOUNT National ,0051136888-001,,28002.37,0.00,No,New,Roofing,Residential,1479.00,22085.51,https://my.acculynx.com/jobs/a69e4fa9-ebb9-434c-83e2-158232e3b84c
RR-3682,Additional,-744.00,Joseph Young Commission Adj,,,28002.37,0.00,No,New,Roofing,Residential,1479.00,22085.51,https://my.acculynx.com/jobs/a69e4fa9-ebb9-434c-83e2-158232e3b84c
RR-3555,Paid,350.51,Sales Tax,,,4005.83,0.00,Yes,Repair,Roofing,Commercial,522.15,1914.74,https://my.acculynx.com/jobs/e3834344-cb70-47ec-aa1c-949daee8a222
RR-3555,Paid,449.56,Material ACCOUNT National,0050310661-001,,4005.83,0.00,Yes,Repair,Roofing,Commercial,522.15,1914.74,https://my.acculynx.com/jobs/e3834344-cb70-47ec-aa1c-949daee8a222
RR-3555,Additional,591.15,Michael Dietrich Commission,,T,4005.83,0.00,No,Repair,Roofing,Commercial,522.15,1914.74,https://my.acculynx.com/jobs/e3834344-cb70-47ec-aa1c-949daee8a222
RR-3555,Paid,250.00,Labor Michael Dietrich,,,4005.83,0.00,Yes,Repair,Roofing,Commercial,522.15,1914.74,https://my.acculynx.com/jobs/e3834344-cb70-47ec-aa1c-949daee8a222
RR-3555,Paid,342.52,Material ACCOUNT New Castle Metals,05hv0002839282-001,,4005.83,0.00,No,Repair,Roofing,Commercial,522.15,1914.74,https://my.acculynx.com/jobs/e3834344-cb70-47ec-aa1c-949daee8a222
RR-3555,Additional,-69.00,Joseph Young Commission,,,4005.83,0.00,No,Repair,Roofing,Commercial,522.15,1914.74,https://my.acculynx.com/jobs/e3834344-cb70-47ec-aa1c-949daee8a222
RR-3652,Paid,2200.00,Labor CASH V&D Family Home Remodeling Corp Pay,,,8500.50,0.00,Yes,Repair,Roofing,Residential,910.00,5618.12,https://my.acculynx.com/jobs/1a2835b3-9353-4247-98d3-f61f711499b0
RR-3652,Paid,300.00,Labor CASH V&D Family Home Remodeling Corp Dump,,,8500.50,0.00,Yes,Repair,Roofing,Residential,910.00,5618.12,https://my.acculynx.com/jobs/1a2835b3-9353-4247-98d3-f61f711499b0
RR-3652,Paid,2208.12,Material ACCOUNT National,0050926478-001,,8500.50,0.00,Yes,Repair,Roofing,Residential,910.00,5618.12,https://my.acculynx.com/jobs/1a2835b3-9353-4247-98d3-f61f711499b0
RR-3652,Additional,152.00,Michael Dietrich Commission,,Self gen comm 05% (T),8500.50,0.00,No,Repair,Roofing,Residential,910.00,5618.12,https://my.acculynx.com/jobs/1a2835b3-9353-4247-98d3-f61f711499b0
RR-3652,Additional,758.00,Michael Dietrich Commission,,T,8500.50,0.00,No,Repair,Roofing,Residential,910.00,5618.12,https://my.acculynx.com/jobs/1a2835b3-9353-4247-98d3-f61f711499b0
RR-3545,Paid,159.86,Material ACCOUNT National,0050279092-001,,16500.00,0.00,Yes,New,Roofing,Residential,1596.56,11710.34,https://my.acculynx.com/jobs/6eecaf76-c854-47a3-87b0-e96066bcc7b5
RR-3545,Paid,1077.50,Labor V&D Family Home Remodeling Corp Dump,,,16500.00,0.00,Yes,New,Roofing,Residential,1596.56,11710.34,https://my.acculynx.com/jobs/6eecaf76-c854-47a3-87b0-e96066bcc7b5
RR-3545,Paid,-83.74,Material ACCOUNT National Returns,0050302515-001,Returned on national truck                        (5) pieces of Siding                                 (3) J- Channel ,16500.00,0.00,Yes,New,Roofing,Residential,1596.56,11710.34,https://my.acculynx.com/jobs/6eecaf76-c854-47a3-87b0-e96066bcc7b5
RR-3682,Paid,5895.00,Labor V&D Family Home Remodeling Corp Pay,,,28002.37,0.00,Yes,New,Roofing,Residential,1479.00,22085.51,https://my.acculynx.com/jobs/a69e4fa9-ebb9-434c-83e2-158232e3b84c
RR-3682,Paid,1915.00,Labor V&D Family Home Remodeling Corp Dump,,,28002.37,0.00,Yes,New,Roofing,Residential,1479.00,22085.51,https://my.acculynx.com/jobs/a69e4fa9-ebb9-434c-83e2-158232e3b84c
RR-3682,Paid,-149.53,Material ACCOUNT National Shop Returns ,,(5) 1/2 plywood - Kept in the truck,28002.37,0.00,Yes,New,Roofing,Residential,1479.00,22085.51,https://my.acculynx.com/jobs/a69e4fa9-ebb9-434c-83e2-158232e3b84c
RR-3682,Paid,235.98,Material ACCOUNT National,0051159879-001,,28002.37,0.00,Yes,New,Roofing,Residential,1479.00,22085.51,https://my.acculynx.com/jobs/a69e4fa9-ebb9-434c-83e2-158232e3b84c
RR-3635,Paid,-89.72,Material ACCOUNT National Returns,,(3) 1/2 Plywood,18204.25,0.00,Yes,New,Roofing,Residential,1523.00,12110.95,https://my.acculynx.com/jobs/53d358a9-fc0c-430f-a23d-532086c76c01
RR-3635,Paid,2115.26,Material ACCOUNT National,0051229158-001,,18204.25,0.00,Yes,New,Roofing,Residential,1523.00,12110.95,https://my.acculynx.com/jobs/53d358a9-fc0c-430f-a23d-532086c76c01
RR-3635,Paid,218.59,Platinum Warranty ,OC-2026-WR-2383774 ,,18204.25,0.00,Yes,New,Roofing,Residential,1523.00,12110.95,https://my.acculynx.com/jobs/53d358a9-fc0c-430f-a23d-532086c76c01
RR-3635,Paid,104.71,Material ACCOUNT National,0051229158-001,Split from upsell file ,18204.25,0.00,Yes,New,Roofing,Residential,1523.00,12110.95,https://my.acculynx.com/jobs/53d358a9-fc0c-430f-a23d-532086c76c01
RR-3635,Paid,880.00,Labor Flawless Roofing Dump ,,,18204.25,0.00,Yes,New,Roofing,Residential,1523.00,12110.95,https://my.acculynx.com/jobs/53d358a9-fc0c-430f-a23d-532086c76c01
RR-3635,Paid,4477.36,Material ACCOUNT National,0050936328-001,,18204.25,0.00,Yes,New,Roofing,Residential,1523.00,12110.95,https://my.acculynx.com/jobs/53d358a9-fc0c-430f-a23d-532086c76c01
RR-3635,Paid,3320.00,Labor Flawless Roofing Pay,,,18204.25,0.00,Yes,New,Roofing,Residential,1523.00,12110.95,https://my.acculynx.com/jobs/53d358a9-fc0c-430f-a23d-532086c76c01
RR-3635,Paid,-438.25,Material ACCOUNT National Returns ,,(5) BD Duration Shingle (10) 1/2" Plywood                          (1) Hip and Ridge,18204.25,0.00,Yes,New,Roofing,Residential,1523.00,12110.95,https://my.acculynx.com/jobs/53d358a9-fc0c-430f-a23d-532086c76c01
RR-3635,Additional,1523.00,Michael Dietrich Commission,,,18204.25,0.00,No,New,Roofing,Residential,1523.00,12110.95,https://my.acculynx.com/jobs/53d358a9-fc0c-430f-a23d-532086c76c01
RR-3323,Paid,-376.17,Material ACCOUNT National,0048772748-001,(4) Rolls Ice Shield (12) Boxes of Staples(78) C4.5 Drip Edge(48) F5.5 Drip Edge,226000.00,0.00,Yes,New,Signature Roofing,Residential,6129.77,172398.07,https://my.acculynx.com/jobs/e4e151b3-c1e9-4db8-985d-9160d0e32b3a
RR-3323,Paid,1103.28,Material ACCOUNT National,0049033219-001,,226000.00,0.00,Yes,New,Signature Roofing,Residential,6129.77,172398.07,https://my.acculynx.com/jobs/e4e151b3-c1e9-4db8-985d-9160d0e32b3a
RR-3323,Paid,7102.73,Material ACCOUNT National,0048715135-001,,226000.00,0.00,Yes,New,Signature Roofing,Residential,6129.77,172398.07,https://my.acculynx.com/jobs/e4e151b3-c1e9-4db8-985d-9160d0e32b3a
RR-3332,Paid,190.11,Material ACCOUNT National,0048338028-001,,1875.00,0.00,Yes,Repair,Roofing,Residential,79.82,1156.65,https://my.acculynx.com/jobs/11dea0ba-6bb5-4fde-b076-df03ab92207c
RR-3323,Paid,530.42,Material ACCOUNT National,0048565208-001,,226000.00,0.00,Yes,New,Signature Roofing,Residential,6129.77,172398.07,https://my.acculynx.com/jobs/e4e151b3-c1e9-4db8-985d-9160d0e32b3a
RR-3323,Paid,10000.00,Labor V&D Family Home Remodeling Corp Pay,,2nd 10K payment made,226000.00,0.00,Yes,New,Signature Roofing,Residential,6129.77,172398.07,https://my.acculynx.com/jobs/e4e151b3-c1e9-4db8-985d-9160d0e32b3a
RR-3323,Paid,10000.00,Labor V&D Family Home Remodeling Corp Pay,,3rd Payment,226000.00,0.00,Yes,New,Signature Roofing,Residential,6129.77,172398.07,https://my.acculynx.com/jobs/e4e151b3-c1e9-4db8-985d-9160d0e32b3a
RR-3323,Paid,10000.00,Labor CASH V&D Family Home Remodeling Corp Pay,,1st Payment,226000.00,0.00,Yes,New,Signature Roofing,Residential,6129.77,172398.07,https://my.acculynx.com/jobs/e4e151b3-c1e9-4db8-985d-9160d0e32b3a
RR-3323,Paid,1303.50,Other Job Expenses Land Resource Dump,12726,,226000.00,0.00,Yes,New,Signature Roofing,Residential,6129.77,172398.07,https://my.acculynx.com/jobs/e4e151b3-c1e9-4db8-985d-9160d0e32b3a
RR-3323,Paid,1303.50,Other Job Expenses Land Resource Dump,10379,,226000.00,0.00,Yes,New,Signature Roofing,Residential,6129.77,172398.07,https://my.acculynx.com/jobs/e4e151b3-c1e9-4db8-985d-9160d0e32b3a
RR-3323,Paid,1303.50,Other Job Expenses Land Resource Dump,11826,,226000.00,0.00,Yes,New,Signature Roofing,Residential,6129.77,172398.07,https://my.acculynx.com/jobs/e4e151b3-c1e9-4db8-985d-9160d0e32b3a
RR-3323,Paid,7000.00,Labor V&D Family Home Remodeling Corp Pay,,4th Payment,226000.00,0.00,Yes,New,Signature Roofing,Residential,6129.77,172398.07,https://my.acculynx.com/jobs/e4e151b3-c1e9-4db8-985d-9160d0e32b3a
RR-3182,Paid,35.02,Material ACCOUNT National Shop,,(4) Silicone,6996.45,0.00,Yes,Repair,Roofing,Residential,882.44,3466.69,https://my.acculynx.com/jobs/8a78b154-a1f1-4f06-a847-16e07991e936
RR-3182,Paid,34.26,Material ACCOUNT National,0047216187-001,,6996.45,0.00,Yes,Repair,Roofing,Residential,882.44,3466.69,https://my.acculynx.com/jobs/8a78b154-a1f1-4f06-a847-16e07991e936
RR-3182,Paid,1350.00,Labor CASH V&D Family Home Remodeling Corp Pay,,Full labor,6996.45,0.00,Yes,Repair,Roofing,Residential,882.44,3466.69,https://my.acculynx.com/jobs/8a78b154-a1f1-4f06-a847-16e07991e936
RR-3182,Paid,-229.09,Material ACCOUNT National Returns,,(4) BD Duration Shingles(2) 1/2" Plywood,6996.45,0.00,Yes,Repair,Roofing,Residential,882.44,3466.69,https://my.acculynx.com/jobs/8a78b154-a1f1-4f06-a847-16e07991e936
RR-3182,Paid,1394.06,Material ACCOUNT National,0047194258-001,,6996.45,0.00,Yes,Repair,Roofing,Residential,882.44,3466.69,https://my.acculynx.com/jobs/8a78b154-a1f1-4f06-a847-16e07991e936
RR-3182,Additional,882.44,Francesco Ambrosio Commission,,T,6996.45,0.00,No,Repair,Roofing,Residential,882.44,3466.69,https://my.acculynx.com/jobs/8a78b154-a1f1-4f06-a847-16e07991e936
RR-3332,Paid,725.00,Labor CASH V&D Family Home Remodeling Corp Pay,,,1875.00,0.00,Yes,Repair,Roofing,Residential,79.82,1156.65,https://my.acculynx.com/jobs/11dea0ba-6bb5-4fde-b076-df03ab92207c
RR-3332,Paid,161.72,Sales Tax,,,1875.00,0.00,Yes,Repair,Roofing,Residential,79.82,1156.65,https://my.acculynx.com/jobs/11dea0ba-6bb5-4fde-b076-df03ab92207c
RR-3332,Additional,79.82,Francesco Ambrosio Commission,,T,1875.00,0.00,No,Repair,Roofing,Residential,79.82,1156.65,https://my.acculynx.com/jobs/11dea0ba-6bb5-4fde-b076-df03ab92207c
RR-3391,Paid,-130.50,Material ACCOUNT National Shop Returns,,(5) 1/2 Plywood - Kept on truck ,20374.20,0.00,Yes,New,Roofing,Residential,2367.80,10903.02,https://my.acculynx.com/jobs/cf1d50e9-7b3a-4d35-862d-ee78ded7fe94
RR-3391,Paid,3965.96,Material ACCOUNT National,0048817400-001,,20374.20,0.00,Yes,New,Roofing,Residential,2367.80,10903.02,https://my.acculynx.com/jobs/cf1d50e9-7b3a-4d35-862d-ee78ded7fe94
RR-3391,Paid,206.63,Platinum Warranty,OC-2026-WR-2298517,,20374.20,0.00,Yes,New,Roofing,Residential,2367.80,10903.02,https://my.acculynx.com/jobs/cf1d50e9-7b3a-4d35-862d-ee78ded7fe94
RR-3391,Paid,695.00,Labor V&D Family Home Remodeling Corp Dump,,,20374.20,0.00,Yes,New,Roofing,Residential,2367.80,10903.02,https://my.acculynx.com/jobs/cf1d50e9-7b3a-4d35-862d-ee78ded7fe94
RR-3391,Paid,2765.00,Labor V&D Family Home Remodeling Corp Pay,,,20374.20,0.00,Yes,New,Roofing,Residential,2367.80,10903.02,https://my.acculynx.com/jobs/cf1d50e9-7b3a-4d35-862d-ee78ded7fe94
RR-3391,Paid,1033.13,Material AMEX American Chimney,44882,,20374.20,0.00,Yes,New,Roofing,Residential,2367.80,10903.02,https://my.acculynx.com/jobs/cf1d50e9-7b3a-4d35-862d-ee78ded7fe94
RR-3391,Additional,2367.80,Joseph Young Commission,,T,20374.20,0.00,No,New,Roofing,Residential,2367.80,10903.02,https://my.acculynx.com/jobs/cf1d50e9-7b3a-4d35-862d-ee78ded7fe94
RR-3770,Paid,284.37,Sales Tax,,,3249.99,0.00,Yes,Repair,Roofing,Residential,195.00,1851.47,https://my.acculynx.com/jobs/41bc1816-c0cc-42a8-9654-b08f277e93fe
RR-3770,Paid,825.00,Labor CASH ERS Roofing and Siding Pay,,,3249.99,0.00,Yes,Repair,Roofing,Residential,195.00,1851.47,https://my.acculynx.com/jobs/41bc1816-c0cc-42a8-9654-b08f277e93fe
RR-3770,Paid,-460.10,Material ACCOUNT National Returns,,(4) BD Shingle(1) Plywood(1) RL IWS (1) RL Of Trim Coil,3249.99,0.00,Yes,Repair,Roofing,Residential,195.00,1851.47,https://my.acculynx.com/jobs/41bc1816-c0cc-42a8-9654-b08f277e93fe
RR-3770,Paid,1007.20,Material ACCOUNT National,0051585822-001,,3249.99,0.00,Yes,Repair,Roofing,Residential,195.00,1851.47,https://my.acculynx.com/jobs/41bc1816-c0cc-42a8-9654-b08f277e93fe
RR-3770,Additional,195.00,Querlim Franco Commission,,T,3249.99,0.00,No,Repair,Roofing,Residential,195.00,1851.47,https://my.acculynx.com/jobs/41bc1816-c0cc-42a8-9654-b08f277e93fe
RR-3705,Paid,1092.38,Material ACCOUNT National ,0051356213-001,,4200.44,0.00,Yes,Repair,Roofing,Residential,306.00,2978.32,https://my.acculynx.com/jobs/f3b9af12-d96f-4084-a4d3-5d8e5c502e60
RR-3705,Paid,33.50,Material ACCOUNT National Shop,,(1) 1/2 Plywood - Used from trailer ,4200.44,0.00,Yes,Repair,Roofing,Residential,306.00,2978.32,https://my.acculynx.com/jobs/f3b9af12-d96f-4084-a4d3-5d8e5c502e60
RR-3705,Additional,306.00,Francesco Ambrosio Commission,,T,4200.44,0.00,No,Repair,Roofing,Residential,306.00,2978.32,https://my.acculynx.com/jobs/f3b9af12-d96f-4084-a4d3-5d8e5c502e60
RR-3705,Paid,367.54,Sales Tax,,,4200.44,0.00,Yes,Repair,Roofing,Residential,306.00,2978.32,https://my.acculynx.com/jobs/f3b9af12-d96f-4084-a4d3-5d8e5c502e60
RR-3705,Paid,253.90,Material AMEX Home Depot,H1206-550451,,4200.44,0.00,Yes,Repair,Roofing,Residential,306.00,2978.32,https://my.acculynx.com/jobs/f3b9af12-d96f-4084-a4d3-5d8e5c502e60
RR-3705,Paid,925.00,Labor CASH V&D Family Home Remodeling Corp Pay,,,4200.44,0.00,Yes,Repair,Roofing,Residential,306.00,2978.32,https://my.acculynx.com/jobs/f3b9af12-d96f-4084-a4d3-5d8e5c502e60
RR-3736,Paid,326.25,Platinum Warranty,OC-2026-WR-2394672,,31000.00,0.00,Yes,New,Roofing,Residential,2892.00,19519.04,https://my.acculynx.com/jobs/8cfcda25-b79f-4878-80f5-13bb942bc1c0
RR-3736,Paid,1400.00,Labor CASH Flawless Roofing Dump ,,,31000.00,0.00,Yes,New,Roofing,Residential,2892.00,19519.04,https://my.acculynx.com/jobs/8cfcda25-b79f-4878-80f5-13bb942bc1c0
RR-3736,Paid,4435.00,Labor Flawless Roofing Pay,,,31000.00,0.00,Yes,New,Roofing,Residential,2892.00,19519.04,https://my.acculynx.com/jobs/8cfcda25-b79f-4878-80f5-13bb942bc1c0
RR-3736,Paid,89.72,Material ACCOUNT National Shop,0051452186-003,(3) 1/2 Plywood,31000.00,0.00,Yes,New,Roofing,Residential,2892.00,19519.04,https://my.acculynx.com/jobs/8cfcda25-b79f-4878-80f5-13bb942bc1c0
RR-3736,Paid,86.14,Material ACCOUNT National,0051586710-001,,31000.00,0.00,No,New,Roofing,Residential,2892.00,19519.04,https://my.acculynx.com/jobs/8cfcda25-b79f-4878-80f5-13bb942bc1c0
RR-3736,Additional,2892.00,Francesco Ambrosio Commission,,T,31000.00,0.00,No,New,Roofing,Residential,2892.00,19519.04,https://my.acculynx.com/jobs/8cfcda25-b79f-4878-80f5-13bb942bc1c0
RR-3736,Paid,1612.25,Labor All About Gutters,,,31000.00,0.00,Yes,New,Roofing,Residential,2892.00,19519.04,https://my.acculynx.com/jobs/8cfcda25-b79f-4878-80f5-13bb942bc1c0
RR-3736,Paid,8677.68,Material ACCOUNT National,0051397023-001,,31000.00,0.00,Yes,New,Roofing,Residential,2892.00,19519.04,https://my.acculynx.com/jobs/8cfcda25-b79f-4878-80f5-13bb942bc1c0
RR-3231,Paid,-150.08,Material ACCOUNT National Shop Returns,,(2) Ice Water Shield,6300.00,0.00,Yes,Repair,Roofing,Residential,772.34,3211.49,https://my.acculynx.com/jobs/bb98dcd0-57d9-49a3-9c82-33d060be76fe
RR-3231,Paid,1350.00,Labor V&D Family Home Remodeling Corp Pay,,,6300.00,0.00,Yes,Repair,Roofing,Residential,772.34,3211.49,https://my.acculynx.com/jobs/bb98dcd0-57d9-49a3-9c82-33d060be76fe
RR-3231,Paid,1614.65,Material ACCOUNT National,47656663,,6300.00,0.00,Yes,Repair,Roofing,Residential,772.34,3211.49,https://my.acculynx.com/jobs/bb98dcd0-57d9-49a3-9c82-33d060be76fe
RR-3231,Paid,18.49,Material ACCOUNT National Shop,,(2) Silicone,6300.00,0.00,Yes,Repair,Roofing,Residential,772.34,3211.49,https://my.acculynx.com/jobs/bb98dcd0-57d9-49a3-9c82-33d060be76fe
RR-3231,Additional,772.34,Francesco Ambrosio Commission,,done by mike m (T),6300.00,0.00,No,Repair,Roofing,Residential,772.34,3211.49,https://my.acculynx.com/jobs/bb98dcd0-57d9-49a3-9c82-33d060be76fe
RR-3231,Paid,-393.91,Material ACCOUNT National Returns,,(1) Brown Slantback vent(1) ProArmor(5) Oakridge(2) C45 Drip Edge,6300.00,0.00,Yes,Repair,Roofing,Residential,772.34,3211.49,https://my.acculynx.com/jobs/bb98dcd0-57d9-49a3-9c82-33d060be76fe
RR-3323,Paid,64.40,Other Job Expenses AMEX Call A Head,2218267,,226000.00,0.00,Yes,New,Signature Roofing,Residential,6129.77,172398.07,https://my.acculynx.com/jobs/e4e151b3-c1e9-4db8-985d-9160d0e32b3a
RR-3569,Paid,-286.06,Material ACCOUNT National Returns,0050480136-001,(2) bundles step flashing                         (6) 1"x6" Pine ,30035.36,0.00,Yes,New,Roofing,Property Management,3132.19,17510.94,https://my.acculynx.com/jobs/1fc8068b-d80d-4cfd-8c7b-fd00c47045aa
RR-3569,Paid,278.40,Platinum Warranty, OC-2026-WR-2357303,,30035.36,0.00,Yes,New,Roofing,Property Management,3132.19,17510.94,https://my.acculynx.com/jobs/1fc8068b-d80d-4cfd-8c7b-fd00c47045aa
RR-3569,Paid,1850.00,Labor All About Gutters,,,30035.36,0.00,Yes,New,Roofing,Property Management,3132.19,17510.94,https://my.acculynx.com/jobs/1fc8068b-d80d-4cfd-8c7b-fd00c47045aa
RR-3562,Paid,1071.19,Platinum Warranty ,OC-2026-WR-2389041,,33879.10,0.00,Yes,New,Roofing,Residential,2689.00,23121.86,https://my.acculynx.com/jobs/ac5767f1-55a3-46a7-897e-1a9fbfb9292d
RR-3562,Paid,-929.03,Material ACCOUNT National Returns ,0051328230-001,(7) Bundles OC Shingles                 (1) bundle Ridge Caps                    (3) BND Step flashing                   (1) Lifetime Bath Vent                                               (5) 1/2" Plywood                           (1) ProArmor,33879.10,0.00,Yes,New,Roofing,Residential,2689.00,23121.86,https://my.acculynx.com/jobs/ac5767f1-55a3-46a7-897e-1a9fbfb9292d
RR-3562,Paid,7676.07,Material ACCOUNT National,0050388732-001,,33879.10,0.00,Yes,New,Roofing,Residential,2689.00,23121.86,https://my.acculynx.com/jobs/ac5767f1-55a3-46a7-897e-1a9fbfb9292d
RR-3562,Additional,2689.00,Joseph Young Commission,,T,33879.10,0.00,No,New,Roofing,Residential,2689.00,23121.86,https://my.acculynx.com/jobs/ac5767f1-55a3-46a7-897e-1a9fbfb9292d
RR-3562,Paid,234.63,Material ACCOUNT National,0050388732-002,,33879.10,0.00,Yes,New,Roofing,Residential,2689.00,23121.86,https://my.acculynx.com/jobs/ac5767f1-55a3-46a7-897e-1a9fbfb9292d
RR-3562,Paid,4370.00,Labor Flawless Roofing Pay,,,33879.10,0.00,Yes,New,Roofing,Residential,2689.00,23121.86,https://my.acculynx.com/jobs/ac5767f1-55a3-46a7-897e-1a9fbfb9292d
RR-3562,Paid,1360.00,Labor Flawless Roofing Dump ,,,33879.10,0.00,Yes,New,Roofing,Residential,2689.00,23121.86,https://my.acculynx.com/jobs/ac5767f1-55a3-46a7-897e-1a9fbfb9292d
RR-3562,Paid,6650.00,Labor Ian RenewUSA solar,,paid on 09/28,33879.10,0.00,Yes,New,Roofing,Residential,2689.00,23121.86,https://my.acculynx.com/jobs/ac5767f1-55a3-46a7-897e-1a9fbfb9292d
